index, exec_time_us, loop_time_us, adc_time_us, heater_time_us, temp_get_time_us, e2e_time_us, temp_c, free_heap, cpu_core0, cpu_core1, cpu_overall, temp_mutex_wait, metrics_mutex_wait
    0,    100169293,       101958,          61,            472,               75,      130927,  42.73,    133956,      0.00,     15.58,        7.79,               5,                  4
    1,             ,       100240,          62,            112,              102,       28650,  42.36,    133956,      0.00,     15.58,        7.79,               4,                  5
    2,             ,       100000,          61,            104,               71,       28650,  31.55,    133956,      3.32,     15.58,        9.45,               4,                  4
    3,             ,       100000,          61,            104,               71,       28650,  32.73,    133956,      0.00,     15.58,        7.79,               4,                  4
    4,             ,       100000,          61,            104,               71,       28650,  34.03,    133956,      0.00,     16.33,        8.16,               5,                  4
    5,             ,       100000,          61,            104,               71,       28650,  34.67,    133956,      0.00,     15.61,        7.80,               4,                  4
    6,             ,       100000,          61,            104,               71,       28650,  35.64,    133956,      0.00,     15.58,        7.79,               5,                  4
    7,             ,       100000,          61,            104,               71,       28650,  36.82,    133956,      0.00,     15.58,        7.79,               4,                  4
    8,             ,       100000,          61,            104,               71,       28650,  37.52,    133956,      0.00,     15.58,        7.79,               5,                  4
    9,             ,       100065,          61,            104,               71,      128658,  38.45,    133956,      0.00,     15.58,        7.79,               5,                  4
   10,             ,        99886,          61,            149,               71,      128658,  39.30,    133956,      3.33,     15.59,        9.46,               5,                  4
   11,             ,       100061,          61,             35,               87,      128658,  40.52,    133956,      0.00,     15.58,        7.79,               5,                  4
   12,             ,        99997,          61,            117,               71,      128658,  41.15,    133956,      0.00,     15.58,        7.79,               5,                  4
   13,             ,       100000,          61,            113,               71,      128658,  42.27,    133956,      0.00,     16.33,        8.16,               5,                  4
   14,             ,       100000,          62,            113,               71,      128658,  41.97,    133956,      0.00,     15.61,        7.80,               4,                  5
   15,             ,       100000,          61,            113,               71,      128658,  41.97,    133956,      0.00,     15.58,        7.79,               5,                  4
   16,             ,       100000,          61,            113,               71,      128658,  41.85,    133956,      0.01,     15.59,        7.80,               5,                  4
   17,             ,       100000,          61,            113,               71,      128658,  41.55,    133956,      0.00,     15.58,        7.79,               4,                  4
   18,             ,       100000,          61,            113,               71,      128658,  41.55,    133956,      0.00,     15.58,        7.79,               4,                  4
   19,             ,       100000,          61,            113,               71,      128659,  41.18,    133956,      3.32,     15.58,        9.45,               5,                  4
   20,             ,       100000,          61,            113,               71,      128658,  41.18,    133956,      0.00,     15.58,        7.79,               4,                  4
   21,             ,       100000,          61,            113,               71,      128658,  41.21,    133956,      0.00,     16.32,        8.16,               5,                  4
   22,             ,        99910,          61,            113,               71,      128658,  41.03,    133956,      0.01,     15.62,        7.81,               4,                  4
   23,             ,        99992,          61,             43,               71,      128658,  40.82,    133956,      0.00,     15.58,        7.79,               4,                  4
   24,             ,       100000,          61,             35,               71,      128658,  40.82,    133956,      0.00,     15.58,        7.79,               5,                  4
   25,             ,       100000,          61,             35,               71,      128658,  40.42,    133956,      0.00,     15.58,        7.79,               4,                  4
   26,             ,       100000,          61,             35,               71,      128658,  40.42,    133956,      0.00,     15.58,        7.79,               4,                  4
   27,             ,       100000,          61,             35,               71,      128658,  40.36,    133956,      3.32,     15.58,        9.45,               4,                  4
   28,             ,       100000,          61,             35,               71,      128658,  40.09,    133956,      0.00,     15.58,        7.79,               5,                  4
   29,             ,       100000,          61,             35,               71,      128658,  40.12,    133956,      0.00,     16.33,        8.16,               5,                  4
   30,             ,       100000,          61,             35,               71,      128658,  40.06,    133956,      0.00,     15.61,        7.80,               4,                  4
   31,             ,       100000,          61,             35,               71,      128658,  40.06,    133956,      0.00,     15.58,        7.79,               5,                  4
   32,             ,       100000,          61,             35,               71,      128658,  39.79,    133956,      0.00,     15.58,        7.79,               4,                  4
   33,             ,       100000,          61,             35,               71,      128658,  39.73,    133956,      0.00,     15.58,        7.79,               4,                  4
   34,             ,       100000,          61,             35,               71,      128658,  39.76,    133956,      0.01,     15.59,        7.80,               5,                  4
   35,             ,       100000,          61,             35,               71,      128658,  39.39,    133956,      3.32,     15.58,        9.45,               5,                  4
   36,             ,       100000,          61,             35,               71,      128658,  39.21,    133956,      0.00,     15.58,        7.79,               4,                  4
   37,             ,       100081,          61,             35,               71,      128658,  39.39,    133956,      0.00,     15.58,        7.79,               4,                  4
   38,             ,        99927,          61,             96,               71,            ,  38.94,    133956,      0.00,     16.33,        8.16,               4,                  4
   39,             ,        99992,          61,             43,               71,            ,  39.12,    133956,      0.00,     15.60,        7.80,               5,                  4
   40,             ,       100000,          61,             35,               71,            ,  40.09,    133956,      0.01,     15.59,        7.80,               4,                  4
   41,             ,       100090,          61,             35,               71,            ,  40.82,    133956,      0.00,     15.58,        7.79,               5,                  4
   42,             ,       100008,          61,            105,               71,            ,  41.82,    133956,      0.00,     15.58,        7.79,               4,                  4
   43,             ,       100000,          61,            113,               71,            ,  42.70,    133956,      0.00,     15.58,        7.79,               5,                  4
   44,             ,       100000,          61,            113,               71,            ,  42.61,    133956,      3.32,     15.58,        9.45,               5,                  4
   45,             ,        99999,          61,            113,               71,            ,  42.36,    133956,      0.00,     15.58,        7.79,               4,                  4
   46,             ,       100000,          61,            113,               71,            ,  42.39,    133956,      0.00,     16.33,        8.16,               5,                  4
   47,             ,       100001,          61,            113,               71,            ,  42.30,    133956,      0.00,     15.61,        7.80,               5,                  4
   48,             ,       100000,          61,            113,               71,            ,  41.94,    133956,      0.00,     15.58,        7.79,               4,                  4
   49,             ,       100000,          61,            113,               71,            ,  41.94,    133956,      0.00,     15.58,        7.79,               4,                  4
   50,             ,       100000,          61,            113,               71,            ,  41.58,    133956,      0.00,     15.58,        7.79,               4,                  4
   51,             ,       100000,          61,            113,               71,            ,  41.55,    133956,      0.00,     15.58,        7.79,               4,                  4
   52,             ,       100000,          61,            113,               71,            ,  41.67,    133956,      3.33,     15.59,        9.46,               5,                  4
   53,             ,       100000,          61,            113,               71,            ,  41.21,    133956,      0.00,     15.58,        7.79,               4,                  4
   54,             ,       100000,          61,            113,               71,            ,  41.18,    133956,      0.00,     16.33,        8.16,               4,                  4
   55,             ,        99910,          61,            113,               71,            ,  41.21,    133956,      0.00,     15.61,        7.80,               5,                  4
   56,             ,        99992,          61,             43,               71,            ,  40.76,    133956,      0.00,     15.58,        7.79,               4,                  4
   57,             ,       100000,          61,             35,               71,            ,  40.79,    133956,      0.00,     15.58,        7.79,               5,                  4
   58,             ,       100000,          61,             35,               71,            ,  40.94,    133956,      0.01,     15.59,        7.80,               4,                  4
   59,             ,       100000,          61,             35,               71,            ,  40.48,    133956,      0.00,     15.58,        7.79,               4,                  4
   60,             ,       100000,          61,             35,               71,            ,  40.48,    133956,      3.32,     15.58,        9.45,               4,                  4
   61,             ,       100000,          61,             35,               71,            ,  40.42,    133956,      0.00,     15.58,        7.79,               5,                  4
   62,             ,       100000,          61,             35,               71,            ,  40.12,    133956,      0.00,     15.58,        7.79,               4,                  4
   63,             ,       100000,          61,             35,               71,            ,  40.21,    133956,      0.00,     16.32,        8.16,               5,                  4
   64,             ,       100000,          61,             35,               71,            ,  40.09,    133956,      0.01,     15.62,        7.81,               4,                  4
   65,             ,       100000,          61,             35,               71,            ,  39.58,    133956,      0.00,     15.58,        7.79,               5,                  4
   66,             ,       100000,          61,             35,               71,            ,  39.88,    133956,      0.00,     15.58,        7.79,               5,                  4
   67,             ,       100000,          61,             35,               71,            ,  39.73,    133956,      0.00,     15.58,        7.79,               4,                  4
   68,             ,       100000,          61,             35,               71,            ,  39.91,    133956,      0.00,     15.58,        7.79,               5,                  4
   69,             ,       100000,          61,             35,               71,            ,  39.24,    133956,      2.57,     15.58,        9.08,               4,                  4
   70,             ,       100000,          61,             35,               71,            ,  39.33,    133956,      0.00,     15.58,        7.79,               4,                  4
   71,             ,       100000,          61,             35,               71,            ,  39.36,    133956,      0.00,     16.33,        8.16,               5,                  4
   72,             ,       100000,          61,             35,               71,            ,  39.09,    133956,      0.00,     15.61,        7.80,               5,                  4
   73,             ,       100081,          61,             35,               71,            ,  39.06,    133956,      0.00,     15.58,        7.79,               5,                  4
   74,             ,        99927,          61,             96,               71,            ,  38.88,    133956,      0.00,     15.58,        7.79,               4,                  4
   75,             ,        99992,          61,             43,               71,            ,  39.09,    133956,      0.00,     15.58,        7.79,               4,                  4
   76,             ,       100000,          61,             35,               71,            ,  39.79,    133956,      0.01,     15.59,        7.80,               4,                  4
   77,             ,       100090,          61,             35,               71,            ,  40.88,    133956,      2.51,     15.58,        9.05,               5,                  4
   78,             ,       100008,          61,            105,               71,            ,  41.42,    133956,      0.00,     15.58,        7.79,               4,                  4
   79,             ,       100000,          61,            113,               71,            ,  42.55,    133956,      0.00,     16.33,        8.16,               5,                  4
   80,             ,       100000,          61,            113,               71,            ,  42.36,    133956,      0.00,     15.61,        7.80,               4,                  4
   81,             ,        99999,          61,            113,               71,            ,  42.36,    133956,      0.00,     15.58,        7.79,               4,                  4
   82,             ,       100000,          61,            113,               71,            ,  41.97,    133956,      0.01,     15.59,        7.80,               5,                  4
   83,             ,       100001,          61,            113,               71,            ,  41.91,    133956,      0.00,     15.58,        7.79,               4,                  4
   84,             ,       100000,          61,            113,               71,            ,  41.97,    133956,      0.00,     15.58,        7.79,               5,                  4
   85,             ,       100000,          61,            113,               71,            ,  41.55,    133956,      2.51,     15.58,        9.05,               4,                  4
   86,             ,       100000,          61,            113,               71,            ,  41.55,    133956,      0.00,     15.58,        7.79,               5,                  4
   87,             ,       100000,          61,            113,               71,            ,  41.61,    133956,      0.00,     15.58,        7.79,               4,                  4
   88,             ,       100000,          61,            113,               71,            ,  41.09,    133956,      0.00,     16.33,        8.16,               4,                  4
   89,             ,       100000,          61,            113,               71,            ,  41.15,    133956,      0.00,     15.61,        7.80,               5,                  4
   90,             ,        99910,          61,            113,               71,            ,  41.15,    133956,      0.00,     15.58,        7.79,               4,                  4
   91,             ,        99992,          61,             43,               71,            ,  40.79,    133956,      0.00,     15.58,        7.79,               4,                  4
   92,             ,       100000,          61,             35,               71,            ,  40.82,    133956,      0.00,     15.58,        7.79,               5,                  4
   93,             ,       100000,          61,             35,               71,            ,  40.82,    133956,      0.00,     15.58,        7.79,               5,                  4
   94,             ,       100000,          61,             35,               71,            ,  40.33,    133956,      2.52,     15.59,        9.05,               5,                  4
   95,             ,       100000,          61,             35,               71,            ,  40.42,    133956,      0.00,     15.58,        7.79,               4,                  4
   96,             ,       100000,          61,             35,               71,            ,  40.48,    133956,      0.00,     16.33,        8.16,               5,                  4
   97,             ,       100000,          61,             35,               71,            ,  40.06,    133956,      0.00,     15.61,        7.80,               4,                  4
   98,             ,       100000,          61,             35,               71,            ,  40.12,    133956,      0.00,     15.58,        7.79,               4,                  4
   99,             ,       100000,          61,             35,               71,            ,  40.09,    133956,      0.00,     15.58,        7.79,               5,                  4
  100,             ,       100000,          61,             35,               71,            ,  39.88,    133956,      0.01,     15.59,        7.80,               4,                  4
  101,             ,       100000,          61,             35,               71,            ,  39.73,    133956,      0.00,     15.58,        7.79,               4,                  4
  102,             ,       100000,          61,             35,               71,            ,  39.82,    133956,      2.51,     15.58,        9.05,               4,                  4
  103,             ,       100000,          61,             35,               71,            ,  39.33,    133956,      0.00,     15.58,        7.79,               5,                  4
  104,             ,       100000,          61,             35,               71,            ,  39.21,    133956,      0.00,     16.33,        8.16,               4,                  4
  105,             ,       100000,          61,             35,               71,            ,  39.36,    133956,      0.00,     15.60,        7.80,               5,                  4
  106,             ,       100000,          61,             35,               71,            ,  39.30,    133956,      0.01,     15.59,        7.80,               4,                  4
  107,             ,       100081,          61,             35,               71,            ,  39.06,    133956,      0.00,     15.58,        7.79,               4,                  4
  108,             ,        99927,          61,             96,               71,            ,  38.94,    133956,      0.00,     15.58,        7.79,               4,                  4
  109,             ,        99992,          61,             43,               71,            ,  39.03,    133956,      0.00,     15.58,        7.79,               5,                  4
  110,             ,       100000,          61,             35,               71,            ,  39.64,    133956,      2.51,     15.58,        9.05,               5,                  4
  111,             ,       100090,          61,             35,               71,            ,  40.76,    133956,      0.00,     15.58,        7.79,               4,                  4
  112,             ,       100008,          61,            105,               71,            ,  41.55,    133956,      0.00,     15.58,        7.79,               4,                  4
  113,             ,       100000,          61,            113,               71,            ,  42.67,    133956,      0.00,     16.33,        8.16,               5,                  4
  114,             ,       100000,          61,            113,               71,            ,  42.24,    133956,      0.00,     15.61,        7.80,               4,                  4
  115,             ,       100000,          61,            113,               71,            ,  42.33,    133956,      0.00,     15.58,        7.79,               5,                  4
  116,             ,       100000,          61,            113,               71,            ,  41.91,    133956,      0.00,     15.58,        7.79,               4,                  4
  117,             ,        99999,          61,            113,               71,            ,  41.91,    133956,      0.00,     15.58,        7.79,               5,                  4
  118,             ,       100001,          61,            113,               71,            ,  41.91,    133956,      0.01,     15.59,        7.80,               4,                  4
  119,             ,       100000,          61,            113,               71,            ,  41.55,    133956,      2.51,     15.58,        9.05,               4,                  4
  120,             ,       100000,          61,            113,               71,            ,  41.55,    133956,      0.00,     15.58,        7.79,               4,                  4
  121,             ,       100000,          61,            113,               71,            ,  41.58,    133956,      0.00,     16.33,        8.16,               4,                  4
  122,             ,       100000,          61,            113,               71,            ,  41.30,    133956,      0.00,     15.61,        7.80,               4,                  4
  123,             ,       100000,          61,            113,               71,            ,  41.18,    133956,      0.00,     15.58,        7.79,               5,                  4
  124,             ,        99910,          61,            113,               71,            ,  41.24,    133956,      0.01,     15.59,        7.80,               4,                  4
  125,             ,        99992,          61,             43,               71,            ,  40.88,    133956,      0.00,     15.58,        7.79,               5,                  4
  126,             ,       100000,          61,             35,               71,            ,  40.76,    133956,      0.00,     15.58,        7.79,               4,                  4
  127,             ,       100000,          61,             35,               71,            ,  40.76,    133956,      2.51,     15.58,        9.05,               5,                  4
  128,             ,       100000,          61,             35,               71,            ,  40.48,    133956,      0.00,     15.58,        7.79,               4,                  4
  129,             ,       100000,          61,             35,               71,            ,  40.42,    133956,      0.00,     16.32,        8.16,               4,                  4
  130,             ,       100000,          61,             35,               71,            ,  40.52,    133956,      0.01,     15.62,        7.81,               5,                  4
  131,             ,       100000,          61,             35,               71,            ,  40.18,    133956,      0.00,     15.58,        7.79,               4,                  4
  132,             ,       100000,          61,             35,               71,            ,  40.09,    133956,      0.00,     15.58,        7.79,               5,                  4
  133,             ,       100000,          61,             35,               71,            ,  40.09,    133956,      0.00,     15.58,        7.79,               5,                  4
  134,             ,       100000,          61,             35,               71,            ,  39.79,    133956,      0.00,     15.58,        7.79,               4,                  4
  135,             ,       100000,          61,             35,               71,            ,  39.67,    133956,      2.51,     15.58,        9.05,               4,                  4
  136,             ,       100000,          61,             35,               71,            ,  39.79,    133956,      0.00,     15.58,        7.79,               4,                  4
  137,             ,       100000,          61,             35,               71,            ,  39.73,    133956,      0.00,     15.58,        7.79,               4,                  4
  138,             ,       100000,          61,             35,               71,            ,  39.27,    133956,      0.00,     16.33,        8.16,               4,                  4
  139,             ,       100000,          61,             35,               71,            ,  39.39,    133956,      0.00,     15.61,        7.80,               4,                  4
  140,             ,       100000,          61,             35,               71,            ,  39.30,    133956,      0.00,     15.58,        7.79,               5,                  4
  141,             ,       100081,          61,             35,               71,            ,  39.03,    133956,      0.00,     15.58,        7.79,               4,                  4
  142,             ,       100008,          61,             96,               71,            ,  38.94,    133956,      0.01,     15.59,        7.80,               4,                  4
  143,             ,        99919,          61,            104,               71,            ,  38.91,    133956,      0.00,     15.58,        7.79,               4,                  4
  144,             ,        99992,          61,             43,               71,            ,  39.67,    133956,      2.51,     15.58,        9.05,               4,                  4
  145,             ,       100090,          61,             35,               71,            ,  40.91,    133956,      0.00,     15.58,        7.79,               4,                  4
  146,             ,       100008,          61,            105,               71,            ,  41.55,    133956,      0.00,     16.33,        8.16,               5,                  4
  147,             ,       100000,          61,            113,               71,            ,  42.67,    133956,      0.00,     15.60,        7.80,               4,                  4
  148,             ,       100000,          61,            113,               71,            ,  42.27,    133956,      0.01,     15.59,        7.80,               4,                  4
  149,             ,       100000,          61,            113,               71,            ,  42.30,    133956,      0.00,     15.58,        7.79,               4,                  4
  150,             ,       100000,          62,            113,               71,            ,  42.18,    133956,      0.00,     15.58,        7.79,               4,                  5
  151,             ,       100000,          61,            113,               71,            ,  41.91,    133956,      0.00,     15.58,        7.79,               4,                  4
  152,             ,       100000,          61,            113,               71,            ,  41.67,    133956,      2.51,     15.58,        9.05,               5,                  4
  153,             ,       100000,          61,            113,               71,            ,  41.55,    133956,      0.00,     15.58,        7.79,               5,                  4
  154,             ,       100000,          61,            113,               71,            ,  41.42,    133956,      0.00,     16.33,        8.16,               4,                  4
  155,             ,       100000,          61,            113,               71,            ,  41.61,    133956,      0.00,     15.61,        7.80,               5,                  4
  156,             ,       100000,          61,            113,               71,            ,  41.21,    133956,      0.00,     15.58,        7.79,               4,                  4
  157,             ,       100000,          61,            113,               71,            ,  41.15,    133956,      0.00,     15.58,        7.79,               5,                  4
  158,             ,        99910,          61,            113,               71,            ,  41.15,    133956,      0.00,     15.58,        7.79,               5,                  4
  159,             ,        99992,          61,             43,               71,            ,  40.79,    133956,      0.00,     15.58,        7.79,               5,                  4
  160,             ,       100000,          61,             35,               71,            ,  40.79,    133956,      2.52,     15.59,        9.05,               5,                  4
  161,             ,       100000,          61,             35,               71,            ,  40.76,    133956,      0.00,     15.58,        7.79,               4,                  4
  162,             ,       100000,          61,             35,               71,            ,  40.48,    133956,      0.00,     15.58,        7.79,               4,                  4
  163,             ,       100000,          61,             35,               71,            ,  40.39,    133956,      0.00,     16.33,        8.16,               5,                  4
  164,             ,       100000,          61,             35,               71,            ,  40.36,    133956,      0.00,     15.61,        7.80,               4,                  4
  165,             ,       100000,          61,             35,               71,            ,  40.15,    133956,      0.00,     15.58,        7.79,               5,                  4
  166,             ,       100000,          61,             35,               71,            ,  40.03,    133956,      0.01,     15.59,        7.80,               4,                  4
  167,             ,       100000,          61,             35,               71,            ,  39.94,    133956,      0.00,     15.58,        7.79,               4,                  4
  168,             ,       100000,          61,             35,               71,            ,  39.70,    133956,      0.00,     15.58,        7.79,               4,                  4
  169,             ,       100000,          61,             35,               71,            ,  39.67,    133956,      2.51,     15.58,        9.05,               5,                  4
  170,             ,       100000,          61,             35,               71,            ,  39.64,    133956,      0.00,     15.58,        7.79,               4,                  4
  171,             ,       100000,          61,             35,               71,            ,  39.73,    133956,      0.00,     16.32,        8.16,               4,                  4
  172,             ,       100000,          62,             35,               71,            ,  39.21,    133956,      0.01,     15.62,        7.81,               4,                  5
  173,             ,       100000,          61,             35,               71,            ,  39.33,    133956,      0.00,     15.58,        7.79,               5,                  4
  174,             ,       100000,          61,             35,               71,            ,  39.21,    133956,      0.00,     15.58,        7.79,               4,                  4
  175,             ,       100081,          61,             35,               71,            ,  39.06,    133956,      0.00,     15.58,        7.79,               4,                  4
  176,             ,        99927,          61,             96,               71,            ,  38.97,    133956,      0.00,     15.58,        7.79,               5,                  4
  177,             ,        99992,          61,             43,               71,            ,  39.06,    133956,      2.51,     15.58,        9.05,               5,                  4
  178,             ,       100000,          61,             35,               71,            ,  39.70,    133956,      0.00,     15.58,        7.79,               4,                  4
  179,             ,       100090,          61,             35,               71,            ,  40.76,    133956,      0.00,     16.33,        8.16,               5,                  4
  180,             ,       100008,          61,            105,               71,            ,  41.48,    133956,      0.00,     15.61,        7.80,               5,                  4
  181,             ,       100000,          61,            113,               71,            ,  42.70,    133956,      0.00,     15.58,        7.79,               5,                  4
  182,             ,       100000,          61,            113,               71,            ,  42.36,    133956,      0.00,     15.58,        7.79,               5,                  4
  183,             ,       100000,          61,            113,               71,            ,  42.30,    133956,      0.00,     15.58,        7.79,               4,                  4
  184,             ,        99999,          61,            113,               71,            ,  42.33,    133956,      0.01,     15.59,        7.80,               5,                  4
  185,             ,       100001,          61,            113,               71,            ,  41.73,    133956,      2.51,     15.58,        9.05,               4,                  4
  186,             ,       100000,          61,            113,               71,            ,  41.97,    133956,      0.00,     15.58,        7.79,               5,                  4
  187,             ,       100000,          61,            113,               71,            ,  41.94,    133956,      0.00,     15.58,        7.79,               4,                  4
  188,             ,       100000,          61,            113,               71,            ,  41.55,    133956,      0.00,     16.33,        8.16,               4,                  4
  189,             ,       100000,          61,            113,               71,            ,  41.52,    133956,      0.00,     15.60,        7.80,               5,                  4
  190,             ,       100000,          62,            113,               71,            ,  41.09,    133956,      0.01,     15.59,        7.80,               4,                  5
  191,             ,       100000,          61,            113,               71,            ,  41.18,    133956,      0.00,     15.58,        7.79,               5,                  4
  192,             ,        99910,          61,            113,               71,            ,  41.15,    133956,      0.00,     15.58,        7.79,               5,                  4
  193,             ,        99992,          61,             43,               71,            ,  40.79,    133956,      0.00,     15.58,        7.79,               5,                  4
  194,             ,       100000,          61,             35,               71,            ,  40.94,    133956,      2.51,     15.58,        9.05,               5,                  4
  195,             ,       100000,          61,             35,               71,            ,  40.82,    133956,      0.00,     15.58,        7.79,               5,                  4
  196,             ,       100000,          61,             35,               71,            ,  40.52,    133956,      0.00,     16.33,        8.16,               4,                  4
  197,             ,       100000,          61,             35,               71,            ,  40.52,    133956,      0.00,     15.61,        7.80,               4,                  4
  198,             ,       100000,          61,             35,               71,            ,  40.36,    133956,      0.00,     15.58,        7.79,               5,                  4
  199,             ,       100000,          61,             35,               71,            ,  40.09,    133956,      0.00,     15.58,        7.79,               5,                  4
  200,             ,       100000,          61,             35,               71,            ,  40.03,    133956,      0.00,     15.58,        7.79,               4,                  4
  201,             ,       100000,          61,             35,               71,            ,  40.03,    133956,      0.00,     15.58,        7.79,               5,                  4
  202,             ,       100000,          61,             35,               71,            ,  40.06,    133956,      2.52,     15.59,        9.05,               4,                  4
  203,             ,       100000,          61,             35,               71,            ,  39.79,    133956,      0.00,     15.58,        7.79,               4,                  4
  204,             ,       100000,          61,             35,               71,            ,  39.64,    133956,      0.00,     16.33,        8.16,               5,                  4
  205,             ,       100000,          61,             35,               71,            ,  39.79,    133956,      0.00,     15.61,        7.80,               5,                  4
  206,             ,       100000,          61,             35,               71,            ,  39.21,    133956,      0.00,     15.58,        7.79,               5,                  4
  207,             ,       100000,          61,             35,               71,            ,  39.27,    133956,      0.00,     15.58,        7.79,               5,                  4
  208,             ,       100081,          61,             35,               71,            ,  39.27,    133956,      0.01,     15.59,        7.80,               5,                  4
  209,             ,        99927,          61,             96,               71,            ,  38.91,    133956,      0.00,     15.58,        7.79,               5,                  4
  210,             ,        99992,          61,             43,               71,            ,  39.00,    133956,      2.51,     15.58,        9.05,               4,                  4
  211,             ,       100000,          61,             35,               71,            ,  40.00,    133956,      0.00,     15.58,        7.79,               4,                  4
  212,             ,       100090,          61,             35,               71,            ,  40.82,    133956,      0.00,     15.58,        7.79,               5,                  4
  213,             ,       100008,          61,            105,               71,            ,  41.82,    133956,      0.00,     16.32,        8.16,               5,                  4
  214,             ,       100000,          61,            113,               71,            ,  42.64,    133956,      0.01,     15.62,        7.81,               5,                  4
  215,             ,       100000,          61,            113,               71,            ,  42.61,    133956,      0.00,     15.58,        7.79,               5,                  4
  216,             ,       100000,          61,            113,               71,            ,  42.30,    133956,      0.00,     15.58,        7.79,               5,                  4
  217,             ,       100000,          61,            113,               71,            ,  42.36,    133956,      0.00,     15.58,        7.79,               4,                  4
  218,             ,       100000,          61,            113,               71,            ,  42.36,    133956,      0.00,     15.58,        7.79,               4,                  4
  219,             ,       100000,          61,            113,               71,            ,  41.88,    133956,      2.51,     15.58,        9.05,               5,                  4
  220,             ,       100000,          61,            113,               71,            ,  41.97,    133956,      0.00,     15.58,        7.79,               5,                  4
  221,             ,        99999,          61,            113,               71,            ,  41.55,    133956,      0.00,     16.33,        8.16,               4,                  4
  222,             ,       100001,          61,            113,               71,            ,  41.64,    133956,      0.00,     15.61,        7.80,               5,                  4
  223,             ,       100000,          61,            113,               71,            ,  41.55,    133956,      0.00,     15.58,        7.79,               4,                  4
  224,             ,       100000,          61,            113,               71,            ,  41.15,    133956,      0.00,     15.58,        7.79,               4,                  4
  225,             ,       100000,          61,            113,               71,            ,  41.15,    133956,      0.00,     15.58,        7.79,               5,                  4
  226,             ,        99910,          61,            113,               71,            ,  41.09,    133956,      0.01,     15.59,        7.80,               4,                  4
  227,             ,        99992,          61,             43,               71,            ,  40.76,    133956,      3.18,     15.58,        9.38,               5,                  4
  228,             ,       100000,          61,             35,               71,            ,  40.73,    133956,      0.00,     15.58,        7.79,               4,                  4
  229,             ,       100000,          61,             35,               71,            ,  40.76,    133956,      0.00,     16.33,        8.16,               4,                  4
  230,             ,       100000,          61,             35,               71,            ,  40.39,    133956,      0.00,     15.61,        7.80,               5,                  4
  231,             ,       100000,          61,             35,               71,            ,  40.42,    133956,      0.00,     15.58,        7.79,               4,                  4
  232,             ,       100000,          61,             35,               71,            ,  40.36,    133956,      0.01,     15.59,        7.80,               4,                  4
  233,             ,       100000,          61,             35,               71,            ,  40.03,    133956,      0.00,     15.58,        7.79,               4,                  4
  234,             ,       100000,          61,             35,               71,            ,  40.12,    133956,      0.00,     15.58,        7.79,               4,                  4
  235,             ,       100000,          61,             35,               71,            ,  39.94,    133956,      3.25,     15.58,        9.42,               4,                  4
  236,             ,       100000,          61,             35,               71,            ,  39.73,    133956,      0.00,     15.58,        7.79,               5,                  4
  237,             ,       100000,          61,             35,               71,            ,  39.73,    133956,      0.00,     15.58,        7.79,               4,                  4
  238,             ,       100000,          61,             35,               71,            ,  39.67,    133956,      0.00,     16.33,        8.17,               5,                  4
  239,             ,       100000,          61,             35,               71,            ,  39.70,    133956,      0.00,     15.61,        7.80,               4,                  4
  240,             ,       100000,          61,             35,               71,            ,  39.52,    133956,      0.00,     15.58,        7.79,               4,                  4
  241,             ,       100000,          61,             35,               71,            ,  39.27,    133956,      0.00,     15.58,        7.79,               4,                  4
  242,             ,       100081,          61,             35,               71,            ,  39.33,    133956,      0.00,     15.58,        7.79,               4,                  4
  243,             ,        99927,          61,             96,               71,            ,  38.82,    133956,      0.00,     15.58,        7.79,               4,                  4
  244,             ,        99992,          61,             43,               71,            ,  39.00,    133956,      2.58,     15.59,        9.09,               5,                  4
  245,             ,       100000,          61,             35,               71,            ,  40.21,    133956,      0.00,     15.58,        7.79,               5,                  4
  246,             ,       100090,          61,             35,               71,            ,  40.82,    133956,      0.00,     16.33,        8.16,               4,                  4
  247,             ,       100008,          61,            105,               71,            ,  42.03,    133956,      0.00,     15.61,        7.80,               4,                  4
  248,             ,       100000,          61,            113,               71,            ,  42.73,    133956,      0.00,     15.58,        7.79,               5,                  4
  249,             ,       100000,          61,            113,               71,            ,  42.67,    133956,      0.00,     15.58,        7.79,               4,                  4
  250,             ,       100000,          61,            113,               71,            ,  42.39,    133956,      0.01,     15.59,        7.80,               5,                  4
  251,             ,       100000,          61,            113,               71,            ,  42.36,    133956,      0.00,     15.58,        7.79,               5,                  4
  252,             ,       100000,          61,            113,               71,            ,  42.36,    133956,      2.51,     15.58,        9.05,               4,                  4
  253,             ,       100000,          61,            113,               71,            ,  41.91,    133956,      0.00,     15.58,        7.79,               4,                  4
  254,             ,       100000,          61,            113,               71,            ,  41.97,    133956,      0.00,     16.33,        8.16,               5,                  4
  255,             ,       100000,          61,            113,               71,            ,  41.48,    133956,      0.00,     15.60,        7.80,               5,                  4
  256,             ,       100000,          61,            113,               71,            ,  41.52,    133956,      0.01,     15.59,        7.80,               4,                  4
  257,             ,       100000,          61,            113,               71,            ,  41.52,    133956,      0.00,     15.58,        7.79,               4,                  4
  258,             ,       100000,          61,            113,               71,            ,  41.18,    133956,      0.00,     15.58,        7.79,               4,                  4
  259,             ,       100000,          61,            113,               71,            ,  41.15,    133956,      0.00,     15.58,        7.79,               4,                  4
  260,             ,        99910,          61,            113,               71,            ,  41.15,    133956,      3.26,     15.58,        9.42,               4,                  4
  261,             ,        99992,          61,             43,               71,            ,  40.82,    133956,      0.00,     15.58,        7.79,               4,                  4
  262,             ,       100000,          61,             35,               71,            ,  40.91,    133956,      0.00,     15.58,        7.79,               5,                  4
  263,             ,       100000,          61,             35,               71,            ,  40.76,    133956,      0.00,     16.33,        8.16,               4,                  4
  264,             ,       100000,          61,             35,               71,            ,  40.61,    133956,      0.00,     15.61,        7.80,               5,                  4
  265,             ,       100000,          61,             35,               71,            ,  40.36,    133956,      0.00,     15.58,        7.79,               4,                  4
  266,             ,       100000,          61,             35,               71,            ,  40.52,    133956,      0.00,     15.58,        7.79,               5,                  4
  267,             ,       100000,          61,             35,               71,            ,  40.00,    133956,      0.00,     15.58,        7.79,               5,                  4
  268,             ,       100000,          61,             35,               71,            ,  39.97,    133956,      0.01,     15.59,        7.80,               5,                  4
  269,             ,       100000,          61,             35,               71,            ,  40.21,    133956,      3.32,     15.58,        9.45,               5,                  4
  270,             ,       100000,          61,             35,               71,            ,  39.70,    133956,      0.00,     15.58,        7.79,               4,                  4
  271,             ,       100000,          61,             35,               71,            ,  39.64,    133956,      0.00,     16.33,        8.16,               4,                  4
  272,             ,       100000,          61,             35,               71,            ,  39.61,    133956,      0.00,     15.61,        7.80,               5,                  4
  273,             ,       100000,          61,             35,               71,            ,  39.70,    133956,      0.00,     15.58,        7.79,               5,                  4
  274,             ,       100000,          61,             35,               71,            ,  39.30,    133956,      0.01,     15.59,        7.80,               4,                  4
  275,             ,       100000,          61,             35,               71,            ,  39.27,    133956,      0.00,     15.58,        7.79,               5,                  4
  276,             ,       100081,          61,             35,               71,            ,  39.36,    133956,      0.00,     15.58,        7.79,               4,                  4
  277,             ,        99927,          61,             96,               71,            ,  38.91,    133956,      3.32,     15.58,        9.45,               4,                  4
  278,             ,        99992,          61,             43,               71,            ,  39.03,    133956,      0.00,     15.58,        7.79,               4,                  4
  279,             ,       100000,          61,             35,               71,            ,  39.97,    133956,      0.00,     16.32,        8.16,               4,                  4
  280,             ,       100090,          61,             35,               71,            ,  40.82,    133956,      0.01,     15.62,        7.81,               5,                  4
  281,             ,       100008,          61,            105,               71,            ,  41.88,    133956,      0.00,     15.58,        7.79,               5,                  4
  282,             ,       100000,          61,            113,               71,            ,  42.55,    133956,      0.00,     15.58,        7.79,               5,                  4
  283,             ,       100000,          61,            113,               71,            ,  42.64,    133956,      0.00,     15.58,        7.79,               5,                  4
  284,             ,       100000,          61,            113,               71,            ,  42.36,    133956,      0.00,     15.58,        7.79,               5,                  4
  285,             ,       100000,          61,            113,               71,            ,  42.24,    133956,      3.32,     15.58,        9.45,               5,                  4
  286,             ,       100000,          61,            113,               71,            ,  41.73,    133956,      0.00,     15.58,        7.79,               5,                  4
  287,             ,        99999,          61,            113,               71,            ,  41.88,    133956,      0.00,     15.58,        7.79,               5,                  4
  288,             ,       100001,          61,            113,               71,            ,  41.94,    133956,      0.00,     16.33,        8.16,               5,                  4
  289,             ,       100000,          61,            113,               71,            ,  41.55,    133956,      0.00,     15.61,        7.80,               4,                  4
  290,             ,       100000,          61,            113,               71,            ,  41.52,    133956,      0.00,     15.58,        7.79,               4,                  4
  291,             ,       100000,          61,            113,               71,            ,  41.55,    133956,      0.00,     15.58,        7.79,               4,                  4
  292,             ,       100000,          62,            113,               71,            ,  41.24,    133956,      0.01,     15.59,        7.80,               4,                  5
  293,             ,       100000,          61,            113,               71,            ,  41.15,    133956,      0.00,     15.58,        7.79,               5,                  4
  294,             ,        99910,          61,            113,               71,            ,  41.15,    133956,      3.32,     15.58,        9.45,               5,                  4
  295,             ,        99992,          61,             43,               71,            ,  40.79,    133956,      0.00,     15.58,        7.79,               4,                  4
  296,             ,       100000,          61,             35,               71,            ,  40.73,    133956,      0.00,     16.33,        8.16,               4,                  4
  297,             ,       100000,          61,             35,               71,            ,  40.79,    133956,      0.00,     15.60,        7.80,               4,                  4
  298,             ,       100000,          61,             35,               71,            ,  40.73,    133956,      0.01,     15.59,        7.80,               4,                  4
  299,             ,       100000,          61,             35,               71,            ,  40.45,    133956,      0.00,     15.58,        7.79,               4,                  4
  300,             ,       100000,          61,             35,               71,            ,  40.52,    133956,      0.00,     15.58,        7.79,               5,                  4
  301,             ,       100000,          61,             35,               71,            ,  40.03,    133956,      0.00,     15.58,        7.79,               4,                  4
  302,             ,       100000,          61,             35,               71,            ,  40.06,    133956,      3.32,     15.58,        9.45,               5,                  4
  303,             ,       100000,          61,             35,               71,            ,  40.12,    133956,      0.00,     15.58,        7.79,               5,                  4
  304,             ,       100000,          61,             35,               71,            ,  39.67,    133956,      0.00,     16.33,        8.16,               4,                  4
  305,             ,       100000,          61,             35,               71,            ,  39.73,    133956,      0.00,     15.61,        7.80,               5,                  4
  306,             ,       100000,          61,             35,               71,            ,  39.88,    133956,      0.00,     15.58,        7.79,               5,                  4
  307,             ,       100000,          61,             35,               71,            ,  39.33,    133956,      0.00,     15.58,        7.79,               5,                  4
  308,             ,       100000,          61,             35,               71,            ,  39.39,    133956,      0.00,     15.58,        7.79,               4,                  4
  309,             ,       100000,          61,             35,               71,            ,  39.33,    133956,      0.00,     15.58,        7.79,               5,                  4
  310,             ,       100081,          61,             35,               71,            ,  39.36,    133956,      3.33,     15.59,        9.46,               5,                  4
  311,             ,        99927,          61,             96,               71,            ,  38.94,    133956,      0.00,     15.58,        7.79,               5,                  4
  312,             ,        99992,          61,             43,               71,            ,  39.09,    133956,      0.00,     15.58,        7.79,               4,                  4
  313,             ,       100000,          61,             35,               71,            ,  39.97,    133956,      0.00,     16.33,        8.16,               5,                  4
  314,             ,       100090,          61,             35,               71,            ,  40.79,    133956,      0.00,     15.61,        7.80,               5,                  4
  315,             ,       100008,          61,            105,               71,            ,  41.82,    133956,      0.00,     15.58,        7.79,               5,                  4
  316,             ,       100000,          61,            113,               71,            ,  42.61,    133956,      0.01,     15.59,        7.80,               5,                  4
  317,             ,       100000,          61,            113,               71,            ,  42.67,    133956,      0.00,     15.58,        7.79,               5,                  4
  318,             ,       100000,          61,            113,               71,            ,  42.27,    133956,      0.00,     15.58,        7.79,               5,                  4
  319,             ,       100000,          61,            113,               71,            ,  42.27,    133956,      3.32,     15.58,        9.45,               4,                  4
  320,             ,       100000,          61,            113,               71,            ,  41.97,    133956,      0.00,     15.58,        7.79,               5,                  4
  321,             ,         0000,          61,            113,               71,            ,  41.88,    133956,      0.00,     16.32,        8.16,               5,                  4
  322,             ,        99999,          61,            113,               71,            ,  41.88,    133956,      0.01,     15.62,        7.81,               5,                  4
  323,             ,       100001,          61,            113,               71,            ,  41.55,    133956,      0.00,     15.58,        7.79,               4,                  4
  324,             ,       100000,          61,            113,               71,            ,  41.52,    133956,      0.00,     15.58,        7.79,               4,                  4
  325,             ,       100000,          61,            113,               71,            ,  41.52,    133956,      0.00,     15.58,        7.79,               5,                  4
  326,             ,       100000,          61,            113,               71,            ,  41.18,    133956,      0.00,     15.58,        7.79,               4,                  4
  327,             ,       100000,          61,            113,               71,            ,  41.12,    133956,      3.32,     15.58,        9.45,               4,                  4
  328,             ,        99910,          61,            113,               71,            ,  41.18,    133956,      0.00,     15.58,        7.79,               4,                  4
  329,             ,        99992,          61,             43,               71,            ,  40.82,    133956,      0.00,     16.33,        8.16,               4,                  4
  330,             ,       100000,          61,             35,               71,            ,  40.91,    133956,      0.00,     15.61,        7.80,               4,                  4
  331,             ,       100000,          61,             35,               71,            ,  40.76,    133956,      0.00,     15.58,        7.79,               5,                  4
  332,             ,       100000,          61,             35,               71,            ,  40.52,    133956,      0.00,     15.58,        7.79,               4,                  4
  333,             ,       100000,          61,             35,               71,            ,  40.36,    133956,      0.00,     15.58,        7.79,               4,                  4
  334,             ,       100000,          61,             35,               71,            ,  40.52,    133956,      0.01,     15.59,        7.80,               5,                  4
  335,             ,       100000,          61,             35,               71,            ,  40.09,    133956,      3.32,     15.58,        9.45,               4,                  4
  336,             ,       100000,          61,             35,               71,            ,  40.18,    133956,      0.00,     15.58,        7.79,               5,                  4
  337,             ,       100000,          61,             35,               71,            ,  40.12,    133956,      0.00,     15.58,        7.79,               5,                  4
  338,             ,       100000,          61,             35,               71,            ,  39.79,    133956,      0.00,     16.33,        8.16,               5,                  4
  339,             ,       100000,          61,             35,               71,            ,  39.82,    133956,      0.00,     15.60,        7.80,               4,                  4
  340,             ,       100000,          61,             35,               71,            ,  39.82,    133956,      0.01,     15.59,        7.80,               4,                  4
  341,             ,       100000,          61,             35,               71,            ,  39.42,    133956,      0.00,     15.58,        7.79,               5,                  4
  342,             ,       100000,          61,             35,               71,            ,  39.39,    133956,      0.00,     15.58,        7.79,               5,                  4
  343,             ,       100000,          61,             35,               71,            ,  39.21,    133956,      0.00,     15.58,        7.79,               4,                  4
  344,             ,       100081,          61,             35,               71,            ,  39.33,    133956,      3.32,     15.58,        9.45,               5,                  4
  345,             ,       100008,          61,             96,               71,            ,  38.94,    133956,      0.00,     15.58,        7.79,               5,                  4
  346,             ,        99919,          61,            104,               71,            ,  38.91,    133956,      0.00,     16.33,        8.17,               4,                  4
  347,             ,        99992,          61,             43,               71,            ,  40.12,    133956,      0.00,     15.61,        7.80,               4,                  4
  348,             ,       100090,          61,             35,               71,            ,  40.79,    133956,      0.00,     15.58,        7.79,               5,                  4
  349,             ,       100008,          61,            105,               71,            ,  41.88,    133956,      0.00,     15.58,        7.79,               5,                  4
  350,             ,       100000,          61,            113,               71,            ,  42.64,    133956,      0.00,     15.58,        7.79,               5,                  4
  351,             ,        99999,          61,            113,               71,            ,  42.67,    133956,      0.00,     15.58,        7.79,               4,                  4
  352,             ,       100000,          61,            113,               71,            ,  42.24,    133956,      3.33,     15.59,        9.46,               4,                  4
  353,             ,       100001,          61,            113,               71,            ,  42.36,    133956,      0.00,     15.58,        7.79,               5,                  4
  354,             ,       100000,          61,            113,               71,            ,  41.73,    133956,      0.00,     16.33,        8.16,               5,                  4
  355,             ,       100000,          61,            113,               71,            ,  41.82,    133956,      0.00,     15.61,        7.80,               5,                  4
  356,             ,       100000,          61,            113,               71,            ,  41.97,    133956,      0.00,     15.58,        7.79,               4,                  4
  357,             ,       100000,          61,            113,               71,            ,  41.55,    133956,      0.00,     15.58,        7.79,               4,                  4
  358,             ,       100000,          61,            113,               71,            ,  41.55,    133956,      0.01,     15.59,        7.80,               5,                  4
  359,             ,       100000,          61,            113,               71,            ,  41.55,    133956,      0.00,     15.58,        7.79,               5,                  4
  360,             ,       100000,          61,            113,               71,            ,  41.18,    133956,      2.57,     15.58,        9.08,               5,                  4
  361,             ,       100000,          61,            113,               71,            ,  41.21,    133956,      0.00,     15.58,        7.79,               5,                  4
  362,             ,        99910,          61,            113,               71,            ,  41.18,    133956,      0.00,     15.58,        7.79,               5,                  4
  363,             ,        99992,          61,             43,               71,            ,  40.76,    133956,      0.00,     16.32,        8.16,               4,                  4
  364,             ,       100000,          61,             35,               71,            ,  40.82,    133956,      0.01,     15.62,        7.81,               4,                  4
  365,             ,       100000,          61,             35,               71,            ,  40.76,    133956,      0.00,     15.58,        7.79,               4,                  4
  366,             ,       100000,          61,             35,               71,            ,  40.39,    133956,      0.00,     15.58,        7.79,               5,                  4
  367,             ,       100000,          61,             35,               71,            ,  40.48,    133956,      0.00,     15.58,        7.79,               5,                  4
  368,             ,       100000,          61,             35,               71,            ,  40.52,    133956,      0.00,     15.58,        7.79,               5,                  4
  369,             ,       100000,          61,             35,               71,            ,  40.03,    133956,      2.51,     15.58,        9.05,               4,                  4
  370,             ,       100000,          61,             35,               71,            ,  40.18,    133956,      0.00,     15.58,        7.79,               4,                  4
  371,             ,       100000,          61,             35,               71,            ,  40.09,    133956,      0.00,     16.33,        8.16,               4,                  4
  372,             ,       100000,          61,             35,               71,            ,  39.79,    133956,      0.00,     15.61,        7.80,               5,                  4
  373,             ,       100000,          61,             35,               71,            ,  39.73,    133956,      0.00,     15.58,        7.79,               5,                  4
  374,             ,       100000,          61,             35,               71,            ,  39.64,    133956,      0.00,     15.58,        7.79,               4,                  4
  375,             ,       100000,          61,             35,               71,            ,  39.39,    133956,      0.00,     15.58,        7.79,               5,                  4
  376,             ,       100000,          61,             35,               71,            ,  39.33,    133956,      0.01,     15.59,        7.80,               5,                  4
  377,             ,       100000,          61,             35,               71,            ,  39.18,    133956,      2.51,     15.58,        9.05,               5,                  4
  378,             ,       100081,          61,             35,               71,            ,  39.33,    133956,      0.00,     15.58,        7.79,               5,                  4
  379,             ,        99927,          61,             96,               71,            ,  38.97,    133956,      0.00,     16.33,        8.16,               4,                  4
  380,             ,        99992,          61,             43,               71,            ,  39.09,    133956,      0.00,     15.61,        7.80,               5,                  4
  381,             ,       100000,          62,             35,               71,            ,  40.12,    133956,      0.00,     15.58,        7.79,               4,                  5
  382,             ,       100090,          61,             35,               71,            ,  40.91,    133956,      0.01,     15.59,        7.80,               4,                  4
  383,             ,       100008,          61,            105,               71,            ,  41.82,    133956,      0.00,     15.58,        7.79,               5,                  4
  384,             ,       100000,          61,            113,               71,            ,  42.64,    133956,      0.00,     15.58,        7.79,               4,                  4
  385,             ,       100000,          61,            113,               71,            ,  42.61,    133956,      2.51,     15.58,        9.05,               4,                  4
  386,             ,       100000,          61,            113,               71,            ,  42.24,    133956,      0.00,     15.58,        7.79,               5,                  4
  387,             ,       100000,          61,            113,               71,            ,  42.21,    133956,      0.00,     15.58,        7.79,               5,                  4
  388,             ,       100000,          61,            113,               71,            ,  41.82,    133956,      0.00,     16.33,        8.16,               5,                  4
  389,             ,       100000,          61,            113,               71,            ,  41.79,    133956,      0.00,     15.61,        7.80,               5,                  4
  390,             ,       100000,          61,            113,               71,            ,  41.94,    133956,      0.00,     15.58,        7.79,               5,                  4
  391,             ,       100000,          61,            113,               71,            ,  41.55,    133956,      0.00,     15.58,        7.79,               4,                  4
  392,             ,       100000,          61,            113,               71,            ,  41.55,    133956,      0.00,     15.58,        7.79,               4,                  4
  393,             ,        99999,          61,            113,               71,            ,  41.52,    133956,      0.00,     15.58,        7.79,               4,                  4
  394,             ,       100001,          61,            113,               71,            ,  41.15,    133956,      2.52,     15.59,        9.05,               4,                  4
  395,             ,       100000,          61,            113,               71,            ,  41.18,    133956,      0.00,     15.58,        7.79,               5,                  4
  396,             ,        99910,          61,            113,               71,            ,  41.15,    133956,      0.00,     16.33,        8.17,               4,                  4
  397,             ,        99992,          61,             43,               71,            ,  40.70,    133956,      0.00,     15.61,        7.80,               4,                  4
  398,             ,       100000,          62,             35,               71,            ,  40.82,    133956,      0.00,     15.58,        7.79,               4,                  5
  399,             ,       100000,          61,             35,               71,            ,  40.91,    133956,      0.00,     15.58,        7.79,               4,                  4
  400,             ,       100000,          61,             35,               71,            ,  40.48,    133956,      0.01,     15.59,        7.80,               4,                  4
  401,             ,       100000,          61,             35,               71,            ,  40.21,    133956,      0.00,     15.58,        7.79,               4,                  4
  402,             ,       100000,          61,             35,               71,            ,  40.52,    133956,      2.51,     15.58,        9.05,               5,                  4
  403,             ,       100000,          61,             35,               71,            ,  40.09,    133956,      0.00,     15.58,        7.79,               4,                  4
  404,             ,       100000,          61,             35,               71,            ,  39.97,    133956,      0.00,     16.33,        8.16,               5,                  4
  405,             ,       100000,          61,             35,               71,            ,  40.09,    133956,      0.00,     15.60,        7.80,               4,                  4
  406,             ,       100000,          61,             35,               71,            ,  39.70,    133956,      0.01,     15.59,        7.80,               4,                  4
  407,             ,       100000,          61,             35,               71,            ,  39.79,    133956,      0.00,     15.58,        7.79,               4,                  4
  408,             ,       100000,          61,             35,               71,            ,  39.70,    133956,      0.00,     15.58,        7.79,               4,                  4
  409,             ,       100000,          61,             35,               71,            ,  39.18,    133956,      0.00,     15.58,        7.79,               4,                  4
  410,             ,       100000,          61,             35,               71,            ,  39.42,    133956,      2.51,     15.58,        9.05,               5,                  4
  411,             ,       100000,          61,             35,               71,            ,  39.18,    133956,      0.00,     15.58,        7.79,               4,                  4
  412,             ,       100000,          61,             35,               71,            ,  39.39,    133956,      0.00,     15.58,        7.79,               5,                  4
  413,             ,       100000,          61,             35,               71,            ,  39.03,    133956,      0.00,     16.33,        8.16,               4,                  4
  414,             ,       100081,          61,             35,               71,            ,  39.00,    133956,      0.00,     15.61,        7.80,               5,                  4
  415,             ,       100007,          61,             96,               71,            ,  38.82,    133956,      0.00,     15.58,        7.79,               4,                  4
  416,             ,        99920,          61,            104,               71,            ,  38.64,    133956,      0.00,     15.58,        7.79,               5,                  4
  417,             ,        99992,          61,             43,               71,            ,  39.82,    133956,      0.00,     15.58,        7.79,               5,                  4
  418,             ,       100090,          61,             35,               71,            ,  40.79,    133956,      0.01,     15.59,        7.80,               4,                  4
  419,             ,       100008,          61,            105,               71,            ,  41.55,    133956,      2.51,     15.58,        9.05,               5,                  4
  420,             ,       100000,          61,            113,               71,            ,  42.27,    133956,      0.00,     15.58,        7.79,               5,                  4
  421,             ,       100000,          61,            113,               71,            ,  42.36,    133956,      0.00,     16.33,        8.16,               4,                  4
  422,             ,       100000,          61,            113,               71,            ,  42.33,    133956,      0.00,     15.61,        7.80,               4,                  4
  423,             ,       100000,          61,            113,               71,            ,  41.94,    133956,      0.00,     15.58,        7.79,               4,                  4
  424,             ,       100000,          61,            113,               71,            ,  41.88,    133956,      0.01,     15.59,        7.80,               5,                  4
  425,             ,       100000,          61,            113,               71,            ,  41.97,    133956,      0.00,     15.58,        7.79,               5,                  4
  426,             ,       100000,          61,            113,               71,            ,  41.52,    133956,      0.00,     15.58,        7.79,               4,                  4
  427,             ,       100000,          61,            113,               71,            ,  41.55,    133956,      2.51,     15.58,        9.05,               4,                  4
  428,             ,       100000,          61,            113,               71,            ,  41.15,    133956,      0.00,     15.58,        7.79,               4,                  4
  429,             ,       100000,          61,            113,               71,            ,  41.12,    133956,      0.00,     16.32,        8.16,               4,                  4
  430,             ,        99910,          61,            113,               71,            ,  41.15,    133956,      0.01,     15.62,        7.81,               5,                  4
  431,             ,        99992,          61,             43,               71,            ,  40.76,    133956,      0.00,     15.58,        7.79,               4,                  4
  432,             ,       100000,          61,             35,               71,            ,  40.85,    133956,      0.00,     15.58,        7.79,               4,                  4
  433,             ,       100000,          61,             35,               71,            ,  40.76,    133956,      0.00,     15.58,        7.79,               4,                  4
  434,             ,       100000,          61,             35,               71,            ,  40.36,    133956,      0.00,     15.58,        7.79,               4,                  4
  435,             ,       100000,          61,             35,               71,            ,  40.58,    133956,      2.51,     15.58,        9.05,               4,                  4
  436,             ,       100000,          61,             35,               71,            ,  40.52,    133956,      0.00,     15.58,        7.79,               4,                  4
  437,             ,       100000,          61,             35,               71,            ,  40.18,    133956,      0.00,     15.58,        7.79,               5,                  4
  438,             ,       100000,          61,             35,               71,            ,  40.00,    133956,      0.00,     16.33,        8.16,               4,                  4
  439,             ,       100000,          61,             35,               71,            ,  40.09,    133956,      0.00,     15.61,        7.80,               4,                  4
  440,             ,       100000,          61,             35,               71,            ,  40.09,    133956,      0.00,     15.58,        7.79,               5,                  4
  441,             ,       100000,          61,             35,               71,            ,  39.61,    133956,      0.00,     15.58,        7.79,               4,                  4
  442,             ,       100000,          61,             35,               71,            ,  39.85,    133956,      0.01,     15.59,        7.80,               4,                  4
  443,             ,       100000,          61,             35,               71,            ,  39.73,    133956,      0.00,     15.58,        7.79,               4,                  4
  444,             ,       100000,          61,             35,               71,            ,  39.21,    133956,      2.51,     15.58,        9.05,               5,                  4
  445,             ,       100000,          61,             35,               71,            ,  39.33,    133956,      0.00,     15.58,        7.79,               4,                  4
  446,             ,       100081,          61,             35,               71,            ,  39.27,    133956,      0.00,     16.33,        8.16,               4,                  4
  447,             ,        99927,          61,             96,               71,            ,  38.97,    133956,      0.00,     15.60,        7.80,               4,                  4
  448,             ,        99992,          62,             43,               71,            ,  39.09,    133956,      0.01,     15.59,        7.80,               4,                  5
  449,             ,       100000,          61,             35,               71,            ,  40.24,    133956,      0.00,     15.58,        7.79,               5,                  4
  450,             ,       100090,          61,             35,               71,            ,  40.76,    133956,      0.00,     15.58,        7.79,               5,                  4
  451,             ,       100008,          61,            105,               71,            ,  41.97,    133956,      0.00,     15.58,        7.79,               4,                  4
  452,             ,       100000,          61,            113,               71,            ,  42.64,    133956,      2.51,     15.58,        9.05,               5,                  4
  453,             ,       100000,          61,            113,               71,            ,  42.61,    133956,      0.00,     15.58,        7.79,               5,                  4
  454,             ,        99999,          61,            113,               71,            ,  42.24,    133956,      0.00,     16.33,        8.16,               4,                  4
  455,             ,       100001,          61,            113,               71,            ,  42.36,    133956,      0.00,     15.61,        7.80,               4,                  4
  456,             ,       100000,          61,            113,               71,            ,  42.36,    133956,      0.00,     15.58,        7.79,               4,                  4
  457,             ,       100000,          61,            113,               71,            ,  41.94,    133956,      0.00,     15.58,        7.79,               5,                  4
  458,             ,       100000,          61,            113,               71,            ,  41.94,    133956,      0.00,     15.58,        7.79,               4,                  4
  459,             ,       100000,          61,            113,               71,            ,  41.55,    133956,      0.00,     15.58,        7.79,               4,                  4
  460,             ,        99999,          61,            113,               71,            ,  41.55,    133956,      2.52,     15.59,        9.05,               5,                  4
  461,             ,       100001,          61,            113,               71,            ,  41.52,    133956,      0.00,     15.58,        7.79,               4,                  4
  462,             ,       100000,          61,            113,               71,            ,  41.21,    133956,      0.00,     15.58,        7.79,               4,                  4
  463,             ,       100000,          61,            113,               71,            ,  41.15,    133956,      0.00,     16.33,        8.16,               5,                  4
  464,             ,        99910,          61,            113,               71,            ,  41.09,    133956,      0.00,     15.61,        7.80,               4,                  4
  465,             ,        99992,          61,             43,               71,            ,  40.76,    133956,      0.00,     15.58,        7.79,               4,                  4
  466,             ,       100000,          61,             35,               71,            ,  40.88,    133956,      0.01,     15.59,        7.80,               4,                  4
  467,             ,       100000,          61,             35,               71,            ,  40.85,    133956,      0.00,     15.58,        7.79,               4,                  4
  468,             ,       100000,          61,             35,               71,            ,  40.61,    133956,      0.00,     15.58,        7.79,               5,                  4
  469,             ,       100000,          61,             35,               71,            ,  40.42,    133956,      2.51,     15.58,        9.05,               4,                  4
  470,             ,       100000,          61,             35,               71,            ,  40.48,    133956,      0.00,     15.58,        7.79,               4,                  4
  471,             ,       100000,          61,             35,               71,            ,  40.09,    133956,      0.00,     16.32,        8.16,               4,                  4
  472,             ,       100000,          61,             35,               71,            ,  40.03,    133956,      0.01,     15.62,        7.81,               5,                  4
  473,             ,       100000,          61,             35,               71,            ,  40.03,    133956,      0.00,     15.58,        7.79,               5,                  4
  474,             ,       100000,          61,             35,               71,            ,  39.64,    133956,      0.00,     15.58,        7.79,               4,                  4
  475,             ,       100000,          61,             35,               71,            ,  39.67,    133956,      0.00,     15.58,        7.79,               4,                  4
  476,             ,       100000,          61,             35,               71,            ,  39.64,    133956,      0.00,     15.58,        7.79,               4,                  4
  477,             ,       100000,          61,             35,               71,            ,  39.64,    133956,      2.51,     15.58,        9.05,               4,                  4
  478,             ,       100000,          61,             35,               71,            ,  39.42,    133956,      0.00,     15.58,        7.79,               4,                  4
  479,             ,       100000,          61,             35,               71,            ,  39.39,    133956,      0.00,     16.33,        8.16,               4,                  4
  480,             ,       100000,          61,             35,               71,            ,  39.33,    133956,      0.00,     15.61,        7.80,               4,                  4
  481,             ,       100081,          61,             35,               71,            ,  39.03,    133956,      0.00,     15.58,        7.79,               4,                  4
  482,             ,        99927,          61,             96,               71,            ,  38.94,    133956,      0.00,     15.58,        7.79,               4,                  4
  483,             ,        99992,          62,             43,               71,            ,  39.00,    133956,      0.00,     15.58,        7.79,               4,                  5
  484,             ,       100000,          61,             35,               71,            ,  39.67,    133956,      0.01,     15.59,        7.80,               4,                  4
  485,             ,       100090,          61,             35,               71,            ,  40.82,    133956,      2.51,     15.58,        9.05,               5,                  4
  486,             ,       100008,          61,            105,               71,            ,  41.48,    133956,      0.00,     15.58,        7.79,               5,                  4
  487,             ,       100000,          61,            113,               71,            ,  42.52,    133956,      0.00,     15.58,        7.79,               4,                  4
  488,             ,       100000,          61,            113,               71,            ,  42.36,    133956,      0.00,     16.33,        8.16,               4,                  4
  489,             ,       100000,          61,            113,               71,            ,  42.42,    133956,      0.00,     15.60,        7.80,               4,                  4
  490,             ,        99999,          61,            113,               71,            ,  42.30,    133956,      0.01,     15.59,        7.80,               4,                  4
  491,             ,       100001,          61,            113,               71,            ,  41.82,    133956,      0.00,     15.58,        7.79,               5,                  4
  492,             ,       100000,          61,            113,               71,            ,  41.88,    133956,      0.00,     15.58,        7.79,               5,                  4
  493,             ,       100000,          61,            113,               71,            ,  41.94,    133956,      0.00,     15.58,        7.79,               5,                  4
  494,             ,       100000,          61,            113,               71,            ,  41.42,    133956,      3.18,     15.58,        9.38,               5,                  4
  495,             ,       100000,          61,            113,               71,            ,  41.55,    133956,      0.00,     15.58,        7.79,               4,                  4
  496,             ,       100000,          61,            113,               71,            ,  41.09,    133956,      0.00,     16.33,        8.16,               4,                  4
  497,             ,       100000,          61,            113,               71,            ,  41.24,    133956,      0.00,     15.61,        7.80,               5,                  4
  498,             ,        99910,          61,            113,               71,            ,  41.15,    133956,      0.00,     15.58,        7.79,               5,                  4
  499,             ,        99992,          61,             43,               71,            ,  40.76,    133956,      0.00,     15.58,        7.79,               4,                  4
  500,             ,       100000,          61,             35,               71,            ,  40.82,    133956,      0.00,     15.58,        7.79,               4,                  4
  501,             ,       100000,          61,             35,               71,            ,  40.76,    133956,      0.00,     15.58,        7.79,               5,                  4
  502,             ,       100000,          61,             35,               71,            ,  40.36,    133956,      3.26,     15.59,        9.42,               5,                  4
  503,             ,       100000,          61,             35,               71,            ,  40.36,    133956,      0.00,     15.58,        7.79,               4,                  4
  504,             ,       100000,          61,             35,               71,            ,  40.64,    133956,      0.00,     16.33,        8.17,               5,                  4
  505,             ,       100000,          61,             35,               71,            ,  40.12,    133956,      0.00,     15.61,        7.80,               4,                  4
  506,             ,       100000,          61,             35,               71,            ,  40.12,    133956,      0.00,     15.58,        7.79,               4,                  4
  507,             ,       100000,          61,             35,               71,            ,  40.12,    133956,      0.00,     15.58,        7.79,               4,                  4
  508,             ,       100000,          61,             35,               71,            ,  40.18,    133956,      0.01,     15.59,        7.80,               5,                  4
  509,             ,       100000,          61,             35,               71,            ,  39.61,    133956,      0.00,     15.58,        7.79,               5,                  4
  510,             ,       100000,          61,             35,               71,            ,  39.73,    133956,      2.57,     15.58,        9.08,               4,                  4
  511,             ,       100000,          61,             35,               71,            ,  39.70,    133956,      0.00,     15.58,        7.79,               5,                  4
  512,             ,       100000,          61,             35,               71,            ,  39.36,    133956,      0.00,     15.58,        7.79,               5,                  4
  513,             ,       100000,          61,             35,               71,            ,  39.39,    133956,      0.00,     16.32,        8.16,               4,                  4
  514,             ,       100000,          61,             35,               71,            ,  39.24,    133956,      0.01,     15.62,        7.81,               4,                  4
  515,             ,       100081,          61,             35,               71,            ,  39.30,    133956,      0.00,     15.58,        7.79,               5,                  4
  516,             ,        99927,          61,             96,               71,            ,  38.94,    133956,      0.00,     15.58,        7.79,               4,                  4
  517,             ,        99992,          61,             43,               71,            ,  39.03,    133956,      0.00,     15.58,        7.79,               4,                  4
  518,             ,       100000,          61,             35,               71,            ,  39.79,    133956,      0.00,     15.58,        7.79,               5,                  4
  519,             ,       100090,          61,             35,               71,            ,  40.82,    133956,      2.51,     15.58,        9.05,               4,                  4
  520,             ,       100008,          61,            105,               71,            ,  41.55,    133956,      0.00,     15.58,        7.79,               5,                  4
  521,             ,       100000,          61,            113,               71,            ,  42.67,    133956,      0.00,     16.33,        8.16,               4,                  4
  522,             ,       100000,          61,            113,               71,            ,  42.33,    133956,      0.00,     15.61,        7.80,               4,                  4
  523,             ,        99999,          61,            113,               71,            ,  42.24,    133956,      0.00,     15.58,        7.79,               5,                  4
  524,             ,       100001,          61,            113,               71,            ,  42.24,    133956,      0.00,     15.58,        7.79,               4,                  4
  525,             ,       100000,          61,            113,               71,            ,  41.91,    133956,      0.00,     15.58,        7.79,               5,                  4
  526,             ,        99999,          61,            113,               71,            ,  42.03,    133956,      0.01,     15.59,        7.80,               4,                  4
  527,             ,       100000,          61,            113,               71,            ,  41.94,    133956,      3.26,     15.58,        9.42,               4,                  4
  528,             ,       100001,          61,            113,               71,            ,  41.52,    133956,      0.00,     15.58,        7.79,               5,                  4
  529,             ,       100000,          61,            113,               71,            ,  41.55,    133956,      0.00,     16.33,        8.16,               4,                  4
  530,             ,       100000,          61,            113,               71,            ,  41.55,    133956,      0.00,     15.61,        7.80,               4,                  4
  531,             ,       100000,          61,            113,               71,            ,  41.24,    133956,      0.00,     15.58,        7.79,               5,                  4
  532,             ,        99910,          61,            113,               71,            ,  41.18,    133956,      0.01,     15.59,        7.80,               5,                  4
  533,             ,        99992,          61,             43,               71,            ,  40.94,    133956,      0.00,     15.58,        7.79,               4,                  4
  534,             ,       100000,          61,             35,               71,            ,  40.73,    133956,      0.00,     15.58,        7.79,               5,                  4
  535,             ,       100000,          61,             35,               71,            ,  40.82,    133956,      3.32,     15.58,        9.45,               5,                  4
  536,             ,       100000,          61,             35,               71,            ,  40.52,    133956,      0.00,     15.58,        7.79,               4,                  4
  537,             ,       100000,          61,             35,               71,            ,  40.42,    133956,      0.00,     15.58,        7.79,               4,                  4
  538,             ,       100000,          61,             35,               71,            ,  40.48,    133956,      0.00,     16.33,        8.16,               4,                  4
  539,             ,       100000,          61,             35,               71,            ,  40.52,    133956,      0.00,     15.61,        7.80,               4,                  4
  540,             ,       100000,          61,             35,               71,            ,  40.09,    133956,      0.00,     15.58,        7.79,               5,                  4
  541,             ,       100000,          61,             35,               71,            ,  40.09,    133956,      0.00,     15.58,        7.79,               4,                  4
  542,             ,       100000,          61,             35,               71,            ,  40.09,    133956,      0.00,     15.58,        7.79,               4,                  4
  543,             ,       100000,          61,             35,               71,            ,  39.79,    133956,      0.00,     15.58,        7.79,               4,                  4
  544,             ,       100000,          61,             35,               71,            ,  39.85,    133956,     75.00,     15.60,       45.30,               5,                  4
  545,             ,       100000,          61,             35,               71,            ,  39.67,    133956,    100.00,     15.57,       57.79,               5,                  4
  546,             ,       100000,          61,             35,               71,            ,  39.42,    133956,    100.00,     16.33,       58.17,               5,                  4
  547,             ,       100000,          61,             35,               71,            ,  39.39,    133956,    100.00,     15.60,       57.80,               5,                  4
  548,             ,       100000,          61,             35,               71,            ,  39.42,    133956,    100.00,     15.57,       57.78,               4,                  4
  549,             ,       100081,          61,             35,               71,            ,  39.36,    133956,    100.00,     15.56,       57.78,               5,                  4
  550,             ,       100008,          61,             96,               71,            ,  38.97,    133956,    100.00,     15.57,       57.78,               4,                  4
  551,             ,        99919,          61,            104,               71,            ,  38.94,    133956,      0.00,     15.58,        7.79,               5,                  4
  552,             ,        99992,          61,             43,               71,            ,  40.03,    133956,      2.51,     15.58,        9.05,               4,                  4
  553,             ,       100090,          61,             35,               71,            ,  40.88,    133956,      0.00,     15.58,        7.79,               4,                  4
  554,             ,       100008,          61,            105,               71,            ,  41.48,    133956,      0.00,     16.33,        8.16,               4,                  4
  555,             ,        99999,          61,            113,               71,            ,  42.64,    133956,      0.00,     15.61,        7.80,               4,                  4
  556,             ,       100000,          61,            113,               71,            ,  42.73,    133956,      0.00,     15.58,        7.79,               4,                  4
  557,             ,       100001,          61,            113,               71,            ,  42.33,    133956,      0.00,     15.58,        7.79,               5,                  4
  558,             ,       100000,          61,            113,               71,            ,  42.30,    133956,      0.00,     15.58,        7.79,               4,                  4
  559,             ,       100000,          61,            113,               71,            ,  41.97,    133956,      0.00,     15.58,        7.79,               4,                  4
  560,             ,       100000,          61,            113,               71,            ,  41.88,    133956,      2.52,     15.59,        9.05,               4,                  4
  561,             ,       100000,          61,            113,               71,            ,  42.00,    133956,      0.00,     15.58,        7.79,               4,                  4
  562,             ,       100000,          61,            113,               71,            ,  41.55,    133956,      0.00,     15.58,        7.79,               5,                  4
  563,             ,       100000,          61,            113,               71,            ,  41.52,    133956,      0.00,     16.33,        8.16,               4,                  4
  564,             ,       100000,          61,            113,               71,            ,  41.52,    133956,      0.00,     15.61,        7.80,               5,                  4
  565,             ,       100000,          61,            113,               71,            ,  41.15,    133956,      0.00,     15.58,        7.79,               4,                  4
  566,             ,       100000,          61,            113,               71,            ,  41.09,    133956,      0.01,     15.59,        7.80,               5,                  4
  567,             ,        99910,          61,            113,               71,            ,  41.24,    133956,      0.00,     15.58,        7.79,               5,                  4
  568,             ,        99992,          61,             43,               71,            ,  40.88,    133956,      0.00,     15.58,        7.79,               4,                  4
  569,             ,       100000,          61,             35,               71,            ,  40.85,    133956,      2.51,     15.58,        9.05,               5,                  4
  570,             ,       100000,          61,             35,               71,            ,  40.79,    133956,      0.00,     15.58,        7.79,               4,                  4
  571,             ,       100000,          61,             35,               71,            ,  40.33,    133956,      0.00,     16.32,        8.16,               5,                  4
  572,             ,       100000,          61,             35,               71,            ,  40.48,    133956,      0.01,     15.62,        7.81,               4,                  4
  573,             ,       100000,          61,             35,               71,            ,  40.39,    133956,      0.00,     15.58,        7.79,               4,                  4
  574,             ,       100000,          62,             35,               71,            ,  40.12,    133956,      0.00,     15.58,        7.79,               4,                  5
  575,             ,       100000,          61,             35,               71,            ,  40.09,    133956,      0.00,     15.58,        7.79,               5,                  4
  576,             ,       100000,          61,             35,               71,            ,  39.97,    133956,      0.00,     15.58,        7.79,               5,                  4
  577,             ,       100000,          61,             35,               71,            ,  39.73,    133956,      2.51,     15.58,        9.05,               4,                  4
  578,             ,       100000,          61,             35,               71,            ,  39.73,    133956,      0.00,     15.58,        7.79,               4,                  4
  579,             ,       100000,          61,             35,               71,            ,  39.85,    133956,      0.00,     16.33,        8.16,               4,                  4
  580,             ,       100000,          61,             35,               71,            ,  39.39,    133956,      0.00,     15.61,        7.80,               4,                  4
  581,             ,       100000,          61,             35,               71,            ,  39.33,    133956,      0.00,     15.58,        7.79,               4,                  4
  582,             ,       100000,          61,             35,               71,            ,  39.30,    133956,      0.00,     15.58,        7.79,               5,                  4
  583,             ,       100081,          61,             35,               71,            ,  39.30,    133956,      0.00,     15.58,        7.79,               5,                  4
  584,             ,       100008,          61,             96,               71,            ,  38.88,    133956,      0.01,     15.59,        7.80,               4,                  4
  585,             ,        99919,          61,            104,               71,            ,  38.85,    133956,      2.51,     15.58,        9.05,               5,                  4
  586,             ,        99992,          61,             43,               71,            ,  39.94,    133956,      0.00,     15.58,        7.79,               5,                  4
  587,             ,       100090,          62,             35,               71,            ,  40.76,    133956,      0.00,     15.58,        7.79,               4,                  5
  588,             ,       100008,          61,            105,               71,            ,  41.55,    133956,      0.00,     16.33,        8.16,               5,                  4
  589,             ,       100000,          61,            113,               71,            ,  42.58,    133956,      0.00,     15.60,        7.80,               5,                  4
  590,             ,       100000,          61,            113,               71,            ,  42.36,    133956,      0.01,     15.59,        7.80,               5,                  4
  591,             ,        99999,          61,            113,               71,            ,  42.18,    133956,      0.00,     15.58,        7.79,               5,                  4
  592,             ,       100000,          61,            113,               71,            ,  42.30,    133956,      0.00,     15.58,        7.79,               5,                  4
  593,             ,       100000,          61,            113,               71,            ,  41.82,    133956,      0.00,     15.58,        7.79,               4,                  4
  594,             ,       100001,          61,            113,               71,            ,  41.91,    133956,      2.51,     15.58,        9.05,               5,                  4
  595,             ,       100000,          61,            113,               71,            ,  42.00,    133956,      0.00,     15.58,        7.79,               5,                  4
  596,             ,       100000,          61,            113,               71,            ,  41.52,    133956,      0.00,     16.33,        8.16,               5,                  4
  597,             ,       100000,          61,            113,               71,            ,  41.52,    133956,      0.00,     15.61,        7.80,               4,                  4
  598,             ,       100000,          61,            113,               71,            ,  41.61,    133956,      0.00,     15.58,        7.79,               5,                  4
  599,             ,       100000,          61,            113,               71,            ,  41.09,    133956,      0.00,     15.58,        7.79,               4,                  4
  600,             ,        99910,          61,            113,               71,            ,  41.18,    133956,      0.00,     15.58,        7.79,               5,                  4
  601,             ,        99992,          61,             43,               71,            ,  40.76,    133956,      0.00,     15.58,        7.79,               4,                  4
  602,             ,       100000,          61,             35,               71,            ,  40.76,    133956,      2.52,     15.59,        9.05,               4,                  4
  603,             ,       100000,          61,             35,               71,            ,  40.88,    133956,      0.00,     15.58,        7.79,               5,                  4
  604,             ,       100000,          61,             35,               71,            ,  40.39,    133956,      0.00,     16.33,        8.16,               5,                  4
  605,             ,       100000,          61,             35,               71,            ,  40.45,    133956,      0.00,     15.61,        7.80,               4,                  4
  606,             ,       100000,          61,             35,               71,            ,  40.58,    133956,      0.00,     15.58,        7.79,               4,                  4
  607,             ,       100000,          61,             35,               71,            ,  40.61,    133956,      0.00,     15.58,        7.79,               4,                  4
  608,             ,       100000,          61,             35,               71,            ,  40.09,    133956,      0.01,     15.59,        7.80,               4,                  4
  609,             ,       100000,          61,             35,               71,            ,  40.09,    133956,      0.00,     15.58,        7.79,               4,                  4
  610,             ,       100000,          61,             35,               71,            ,  39.97,    133956,      2.51,     15.58,        9.05,               4,                  4
  611,             ,       100000,          61,             35,               71,            ,  39.73,    133956,      0.00,     15.58,        7.79,               4,                  4
  612,             ,       100000,          61,             35,               71,            ,  39.64,    133956,      0.00,     15.58,        7.79,               5,                  4
  613,             ,       100000,          61,             35,               71,            ,  39.79,    133956,      0.00,     16.32,        8.16,               5,                  4
  614,             ,       100000,          61,             35,               71,            ,  39.33,    133956,      0.01,     15.62,        7.81,               4,                  4
  615,             ,       100000,          61,             35,               71,            ,  39.33,    133956,      0.00,     15.58,        7.79,               4,                  4
  616,             ,       100000,          61,             35,               71,            ,  39.36,    133956,      0.00,     15.58,        7.79,               4,                  4
  617,             ,       100081,          61,             35,               71,            ,  39.30,    133956,      0.00,     15.58,        7.79,               5,                  4
  618,             ,        99927,          61,             96,               71,            ,  38.94,    133956,      0.00,     15.58,        7.79,               4,                  4
  619,             ,        99992,          61,             43,               71,            ,  39.03,    133956,      2.51,     15.58,        9.05,               5,                  4
  620,             ,       100000,          61,             35,               71,            ,  40.21,    133956,      0.00,     15.58,        7.79,               4,                  4
  621,             ,       100090,          61,             35,               71,            ,  40.88,    133956,      0.00,     16.33,        8.16,               5,                  4
  622,             ,       100007,          61,            105,               71,            ,  41.64,    133956,      0.00,     15.61,        7.80,               4,                  4
  623,             ,       100001,          61,            113,               71,            ,  42.73,    133956,      0.00,     15.58,        7.79,               4,                  4
  624,             ,       100000,          61,            113,               71,            ,  42.33,    133956,      0.00,     15.58,        7.79,               4,                  4
  625,             ,       100000,          61,            113,               71,            ,  42.27,    133956,      0.00,     15.58,        7.79,               4,                  4
  626,             ,       100000,          61,            113,               71,            ,  42.24,    133956,      0.01,     15.59,        7.80,               5,                  4
  627,             ,       100000,          61,            113,               71,            ,  41.82,    133956,      2.51,     15.58,        9.05,               5,                  4
  628,             ,       100000,          61,            113,               71,            ,  42.00,    133956,      0.00,     15.58,        7.79,               4,                  4
  629,             ,       100000,          61,            113,               71,            ,  41.67,    133956,      0.00,     16.33,        8.16,               4,                  4
  630,             ,       100000,          62,            113,               71,            ,  41.55,    133956,      0.00,     15.61,        7.80,               4,                  5
  631,             ,       100000,          61,            113,               71,            ,  41.42,    133956,      0.00,     15.58,        7.79,               4,                  4
  632,             ,       100000,          61,            113,               71,            ,  41.52,    133956,      0.01,     15.59,        7.80,               5,                  4
  633,             ,       100000,          61,            113,               71,            ,  41.24,    133956,      0.00,     15.58,        7.79,               4,                  4
  634,             ,        99910,          61,            113,               71,            ,  41.18,    133956,      0.00,     15.58,        7.79,               5,                  4
  635,             ,        99992,          61,             43,               71,            ,  40.76,    133956,      3.18,     15.58,        9.38,               5,                  4
  636,             ,       100000,          62,             35,               71,            ,  40.76,    133956,      0.00,     15.58,        7.79,               4,                  5
  637,             ,       100000,          61,             35,               71,            ,  40.79,    133956,      0.00,     15.58,        7.79,               4,                  4
  638,             ,       100000,          61,             35,               71,            ,  40.52,    133956,      0.00,     16.33,        8.17,               4,                  4
  639,             ,       100000,          61,             35,               71,            ,  40.36,    133956,      0.00,     15.61,        7.80,               5,                  4
  640,             ,       100000,          61,             35,               71,            ,  40.36,    133956,      0.00,     15.58,        7.79,               5,                  4
  641,             ,       100000,          61,             35,               71,            ,  40.45,    133956,      0.00,     15.58,        7.79,               4,                  4
  642,             ,       100000,          61,             35,               71,            ,  40.09,    133956,      0.00,     15.58,        7.79,               5,                  4
  643,             ,       100000,          61,             35,               71,            ,  39.97,    133956,      0.00,     15.58,        7.79,               5,                  4
  644,             ,       100000,          61,             35,               71,            ,  40.03,    133956,      2.58,     15.59,        9.09,               5,                  4
  645,             ,       100000,          61,             35,               71,            ,  39.70,    133956,      0.00,     15.58,        7.79,               4,                  4
  646,             ,       100000,          61,             35,               71,            ,  39.64,    133956,      0.00,     16.33,        8.17,               5,                  4
  647,             ,       100000,          61,             35,               71,            ,  39.79,    133956,      0.00,     15.61,        7.80,               4,                  4
  648,             ,       100000,          61,             35,               71,            ,  39.33,    133956,      0.00,     15.58,        7.79,               4,                  4
  649,             ,       100000,          61,             35,               71,            ,  39.30,    133956,      0.00,     15.58,        7.79,               4,                  4
  650,             ,       100000,          61,             35,               71,            ,  39.30,    133956,      0.01,     15.59,        7.80,               4,                  4
  651,             ,       100081,          61,             35,               71,            ,  39.39,    133956,      0.00,     15.58,        7.79,               5,                  4
  652,             ,        99927,          61,             96,               71,            ,  38.94,    133956,      2.51,     15.58,        9.05,               4,                  4
  653,             ,        99992,          61,             43,               71,            ,  39.00,    133956,      0.00,     15.58,        7.79,               5,                  4
  654,             ,       100000,          61,             35,               71,            ,  40.06,    133956,      0.00,     16.33,        8.16,               5,                  4
  655,             ,       100090,          61,             35,               71,            ,  40.79,    133956,      0.00,     15.60,        7.80,               4,                  4
  656,             ,       100008,          61,            105,               71,            ,  41.55,    133956,      0.01,     15.59,        7.80,               5,                  4
  657,             ,       100000,          61,            113,               71,            ,  42.70,    133956,      0.00,     15.58,        7.79,               4,                  4
  658,             ,       100000,          61,            113,               71,            ,  42.67,    133956,      0.00,     15.58,        7.79,               5,                  4
  659,             ,        99999,          61,            113,               71,            ,  42.21,    133956,      0.00,     15.58,        7.79,               5,                  4
  660,             ,       100001,          61,            113,               71,            ,  42.30,    133956,      2.51,     15.58,        9.05,               5,                  4
  661,             ,       100000,          61,            113,               71,            ,  41.97,    133956,      0.00,     15.58,        7.79,               4,                  4
  662,             ,       100000,          61,            113,               71,            ,  42.03,    133956,      0.00,     15.58,        7.79,               5,                  4
  663,             ,        99999,          61,            113,               71,            ,  41.88,    133956,      0.00,     16.33,        8.16,               5,                  4
  664,             ,       100001,          61,            113,               71,            ,  41.55,    133956,      0.00,     15.61,        7.80,               5,                  4
  665,             ,       100000,          61,            113,               71,            ,  41.55,    133956,      0.00,     15.58,        7.79,               5,                  4
  666,             ,       100000,          61,            113,               71,            ,  41.58,    133956,      0.00,     15.58,        7.79,               4,                  4
  667,             ,       100000,          61,            113,               71,            ,  41.12,    133956,      0.00,     15.58,        7.79,               5,                  4
  668,             ,       100000,          61,            113,               71,            ,  41.15,    133956,      0.01,     15.59,        7.80,               4,                  4
  669,             ,        99910,          61,            113,               71,            ,  41.15,    133956,      3.26,     15.58,        9.42,               4,                  4
  670,             ,        99992,          61,             43,               71,            ,  40.88,    133956,      0.00,     15.58,        7.79,               4,                  4
  671,             ,       100000,          61,             35,               71,            ,  40.94,    133956,      0.00,     16.33,        8.16,               5,                  4
  672,             ,       100000,          61,             35,               71,            ,  40.88,    133956,      0.00,     15.61,        7.80,               5,                  4
  673,             ,       100000,          61,             35,               71,            ,  40.33,    133956,      0.00,     15.58,        7.79,               4,                  4
  674,             ,       100000,          61,             35,               71,            ,  40.42,    133956,      0.01,     15.59,        7.80,               4,                  4
  675,             ,       100000,          61,             35,               71,            ,  40.42,    133956,      0.00,     15.58,        7.79,               4,                  4
  676,             ,       100000,          61,             35,               71,            ,  40.12,    133956,      0.00,     15.58,        7.79,               5,                  4
  677,             ,       100000,          61,             35,               71,            ,  40.03,    133956,      3.32,     15.58,        9.45,               4,                  4
  678,             ,       100000,          61,             35,               71,            ,  40.03,    133956,      0.00,     15.58,        7.79,               4,                  4
  679,             ,       100000,          61,             35,               71,            ,  39.67,    133956,      0.00,     16.32,        8.16,               4,                  4
  680,             ,       100000,          61,             35,               71,            ,  39.70,    133956,      0.01,     15.62,        7.81,               4,                  4
  681,             ,       100000,          61,             35,               71,            ,  39.73,    133956,      0.00,     15.58,        7.79,               4,                  4
  682,             ,       100000,          61,             35,               71,            ,  39.30,    133956,      0.00,     15.58,        7.79,               4,                  4
  683,             ,       100000,          61,             35,               71,            ,  39.21,    133956,      0.00,     15.58,        7.79,               4,                  4
  684,             ,       100000,          61,             35,               71,            ,  39.42,    133956,      0.00,     15.58,        7.79,               4,                  4
  685,             ,       100000,          61,             35,               71,            ,  39.24,    133956,      3.32,     15.58,        9.45,               5,                  4
  686,             ,       100081,          61,             35,               71,            ,  39.03,    133956,      0.00,     15.58,        7.79,               4,                  4
  687,             ,       100007,          61,             96,               71,            ,  38.91,    133956,      0.00,     15.58,        7.79,               5,                  4
  688,             ,        99920,          61,            104,               71,            ,  38.94,    133956,      0.00,     16.33,        8.16,               4,                  4
  689,             ,        99992,          61,             43,               71,            ,  39.70,    133956,      0.00,     15.61,        7.80,               4,                  4
  690,             ,       100090,          61,             35,               71,            ,  40.76,    133956,      0.00,     15.58,        7.79,               5,                  4
  691,             ,       100008,          61,            105,               71,            ,  41.52,    133956,      0.00,     15.58,        7.79,               5,                  4
  692,             ,       100000,          61,            113,               71,            ,  42.55,    133956,      0.01,     15.59,        7.80,               5,                  4
  693,             ,       100000,          61,            113,               71,            ,  42.36,    133956,      0.00,     15.58,        7.79,               5,                  4
  694,             ,       100000,          61,            113,               71,            ,  42.27,    133956,      3.32,     15.58,        9.45,               4,                  4
  695,             ,        99999,          61,            113,               71,            ,  42.33,    133956,      0.00,     15.58,        7.79,               5,                  4
  696,             ,       100001,          61,            113,               71,            ,  41.82,    133956,      0.00,     16.33,        8.16,               4,                  4
  697,             ,       100000,          61,            113,               71,            ,  41.97,    133956,      0.00,     15.60,        7.80,               4,                  4
  698,             ,       100000,          61,            113,               71,            ,  41.55,    133956,      0.01,     15.59,        7.80,               4,                  4
  699,             ,       100000,          61,            113,               71,            ,  41.52,    133956,      0.00,     15.58,        7.79,               5,                  4
  700,             ,        99999,          61,            113,               71,            ,  41.64,    133956,      0.00,     15.58,        7.79,               5,                  4
  701,             ,       100001,          62,            113,               71,            ,  41.15,    133956,      0.00,     15.58,        7.79,               4,                  5
  702,             ,       100000,          61,            113,               71,            ,  41.15,    133956,      3.32,     15.58,        9.45,               5,                  4
  703,             ,        99910,          61,            113,               71,            ,  41.09,    133956,      0.00,     15.58,        7.79,               4,                  4
  704,             ,        99992,          61,             43,               71,            ,  40.94,    133956,      0.00,     16.33,        8.16,               4,                  4
  705,             ,       100000,          61,             35,               71,            ,  40.73,    133956,      0.00,     15.61,        7.80,               5,                  4
  706,             ,       100000,          61,             35,               71,            ,  40.79,    133956,      0.00,     15.58,        7.79,               4,                  4
  707,             ,       100000,          61,             35,               71,            ,  40.42,    133956,      0.00,     15.58,        7.79,               5,                  4
  708,             ,       100000,          61,             35,               71,            ,  40.39,    133956,      0.00,     15.58,        7.79,               4,                  4
  709,             ,       100000,          61,             35,               71,            ,  40.36,    133956,      0.00,     15.58,        7.79,               4,                  4
  710,             ,       100000,          61,             35,               71,            ,  39.97,    133956,      3.33,     15.59,        9.46,               5,                  4
  711,             ,       100000,          61,             35,               71,            ,  40.03,    133956,      0.00,     15.58,        7.79,               4,                  4
  712,             ,       100000,          61,             35,               71,            ,  40.03,    133956,      0.00,     15.58,        7.79,               5,                  4
  713,             ,       100000,          61,             35,               71,            ,  39.79,    133956,      0.00,     16.33,        8.16,               5,                  4
  714,             ,       100000,          61,             35,               71,            ,  39.73,    133956,      0.00,     15.61,        7.80,               4,                  4
  715,             ,       100000,          61,             35,               71,            ,  39.67,    133956,      0.00,     15.58,        7.79,               4,                  4
  716,             ,       100000,          62,             35,               71,            ,  39.82,    133956,      0.01,     15.59,        7.80,               4,                  5
  717,             ,       100000,          61,             35,               71,            ,  39.42,    133956,      0.00,     15.58,        7.79,               5,                  4
  718,             ,       100000,          61,             35,               71,            ,  39.45,    133956,      0.00,     15.58,        7.79,               4,                  4
  719,             ,       100081,          61,             35,               71,            ,  39.39,    133956,      3.32,     15.58,        9.45,               5,                  4
  720,             ,        99927,          61,             96,               71,            ,  38.94,    133956,      0.00,     15.58,        7.79,               4,                  4
  721,             ,        99992,          61,             43,               71,            ,  39.03,    133956,      0.00,     16.32,        8.16,               5,                  4
  722,             ,       100000,          61,             35,               71,            ,  40.06,    133956,      0.01,     15.62,        7.81,               4,                  4
  723,             ,       100090,          61,             35,               71,            ,  40.88,    133956,      0.00,     15.58,        7.79,               4,                  4
  724,             ,       100008,          61,            105,               71,            ,  42.00,    133956,      0.00,     15.58,        7.79,               5,                  4
  725,             ,       100000,          61,            113,               71,            ,  42.67,    133956,      0.00,     15.58,        7.79,               5,                  4
  726,             ,       100000,          61,            113,               71,            ,  42.67,    133956,      0.00,     15.58,        7.79,               4,                  4
  727,             ,       100000,          61,            113,               71,            ,  42.36,    133956,      3.32,     15.58,        9.45,               5,                  4
  728,             ,       100000,          61,            113,               71,            ,  42.33,    133956,      0.00,     15.58,        7.79,               5,                  4
  729,             ,       100000,          61,            113,               71,            ,  41.91,    133956,      0.00,     16.33,        8.16,               5,                  4
  730,             ,       100000,          61,            113,               71,            ,  41.97,    133956,      0.00,     15.61,        7.80,               4,                  4
  731,             ,        99999,          61,            113,               71,            ,  41.91,    133956,      0.00,     15.58,        7.79,               5,                  4
  732,             ,       100001,          61,            113,               71,            ,  41.61,    133956,      0.00,     15.58,        7.79,               5,                  4
  733,             ,       100000,          61,            113,               71,            ,  41.52,    133956,      0.00,     15.58,        7.79,               4,                  4
  734,             ,       100000,          61,            113,               71,            ,  41.55,    133956,      0.01,     15.59,        7.80,               4,                  4
  735,             ,       100000,          61,            113,               71,            ,  41.15,    133956,      3.32,     15.58,        9.45,               4,                  4
  736,             ,       100000,          61,            113,               71,            ,  41.18,    133956,      0.00,     15.58,        7.79,               4,                  4
  737,             ,        99910,          61,            113,               71,            ,  41.12,    133956,      0.00,     15.58,        7.79,               4,                  4
  738,             ,        99992,          61,             43,               71,            ,  40.79,    133956,      0.00,     16.33,        8.16,               4,                  4
  739,             ,       100000,          61,             35,               71,            ,  40.88,    133956,      0.00,     15.60,        7.80,               5,                  4
  740,             ,       100000,          61,             35,               71,            ,  40.88,    133956,      0.01,     15.59,        7.80,               5,                  4
  741,             ,       100000,          61,             35,               71,            ,  40.58,    133956,      0.00,     15.58,        7.79,               4,                  4
  742,             ,       100000,          61,             35,               71,            ,  40.64,    133956,      0.00,     15.58,        7.79,               4,                  4
  743,             ,       100000,          61,             35,               71,            ,  40.36,    133956,      0.00,     15.58,        7.79,               4,                  4
  744,             ,       100000,          61,             35,               71,            ,  40.21,    133956,      3.32,     15.58,        9.45,               5,                  4
  745,             ,       100000,          61,             35,               71,            ,  39.94,    133956,      0.00,     15.58,        7.79,               4,                  4
  746,             ,       100000,          61,             35,               71,            ,  40.09,    133956,      0.00,     16.33,        8.16,               5,                  4
  747,             ,       100000,          61,             35,               71,            ,  39.79,    133956,      0.00,     15.61,        7.80,               5,                  4
  748,             ,       100000,          61,             35,               71,            ,  39.76,    133956,      0.00,     15.58,        7.79,               5,                  4
  749,             ,       100000,          61,             35,               71,            ,  39.73,    133956,      0.00,     15.58,        7.79,               5,                  4
  750,             ,       100000,          61,             35,               71,            ,  39.27,    133956,      0.00,     15.58,        7.79,               5,                  4
  751,             ,       100000,          61,             35,               71,            ,  39.36,    133956,      0.00,     15.58,        7.79,               5,                  4
  752,             ,       100000,          61,             35,               71,            ,  39.30,    133956,      3.33,     15.59,        9.46,               5,                  4
  753,             ,       100000,          61,             35,               71,            ,  39.27,    133956,      0.00,     15.58,        7.79,               4,                  4
  754,             ,       100081,          61,             35,               71,            ,  39.00,    133956,      0.00,     16.33,        8.16,               5,                  4
  755,             ,       100007,          61,             96,               71,            ,  38.97,    133956,      0.00,     15.61,        7.80,               4,                  4
  756,             ,        99920,          61,            104,               71,            ,  38.94,    133956,      0.00,     15.58,        7.79,               4,                  4
  757,             ,        99992,          61,             43,               71,            ,  39.70,    133956,      0.00,     15.58,        7.79,               5,                  4
  758,             ,       100090,          61,             35,               71,            ,  40.76,    133956,      0.01,     15.59,        7.80,               4,                  4
  759,             ,       100007,          61,            105,               71,            ,  41.52,    133956,      0.00,     15.58,        7.79,               5,                  4
  760,             ,       100001,          61,            113,               71,            ,  42.73,    133956,      3.32,     15.58,        9.45,               4,                  4
  761,             ,       100000,          61,            113,               71,            ,  42.24,    133956,      0.00,     15.58,        7.79,               5,                  4
  762,             ,       100000,          61,            113,               71,            ,  42.18,    133956,      0.00,     15.58,        7.79,               4,                  4
  763,             ,       100000,          61,            113,               71,            ,  42.33,    133956,      0.00,     16.32,        8.16,               4,                  4
  764,             ,       100000,          61,            113,               71,            ,  41.94,    133956,      0.01,     15.62,        7.81,               5,                  4
  765,             ,       100000,          61,            113,               71,            ,  41.82,    133956,      0.00,     15.58,        7.79,               4,                  4
  766,             ,       100000,          61,            113,               71,            ,  41.67,    133956,      0.00,     15.58,        7.79,               4,                  4
  767,             ,       100000,          61,            113,               71,            ,  41.55,    133956,      0.00,     15.58,        7.79,               5,                  4
  768,             ,       100000,          61,            113,               71,            ,  41.55,    133956,      0.00,     15.58,        7.79,               4,                  4
  769,             ,       100000,          61,            113,               71,            ,  41.24,    133956,      3.32,     15.58,        9.45,               5,                  4
  770,             ,       100000,          61,            113,               71,            ,  41.18,    133956,      0.00,     15.58,        7.79,               4,                  4
  771,             ,        99910,          61,            113,               71,            ,  41.18,    133956,      0.00,     16.33,        8.16,               4,                  4
  772,             ,        99992,          61,             43,               71,            ,  40.76,    133956,      0.00,     15.61,        7.80,               4,                  4
  773,             ,       100000,          61,             35,               71,            ,  40.88,    133956,      0.00,     15.58,        7.79,               5,                  4
  774,             ,       100000,          61,             35,               71,            ,  40.76,    133956,      0.00,     15.58,        7.79,               4,                  4
  775,             ,       100000,          61,             35,               71,            ,  40.45,    133956,      0.00,     15.58,        7.79,               5,                  4
  776,             ,       100000,          61,             35,               71,            ,  40.48,    133956,      0.01,     15.59,        7.80,               5,                  4
  777,             ,       100000,          61,             35,               71,            ,  40.61,    133956,      3.32,     15.58,        9.45,               4,                  4
  778,             ,       100000,          61,             35,               71,            ,  40.03,    133956,      0.00,     15.58,        7.79,               4,                  4
  779,             ,       100000,          61,             35,               71,            ,  40.09,    133956,      0.00,     16.33,        8.16,               4,                  4
  780,             ,       100000,          61,             35,               71,            ,  39.97,    133956,      0.00,     15.61,        7.80,               5,                  4
  781,             ,       100000,          61,             35,               71,            ,  39.73,    133956,      0.00,     15.58,        7.79,               4,                  4
  782,             ,       100000,          61,             35,               71,            ,  39.61,    133956,      0.01,     15.59,        7.80,               4,                  4
  783,             ,       100000,          61,             35,               71,            ,  39.85,    133956,      0.00,     15.58,        7.79,               5,                  4
  784,             ,       100000,          61,             35,               71,            ,  39.64,    133956,      0.00,     15.58,        7.79,               4,                  4
  785,             ,       100000,          61,             35,               71,            ,  39.39,    133956,      2.57,     15.58,        9.08,               5,                  4
  786,             ,       100000,          61,             35,               71,            ,  39.33,    133956,      0.00,     15.58,        7.79,               4,                  4
  787,             ,       100000,          61,             35,               71,            ,  39.27,    133956,      0.00,     15.58,        7.79,               4,                  4
  788,             ,       100000,          62,             35,               71,            ,  39.03,    133956,      0.00,     16.33,        8.16,               4,                  5
  789,             ,       100000,          61,             35,               71,            ,  39.03,    133956,      0.00,     15.61,        7.80,               5,                  4
  790,             ,       100000,          61,             35,               71,            ,  39.03,    133956,      0.00,     15.58,        7.79,               4,                  4
  791,             ,       100081,          62,             35,               71,            ,  39.09,    133956,      0.00,     15.58,        7.79,               4,                  5
  792,             ,       100008,          61,             96,               71,            ,  38.67,    133956,      0.00,     15.58,        7.79,               5,                  4
  793,             ,        99919,          61,            104,               71,            ,  38.52,    133956,      0.00,     15.58,        7.79,               5,                  4
  794,             ,        99992,          61,             43,               71,            ,  39.79,    133956,      2.52,     15.59,        9.05,               4,                  4
  795,             ,       100090,          61,             35,               71,            ,  40.36,    133956,      0.00,     15.58,        7.79,               5,                  4
  796,             ,       100008,          61,            105,               71,            ,  41.55,    133956,      0.00,     16.33,        8.16,               5,                  4
  797,             ,       100000,          61,            113,               71,            ,  42.24,    133956,      0.00,     15.61,        7.80,               5,                  4
  798,             ,       100000,          61,            113,               71,            ,  42.24,    133956,      0.00,     15.58,        7.79,               4,                  4
  799,             ,       100000,          61,            113,               71,            ,  41.82,    133956,      0.00,     15.58,        7.79,               5,                  4
  800,             ,       100000,          61,            113,               71,            ,  41.94,    133956,      0.01,     15.59,        7.80,               4,                  4
  801,             ,       100000,          61,            113,               71,            ,  41.97,    133956,      0.00,     15.58,        7.79,               4,                  4
  802,             ,       100000,          61,            113,               71,            ,  41.48,    133956,      2.51,     15.58,        9.05,               4,                  4
  803,             ,       100000,          61,            113,               71,            ,  41.48,    133956,      0.00,     15.58,        7.79,               4,                  4
  804,             ,       100000,          61,            113,               71,            ,  41.24,    133956,      0.00,     16.33,        8.16,               5,                  4
  805,             ,       100000,          61,            113,               71,            ,  41.15,    133956,      0.00,     15.60,        7.80,               5,                  4
  806,             ,        99910,          61,            113,               71,            ,  41.27,    133956,      0.01,     15.59,        7.80,               5,                  4
  807,             ,        99992,          61,             43,               71,            ,  40.76,    133956,      0.00,     15.58,        7.79,               4,                  4
  808,             ,       100000,          61,             35,               71,            ,  40.91,    133956,      0.00,     15.58,        7.79,               5,                  4
  809,             ,       100000,          61,             35,               71,            ,  40.79,    133956,      0.00,     15.58,        7.79,               5,                  4
  810,             ,       100000,          61,             35,               71,            ,  40.36,    133956,      2.51,     15.58,        9.05,               4,                  4
  811,             ,       100000,          61,             35,               71,            ,  40.52,    133956,      0.00,     15.58,        7.79,               4,                  4
  812,             ,       100000,          61,             35,               71,            ,  40.27,    133956,      0.00,     15.58,        7.79,               5,                  4
  813,             ,       100000,          61,             35,               71,            ,  40.03,    133956,      0.00,     16.33,        8.16,               4,                  4
  814,             ,       100000,          61,             35,               71,            ,  39.94,    133956,      0.00,     15.61,        7.80,               4,                  4
  815,             ,       100000,          61,             35,               71,            ,  40.06,    133956,      0.00,     15.58,        7.79,               4,                  4
  816,             ,       100000,          61,             35,               71,            ,  40.00,    133956,      0.00,     15.58,        7.79,               4,                  4
  817,             ,       100000,          61,             35,               71,            ,  39.67,    133956,      0.00,     15.58,        7.79,               4,                  4
  818,             ,       100000,          61,             35,               71,            ,  39.70,    133956,      0.01,     15.59,        7.80,               5,                  4
  819,             ,       100000,          61,             35,               71,            ,  39.73,    133956,      2.51,     15.58,        9.05,               4,                  4
  820,             ,       100000,          61,             35,               71,            ,  39.15,    133956,      0.00,     15.58,        7.79,               5,                  4
  821,             ,       100000,          61,             35,               71,            ,  39.21,    133956,      0.00,     16.33,        8.16,               4,                  4
  822,             ,       100081,          61,             35,               71,            ,  39.21,    133956,      0.00,     15.61,        7.80,               5,                  4
  823,             ,       100007,          61,             96,               71,            ,  38.94,    133956,      0.00,     15.58,        7.79,               5,                  4
  824,             ,        99920,          61,            104,               71,            ,  38.82,    133956,      0.01,     15.59,        7.80,               4,                  4
  825,             ,        99992,          61,             43,               71,            ,  40.09,    133956,      0.00,     15.58,        7.79,               4,                  4
  826,             ,       100090,          61,             35,               71,            ,  40.76,    133956,      0.00,     15.58,        7.79,               5,                  4
  827,             ,       100008,          61,            105,               71,            ,  41.91,    133956,      2.51,     15.58,        9.05,               5,                  4
  828,             ,       100000,          61,            113,               71,            ,  42.67,    133956,      0.00,     15.58,        7.79,               5,                  4
  829,             ,       100000,          62,            113,               71,            ,  42.55,    133956,      0.00,     16.32,        8.16,               4,                  5
  830,             ,       100000,          61,            113,               71,            ,  42.24,    133956,      0.01,     15.62,        7.81,               5,                  4
  831,             ,        99999,          61,            113,               71,            ,  42.27,    133956,      0.00,     15.58,        7.79,               5,                  4
  832,             ,       100001,          61,            113,               71,            ,  42.27,    133956,      0.00,     15.58,        7.79,               4,                  4
  833,             ,       100000,          61,            113,               71,            ,  41.88,    133956,      0.00,     15.58,        7.79,               4,                  4
  834,             ,       100000,          61,            113,               71,            ,  41.82,    133956,      0.00,     15.58,        7.79,               5,                  4
  835,             ,       100000,          61,            113,               71,            ,  41.55,    133956,      2.51,     15.58,        9.05,               4,                  4
  836,             ,       100000,          61,            113,               71,            ,  41.55,    133956,      0.00,     15.58,        7.79,               5,                  4
  837,             ,       100000,          61,            113,               71,            ,  41.61,    133956,      0.00,     15.58,        7.79,               5,                  4
  838,             ,       100000,          61,            113,               71,            ,  41.21,    133956,      0.00,     16.33,        8.16,               5,                  4
  839,             ,       100000,          61,            113,               71,            ,  41.24,    133956,      0.00,     15.61,        7.80,               4,                  4
  840,             ,        99910,          61,            113,               71,            ,  41.24,    133956,      0.00,     15.58,        7.79,               5,                  4
  841,             ,        99992,          61,             43,               71,            ,  40.91,    133956,      0.00,     15.58,        7.79,               4,                  4
  842,             ,       100000,          61,             35,               71,            ,  40.76,    133956,      0.01,     15.59,        7.80,               5,                  4
  843,             ,       100000,          61,             35,               71,            ,  40.76,    133956,      0.00,     15.58,        7.79,               4,                  4
  844,             ,       100000,          61,             35,               71,            ,  40.36,    133956,      2.51,     15.58,        9.05,               4,                  4
  845,             ,       100000,          61,             35,               71,            ,  40.48,    133956,      0.00,     15.58,        7.79,               5,                  4
  846,             ,       100000,          61,             35,               71,            ,  40.52,    133956,      0.00,     16.33,        8.16,               4,                  4
  847,             ,       100000,          61,             35,               71,            ,  40.12,    133956,      0.00,     15.60,        7.80,               4,                  4
  848,             ,       100000,          61,             35,               71,            ,  40.21,    133956,      0.01,     15.59,        7.80,               5,                  4
  849,             ,       100000,          61,             35,               71,            ,  39.94,    133956,      0.00,     15.58,        7.79,               4,                  4
  850,             ,       100000,          61,             35,               71,            ,  39.61,    133956,      0.00,     15.58,        7.79,               5,                  4
  851,             ,       100000,          61,             35,               71,            ,  39.67,    133956,      0.00,     15.58,        7.79,               4,                  4
  852,             ,       100000,          61,             35,               71,            ,  39.64,    133956,      2.51,     15.58,        9.05,               5,                  4
  853,             ,       100000,          61,             35,               71,            ,  39.73,    133956,      0.00,     15.58,        7.79,               5,                  4
  854,             ,       100000,          61,             35,               71,            ,  39.33,    133956,      0.00,     16.33,        8.16,               4,                  4
  855,             ,       100000,          61,             35,               71,            ,  39.30,    133956,      0.00,     15.61,        7.80,               5,                  4
  856,             ,       100000,          61,             35,               71,            ,  39.42,    133956,      0.00,     15.58,        7.79,               5,                  4
  857,             ,       100081,          61,             35,               71,            ,  39.09,    133956,      0.00,     15.58,        7.79,               5,                  4
  858,             ,        99927,          61,             96,               71,            ,  38.97,    133956,      0.00,     15.58,        7.79,               4,                  4
  859,             ,        99992,          61,             43,               71,            ,  39.12,    133956,      0.00,     15.58,        7.79,               4,                  4
  860,             ,       100000,          61,             35,               71,            ,  39.67,    133956,      2.52,     15.59,        9.05,               4,                  4
  861,             ,       100090,          61,             35,               71,            ,  40.76,    133956,      0.00,     15.58,        7.79,               5,                  4
  862,             ,       100008,          61,            105,               71,            ,  41.52,    133956,      0.00,     15.58,        7.79,               4,                  4
  863,             ,       100000,          61,            113,               71,            ,  42.64,    133956,      0.00,     16.33,        8.16,               4,                  4
  864,             ,       100000,          61,            113,               71,            ,  42.24,    133956,      0.00,     15.61,        7.80,               5,                  4
  865,             ,       100000,          61,            113,               71,            ,  42.27,    133956,      0.00,     15.58,        7.79,               4,                  4
  866,             ,       100000,          61,            113,               71,            ,  42.30,    133956,      0.01,     15.59,        7.80,               5,                  4
  867,             ,       100000,          61,            113,               71,            ,  41.82,    133956,      0.00,     15.58,        7.79,               5,                  4
  868,             ,       100000,          61,            113,               71,            ,  41.94,    133956,      0.00,     15.58,        7.79,               5,                  4
  869,             ,       100000,          61,            113,               71,            ,  41.94,    133956,      2.51,     15.58,        9.05,               5,                  4
  870,             ,       100000,          61,            113,               71,            ,  41.52,    133956,      0.00,     15.58,        7.79,               5,                  4
  871,             ,       100000,          61,            113,               71,            ,  41.48,    133956,      0.00,     16.32,        8.16,               5,                  4
  872,             ,       100000,          61,            113,               71,            ,  41.18,    133956,      0.01,     15.62,        7.81,               4,                  4
  873,             ,       100000,          61,            113,               71,            ,  41.15,    133956,      0.00,     15.58,        7.79,               5,                  4
  874,             ,        99910,          61,            113,               71,            ,  41.15,    133956,      0.00,     15.58,        7.79,               4,                  4
  875,             ,        99992,          61,             43,               71,            ,  40.85,    133956,      0.00,     15.58,        7.79,               5,                  4
  876,             ,       100000,          61,             35,               71,            ,  40.82,    133956,      0.00,     15.58,        7.79,               4,                  4
  877,             ,       100000,          61,             35,               71,            ,  40.76,    133956,      2.51,     15.58,        9.05,               5,                  4
  878,             ,       100000,          61,             35,               71,            ,  40.45,    133956,      0.00,     15.58,        7.79,               5,                  4
  879,             ,       100000,          61,             35,               71,            ,  40.48,    133956,      0.00,     16.33,        8.16,               5,                  4
  880,             ,       100000,          61,             35,               71,            ,  40.39,    133956,      0.00,     15.61,        7.80,               5,                  4
  881,             ,       100000,          61,             35,               71,            ,  40.09,    133956,      0.00,     15.58,        7.79,               4,                  4
  882,             ,       100000,          61,             35,               71,            ,  40.27,    133956,      0.00,     15.58,        7.79,               4,                  4
  883,             ,       100000,          61,             35,               71,            ,  40.03,    133956,      0.00,     15.58,        7.79,               5,                  4
  884,             ,       100000,          61,             35,               71,            ,  40.09,    133956,      0.01,     15.59,        7.80,               4,                  4
  885,             ,       100000,          61,             35,               71,            ,  39.70,    133956,      2.51,     15.58,        9.05,               5,                  4
  886,             ,       100000,          61,             35,               71,            ,  39.79,    133956,      0.00,     15.58,        7.79,               5,                  4
  887,             ,       100000,          61,             35,               71,            ,  39.67,    133956,      0.00,     15.58,        7.79,               4,                  4
  888,             ,       100000,          61,             35,               71,            ,  39.27,    133956,      0.00,     16.33,        8.16,               5,                  4
  889,             ,       100000,          61,             35,               71,            ,  39.42,    133956,      0.00,     15.60,        7.80,               5,                  4
  890,             ,       100081,          61,             35,               71,            ,  39.33,    133956,      0.01,     15.59,        7.80,               5,                  4
  891,             ,        99927,          61,             96,               71,            ,  38.97,    133956,      0.00,     15.58,        7.79,               5,                  4
  892,             ,        99992,          61,             43,               71,            ,  39.09,    133956,      0.00,     15.58,        7.79,               4,                  4
  893,             ,       100000,          61,             35,               71,            ,  40.03,    133956,      0.00,     15.58,        7.79,               4,                  4
  894,             ,       100090,          61,             35,               71,            ,  40.82,    133956,      2.51,     15.58,        9.05,               4,                  4
  895,             ,       100008,          61,            105,               71,            ,  41.88,    133956,      0.00,     15.58,        7.79,               5,                  4
  896,             ,       100000,          61,            113,               71,            ,  42.58,    133956,      0.00,     16.33,        8.16,               4,                  4
  897,             ,       100000,          61,            113,               71,            ,  42.61,    133956,      0.00,     15.61,        7.80,               5,                  4
  898,             ,       100000,          61,            113,               71,            ,  42.27,    133956,      0.00,     15.58,        7.79,               4,                  4
  899,             ,       100000,          61,            113,               71,            ,  42.30,    133956,      0.00,     15.58,        7.79,               5,                  4
  900,             ,       100000,          61,            113,               71,            ,  42.36,    133956,      0.00,     15.58,        7.79,               4,                  4
  901,             ,       100000,          61,            113,               71,            ,  41.94,    133956,      0.00,     15.58,        7.79,               4,                  4
  902,             ,       100000,          61,            113,               71,            ,  41.88,    133956,      2.52,     15.59,        9.05,               5,                  4
  903,             ,       100000,          61,            113,               71,            ,  41.52,    133956,      0.00,     15.58,        7.79,               5,                  4
  904,             ,       100000,          61,            113,               71,            ,  41.61,    133956,      0.00,     16.33,        8.16,               5,                  4
  905,             ,        99999,          61,            113,               71,            ,  41.55,    133956,      0.00,     15.61,        7.80,               5,                  4
  906,             ,       100001,          61,            113,               71,            ,  41.24,    133956,      0.00,     15.58,        7.79,               5,                  4
  907,             ,       100000,          61,            113,               71,            ,  41.15,    133956,      0.00,     15.58,        7.79,               5,                  4
  908,             ,        99910,          61,            113,               71,            ,  41.09,    133956,      0.01,     15.59,        7.80,               4,                  4
  909,             ,        99992,          61,             43,               71,            ,  40.79,    133956,      0.00,     15.58,        7.79,               5,                  4
  910,             ,       100000,          61,             35,               71,            ,  40.76,    133956,      2.51,     15.58,        9.05,               4,                  4
  911,             ,       100000,          61,             35,               71,            ,  40.94,    133956,      0.00,     15.58,        7.79,               5,                  4
  912,             ,       100000,          61,             35,               71,            ,  40.39,    133956,      0.00,     15.58,        7.79,               4,                  4
  913,             ,       100000,          61,             35,               71,            ,  40.64,    133956,      0.00,     16.32,        8.16,               5,                  4
  914,             ,       100000,          61,             35,               71,            ,  40.48,    133956,      0.01,     15.62,        7.81,               5,                  4
  915,             ,       100000,          61,             35,               71,            ,  40.09,    133956,      0.00,     15.58,        7.79,               4,                  4
  916,             ,       100000,          61,             35,               71,            ,  40.24,    133956,      0.00,     15.58,        7.79,               5,                  4
  917,             ,       100000,          61,             35,               71,            ,  40.03,    133956,      0.00,     15.58,        7.79,               5,                  4
  918,             ,       100000,          61,             35,               71,            ,  39.67,    133956,      0.00,     15.58,        7.79,               5,                  4
  919,             ,       100000,          61,             35,               71,            ,  39.67,    133956,      2.51,     15.58,        9.05,               5,                  4
  920,             ,       100000,          61,             35,               71,            ,  39.85,    133956,      0.00,     15.58,        7.79,               5,                  4
  921,             ,       100000,          61,             35,               71,            ,  39.61,    133956,      0.00,     16.33,        8.16,               4,                  4
  922,             ,       100000,          61,             35,               71,            ,  39.33,    133956,      0.00,     15.61,        7.80,               5,                  4
  923,             ,       100000,          61,             35,               71,            ,  39.18,    133956,      0.00,     15.58,        7.79,               5,                  4
  924,             ,       100000,          61,             35,               71,            ,  39.21,    133956,      0.00,     15.58,        7.79,               4,                  4
  925,             ,       100081,          61,             35,               71,            ,  39.03,    133956,      0.00,     15.58,        7.79,               4,                  4
  926,             ,        99927,          61,             96,               71,            ,  38.91,    133956,      0.01,     15.59,        7.80,               5,                  4
  927,             ,        99992,          61,             43,               71,            ,  39.00,    133956,      3.18,     15.58,        9.38,               5,                  4
  928,             ,       100000,          61,             35,               71,            ,  39.79,    133956,      0.00,     15.58,        7.79,               5,                  4
  929,             ,       100090,          61,             35,               71,            ,  40.79,    133956,      0.00,     16.33,        8.16,               5,                  4
  930,             ,       100008,          61,            105,               71,            ,  41.55,    133956,      0.00,     15.61,        7.80,               5,                  4
  931,             ,       100000,          61,            113,               71,            ,  42.67,    133956,      0.00,     15.58,        7.79,               4,                  4
  932,             ,       100000,          61,            113,               71,            ,  42.12,    133956,      0.01,     15.59,        7.80,               5,                  4
  933,             ,       100000,          61,            113,               71,            ,  42.33,    133956,      0.00,     15.58,        7.79,               4,                  4
  934,             ,        99999,          61,            113,               71,            ,  42.33,    133956,      0.00,     15.58,        7.79,               5,                  4
  935,             ,       100001,          61,            113,               71,            ,  41.88,    133956,      2.57,     15.58,        9.08,               5,                  4
  936,             ,       100000,          61,            113,               71,            ,  41.82,    133956,      0.00,     15.58,        7.79,               5,                  4
  937,             ,       100000,          61,            113,               71,            ,  41.33,    133956,      0.00,     15.58,        7.79,               4,                  4
  938,             ,       100000,          61,            113,               71,            ,  41.55,    133956,      0.00,     16.33,        8.17,               4,                  4
  939,             ,       100000,          61,            113,               71,            ,  41.52,    133956,      0.00,     15.61,        7.80,               5,                  4
  940,             ,        99999,          61,            113,               71,            ,  41.12,    133956,      0.00,     15.58,        7.79,               4,                  4
  941,             ,       100001,          61,            113,               71,            ,  41.15,    133956,      0.00,     15.58,        7.79,               4,                  4
  942,             ,        99910,          61,            113,               71,            ,  41.18,    133956,      0.00,     15.58,        7.79,               4,                  4
  943,             ,        99992,          61,             43,               71,            ,  40.76,    133956,      0.00,     15.58,        7.79,               5,                  4
  944,             ,       100000,          61,             35,               71,            ,  40.76,    133956,      2.52,     15.59,        9.05,               5,                  4
  945,             ,       100000,          61,             35,               71,            ,  40.79,    133956,      0.00,     15.58,        7.79,               5,                  4
  946,             ,       100000,          61,             35,               71,            ,  40.27,    133956,      0.00,     16.33,        8.16,               4,                  4
  947,             ,       100000,          61,             35,               71,            ,  40.52,    133956,      0.00,     15.61,        7.80,               5,                  4
  948,             ,       100000,          61,             35,               71,            ,  40.48,    133956,      0.00,     15.58,        7.79,               4,                  4
  949,             ,       100000,          61,             35,               71,            ,  40.09,    133956,      0.00,     15.58,        7.79,               5,                  4
  950,             ,       100000,          61,             35,               71,            ,  40.15,    133956,      0.01,     15.59,        7.80,               4,                  4
  951,             ,       100000,          61,             35,               71,            ,  39.94,    133956,      0.00,     15.58,        7.79,               4,                  4
  952,             ,       100000,          61,             35,               71,            ,  40.09,    133956,      2.51,     15.58,        9.05,               4,                  4
  953,             ,       100000,          61,             35,               71,            ,  39.82,    133956,      0.00,     15.58,        7.79,               4,                  4
  954,             ,       100000,          61,             35,               71,            ,  39.73,    133956,      0.00,     16.33,        8.16,               5,                  4
  955,             ,       100000,          61,             35,               71,            ,  39.64,    133956,      0.00,     15.60,        7.80,               4,                  4
  956,             ,       100000,          61,             35,               71,            ,  39.24,    133956,      0.01,     15.59,        7.80,               4,                  4
  957,             ,       100000,          61,             35,               71,            ,  39.27,    133956,      0.00,     15.58,        7.79,               5,                  4
  958,             ,       100000,          61,             35,               71,            ,  39.27,    133956,      0.00,     15.58,        7.79,               4,                  4
  959,             ,       100000,          61,             35,               71,            ,  39.15,    133956,      0.00,     15.58,        7.79,               5,                  4
  960,             ,       100000,          61,             35,               71,            ,  39.09,    133956,      3.26,     15.58,        9.42,               4,                  4
  961,             ,       100081,          61,             35,               71,            ,  39.06,    133956,      0.00,     15.58,        7.79,               4,                  4
  962,             ,       100008,          61,             96,               71,            ,  38.97,    133956,      0.00,     15.58,        7.79,               5,                  4
  963,             ,        99919,          61,            104,               71,            ,  38.52,    133956,      0.00,     16.33,        8.16,               5,                  4
  964,             ,        99992,          61,             43,               71,            ,  39.70,    133956,      0.00,     15.61,        7.80,               4,                  4
  965,             ,       100090,          61,             35,               71,            ,  40.52,    133956,      0.00,     15.58,        7.79,               4,                  4
  966,             ,       100008,          61,            105,               71,            ,  41.58,    133956,      0.00,     15.58,        7.79,               5,                  4
  967,             ,       100000,          61,            113,               71,            ,  42.21,    133956,      0.00,     15.58,        7.79,               5,                  4
  968,             ,       100000,          61,            113,               71,            ,  42.33,    133956,      0.01,     15.59,        7.80,               5,                  4
  969,             ,        99999,          61,            113,               71,            ,  42.27,    133956,      3.32,     15.58,        9.45,               4,                  4
  970,             ,       100000,          61,            113,               71,            ,  41.91,    133956,      0.00,     15.58,        7.79,               5,                  4
  971,             ,       100001,          61,            113,               71,            ,  42.00,    133956,      0.00,     16.33,        8.16,               5,                  4
  972,             ,       100000,          61,            113,               71,            ,  41.55,    133956,      0.00,     15.61,        7.80,               5,                  4
  973,             ,       100000,          61,            113,               71,            ,  41.55,    133956,      0.00,     15.58,        7.79,               4,                  4
  974,             ,       100000,          61,            113,               71,            ,  41.55,    133956,      0.01,     15.59,        7.80,               5,                  4
  975,             ,        99999,          61,            113,               71,            ,  41.24,    133956,      0.00,     15.58,        7.79,               4,                  4
  976,             ,       100001,          61,            113,               71,            ,  41.12,    133956,      0.00,     15.58,        7.79,               4,                  4
  977,             ,        99910,          62,            113,               71,            ,  41.18,    133956,      3.32,     15.58,        9.45,               4,                  5
  978,             ,        99992,          61,             43,               71,            ,  40.79,    133956,      0.00,     15.58,        7.79,               4,                  4
  979,             ,       100000,          61,             35,               71,            ,  40.76,    133956,      0.00,     16.32,        8.16,               5,                  4
  980,             ,       100000,          61,             35,               71,            ,  40.85,    133956,      0.01,     15.62,        7.81,               4,                  4
  981,             ,       100000,          61,             35,               71,            ,  40.42,    133956,      0.00,     15.58,        7.79,               5,                  4
  982,             ,       100000,          61,             35,               71,            ,  40.36,    133956,      0.00,     15.58,        7.79,               5,                  4
  983,             ,       100000,          62,             35,               71,            ,  40.48,    133956,      0.00,     15.58,        7.79,               4,                  5
  984,             ,       100000,          61,             35,               71,            ,  39.94,    133956,      0.00,     15.58,        7.79,               5,                  4
  985,             ,       100000,          61,             35,               71,            ,  40.06,    133956,      3.32,     15.58,        9.45,               5,                  4
  986,             ,       100000,          61,             35,               71,            ,  40.09,    133956,      0.00,     15.58,        7.79,               5,                  4
  987,             ,       100000,          61,             35,               71,            ,  39.73,    133956,      0.00,     15.58,        7.79,               5,                  4
  988,             ,       100000,          61,             35,               71,            ,  39.67,    133956,      0.00,     16.33,        8.16,               5,                  4
  989,             ,       100000,          61,             35,               71,            ,  39.79,    133956,      0.00,     15.61,        7.80,               5,                  4
  990,             ,       100000,          61,             35,               71,            ,  39.67,    133956,      0.00,     15.58,        7.79,               5,                  4
  991,             ,       100000,          61,             35,               71,            ,  39.21,    133956,      0.00,     15.58,        7.79,               5,                  4
  992,             ,       100000,          61,             35,               71,            ,  39.39,    133956,      0.01,     15.59,        7.80,               5,                  4
  993,             ,       100081,          61,             35,               71,            ,  39.27,    133956,      0.00,     15.58,        7.79,               4,                  4
  994,             ,       100007,          61,             96,               71,            ,  38.85,    133956,      3.32,     15.58,        9.45,               5,                  4
  995,             ,        99920,          61,            104,               71,            ,  38.94,    133956,      0.00,     15.58,        7.79,               5,                  4
  996,             ,        99992,          61,             43,               71,            ,  40.24,    133956,      0.00,     16.33,        8.16,               5,                  4
  997,             ,       100090,          61,             35,               71,            ,  40.82,    133956,      0.00,     15.60,        7.80,               5,                  4
  998,             ,       100008,          61,            105,               71,            ,  41.73,    133956,      0.01,     15.59,        7.80,               4,                  4
  999,             ,             ,          61,            113,               71,            ,  42.73,    133956,      0.00,     15.58,        7.79,               4,                  4
