index, exec_time_us, loop_time_us, adc_time_us, heater_time_us, temp_get_time_us, e2e_time_us, temp_c, free_heap, cpu_core0, cpu_core1, cpu_overall, temp_mutex_wait, metrics_mutex_wait
    0,     95173549,        10000,        1588,            101,               67,      121107,  27.18,    171696,      1.62,     15.60,        8.61,              84,                 93
    1,             ,        10000,          58,             92,               67,      119771,  27.12,    132872,      1.62,     15.59,        8.60,               4,                  4
    2,             ,        10663,          58,             92,               67,      119771,  27.15,    132872,      1.62,     15.59,        8.60,               4,                  4
    3,             ,         9338,          58,             92,               67,      119771,  27.12,    132872,      1.71,     16.33,        9.02,               4,                  4
    4,             ,         9999,          58,             92,               67,      119771,  27.09,    132872,      3.24,     15.59,        9.42,               4,                  4
    5,             ,        10000,          58,             92,               67,      119771,  27.12,    132872,      1.62,     15.59,        8.60,               4,                  4
    6,             ,        10000,          58,             92,               67,            ,  27.12,    132872,      1.62,     15.60,        8.61,               4,                  4
    7,             ,        10000,          58,             92,               67,            ,  27.12,    132872,      1.62,     15.59,        8.60,               4,                  4
    8,             ,        10663,          58,             92,               67,            ,  27.12,    132872,      1.72,     15.60,        8.66,               4,                  4
    9,             ,         9338,          58,             92,               67,            ,  27.12,    132872,      3.24,     15.60,        9.42,               4,                  4
   10,             ,         9999,          58,             92,               67,            ,  27.12,    132872,      1.62,     15.59,        8.60,               4,                  4
   11,             ,        10000,          58,             92,               67,            ,  27.12,    132872,      1.62,     15.59,        8.60,               4,                  4
   12,             ,        10000,          58,               ,               67,            ,  27.12,    132872,      1.62,     16.32,        8.97,               4,                  4
   13,             ,        10000,          58,               ,               67,            ,  27.12,    132872,      1.72,     15.60,        8.66,               4,                  4
   14,             ,        10663,          58,               ,               67,            ,  27.15,    132872,      3.24,     15.59,        9.42,               4,                  4
   15,             ,         9338,          58,               ,               67,            ,  27.12,    132872,      1.62,     15.60,        8.61,               4,                  4
   16,             ,         9999,          58,               ,               67,            ,  27.12,    132872,      1.62,     15.59,        8.60,               4,                  4
   17,             ,        10000,          58,               ,               67,            ,  27.09,    132872,      1.62,     15.59,        8.60,               4,                  4
   18,             ,        10000,          58,               ,               67,            ,  27.12,    132872,      1.71,     15.61,        8.66,               4,                  4
   19,             ,        10000,          58,               ,               67,            ,  27.09,    132872,      3.24,     15.59,        9.42,               4,                  4
   20,             ,        10663,          58,               ,               67,            ,  27.12,    132872,      1.62,     16.31,        8.96,               4,                  4
   21,             ,         9338,          58,               ,               67,            ,  27.12,    132872,      1.62,     15.60,        8.61,               4,                  4
   22,             ,         9999,          58,               ,               67,            ,  27.12,    132872,      1.62,     15.59,        8.60,               4,                  4
   23,             ,        10000,          58,               ,               67,            ,  27.06,    132872,      1.72,     15.60,        8.66,               4,                  4
   24,             ,        10000,          58,               ,               67,            ,  27.12,    132872,      3.24,     15.60,        9.42,               4,                  4
   25,             ,        10000,          58,               ,               67,            ,  27.12,    132872,      1.62,     15.59,        8.60,               4,                  4
   26,             ,        10663,          58,               ,               67,            ,  27.12,    132872,      1.62,     15.59,        8.60,               4,                  4
   27,             ,         9338,          58,               ,               67,            ,  27.12,    132872,      1.62,     15.60,        8.61,               4,                  4
   28,             ,         9999,          58,               ,               67,            ,  27.15,    132872,      1.72,     16.32,        9.02,               4,                  4
   29,             ,        10000,          58,               ,               67,            ,  27.12,    132872,      3.24,     15.59,        9.42,               4,                  4
   30,             ,        10000,          58,               ,               67,            ,  27.00,    132872,      1.62,     15.60,        8.61,               4,                  4
   31,             ,        10000,          58,               ,               67,            ,  27.12,    132872,      1.62,     15.59,        8.60,               4,                  4
   32,             ,        10663,          58,               ,               67,            ,  27.12,    132872,      1.62,     15.59,        8.60,               4,                  4
   33,             ,         9338,          58,               ,               67,            ,  27.09,    132872,      1.71,     15.61,        8.66,               4,                  4
   34,             ,         9999,          58,               ,               67,            ,  27.09,    132872,      3.24,     15.59,        9.42,               4,                  4
   35,             ,        10000,          58,               ,               67,            ,  27.12,    132872,      1.62,     15.59,        8.60,               4,                  4
   36,             ,        10000,          58,               ,               67,            ,  27.12,    132872,      1.62,     15.60,        8.61,               4,                  4
   37,             ,        10000,          58,               ,               67,            ,  27.12,    132872,      1.62,     16.31,        8.96,               4,                  4
   38,             ,        10663,          58,               ,               67,            ,  27.21,    132872,      1.72,     15.60,        8.66,               4,                  4
   39,             ,         9338,          58,               ,               67,            ,  27.15,    132872,      3.24,     15.60,        9.42,               4,                  4
   40,             ,         9999,          58,               ,               67,            ,  27.15,    132872,      1.62,     15.59,        8.60,               4,                  4
   41,             ,        10000,          58,               ,               67,            ,  27.06,    132872,      1.62,     15.59,        8.60,               4,                  4
   42,             ,        10000,          58,               ,               67,            ,  27.12,    132872,      1.62,     15.60,        8.61,               4,                  4
   43,             ,        10000,          58,               ,               67,            ,  27.18,    132872,      1.72,     15.60,        8.66,               4,                  4
   44,             ,        10663,          58,               ,               67,            ,  27.12,    132872,      3.24,     15.59,        9.42,               4,                  4
   45,             ,         9338,          58,               ,               67,            ,  27.12,    132872,      1.62,     16.32,        8.97,               4,                  4
   46,             ,         9999,          58,               ,               67,            ,  27.12,    132872,      1.62,     15.59,        8.60,               4,                  4
   47,             ,        10000,          58,               ,               67,            ,  27.15,    132872,      1.62,     15.59,        8.60,               4,                  4
   48,             ,        10000,          58,               ,               67,            ,  27.12,    132872,      1.71,     15.61,        8.66,               4,                  4
   49,             ,        10000,          58,               ,               67,            ,  27.12,    132872,      3.24,     15.59,        9.42,               4,                  4
   50,             ,        10663,          58,               ,               67,            ,  27.06,    132872,      1.62,     15.59,        8.60,               4,                  4
   51,             ,         9338,          58,               ,               67,            ,  27.12,    132872,      1.62,     15.60,        8.61,               4,                  4
   52,             ,         9999,          58,               ,               67,            ,  28.36,    132872,      1.62,     15.59,        8.60,               4,                  4
   53,             ,        10000,          58,               ,               67,            ,  29.58,    132872,      1.72,     16.32,        9.02,               4,                  4
   54,             ,        10000,          58,               ,               67,            ,  30.91,    132872,      3.24,     15.60,        9.42,               4,                  4
   55,             ,        10000,          58,               ,               67,            ,  31.94,    132872,      1.62,     15.59,        8.60,               4,                  4
   56,             ,        10663,          58,               ,               67,            ,  33.00,    132872,      1.62,     15.59,        8.60,               4,                  4
   57,             ,         9338,          58,               ,               67,            ,  34.18,    132872,      1.62,     15.60,        8.61,               4,                  4
   58,             ,         9999,          58,               ,               67,            ,  34.91,    132872,      1.72,     15.60,        8.66,               4,                  4
   59,             ,        10000,          58,               ,               67,            ,  35.91,    132872,      3.24,     15.59,        9.42,               4,                  4
   60,             ,        10000,          58,               ,               67,            ,  37.00,    132872,      1.62,     15.60,        8.61,               4,                  4
   61,             ,        10000,          58,               ,               67,            ,  37.94,    132872,      1.62,     15.59,        8.60,               4,                  4
   62,             ,        10663,          58,               ,               67,            ,  39.03,    132872,      1.62,     16.31,        8.96,               4,                  4
   63,             ,         9338,          58,               ,               67,            ,  40.09,    132872,      1.71,     15.61,        8.66,               4,                  4
   64,             ,         9999,          58,               ,               67,            ,  40.79,    132872,      3.24,     15.59,        9.42,               4,                  4
   65,             ,        10000,          58,               ,               67,            ,  41.79,    132872,      1.62,     15.59,        8.60,               4,                  4
   66,             ,        10000,          58,               ,               67,            ,  42.58,    132872,      1.62,     15.60,        8.61,               4,                  4
   67,             ,        10000,          58,               ,               67,            ,  43.82,    132872,      1.62,     15.59,        8.60,               4,                  4
   68,             ,        10663,          58,               ,               67,            ,  44.42,    132872,      1.72,     15.60,        8.66,               4,                  4
   69,             ,         9338,          58,               ,               67,            ,  45.42,    132872,      3.24,     15.60,        9.42,               4,                  4
   70,             ,         9999,          58,               ,               67,            ,  46.27,    132872,      1.62,     16.31,        8.96,               4,                  4
   71,             ,        10000,          58,               ,               67,            ,  47.09,    132872,      1.62,     15.59,        8.60,               4,                  4
   72,             ,        10000,          58,               ,               67,            ,  47.97,    132872,      1.62,     15.60,        8.61,               4,                  4
   73,             ,        10000,          58,               ,               67,            ,  48.88,    132872,      1.72,     15.60,        8.66,               4,                  4
   74,             ,        10663,          58,               ,               67,            ,  49.58,    132872,      3.24,     15.59,        9.42,               4,                  4
   75,             ,         9338,          58,               ,               67,            ,  50.64,    132872,      1.62,     15.60,        8.61,               4,                  4
   76,             ,         9999,          58,               ,               67,            ,  51.03,    132872,      1.62,     15.59,        8.60,               4,                  4
   77,             ,        10000,          58,               ,               67,            ,  51.64,    132872,      1.62,     15.59,        8.60,               4,                  4
   78,             ,        10000,          58,               ,               67,            ,  52.42,    132872,      1.71,     16.33,        9.02,               4,                  4
   79,             ,        10000,          58,               ,               67,            ,  53.24,    132872,      3.24,     15.59,        9.42,               4,                  4
   80,             ,        10663,          58,               ,               67,            ,  54.30,    132872,      1.62,     15.59,        8.60,               4,                  4
   81,             ,         9338,          58,               ,               67,            ,  55.00,    132872,      1.62,     15.60,        8.61,               4,                  4
   82,             ,         9999,          58,               ,               67,            ,  54.61,    132872,      1.62,     15.59,        8.60,               4,                  4
   83,             ,        10000,          58,               ,               67,            ,  54.39,    132872,      1.72,     15.60,        8.66,               4,                  4
   84,             ,        10000,          58,               ,               67,            ,  53.94,    132872,      3.24,     15.60,        9.42,               4,                  4
   85,             ,        10000,          58,               ,               67,            ,  53.58,    132872,      1.62,     15.59,        8.60,               4,                  4
   86,             ,        10663,          58,               ,               67,            ,  53.00,    132872,      1.62,     15.59,        8.60,               4,                  4
   87,             ,         9338,          58,               ,               67,            ,  52.76,    132872,      1.62,     16.32,        8.97,               4,                  4
   88,             ,         9999,          58,               ,               67,            ,  52.91,    132872,      1.72,     15.60,        8.66,               4,                  4
   89,             ,        10000,          58,               ,               67,            ,  52.36,    132872,      3.24,     15.59,        9.42,               4,                  4
   90,             ,        10000,          58,               ,               67,            ,  51.97,    132872,      1.62,     15.60,        8.61,               4,                  4
   91,             ,        10000,          58,               ,               67,            ,  51.61,    132872,      1.62,     15.59,        8.60,               4,                  4
   92,             ,        10663,          58,               ,               67,            ,  51.42,    132872,      1.62,     15.59,        8.60,               4,                  4
   93,             ,         9338,          58,               ,               67,            ,  51.21,    132872,      1.71,     15.61,        8.66,               4,                  4
   94,             ,         9999,          58,               ,               67,            ,  51.03,    132872,      3.24,     15.59,        9.42,               4,                  4
   95,             ,        10000,          58,               ,               67,            ,  51.03,    132872,      1.62,     16.31,        8.96,               4,                  4
   96,             ,        10000,          58,               ,               67,            ,  50.55,    132872,      1.62,     15.60,        8.61,               4,                  4
   97,             ,        10000,          58,               ,               67,            ,  50.36,    132872,      1.62,     15.59,        8.60,               4,                  4
   98,             ,        10663,          58,               ,               67,            ,  50.36,    132872,      1.72,     15.60,        8.66,               4,                  4
   99,             ,         9338,          58,               ,               67,            ,  49.91,    132872,      3.24,     15.60,        9.42,               4,                  4
  100,             ,         9999,          58,               ,               67,            ,  49.45,    132872,      1.62,     15.59,        8.60,               4,                  4
  101,             ,        10000,          58,               ,               67,            ,  49.52,    132872,      1.62,     15.59,        8.60,               4,                  4
  102,             ,        10000,          58,               ,               67,            ,  49.30,    132872,      1.62,     15.60,        8.61,               4,                  4
  103,             ,        10000,          58,               ,               67,            ,  48.94,    132872,      1.72,     16.32,        9.02,               4,                  4
  104,             ,        10663,          58,               ,               67,            ,  48.48,    132872,      3.24,     15.59,        9.42,               4,                  4
  105,             ,         9338,          58,               ,               67,            ,  48.55,    132872,      1.62,     15.60,        8.61,               4,                  4
  106,             ,         9999,          58,               ,               67,            ,  48.15,    132872,      1.62,     15.59,        8.60,               4,                  4
  107,             ,        10000,          58,               ,               67,            ,  47.79,    132872,      1.62,     15.59,        8.60,               4,                  4
  108,             ,        10000,          58,               ,               67,            ,  47.73,    132872,      1.71,     15.61,        8.66,               4,                  4
  109,             ,        10000,          58,               ,               67,            ,  47.27,    132872,      3.24,     15.59,        9.42,               4,                  4
  110,             ,        10663,          58,               ,               67,            ,  46.91,    132872,      1.62,     15.59,        8.60,               4,                  4
  111,             ,         9338,          58,               ,               67,            ,  47.00,    132872,      1.62,     15.60,        8.61,               4,                  4
  112,             ,         9999,          58,               ,               67,            ,  46.67,    132872,      1.62,     16.31,        8.96,               4,                  4
  113,             ,        10000,          58,               ,               67,            ,  46.70,    132872,      1.72,     15.60,        8.66,               4,                  4
  114,             ,        10000,          58,               ,               67,            ,  46.36,    132872,      3.24,     15.60,        9.42,               4,                  4
  115,             ,        10000,          58,               ,               67,            ,  45.94,    132872,      1.62,     15.59,        8.60,               4,                  4
  116,             ,        10663,          58,               ,               67,            ,  45.94,    132872,      1.62,     15.59,        8.60,               4,                  4
  117,             ,         9338,          58,               ,               67,            ,  45.64,    132872,      1.62,     15.60,        8.61,               4,                  4
  118,             ,         9999,          58,               ,               67,            ,  45.61,    132872,      1.72,     15.60,        8.66,               4,                  4
  119,             ,        10000,          58,               ,               67,            ,  45.27,    132872,      3.24,     15.59,        9.42,               4,                  4
  120,             ,        10000,          58,               ,               67,            ,  44.91,    132872,      1.62,     16.32,        8.97,               4,                  4
  121,             ,        10000,          58,               ,               67,            ,  44.85,    132872,      1.62,     15.59,        8.60,               4,                  4
  122,             ,        10663,          58,               ,               67,            ,  44.39,    132872,      1.62,     15.59,        8.60,               4,                  4
  123,             ,         9338,          58,               ,               67,            ,  44.55,    132872,      1.71,     15.61,        8.66,               4,                  4
  124,             ,         9999,          58,               ,               67,            ,  44.12,    132872,      3.24,     15.59,        9.42,               4,                  4
  125,             ,        10000,          58,               ,               67,            ,  44.12,    132872,      1.62,     15.59,        8.60,               4,                  4
  126,             ,        10000,          58,               ,               67,            ,  43.97,    132872,      1.62,     15.60,        8.61,               4,                  4
  127,             ,        10000,          58,               ,               67,            ,  43.91,    132872,     66.67,     15.60,       41.13,               4,                  4
  128,             ,        10663,          58,               ,               67,            ,  43.39,    132872,    100.00,     16.29,       58.15,               4,                  4
  129,             ,         9338,          58,               ,               67,            ,  43.45,    132872,    100.00,     15.61,       57.80,               4,                  4
  130,             ,         9999,          58,               ,               67,            ,  42.73,    132872,    100.00,     15.56,       57.78,               4,                  4
  131,             ,        10000,          58,               ,               67,            ,  42.73,    132872,    100.00,     15.58,       57.79,               4,                  4
  132,             ,        10000,          58,               ,               67,            ,  42.55,    132872,    100.00,     15.56,       57.78,               4,                  4
  133,             ,        10000,          58,               ,               67,            ,  42.64,    132872,    100.00,     15.57,       57.79,               4,                  4
  134,             ,        10663,          58,               ,               67,            ,  42.30,    132872,      3.24,     15.59,        9.42,               4,                  4
  135,             ,         9338,          58,               ,               67,            ,  42.27,    132872,      1.62,     15.59,        8.60,               4,                  4
  136,             ,         9999,          58,               ,               67,            ,  41.79,    132872,      1.62,     15.60,        8.61,               4,                  4
  137,             ,        10000,          58,               ,               67,            ,  41.82,    132872,      1.62,     16.31,        8.96,               4,                  4
  138,             ,        10000,          58,               ,               67,            ,  41.52,    132872,      1.72,     15.60,        8.66,               4,                  4
  139,             ,        10000,          58,               ,               67,            ,  41.52,    132872,      3.24,     15.60,        9.42,               4,                  4
  140,             ,        10663,          58,               ,               67,            ,  41.09,    132872,      1.62,     15.59,        8.60,               4,                  4
  141,             ,         9338,          58,               ,               67,            ,  41.12,    132872,      1.62,     15.59,        8.60,               4,                  4
  142,             ,         9999,          58,               ,               67,            ,  40.73,    132872,      1.62,     15.60,        8.61,               4,                  4
  143,             ,        10000,          58,               ,               67,            ,  40.76,    132872,      1.72,     15.60,        8.66,               4,                  4
  144,             ,        10000,          58,               ,               67,            ,  40.79,    132872,      3.24,     15.59,        9.42,               4,                  4
  145,             ,        10000,          58,               ,               67,            ,  40.42,    132872,      1.62,     16.32,        8.97,               4,                  4
  146,             ,        10663,          58,               ,               67,            ,  40.39,    132872,      1.62,     15.59,        8.60,               4,                  4
  147,             ,         9338,          58,               ,               67,            ,  40.06,    132872,      1.62,     15.59,        8.60,               4,                  4
  148,             ,         9999,          58,               ,               67,            ,  39.94,    132872,      1.71,     15.61,        8.66,               4,                  4
  149,             ,        10000,          58,               ,               67,            ,  39.94,    132872,      3.24,     15.59,        9.42,               4,                  4
  150,             ,        10000,          58,               ,               67,            ,  39.55,    132872,      1.62,     15.59,        8.60,               4,                  4
  151,             ,        10000,          58,               ,               67,            ,  39.61,    132872,      1.62,     15.60,        8.61,               4,                  4
  152,             ,        10663,          58,               ,               67,            ,  39.15,    132872,      1.62,     15.59,        8.60,               4,                  4
  153,             ,         9338,          58,               ,               67,            ,  39.15,    132872,      1.72,     16.32,        9.02,               4,                  4
  154,             ,         9999,          58,               ,               67,            ,  39.27,    132872,      3.24,     15.60,        9.42,               4,                  4
  155,             ,        10000,          58,               ,               67,            ,  38.97,    132872,      1.62,     15.59,        8.60,               4,                  4
  156,             ,        10000,          58,               ,               67,            ,  38.94,    132872,      1.62,     15.59,        8.60,               4,                  4
  157,             ,        10000,          58,               ,               67,            ,  38.48,    132872,      1.62,     15.60,        8.61,               4,                  4
  158,             ,        10663,          58,               ,               67,            ,  38.48,    132872,      1.72,     15.60,        8.66,               4,                  4
  159,             ,         9338,          58,               ,               67,            ,  38.36,    132872,      3.24,     15.59,        9.42,               4,                  4
  160,             ,         9999,          58,               ,               67,            ,  38.12,    132872,      1.62,     15.60,        8.61,               4,                  4
  161,             ,        10000,          58,               ,               67,            ,  38.21,    132872,      1.62,     15.59,        8.60,               4,                  4
  162,             ,        10000,          58,               ,               67,            ,  38.21,    132872,      1.62,     16.31,        8.96,               4,                  4
  163,             ,        10000,          58,               ,               67,            ,  37.91,    132872,      1.71,     15.61,        8.66,               4,                  4
  164,             ,        10663,          58,               ,               67,            ,  37.88,    132872,      3.24,     15.59,        9.42,               4,                  4
  165,             ,         9338,          58,               ,               67,            ,  37.79,    132872,      1.62,     15.59,        8.60,               4,                  4
  166,             ,         9999,          58,               ,               67,            ,  37.52,    132872,      1.62,     15.60,        8.61,               4,                  4
  167,             ,        10000,          58,               ,               67,            ,  37.55,    132872,      1.62,     15.59,        8.60,               4,                  4
  168,             ,        10000,          58,               ,               67,            ,  37.52,    132872,      1.72,     15.60,        8.66,               4,                  4
  169,             ,        10000,          58,               ,               67,            ,  37.21,    132872,      3.24,     15.60,        9.42,               4,                  4
  170,             ,        10663,          58,               ,               67,            ,  37.15,    132872,      1.62,     16.31,        8.96,               4,                  4
  171,             ,         9338,          58,               ,               67,            ,  36.97,    132872,      1.62,     15.59,        8.60,               4,                  4
  172,             ,         9999,          58,               ,               67,            ,  36.79,    132872,      1.62,     15.60,        8.61,               4,                  4
  173,             ,        10000,          58,               ,               67,            ,  36.79,    132872,      1.72,     15.60,        8.66,               4,                  4
  174,             ,        10000,          58,               ,               67,            ,  36.70,    132872,      3.24,     15.59,        9.42,               4,                  4
  175,             ,        10000,          58,               ,               67,            ,  36.76,    132872,      1.62,     15.60,        8.61,               4,                  4
  176,             ,        10663,          58,               ,               67,            ,  36.33,    132872,      1.62,     15.59,        8.60,               4,                  4
  177,             ,         9338,          58,               ,               67,            ,  36.33,    132872,      1.62,     15.59,        8.60,               4,                  4
  178,             ,         9999,          58,               ,               67,            ,  36.21,    132872,      1.71,     16.33,        9.02,               4,                  4
  179,             ,        10000,          58,               ,               67,            ,  35.97,    132872,      3.24,     15.59,        9.42,               4,                  4
  180,             ,        10000,          58,               ,               67,            ,  35.85,    132872,      1.62,     15.59,        8.60,               4,                  4
  181,             ,        10000,          58,               ,               67,            ,  35.94,    132872,      1.62,     15.60,        8.61,               4,                  4
  182,             ,        10663,          58,               ,               67,            ,  35.94,    132872,      1.62,     15.59,        8.60,               4,                  4
  183,             ,         9338,          58,               ,               67,            ,  35.52,    132872,      1.72,     15.60,        8.66,               4,                  4
  184,             ,         9999,          58,               ,               67,            ,  35.52,    132872,      3.24,     15.60,        9.42,               4,                  4
  185,             ,        10000,          58,               ,               67,            ,  35.64,    132872,      1.62,     15.59,        8.60,               4,                  4
  186,             ,        10000,          58,               ,               67,            ,  35.64,    132872,      1.62,     15.59,        8.60,               4,                  4
  187,             ,        10000,          58,               ,               67,            ,  35.15,    132872,      1.62,     16.32,        8.97,               4,                  4
  188,             ,        10663,          58,               ,               67,            ,  35.18,    132872,      1.72,     15.60,        8.66,               4,                  4
  189,             ,         9338,          58,               ,               67,            ,  35.15,    132872,      3.24,     15.59,        9.42,               4,                  4
  190,             ,         9999,          58,               ,               67,            ,  35.15,    132872,      1.62,     15.60,        8.61,               4,                  4
  191,             ,        10000,          58,               ,               67,            ,  34.94,    132872,      1.62,     15.59,        8.60,               4,                  4
  192,             ,        10000,          58,               ,               67,            ,  34.76,    132872,      1.62,     15.59,        8.60,               4,                  4
  193,             ,        10000,          58,               ,               67,            ,  34.82,    132872,      1.71,     15.61,        8.66,               4,                  4
  194,             ,        10663,          58,               ,               67,            ,  34.79,    132872,      3.24,     15.59,        9.42,               4,                  4
  195,             ,         9338,          58,               ,               67,            ,  34.39,    132872,      1.62,     16.31,        8.96,               4,                  4
  196,             ,         9999,          58,               ,               67,            ,  34.36,    132872,      1.62,     15.60,        8.61,               4,                  4
  197,             ,        10000,          58,               ,               67,            ,  34.48,    132872,      1.62,     15.59,        8.60,               4,                  4
  198,             ,        10000,          58,               ,               67,            ,  34.42,    132872,      1.72,     15.60,        8.66,               4,                  4
  199,             ,        10000,          58,               ,               67,            ,  34.24,    132872,      3.24,     15.60,        9.42,               4,                  4
  200,             ,        10663,          58,               ,               67,            ,  34.00,    132872,      1.62,     15.59,        8.60,               4,                  4
  201,             ,         9338,          58,               ,               67,            ,  34.21,    132872,      1.62,     15.59,        8.60,               4,                  4
  202,             ,         9999,          58,               ,               67,            ,  35.18,    132872,      1.62,     15.60,        8.61,               4,                  4
  203,             ,        10000,          58,               ,               67,            ,  36.33,    132872,      1.72,     16.32,        9.02,               4,                  4
  204,             ,        10000,          58,               ,               67,            ,  37.09,    132872,      3.24,     15.59,        9.42,               4,                  4
  205,             ,        10000,          58,               ,               67,            ,  38.36,    132872,      1.62,     15.60,        8.61,               4,                  4
  206,             ,        10663,          58,               ,               67,            ,  39.33,    132872,      1.62,     15.59,        8.60,               4,                  4
  207,             ,         9338,          58,               ,               67,            ,  39.94,    132872,      1.62,     15.59,        8.60,               4,                  4
  208,             ,         9999,          58,               ,               67,            ,  41.09,    132872,      1.71,     15.61,        8.66,               4,                  4
  209,             ,        10000,          58,               ,               67,            ,  41.94,    132872,      3.24,     15.59,        9.42,               4,                  4
  210,             ,        10000,          58,               ,               67,            ,  42.73,    132872,      1.62,     15.59,        8.60,               4,                  4
  211,             ,        10000,          58,               ,               67,            ,  43.73,    132872,      1.62,     15.60,        8.61,               4,                  4
  212,             ,        10663,          58,               ,               67,            ,  44.85,    132872,      1.62,     16.31,        8.96,               4,                  4
  213,             ,         9338,          58,               ,               67,            ,  45.55,    132872,      1.72,     15.60,        8.66,               4,                  4
  214,             ,         9999,          58,               ,               67,            ,  46.33,    132872,      3.24,     15.60,        9.42,               4,                  4
  215,             ,        10000,          58,               ,               67,            ,  47.42,    132872,      1.62,     15.59,        8.60,               4,                  4
  216,             ,        10000,          58,               ,               67,            ,  48.00,    132872,      1.62,     15.59,        8.60,               4,                  4
  217,             ,        10000,          58,               ,               67,            ,  49.15,    132872,      1.62,     15.60,        8.61,               4,                  4
  218,             ,        10663,          58,               ,               67,            ,  49.97,    132872,      1.72,     15.60,        8.66,               4,                  4
  219,             ,         9338,          58,               ,               67,            ,  50.55,    132872,      3.24,     15.59,        9.42,               4,                  4
  220,             ,         9999,          58,               ,               67,            ,  51.06,    132872,      1.62,     16.32,        8.97,               4,                  4
  221,             ,        10000,          58,               ,               67,            ,  51.64,    132872,      1.62,     15.59,        8.60,               4,                  4
  222,             ,        10000,          58,               ,               67,            ,  52.76,    132872,      1.62,     15.59,        8.60,               4,                  4
  223,             ,        10000,          58,               ,               67,            ,  53.55,    132872,      1.71,     15.61,        8.66,               4,                  4
  224,             ,        10663,          58,               ,               67,            ,  54.15,    132872,      3.24,     15.59,        9.42,               4,                  4
  225,             ,         9338,          58,               ,               67,            ,  55.03,    132872,      1.62,     15.59,        8.60,               4,                  4
  226,             ,         9999,          58,               ,               67,            ,  55.85,    132872,      1.62,     15.60,        8.61,               4,                  4
  227,             ,        10000,          58,               ,               67,            ,  56.52,    132872,      1.62,     15.59,        8.60,               4,                  4
  228,             ,        10000,          58,               ,               67,            ,  57.24,    132872,      1.72,     16.32,        9.02,               4,                  4
  229,             ,        10000,          58,               ,               67,            ,  57.97,    132872,      3.24,     15.60,        9.42,               4,                  4
  230,             ,        10663,          58,               ,               67,            ,  58.55,    132872,      1.62,     15.59,        8.60,               4,                  4
  231,             ,         9338,          58,               ,               67,            ,  59.42,    132872,      1.62,     15.59,        8.60,               4,                  4
  232,             ,         9999,          58,               ,               67,            ,  59.06,    132872,      1.62,     15.60,        8.61,               4,                  4
  233,             ,        10000,          58,               ,               67,            ,  58.70,    132872,      1.72,     15.60,        8.66,               4,                  4
  234,             ,        10000,          58,               ,               67,            ,  58.15,    132872,      3.24,     15.59,        9.42,               4,                  4
  235,             ,        10000,          58,               ,               67,            ,  57.85,    132872,      1.62,     15.60,        8.61,               4,                  4
  236,             ,        10663,          58,               ,               67,            ,  57.52,    132872,      1.62,     15.59,        8.60,               4,                  4
  237,             ,         9338,          58,               ,               67,            ,  57.09,    132872,      1.62,     16.31,        8.96,               4,                  4
  238,             ,         9999,          58,               ,               67,            ,  56.79,    132872,      1.71,     15.61,        8.66,               4,                  4
  239,             ,        10000,          58,               ,               67,            ,  56.52,    132872,      3.24,     15.59,        9.42,               4,                  4
  240,             ,        10000,          58,               ,               67,            ,  56.12,    132872,      1.62,     15.59,        8.60,               4,                  4
  241,             ,        10000,          58,               ,               67,            ,  55.91,    132872,      1.62,     15.60,        8.61,               4,                  4
  242,             ,        10663,          58,               ,               67,            ,  55.36,    132872,      1.62,     15.59,        8.60,               4,                  4
  243,             ,         9338,          58,               ,               67,            ,  54.94,    132872,      1.72,     15.60,        8.66,               4,                  4
  244,             ,         9999,          58,               ,               67,            ,  54.45,    132872,      3.24,     15.60,        9.42,               4,                  4
  245,             ,        10000,          58,               ,               67,            ,  54.33,    132872,      1.62,     16.31,        8.96,               4,                  4
  246,             ,        10000,          58,               ,               67,            ,  54.21,    132872,      1.62,     15.59,        8.60,               4,                  4
  247,             ,        10000,          58,               ,               67,            ,  53.97,    132872,      1.62,     15.60,        8.61,               4,                  4
  248,             ,        10663,          58,               ,               67,            ,  53.52,    132872,      1.72,     15.60,        8.66,               4,                  4
  249,             ,         9338,          58,               ,               67,            ,  53.18,    132872,      3.24,     15.59,        9.42,               4,                  4
  250,             ,         9999,          58,               ,               67,            ,  52.76,    132872,      1.62,     15.60,        8.61,               4,                  4
  251,             ,        10000,          58,               ,               67,            ,  52.36,    132872,      1.62,     15.59,        8.60,               4,                  4
  252,             ,        10000,          58,               ,               67,            ,  52.24,    132872,      1.62,     15.59,        8.60,               4,                  4
  253,             ,        10000,          58,               ,               67,            ,  51.97,    132872,      1.71,     16.33,        9.02,               4,                  4
  254,             ,        10663,          58,               ,               67,            ,  51.64,    132872,      3.24,     15.59,        9.42,               4,                  4
  255,             ,         9338,          58,               ,               67,            ,  51.33,    132872,      1.62,     15.59,        8.60,               4,                  4
  256,             ,         9999,          58,               ,               67,            ,  50.82,    132872,      1.62,     15.60,        8.61,               4,                  4
  257,             ,        10000,          58,               ,               67,            ,  51.18,    132872,      1.62,     15.59,        8.60,               4,                  4
  258,             ,        10000,          58,               ,               67,            ,  50.94,    132872,      1.72,     15.60,        8.66,               4,                  4
  259,             ,        10000,          58,               ,               67,            ,  50.52,    132872,      3.24,     15.60,        9.42,               4,                  4
  260,             ,        10663,          58,               ,               67,            ,  50.27,    132872,      1.62,     15.59,        8.60,               4,                  4
  261,             ,         9338,          58,               ,               67,            ,  49.91,    132872,      1.62,     15.59,        8.60,               4,                  4
  262,             ,         9999,          58,               ,               67,            ,  49.88,    132872,      1.62,     16.32,        8.97,               4,                  4
  263,             ,        10000,          58,               ,               67,            ,  49.58,    132872,      1.72,     15.60,        8.66,               4,                  4
  264,             ,        10000,          58,               ,               67,            ,  49.27,    132872,      3.24,     15.59,        9.42,               4,                  4
  265,             ,        10000,          58,               ,               67,            ,  49.30,    132872,      1.62,     15.60,        8.61,               4,                  4
  266,             ,        10663,          58,               ,               67,            ,  48.94,    132872,      1.62,     15.59,        8.60,               4,                  4
  267,             ,         9338,          58,               ,               67,            ,  48.33,    132872,      1.62,     15.59,        8.60,               4,                  4
  268,             ,         9999,          58,               ,               67,            ,  48.42,    132872,      1.71,     15.61,        8.66,               4,                  4
  269,             ,        10000,          58,               ,               67,            ,  48.15,    132872,      3.24,     15.59,        9.42,               4,                  4
  270,             ,        10000,          58,               ,               67,            ,  47.79,    132872,      1.62,     16.31,        8.96,               4,                  4
  271,             ,        10000,          58,               ,               67,            ,  47.88,    132872,      1.62,     15.60,        8.61,               4,                  4
  272,             ,        10663,          58,               ,               67,            ,  47.33,    132872,      1.62,     15.59,        8.60,               4,                  4
  273,             ,         9338,          58,               ,               67,            ,  46.94,    132872,      1.72,     15.60,        8.66,               4,                  4
  274,             ,         9999,          58,               ,               67,            ,  47.09,    132872,      3.24,     15.60,        9.42,               4,                  4
  275,             ,        10000,          58,               ,               67,            ,  46.61,    132872,      1.62,     15.59,        8.60,               4,                  4
  276,             ,        10000,          58,               ,               67,            ,  46.30,    132872,      1.62,     15.59,        8.60,               4,                  4
  277,             ,        10000,          58,               ,               67,            ,  46.27,    132872,      1.62,     15.60,        8.61,               4,                  4
  278,             ,        10663,          58,               ,               67,            ,  45.88,    132872,      1.72,     16.32,        9.02,               4,                  4
  279,             ,         9338,          58,               ,               67,            ,  45.94,    132872,      3.24,     15.59,        9.42,               4,                  4
  280,             ,         9999,          58,               ,               67,            ,  45.55,    132872,      1.62,     15.60,        8.61,               4,                  4
  281,             ,        10000,          58,               ,               67,            ,  45.30,    132872,      1.62,     15.59,        8.60,               4,                  4
  282,             ,        10000,          58,               ,               67,            ,  45.33,    132872,      1.62,     15.59,        8.60,               4,                  4
  283,             ,        10000,          58,               ,               67,            ,  44.91,    132872,      1.71,     15.61,        8.66,               4,                  4
  284,             ,        10663,          58,               ,               67,            ,  44.79,    132872,      3.24,     15.59,        9.42,               4,                  4
  285,             ,         9338,          58,               ,               67,            ,  44.42,    132872,      1.62,     15.59,        8.60,               4,                  4
  286,             ,         9999,          58,               ,               67,            ,  44.42,    132872,      1.62,     15.60,        8.61,               4,                  4
  287,             ,        10000,          58,               ,               67,            ,  44.03,    132872,      1.62,     16.31,        8.96,               4,                  4
  288,             ,        10000,          58,               ,               67,            ,  43.88,    132872,      1.72,     15.60,        8.66,               4,                  4
  289,             ,        10000,          58,               ,               67,            ,  43.94,    132872,      3.24,     15.60,        9.42,               4,                  4
  290,             ,        10663,          58,               ,               67,            ,  43.42,    132872,      1.62,     15.59,        8.60,               4,                  4
  291,             ,         9338,          58,               ,               67,            ,  43.39,    132872,      1.62,     15.59,        8.60,               4,                  4
  292,             ,         9999,          58,               ,               67,            ,  43.15,    132872,      1.62,     15.60,        8.61,               4,                  4
  293,             ,        10000,          58,               ,               67,            ,  42.73,    132872,      1.72,     15.60,        8.66,               4,                  4
  294,             ,        10000,          58,               ,               67,            ,  42.39,    132872,      3.24,     15.59,        9.42,               4,                  4
  295,             ,        10000,          58,               ,               67,            ,  42.55,    132872,      1.62,     16.32,        8.97,               4,                  4
  296,             ,        10663,          58,               ,               67,            ,  42.18,    132872,      1.62,     15.59,        8.60,               4,                  4
  297,             ,         9338,          58,               ,               67,            ,  42.12,    132872,      1.62,     15.59,        8.60,               4,                  4
  298,             ,         9999,          58,               ,               67,            ,  41.67,    132872,      1.71,     15.61,        8.66,               4,                  4
  299,             ,        10000,          58,               ,               67,            ,  41.91,    132872,      3.24,     15.59,        9.42,               4,                  4
  300,             ,        10000,          58,               ,               67,            ,  41.67,    132872,      1.62,     15.59,        8.60,               4,                  4
  301,             ,        10000,          58,               ,               67,            ,  41.52,    132872,      1.62,     15.60,        8.61,               4,                  4
  302,             ,        10663,          58,               ,               67,            ,  41.48,    132872,      1.62,     15.59,        8.60,               4,                  4
  303,             ,         9338,          58,               ,               67,            ,  41.15,    132872,      1.72,     16.32,        9.02,               4,                  4
  304,             ,         9999,          58,               ,               67,            ,  41.15,    132872,      3.24,     15.60,        9.42,               4,                  4
  305,             ,        10000,          58,               ,               67,            ,  40.67,    132872,      1.62,     15.59,        8.60,               4,                  4
  306,             ,        10000,          58,               ,               67,            ,  40.73,    132872,      1.62,     15.59,        8.60,               4,                  4
  307,             ,        10000,          58,               ,               67,            ,  40.42,    132872,      1.62,     15.60,        8.61,               4,                  4
  308,             ,        10663,          58,               ,               67,            ,  40.24,    132872,      1.72,     15.60,        8.66,               4,                  4
  309,             ,         9338,          58,               ,               67,            ,  40.36,    132872,      3.24,     15.59,        9.42,               4,                  4
  310,             ,         9999,          58,               ,               67,            ,  39.94,    132872,      1.62,     15.60,        8.61,               4,                  4
  311,             ,        10000,          58,               ,               67,            ,  39.97,    132872,      1.62,     15.59,        8.60,               4,                  4
  312,             ,        10000,          58,               ,               67,            ,  39.64,    132872,      1.62,     16.31,        8.96,               4,                  4
  313,             ,        10000,          58,               ,               67,            ,  39.79,    132872,      1.71,     15.61,        8.66,               4,                  4
  314,             ,        10663,          58,               ,               67,            ,  39.67,    132872,      3.24,     15.59,        9.42,               4,                  4
  315,             ,         9338,          58,               ,               67,            ,  39.24,    132872,      1.62,     15.59,        8.60,               4,                  4
  316,             ,         9999,          58,               ,               67,            ,  39.21,    132872,      1.62,     15.60,        8.61,               4,                  4
  317,             ,        10000,          58,               ,               67,            ,  38.76,    132872,      1.62,     15.59,        8.60,               4,                  4
  318,             ,        10000,          58,               ,               67,            ,  38.97,    132872,      1.72,     15.60,        8.66,               4,                  4
  319,             ,        10000,          58,               ,               67,            ,  39.09,    132872,      3.24,     15.60,        9.42,               4,                  4
  320,             ,        10663,          58,               ,               67,            ,  38.48,    132872,      1.62,     16.31,        8.96,               4,                  4
  321,             ,         9338,          58,               ,               67,            ,  38.58,    132872,      1.62,     15.59,        8.60,               4,                  4
  322,             ,         9999,          58,               ,               67,            ,  38.52,    132872,      1.62,     15.60,        8.61,               4,                  4
  323,             ,        10000,          58,               ,               67,            ,  38.21,    132872,      1.72,     15.60,        8.66,               4,                  4
  324,             ,        10000,          58,               ,               67,            ,  38.09,    132872,      3.24,     15.59,        9.42,               4,                  4
  325,             ,        10000,          58,               ,               67,            ,  38.09,    132872,      1.62,     15.60,        8.61,               4,                  4
  326,             ,        10663,          58,               ,               67,            ,  37.70,    132872,      1.62,     15.59,        8.60,               4,                  4
  327,             ,         9338,          58,               ,               67,            ,  37.82,    132872,      1.62,     15.59,        8.60,               4,                  4
  328,             ,         9999,          58,               ,               67,            ,  37.64,    132872,      1.71,     16.33,        9.02,               4,                  4
  329,             ,        10000,          58,               ,               67,            ,  37.48,    132872,      3.24,     15.59,        9.42,               4,                  4
  330,             ,        10000,          58,               ,               67,            ,  37.48,    132872,      1.62,     15.59,        8.60,               4,                  4
  331,             ,        10000,          58,               ,               67,            ,  37.42,    132872,      1.62,     15.60,        8.61,               4,                  4
  332,             ,        10663,          58,               ,               67,            ,  37.09,    132872,      1.62,     15.59,        8.60,               4,                  4
  333,             ,         9338,          58,               ,               67,            ,  37.06,    132872,      1.72,     15.60,        8.66,               4,                  4
  334,             ,         9999,          58,               ,               67,            ,  37.06,    132872,      3.24,     15.60,        9.42,               4,                  4
  335,             ,        10000,          58,               ,               67,            ,  36.73,    132872,      1.62,     15.59,        8.60,               4,                  4
  336,             ,        10000,          58,               ,               67,            ,  36.76,    132872,      1.62,     15.59,        8.60,               4,                  4
  337,             ,        10000,          58,               ,               67,            ,  36.76,    132872,      1.62,     16.32,        8.97,               4,                  4
  338,             ,        10663,          58,               ,               67,            ,  36.21,    132872,      1.72,     15.60,        8.66,               4,                  4
  339,             ,         9338,          58,               ,               67,            ,  36.36,    132872,      3.24,     15.59,        9.42,               4,                  4
  340,             ,         9999,          58,               ,               67,            ,  36.33,    132872,      1.62,     15.60,        8.61,               4,                  4
  341,             ,        10000,          58,               ,               67,            ,  36.36,    132872,      1.62,     15.59,        8.60,               4,                  4
  342,             ,        10000,          58,               ,               67,            ,  35.94,    132872,      1.62,     15.59,        8.60,               4,                  4
  343,             ,        10000,          58,               ,               67,            ,  35.94,    132872,      1.71,     15.61,        8.66,               4,                  4
  344,             ,        10663,          58,               ,               67,            ,  35.97,    132872,      3.24,     15.59,        9.42,               4,                  4
  345,             ,         9338,          58,               ,               67,            ,  35.94,    132872,      1.62,     16.31,        8.96,               4,                  4
  346,             ,         9999,          58,               ,               67,            ,  35.64,    132872,      1.62,     15.60,        8.61,               4,                  4
  347,             ,        10000,          58,               ,               67,            ,  35.42,    132872,      1.62,     15.59,        8.60,               4,                  4
  348,             ,        10000,          58,               ,               67,            ,  35.64,    132872,      1.72,     15.60,        8.66,               4,                  4
  349,             ,        10000,          58,               ,               67,            ,  35.15,    132872,      3.24,     15.60,        9.42,               4,                  4
  350,             ,        10663,          58,               ,               67,            ,  35.15,    132872,      1.62,     15.59,        8.60,               4,                  4
  351,             ,         9338,          58,               ,               67,            ,  35.18,    132872,      1.62,     15.59,        8.60,               4,                  4
  352,             ,         9999,          58,               ,               67,            ,  36.33,    132872,      1.62,     15.60,        8.61,               4,                  4
  353,             ,        10000,          58,               ,               67,            ,  37.06,    132872,      1.72,     16.32,        9.02,               4,                  4
  354,             ,        10000,          58,               ,               67,            ,  38.21,    132872,      3.24,     15.59,        9.42,               4,                  4
  355,             ,        10000,          58,               ,               67,            ,  39.15,    132872,      1.62,     15.60,        8.61,               4,                  4
  356,             ,        10663,          58,               ,               67,            ,  39.97,    132872,      1.62,     15.59,        8.60,               4,                  4
  357,             ,         9338,          58,               ,               67,            ,  41.15,    132872,      1.62,     15.59,        8.60,               4,                  4
  358,             ,         9999,          58,               ,               67,            ,  41.88,    132872,      1.71,     15.61,        8.66,               4,                  4
  359,             ,        10000,          58,               ,               67,            ,  42.73,    132872,      3.24,     15.59,        9.42,               4,                  4
  360,             ,        10000,          58,               ,               67,            ,  43.82,    132872,      1.62,     15.59,        8.60,               4,                  4
  361,             ,        10000,          58,               ,               67,            ,  44.82,    132872,      1.62,     15.60,        8.61,               4,                  4
  362,             ,        10663,          58,               ,               67,            ,  45.55,    132872,      1.62,     16.31,        8.96,               4,                  4
  363,             ,         9338,          58,               ,               67,            ,  46.64,    132872,      1.72,     15.60,        8.66,               4,                  4
  364,             ,         9999,          58,               ,               67,            ,  47.52,    132872,      3.24,     15.60,        9.42,               4,                  4
  365,             ,        10000,          58,               ,               67,            ,  47.97,    132872,      1.62,     15.59,        8.60,               4,                  4
  366,             ,        10000,          58,               ,               67,            ,  49.30,    132872,      1.62,     15.59,        8.60,               4,                  4
  367,             ,        10000,          58,               ,               67,            ,  50.00,    132872,      1.62,     15.60,        8.61,               4,                  4
  368,             ,        10663,          58,               ,               67,            ,  50.67,    132872,      1.72,     15.60,        8.66,               4,                  4
  369,             ,         9338,          58,               ,               67,            ,  50.94,    132872,      3.24,     15.59,        9.42,               4,                  4
  370,             ,         9999,          58,               ,               67,            ,  52.00,    132872,      1.62,     16.32,        8.97,               4,                  4
  371,             ,        10000,          58,               ,               67,            ,  52.76,    132872,      1.62,     15.59,        8.60,               4,                  4
  372,             ,        10000,          58,               ,               67,            ,  53.52,    132872,      1.62,     15.59,        8.60,               4,                  4
  373,             ,        10000,          58,               ,               67,            ,  54.30,    132872,      1.71,     15.61,        8.66,               4,                  4
  374,             ,        10663,          58,               ,               67,            ,  54.88,    132872,      3.24,     15.59,        9.42,               4,                  4
  375,             ,         9338,          58,               ,               67,            ,  55.73,    132872,      1.62,     15.59,        8.60,               4,                  4
  376,             ,         9999,          58,               ,               67,            ,  56.64,    132872,      1.62,     15.60,        8.61,               4,                  4
  377,             ,        10000,          58,               ,               67,            ,  57.27,    132872,      1.62,     15.59,        8.60,               4,                  4
  378,             ,        10000,          58,               ,               67,            ,  57.79,    132872,      1.72,     16.32,        9.02,               4,                  4
  379,             ,        10000,          58,               ,               67,            ,  58.64,    132872,      3.24,     15.60,        9.42,               4,                  4
  380,             ,        10663,          58,               ,               67,            ,  59.24,    132872,      1.62,     15.59,        8.60,               4,                  4
  381,             ,         9338,          58,               ,               67,            ,  60.03,    132872,      1.62,     15.59,        8.60,               4,                  4
  382,             ,         9999,          58,               ,               67,            ,  59.76,    132872,      1.62,     15.60,        8.61,               4,                  4
  383,             ,        10000,          58,               ,               67,            ,  59.18,    132872,      1.72,     15.60,        8.66,               4,                  4
  384,             ,        10000,          58,               ,               67,            ,  58.91,    132872,      3.24,     15.59,        9.42,               4,                  4
  385,             ,        10000,          58,               ,               67,            ,  58.52,    132872,      1.62,     15.60,        8.61,               4,                  4
  386,             ,        10663,          58,               ,               67,            ,  58.24,    132872,      1.62,     15.59,        8.60,               4,                  4
  387,             ,         9338,          58,               ,               67,            ,  57.94,    132872,      1.62,     16.31,        8.96,               4,                  4
  388,             ,         9999,          58,               ,               67,            ,  57.58,    132872,      1.71,     15.61,        8.66,               4,                  4
  389,             ,        10000,          58,               ,               67,            ,  57.18,    132872,      3.24,     15.59,        9.42,               4,                  4
  390,             ,        10000,          58,               ,               67,            ,  56.79,    132872,      1.62,     15.59,        8.60,               4,                  4
  391,             ,        10000,          58,               ,               67,            ,  56.52,    132872,      1.62,     15.60,        8.61,               4,                  4
  392,             ,        10663,          58,               ,               67,            ,  56.12,    132872,      1.62,     15.59,        8.60,               4,                  4
  393,             ,         9338,          58,               ,               67,            ,  55.76,    132872,      1.72,     15.60,        8.66,               4,                  4
  394,             ,         9999,          58,               ,               67,            ,  55.30,    132872,      3.24,     15.60,        9.42,               4,                  4
  395,             ,        10000,          58,               ,               67,            ,  55.00,    132872,      1.62,     16.31,        8.96,               4,                  4
  396,             ,        10000,          58,               ,               67,            ,  54.48,    132872,      1.62,     15.59,        8.60,               4,                  4
  397,             ,        10000,          58,               ,               67,            ,  54.36,    132872,      1.62,     15.60,        8.61,               4,                  4
  398,             ,        10663,          58,               ,               67,            ,  53.73,    132872,      1.72,     15.60,        8.66,               4,                  4
  399,             ,         9338,          58,               ,               67,            ,  53.88,    132872,      3.24,     15.59,        9.42,               4,                  4
  400,             ,         9999,          58,               ,               67,            ,  53.48,    132872,      1.62,     15.60,        8.61,               4,                  4
  401,             ,        10000,          58,               ,               67,            ,  53.03,    132872,      1.62,     15.59,        8.60,               4,                  4
  402,             ,        10000,          58,               ,               67,            ,  52.76,    132872,      1.62,     15.59,        8.60,               4,                  4
  403,             ,        10000,          58,               ,               67,            ,  52.36,    132872,      1.71,     16.33,        9.02,               4,                  4
  404,             ,        10663,          58,               ,               67,            ,  51.94,    132872,      3.24,     15.59,        9.42,               4,                  4
  405,             ,         9338,          58,               ,               67,            ,  51.97,    132872,      1.62,     15.59,        8.60,               4,                  4
  406,             ,         9999,          58,               ,               67,            ,  51.76,    132872,      1.62,     15.60,        8.61,               4,                  4
  407,             ,        10000,          58,               ,               67,            ,  51.30,    132872,      1.62,     15.59,        8.60,               4,                  4
  408,             ,        10000,          58,               ,               67,            ,  50.91,    132872,      1.72,     15.60,        8.66,               4,                  4
  409,             ,        10000,          58,               ,               67,            ,  50.94,    132872,      3.24,     15.60,        9.42,               4,                  4
  410,             ,        10663,          58,               ,               67,            ,  51.00,    132872,      1.62,     15.59,        8.60,               4,                  4
  411,             ,         9338,          58,               ,               67,            ,  50.64,    132872,      1.62,     15.59,        8.60,               4,                  4
  412,             ,         9999,          58,               ,               67,            ,  50.30,    132872,      1.62,     16.32,        8.97,               4,                  4
  413,             ,        10000,          58,               ,               67,            ,  50.03,    132872,      1.72,     15.60,        8.66,               4,                  4
  414,             ,        10000,          58,               ,               67,            ,  49.97,    132872,      3.24,     15.59,        9.42,               4,                  4
  415,             ,        10000,          58,               ,               67,            ,  49.52,    132872,      1.62,     15.60,        8.61,               4,                  4
  416,             ,        10663,          58,               ,               67,            ,  49.15,    132872,      1.62,     15.59,        8.60,               4,                  4
  417,             ,         9338,          58,               ,               67,            ,  48.88,    132872,      1.62,     15.59,        8.60,               4,                  4
  418,             ,         9999,          58,               ,               67,            ,  48.85,    132872,      1.71,     15.61,        8.66,               4,                  4
  419,             ,        10000,          58,               ,               67,            ,  48.45,    132872,      3.24,     15.59,        9.42,               4,                  4
  420,             ,        10000,          58,               ,               67,            ,  48.00,    132872,      1.62,     16.31,        8.96,               4,                  4
  421,             ,        10000,          58,               ,               67,            ,  48.09,    132872,      1.62,     15.60,        8.61,               4,                  4
  422,             ,        10663,          58,               ,               67,            ,  47.58,    132872,      1.62,     15.59,        8.60,               4,                  4
  423,             ,         9338,          58,               ,               67,            ,  47.39,    132872,      1.72,     15.60,        8.66,               4,                  4
  424,             ,         9999,          58,               ,               67,            ,  47.39,    132872,      3.24,     15.60,        9.42,               4,                  4
  425,             ,        10000,          58,               ,               67,            ,  47.15,    132872,      1.62,     15.59,        8.60,               4,                  4
  426,             ,        10000,          58,               ,               67,            ,  46.91,    132872,      1.62,     15.59,        8.60,               4,                  4
  427,             ,        10000,          58,               ,               67,            ,  46.76,    132872,      1.62,     15.60,        8.61,               4,                  4
  428,             ,        10663,          58,               ,               67,            ,  46.36,    132872,      1.72,     16.32,        9.02,               4,                  4
  429,             ,         9338,          58,               ,               67,            ,  46.36,    132872,      3.24,     15.59,        9.42,               4,                  4
  430,             ,         9999,          58,               ,               67,            ,  45.97,    132872,      1.62,     15.60,        8.61,               4,                  4
  431,             ,        10000,          58,               ,               67,            ,  45.42,    132872,      1.62,     15.59,        8.60,               4,                  4
  432,             ,        10000,          58,               ,               67,            ,  45.55,    132872,      1.62,     15.59,        8.60,               4,                  4
  433,             ,        10000,          58,               ,               67,            ,  45.18,    132872,      1.71,     15.61,        8.66,               4,                  4
  434,             ,        10663,          58,               ,               67,            ,  45.09,    132872,      3.24,     15.59,        9.42,               4,                  4
  435,             ,         9338,          58,               ,               67,            ,  44.76,    132872,      1.62,     15.59,        8.60,               4,                  4
  436,             ,         9999,          58,               ,               67,            ,  44.94,    132872,      1.62,     15.60,        8.61,               4,                  4
  437,             ,        10000,          58,               ,               67,            ,  44.39,    132872,      1.62,     16.31,        8.96,               4,                  4
  438,             ,        10000,          58,               ,               67,            ,  44.24,    132872,      1.72,     15.60,        8.66,               4,                  4
  439,             ,        10000,          58,               ,               67,            ,  44.12,    132872,      3.24,     15.60,        9.42,               4,                  4
  440,             ,        10663,          58,               ,               67,            ,  43.82,    132872,      1.62,     15.59,        8.60,               4,                  4
  441,             ,         9338,          58,               ,               67,            ,  43.91,    132872,      1.62,     15.59,        8.60,               4,                  4
  442,             ,         9999,          58,               ,               67,            ,  43.39,    132872,      1.62,     15.60,        8.61,               4,                  4
  443,             ,        10000,          58,               ,               67,            ,  43.42,    132872,      1.72,     15.60,        8.66,               4,                  4
  444,             ,        10000,          58,               ,               67,            ,  42.73,    132872,      3.24,     15.59,        9.42,               4,                  4
  445,             ,        10000,          58,               ,               67,            ,  42.73,    132872,      1.62,     16.32,        8.97,               4,                  4
  446,             ,        10663,          58,               ,               67,            ,  42.64,    132872,      1.62,     15.59,        8.60,               4,                  4
  447,             ,         9338,          58,               ,               67,            ,  42.64,    132872,      1.62,     15.59,        8.60,               4,                  4
  448,             ,         9999,          58,               ,               67,            ,  42.12,    132872,      1.71,     15.61,        8.66,               4,                  4
  449,             ,        10000,          58,               ,               67,            ,  41.97,    132872,      3.24,     15.59,        9.42,               4,                  4
  450,             ,        10000,          58,               ,               67,            ,  41.73,    132872,      1.62,     15.59,        8.60,               4,                  4
  451,             ,        10000,          58,               ,               67,            ,  41.88,    132872,      1.62,     15.60,        8.61,               4,                  4
  452,             ,        10663,          58,               ,               67,            ,  41.52,    132872,      1.62,     15.59,        8.60,               4,                  4
  453,             ,         9338,          58,               ,               67,            ,  41.42,    132872,      1.72,     16.32,        9.02,               4,                  4
  454,             ,         9999,          58,               ,               67,            ,  41.52,    132872,      3.24,     15.60,        9.42,               4,                  4
  455,             ,        10000,          58,               ,               67,            ,  41.00,    132872,      1.62,     15.59,        8.60,               4,                  4
  456,             ,        10000,          58,               ,               67,            ,  40.97,    132872,      1.62,     15.59,        8.60,               4,                  4
  457,             ,        10000,          58,               ,               67,            ,  40.73,    132872,      1.62,     15.60,        8.61,               4,                  4
  458,             ,        10663,          58,               ,               67,            ,  40.67,    132872,      1.72,     15.60,        8.66,               4,                  4
  459,             ,         9338,          58,               ,               67,            ,  40.33,    132872,      3.24,     15.59,        9.42,               4,                  4
  460,             ,         9999,          58,               ,               67,            ,  40.39,    132872,      1.62,     15.60,        8.61,               4,                  4
  461,             ,        10000,          58,               ,               67,            ,  40.36,    132872,      1.62,     15.59,        8.60,               4,                  4
  462,             ,        10000,          58,               ,               67,            ,  40.03,    132872,      1.62,     16.31,        8.96,               4,                  4
  463,             ,        10000,          58,               ,               67,            ,  39.94,    132872,      1.71,     15.61,        8.66,               4,                  4
  464,             ,        10663,          58,               ,               67,            ,  39.55,    132872,      3.24,     15.59,        9.42,               4,                  4
  465,             ,         9338,          58,               ,               67,            ,  39.76,    132872,      1.62,     15.59,        8.60,               4,                  4
  466,             ,         9999,          58,               ,               67,            ,  39.58,    132872,      1.62,     15.60,        8.61,               4,                  4
  467,             ,        10000,          58,               ,               67,            ,  39.15,    132872,      1.62,     15.59,        8.60,               4,                  4
  468,             ,        10000,          58,               ,               67,            ,  39.21,    132872,      1.72,     15.60,        8.66,               4,                  4
  469,             ,        10000,          58,               ,               67,            ,  38.94,    132872,      3.24,     15.60,        9.42,               4,                  4
  470,             ,        10663,          58,               ,               67,            ,  38.91,    132872,      1.62,     16.31,        8.96,               4,                  4
  471,             ,         9338,          58,               ,               67,            ,  38.73,    132872,      1.62,     15.59,        8.60,               4,                  4
  472,             ,         9999,          58,               ,               67,            ,  38.52,    132872,      1.62,     15.60,        8.61,               4,                  4
  473,             ,        10000,          58,               ,               67,            ,  38.58,    132872,      1.72,     15.60,        8.66,               4,                  4
  474,             ,        10000,          58,               ,               67,            ,  38.64,    132872,      3.24,     15.59,        9.42,               4,                  4
  475,             ,        10000,          58,               ,               67,            ,  38.09,    132872,      1.62,     15.60,        8.61,               4,                  4
  476,             ,        10663,          58,               ,               67,            ,  38.09,    132872,      1.62,     15.59,        8.60,               4,                  4
  477,             ,         9338,          58,               ,               67,            ,  38.21,    132872,      1.62,     15.59,        8.60,               4,                  4
  478,             ,         9999,          58,               ,               67,            ,  37.88,    132872,      1.71,     16.33,        9.02,               4,                  4
  479,             ,        10000,          58,               ,               67,            ,  37.76,    132872,      3.24,     15.59,        9.42,               4,                  4
  480,             ,        10000,          58,               ,               67,            ,  37.67,    132872,      1.62,     15.59,        8.60,               4,                  4
  481,             ,        10000,          58,               ,               67,            ,  37.45,    132872,      1.62,     15.60,        8.61,               4,                  4
  482,             ,        10663,          58,               ,               67,            ,  37.33,    132872,      1.62,     15.59,        8.60,               4,                  4
  483,             ,         9338,          58,               ,               67,            ,  37.45,    132872,      1.72,     15.60,        8.66,               4,                  4
  484,             ,         9999,          58,               ,               67,            ,  37.18,    132872,      3.24,     15.60,        9.42,               4,                  4
  485,             ,        10000,          58,               ,               67,            ,  37.00,    132872,      1.62,     15.59,        8.60,               4,                  4
  486,             ,        10000,          58,               ,               67,            ,  37.09,    132872,      1.62,     15.59,        8.60,               4,                  4
  487,             ,        10000,          58,               ,               67,            ,  36.76,    132872,      1.62,     16.32,        8.97,               4,                  4
  488,             ,        10663,          58,               ,               67,            ,  36.76,    132872,      1.72,     15.60,        8.66,               4,                  4
  489,             ,         9338,          58,               ,               67,            ,  36.76,    132872,      3.24,     15.59,        9.42,               4,                  4
  490,             ,         9999,          58,               ,               67,            ,  36.33,    132872,      1.62,     15.60,        8.61,               4,                  4
  491,             ,        10000,          58,               ,               67,            ,  36.33,    132872,      1.62,     15.59,        8.60,               4,                  4
  492,             ,        10000,          58,               ,               67,            ,  36.33,    132872,      1.62,     15.59,        8.60,               4,                  4
  493,             ,        10000,          58,               ,               67,            ,  36.33,    132872,      1.71,     15.61,        8.66,               4,                  4
  494,             ,        10663,          58,               ,               67,            ,  35.91,    132872,      3.24,     15.59,        9.42,               4,                  4
  495,             ,         9338,          58,               ,               67,            ,  36.03,    132872,      1.62,     16.31,        8.96,               4,                  4
  496,             ,         9999,          58,               ,               67,            ,  35.91,    132872,      1.62,     15.60,        8.61,               4,                  4
  497,             ,        10000,          58,               ,               67,            ,  35.58,    132872,      1.62,     15.59,        8.60,               4,                  4
  498,             ,        10000,          58,               ,               67,            ,  35.58,    132872,      1.72,     15.60,        8.66,               4,                  4
  499,             ,         9338,          58,               ,               67,            ,  35.61,    132872,      3.24,     15.60,        9.42,               4,                  4
  500,             ,         9999,          58,               ,               67,            ,  35.52,    132872,      1.62,     15.59,        8.60,               4,                  4
  501,             ,        10000,          58,               ,               67,            ,  35.18,    132872,      1.62,     15.59,        8.60,               4,                  4
  502,             ,        10000,          58,               ,               67,            ,  36.21,    132872,      1.62,     15.60,        8.61,               4,                  4
  503,             ,        10000,          58,               ,               67,            ,  37.48,    132872,      1.72,     16.32,        9.02,               4,                  4
  504,             ,        10663,          58,               ,               67,            ,  38.55,    132872,      3.24,     15.59,        9.42,               4,                  4
  505,             ,         9338,          58,               ,               67,            ,  39.15,    132872,      1.62,     15.60,        8.61,               4,                  4
  506,             ,         9999,          58,               ,               67,            ,  40.27,    132872,      1.62,     15.59,        8.60,               4,                  4
  507,             ,        10000,          58,               ,               67,            ,  41.18,    132872,      1.62,     15.59,        8.60,               4,                  4
  508,             ,        10000,          58,               ,               67,            ,  42.00,    132872,      1.71,     15.61,        8.66,               4,                  4
  509,             ,        10000,          58,               ,               67,            ,  42.73,    132872,      3.24,     15.59,        9.42,               4,                  4
  510,             ,        10663,          58,               ,               67,            ,  44.12,    132872,      1.62,     15.59,        8.60,               4,                  4
  511,             ,         9338,          58,               ,               67,            ,  44.91,    132872,      1.62,     15.60,        8.61,               4,                  4
  512,             ,         9999,          58,               ,               67,            ,  45.91,    132872,      1.62,     16.31,        8.96,               4,                  4
  513,             ,        10000,          58,               ,               67,            ,  46.55,    132872,      1.72,     15.60,        8.66,               4,                  4
  514,             ,        10000,          58,               ,               67,            ,  47.30,    132872,      3.24,     15.60,        9.42,               4,                  4
  515,             ,        10000,          58,               ,               67,            ,  48.61,    132872,      1.62,     15.59,        8.60,               4,                  4
  516,             ,        10663,          58,               ,               67,            ,  49.15,    132872,      1.62,     15.59,        8.60,               4,                  4
  517,             ,         9338,          58,               ,               67,            ,  49.82,    132872,      1.62,     15.60,        8.61,               4,                  4
  518,             ,         9999,          58,               ,               67,            ,  51.12,    132872,      1.72,     15.60,        8.66,               4,                  4
  519,             ,        10000,          58,               ,               67,            ,  51.30,    132872,      3.24,     15.59,        9.42,               4,                  4
  520,             ,        10000,          58,               ,               67,            ,  52.00,    132872,      1.62,     16.32,        8.97,               4,                  4
  521,             ,        10000,          58,               ,               67,            ,  52.76,    132872,      1.62,     15.59,        8.60,               4,                  4
  522,             ,        10663,          58,               ,               67,            ,  53.45,    132872,      1.62,     15.59,        8.60,               4,                  4
  523,             ,         9338,          58,               ,               67,            ,  54.24,    132872,      1.71,     15.61,        8.66,               4,                  4
  524,             ,         9999,          58,               ,               67,            ,  55.18,    132872,      3.24,     15.59,        9.42,               4,                  4
  525,             ,        10000,          58,               ,               67,            ,  56.27,    132872,      1.62,     15.59,        8.60,               4,                  4
  526,             ,        10000,          58,               ,               67,            ,  56.79,    132872,      1.62,     15.60,        8.61,               4,                  4
  527,             ,        10000,          58,               ,               67,            ,  57.64,    132872,      1.62,     15.59,        8.60,               4,                  4
  528,             ,        10663,          58,               ,               67,            ,  58.36,    132872,      1.72,     16.32,        9.02,               4,                  4
  529,             ,         9338,          58,               ,               67,            ,  58.94,    132872,      3.24,     15.60,        9.42,               4,                  4
  530,             ,         9999,          58,               ,               67,            ,  59.24,    132872,      1.62,     15.59,        8.60,               4,                  4
  531,             ,        10000,          58,               ,               67,            ,  60.06,    132872,      1.62,     15.59,        8.60,               4,                  4
  532,             ,        10000,          58,               ,               67,            ,  59.82,    132872,      1.62,     15.60,        8.61,               4,                  4
  533,             ,        10000,          58,               ,               67,            ,  59.24,    132872,      1.72,     15.60,        8.66,               4,                  4
  534,             ,        10663,          58,               ,               67,            ,  59.00,    132872,      3.24,     15.59,        9.42,               4,                  4
  535,             ,         9338,          58,               ,               67,            ,  58.64,    132872,      1.62,     15.60,        8.61,               4,                  4
  536,             ,         9999,          58,               ,               67,            ,  58.36,    132872,      1.62,     15.59,        8.60,               4,                  4
  537,             ,        10000,          58,               ,               67,            ,  57.88,    132872,      1.62,     16.31,        8.96,               4,                  4
  538,             ,        10000,          58,               ,               67,            ,  57.55,    132872,      1.71,     15.61,        8.66,               4,                  4
  539,             ,        10000,          58,               ,               67,            ,  57.21,    132872,      3.24,     15.59,        9.42,               4,                  4
  540,             ,        10663,          58,               ,               67,            ,  56.85,    132872,      1.62,     15.59,        8.60,               4,                  4
  541,             ,         9338,          58,               ,               67,            ,  56.48,    132872,      1.62,     15.60,        8.61,               4,                  4
  542,             ,         9999,          58,               ,               67,            ,  56.12,    132872,      1.62,     15.59,        8.60,               4,                  4
  543,             ,        10000,          58,               ,               67,            ,  55.73,    132872,      1.72,     15.60,        8.66,               4,                  4
  544,             ,        10000,          58,               ,               67,            ,  55.36,    132872,      3.24,     15.60,        9.42,               4,                  4
  545,             ,        10000,          58,               ,               67,            ,  55.09,    132872,      1.62,     16.31,        8.96,               4,                  4
  546,             ,        10663,          58,               ,               67,            ,  54.48,    132872,      1.62,     15.59,        8.60,               4,                  4
  547,             ,         9338,          58,               ,               67,            ,  54.42,    132872,      1.62,     15.60,        8.61,               4,                  4
  548,             ,         9999,          58,               ,               67,            ,  54.24,    132872,      1.72,     15.60,        8.66,               4,                  4
  549,             ,        10000,          58,               ,               67,            ,  53.88,    132872,      3.24,     15.59,        9.42,               4,                  4
  550,             ,        10000,          58,               ,               67,            ,  53.45,    132872,      1.62,     15.60,        8.61,               4,                  4
  551,             ,        10000,          58,               ,               67,            ,  53.09,    132872,      1.62,     15.59,        8.60,               4,                  4
  552,             ,        10663,          58,               ,               67,            ,  52.76,    132872,      1.62,     15.59,        8.60,               4,                  4
  553,             ,         9338,          58,               ,               67,            ,  52.33,    132872,      1.71,     16.33,        9.02,               4,                  4
  554,             ,         9999,          58,               ,               67,            ,  52.36,    132872,      3.24,     15.59,        9.42,               4,                  4
  555,             ,        10000,          58,               ,               67,            ,  52.00,    132872,      1.62,     15.59,        8.60,               4,                  4
  556,             ,        10000,          58,               ,               67,            ,  51.70,    132872,      1.62,     15.60,        8.61,               4,                  4
  557,             ,        10000,          58,               ,               67,            ,  51.33,    132872,      1.62,     15.59,        8.60,               4,                  4
  558,             ,        10663,          58,               ,               67,            ,  50.88,    132872,      1.72,     15.60,        8.66,               4,                  4
  559,             ,         9338,          58,               ,               67,            ,  51.03,    132872,      3.24,     15.60,        9.42,               4,                  4
  560,             ,         9999,          58,               ,               67,            ,  51.03,    132872,      1.62,     15.59,        8.60,               4,                  4
  561,             ,        10000,          58,               ,               67,            ,  50.55,    132872,      1.62,     15.59,        8.60,               4,                  4
  562,             ,        10000,          58,               ,               67,            ,  50.30,    132872,      1.62,     16.32,        8.97,               4,                  4
  563,             ,        10000,          58,               ,               67,            ,  50.30,    132872,      1.72,     15.60,        8.66,               4,                  4
  564,             ,        10663,          58,               ,               67,            ,  49.97,    132872,      3.24,     15.59,        9.42,               4,                  4
  565,             ,         9338,          58,               ,               67,            ,  49.45,    132872,      1.62,     15.60,        8.61,               4,                  4
  566,             ,         9999,          58,               ,               67,            ,  49.15,    132872,      1.62,     15.59,        8.60,               4,                  4
  567,             ,        10000,          58,               ,               67,            ,  49.15,    132872,      1.62,     15.59,        8.60,               4,                  4
  568,             ,        10000,          58,               ,               67,            ,  48.76,    132872,      1.71,     15.61,        8.66,               4,                  4
  569,             ,        10000,          58,               ,               67,            ,  48.48,    132872,      3.24,     15.59,        9.42,               4,                  4
  570,             ,        10663,          58,               ,               67,            ,  48.45,    132872,      1.62,     16.31,        8.96,               4,                  4
  571,             ,         9338,          58,               ,               67,            ,  48.09,    132872,      1.62,     15.60,        8.61,               4,                  4
  572,             ,         9999,          58,               ,               67,            ,  47.73,    132872,      1.62,     15.59,        8.60,               4,                  4
  573,             ,        10000,          58,               ,               67,            ,  47.73,    132872,      1.72,     15.60,        8.66,               4,                  4
  574,             ,        10000,          58,               ,               67,            ,  47.33,    132872,      3.24,     15.60,        9.42,               4,                  4
  575,             ,        10000,          58,               ,               67,            ,  47.12,    132872,      1.62,     15.59,        8.60,               4,                  4
  576,             ,        10663,          58,               ,               67,            ,  47.00,    132872,      1.62,     15.59,        8.60,               4,                  4
  577,             ,         9338,          58,               ,               67,            ,  46.55,    132872,      1.62,     15.60,        8.61,               4,                  4
  578,             ,         9999,          58,               ,               67,            ,  46.27,    132872,      1.72,     16.32,        9.02,               4,                  4
  579,             ,        10000,          58,               ,               67,            ,  46.27,    132872,      3.24,     15.59,        9.42,               4,                  4
  580,             ,        10000,          58,               ,               67,            ,  45.91,    132872,      1.62,     15.60,        8.61,               4,                  4
  581,             ,        10000,          58,               ,               67,            ,  45.94,    132872,      1.62,     15.59,        8.60,               4,                  4
  582,             ,        10663,          58,               ,               67,            ,  45.64,    132872,      1.62,     15.59,        8.60,               4,                  4
  583,             ,         9338,          58,               ,               67,            ,  45.18,    132872,      1.71,     15.61,        8.66,               4,                  4
  584,             ,         9999,          58,               ,               67,            ,  45.24,    132872,      3.24,     15.59,        9.42,               4,                  4
  585,             ,        10000,          58,               ,               67,            ,  44.76,    132872,      1.62,     15.59,        8.60,               4,                  4
  586,             ,        10000,          58,               ,               67,            ,  44.85,    132872,      1.62,     15.60,        8.61,               4,                  4
  587,             ,        10000,          58,               ,               67,            ,  44.39,    132872,      1.62,     16.31,        8.96,               4,                  4
  588,             ,        10663,          58,               ,               67,            ,  44.42,    132872,      1.72,     15.60,        8.66,               4,                  4
  589,             ,         9338,          58,               ,               67,            ,  44.21,    132872,      3.24,     15.60,        9.42,               4,                  4
  590,             ,         9999,          58,               ,               67,            ,  44.27,    132872,      1.62,     15.59,        8.60,               4,                  4
  591,             ,        10000,          58,               ,               67,            ,  43.82,    132872,      1.62,     15.59,        8.60,               4,                  4
  592,             ,        10000,          58,               ,               67,            ,  43.52,    132872,      1.62,     15.60,        8.61,               4,                  4
  593,             ,        10000,          58,               ,               67,            ,  43.39,    132872,      1.72,     15.60,        8.66,               4,                  4
  594,             ,        10663,          58,               ,               67,            ,  42.73,    132872,      3.24,     15.59,        9.42,               4,                  4
  595,             ,         9338,          58,               ,               67,            ,  42.73,    132872,      1.62,     16.32,        8.97,               4,                  4
  596,             ,         9999,          58,               ,               67,            ,  42.67,    132872,      1.62,     15.59,        8.60,               4,                  4
  597,             ,        10000,          58,               ,               67,            ,  42.58,    132872,      1.62,     15.59,        8.60,               4,                  4
  598,             ,        10000,          58,               ,               67,            ,  42.24,    132872,      1.71,     15.61,        8.66,               4,                  4
  599,             ,        10000,          58,               ,               67,            ,  42.33,    132872,      3.24,     15.59,        9.42,               4,                  4
  600,             ,        10663,          58,               ,               67,            ,  42.09,    132872,      1.62,     15.59,        8.60,               4,                  4
  601,             ,         9338,          58,               ,               67,            ,  41.70,    132872,      1.62,     15.60,        8.61,               4,                  4
  602,             ,         9999,          58,               ,               67,            ,  41.73,    132872,      1.62,     15.59,        8.60,               4,                  4
  603,             ,        10000,          58,               ,               67,            ,  41.52,    132872,      1.72,     16.32,        9.02,               4,                  4
  604,             ,        10000,          58,               ,               67,            ,  41.42,    132872,      3.24,     15.60,        9.42,               4,                  4
  605,             ,        10000,          58,               ,               67,            ,  41.15,    132872,      1.62,     15.59,        8.60,               4,                  4
  606,             ,        10663,          58,               ,               67,            ,  41.12,    132872,      1.62,     15.59,        8.60,               4,                  4
  607,             ,         9338,          58,               ,               67,            ,  40.76,    132872,      1.62,     15.60,        8.61,               4,                  4
  608,             ,         9999,          58,               ,               67,            ,  40.76,    132872,      1.72,     15.60,        8.66,               4,                  4
  609,             ,        10000,          58,               ,               67,            ,  40.30,    132872,      3.24,     15.59,        9.42,               4,                  4
  610,             ,        10000,          58,               ,               67,            ,  40.36,    132872,      1.62,     15.60,        8.61,               4,                  4
  611,             ,        10000,          58,               ,               67,            ,  40.48,    132872,      1.62,     15.59,        8.60,               4,                  4
  612,             ,        10663,          58,               ,               67,            ,  40.00,    132872,      1.62,     16.31,        8.96,               4,                  4
  613,             ,         9338,          58,               ,               67,            ,  40.09,    132872,      1.71,     15.61,        8.66,               4,                  4
  614,             ,         9999,          58,               ,               67,            ,  39.55,    132872,      3.24,     15.59,        9.42,               4,                  4
  615,             ,        10000,          58,               ,               67,            ,  39.61,    132872,      1.62,     15.59,        8.60,               4,                  4
  616,             ,        10000,          58,               ,               67,            ,  39.58,    132872,      1.62,     15.60,        8.61,               4,                  4
  617,             ,        10000,          58,               ,               67,            ,  39.39,    132872,      1.62,     15.59,        8.60,               4,                  4
  618,             ,        10663,          58,               ,               67,            ,  39.15,    132872,      1.72,     15.60,        8.66,               4,                  4
  619,             ,         9338,          58,               ,               67,            ,  38.88,    132872,      3.24,     15.60,        9.42,               4,                  4
  620,             ,         9999,          58,               ,               67,            ,  38.88,    132872,      1.62,     16.31,        8.96,               4,                  4
  621,             ,        10000,          58,               ,               67,            ,  38.88,    132872,      1.62,     15.59,        8.60,               4,                  4
  622,             ,        10000,          58,               ,               67,            ,  38.45,    132872,      1.62,     15.60,        8.61,               4,                  4
  623,             ,        10000,          58,               ,               67,            ,  38.58,    132872,      1.72,     15.60,        8.66,               4,                  4
  624,             ,        10663,          58,               ,               67,            ,  38.48,    132872,      3.24,     15.59,        9.42,               4,                  4
  625,             ,         9338,          58,               ,               67,            ,  38.27,    132872,      1.62,     15.60,        8.61,               4,                  4
  626,             ,         9999,          58,               ,               67,            ,  38.09,    132872,      1.62,     15.59,        8.60,               4,                  4
  627,             ,        10000,          58,               ,               67,            ,  38.18,    132872,      1.62,     15.59,        8.60,               4,                  4
  628,             ,        10000,          58,               ,               67,            ,  37.64,    132872,      1.71,     16.33,        9.02,               4,                  4
  629,             ,        10000,          58,               ,               67,            ,  37.82,    132872,      3.24,     15.59,        9.42,               4,                  4
  630,             ,        10663,          58,               ,               67,            ,  37.82,    132872,      1.62,     15.59,        8.60,               4,                  4
  631,             ,         9338,          58,               ,               67,            ,  37.52,    132872,      1.62,     15.60,        8.61,               4,                  4
  632,             ,         9999,          58,               ,               67,            ,  37.45,    132872,      1.62,     15.59,        8.60,               4,                  4
  633,             ,        10000,          58,               ,               67,            ,  37.48,    132872,      1.72,     15.60,        8.66,               4,                  4
  634,             ,        10000,          58,               ,               67,            ,  37.12,    132872,      3.24,     15.60,        9.42,               4,                  4
  635,             ,        10000,          58,               ,               67,            ,  37.06,    132872,      1.62,     15.59,        8.60,               4,                  4
  636,             ,        10663,          58,               ,               67,            ,  37.12,    132872,      1.62,     15.59,        8.60,               4,                  4
  637,             ,         9338,          58,               ,               67,            ,  36.73,    132872,      1.62,     16.32,        8.97,               4,                  4
  638,             ,         9999,          58,               ,               67,            ,  36.76,    132872,      1.72,     15.60,        8.66,               4,                  4
  639,             ,        10000,          58,               ,               67,            ,  36.73,    132872,      3.24,     15.59,        9.42,               4,                  4
  640,             ,        10000,          58,               ,               67,            ,  36.64,    132872,      1.62,     15.60,        8.61,               4,                  4
  641,             ,        10000,          58,               ,               67,            ,  36.27,    132872,      1.62,     15.59,        8.60,               4,                  4
  642,             ,        10663,          58,               ,               67,            ,  36.30,    132872,      1.62,     15.59,        8.60,               4,                  4
  643,             ,         9338,          58,               ,               67,            ,  36.33,    132872,      1.71,     15.61,        8.66,               4,                  4
  644,             ,         9999,          58,               ,               67,            ,  35.94,    132872,      3.24,     15.59,        9.42,               4,                  4
  645,             ,        10000,          58,               ,               67,            ,  36.00,    132872,      1.62,     16.31,        8.96,               4,                  4
  646,             ,        10000,          58,               ,               67,            ,  36.00,    132872,      1.62,     15.60,        8.61,               4,                  4
  647,             ,        10000,          58,               ,               67,            ,  35.94,    132872,      1.62,     15.59,        8.60,               4,                  4
  648,             ,        10663,          58,               ,               67,            ,  35.55,    132872,      1.72,     15.60,        8.66,               4,                  4
  649,             ,         9338,          58,               ,               67,            ,  35.64,    132872,      3.24,     15.60,        9.42,               4,                  4
  650,             ,         9999,          58,               ,               67,            ,  35.58,    132872,      1.62,     15.59,        8.60,               4,                  4
  651,             ,        10000,          58,               ,               67,            ,  35.67,    132872,      1.62,     15.59,        8.60,               4,                  4
  652,             ,        10000,          58,               ,               67,            ,  36.33,    132872,      1.62,     15.60,        8.61,               4,                  4
  653,             ,        10000,          58,               ,               67,            ,  37.48,    132872,      1.72,     16.32,        9.02,               4,                  4
  654,             ,        10663,          58,               ,               67,            ,  38.45,    132872,      3.24,     15.59,        9.42,               4,                  4
  655,             ,         9338,          58,               ,               67,            ,  39.27,    132872,      1.62,     15.60,        8.61,               4,                  4
  656,             ,         9999,          58,               ,               67,            ,  40.36,    132872,      1.62,     15.59,        8.60,               4,                  4
  657,             ,        10000,          58,               ,               67,            ,  41.15,    132872,      1.62,     15.59,        8.60,               4,                  4
  658,             ,        10000,          58,               ,               67,            ,  42.21,    132872,      1.71,     15.61,        8.66,               4,                  4
  659,             ,        10000,          58,               ,               67,            ,  42.73,    132872,      3.24,     15.59,        9.42,               4,                  4
  660,             ,        10663,          58,               ,               67,            ,  44.12,    132872,      1.62,     15.59,        8.60,               4,                  4
  661,             ,         9338,          58,               ,               67,            ,  44.94,    132872,      1.62,     15.60,        8.61,               4,                  4
  662,             ,         9999,          58,               ,               67,            ,  45.85,    132872,      1.62,     16.31,        8.96,               4,                  4
  663,             ,        10000,          58,               ,               67,            ,  46.61,    132872,      1.72,     15.60,        8.66,               4,                  4
  664,             ,        10000,          58,               ,               67,            ,  47.30,    132872,      3.24,     15.60,        9.42,               4,                  4
  665,             ,        10000,          58,               ,               67,            ,  48.52,    132872,      1.62,     15.59,        8.60,               4,                  4
  666,             ,        10663,          58,               ,               67,            ,  49.24,    132872,      1.62,     15.59,        8.60,               4,                  4
  667,             ,         9338,          58,               ,               67,            ,  50.03,    132872,      1.62,     15.60,        8.61,               4,                  4
  668,             ,         9999,          58,               ,               67,            ,  51.03,    132872,      1.72,     15.60,        8.66,               4,                  4
  669,             ,        10000,          58,               ,               67,            ,  51.24,    132872,      3.24,     15.59,        9.42,               4,                  4
  670,             ,        10000,          58,               ,               67,            ,  51.97,    132872,      1.62,     16.32,        8.97,               4,                  4
  671,             ,        10000,          58,               ,               67,            ,  52.76,    132872,      1.62,     15.59,        8.60,               4,                  4
  672,             ,        10663,          58,               ,               67,            ,  53.58,    132872,      1.62,     15.59,        8.60,               4,                  4
  673,             ,         9338,          58,               ,               67,            ,  54.18,    132872,      1.71,     15.61,        8.66,               4,                  4
  674,             ,         9999,          58,               ,               67,            ,  55.24,    132872,      3.24,     15.59,        9.42,               4,                  4
  675,             ,        10000,          58,               ,               67,            ,  56.27,    132872,      1.62,     15.59,        8.60,               4,                  4
  676,             ,        10000,          58,               ,               67,            ,  56.88,    132872,      1.62,     15.60,        8.61,               4,                  4
  677,             ,        10000,          58,               ,               67,            ,  57.55,    132872,      1.62,     15.59,        8.60,               4,                  4
  678,             ,        10663,          58,               ,               67,            ,  58.36,    132872,      1.72,     16.32,        9.02,               4,                  4
  679,             ,         9338,          58,               ,               67,            ,  59.00,    132872,      3.24,     15.60,        9.42,               4,                  4
  680,             ,         9999,          58,               ,               67,            ,  59.85,    132872,      1.62,     15.59,        8.60,               4,                  4
  681,             ,        10000,          58,               ,               67,            ,  60.24,    132872,      1.62,     15.59,        8.60,               4,                  4
  682,             ,        10000,          58,               ,               67,            ,  59.76,    132872,      1.62,     15.60,        8.61,               4,                  4
  683,             ,        10000,          58,               ,               67,            ,  59.36,    132872,      1.72,     15.60,        8.66,               4,                  4
  684,             ,        10663,          58,               ,               67,            ,  59.06,    132872,      3.24,     15.59,        9.42,               4,                  4
  685,             ,         9338,          58,               ,               67,            ,  58.61,    132872,      1.62,     15.60,        8.61,               4,                  4
  686,             ,         9999,          58,               ,               67,            ,  58.33,    132872,      1.62,     15.59,        8.60,               4,                  4
  687,             ,        10000,          58,               ,               67,            ,  57.91,    132872,      1.62,     16.31,        8.96,               4,                  4
  688,             ,        10000,          58,               ,               67,            ,  57.58,    132872,      1.71,     15.61,        8.66,               4,                  4
  689,             ,        10000,          58,               ,               67,            ,  57.21,    132872,      3.24,     15.59,        9.42,               4,                  4
  690,             ,        10663,          58,               ,               67,            ,  56.79,    132872,      1.62,     15.59,        8.60,               4,                  4
  691,             ,         9338,          58,               ,               67,            ,  56.64,    132872,      1.62,     15.60,        8.61,               4,                  4
  692,             ,         9999,          58,               ,               67,            ,  56.09,    132872,      1.62,     15.59,        8.60,               4,                  4
  693,             ,        10000,          58,               ,               67,            ,  55.91,    132872,      1.72,     15.60,        8.66,               4,                  4
  694,             ,        10000,          58,               ,               67,            ,  55.27,    132872,      3.24,     15.60,        9.42,               4,                  4
  695,             ,        10000,          58,               ,               67,            ,  54.91,    132872,      1.62,     16.31,        8.96,               4,                  4
  696,             ,        10663,          58,               ,               67,            ,  54.91,    132872,      1.62,     15.59,        8.60,               4,                  4
  697,             ,         9338,          58,               ,               67,            ,  54.55,    132872,      1.62,     15.60,        8.61,               4,                  4
  698,             ,         9999,          58,               ,               67,            ,  54.21,    132872,      1.72,     15.60,        8.66,               4,                  4
  699,             ,        10000,          58,               ,               67,            ,  53.97,    132872,      3.24,     15.59,        9.42,               4,                  4
  700,             ,        10000,          58,               ,               67,            ,  53.55,    132872,      1.62,     15.60,        8.61,               4,                  4
  701,             ,        10000,          58,               ,               67,            ,  53.18,    132872,      1.62,     15.59,        8.60,               4,                  4
  702,             ,        10663,          58,               ,               67,            ,  52.76,    132872,      1.62,     15.59,        8.60,               4,                  4
  703,             ,         9338,          58,               ,               67,            ,  52.36,    132872,      1.71,     16.33,        9.02,               4,                  4
  704,             ,         9999,          58,               ,               67,            ,  52.36,    132872,      3.24,     15.59,        9.42,               4,                  4
  705,             ,        10000,          58,               ,               67,            ,  51.97,    132872,      1.62,     15.59,        8.60,               4,                  4
  706,             ,        10000,          58,               ,               67,            ,  51.64,    132872,      1.62,     15.60,        8.61,               4,                  4
  707,             ,        10000,          58,               ,               67,            ,  51.15,    132872,      1.62,     15.59,        8.60,               4,                  4
  708,             ,        10663,          58,               ,               67,            ,  50.91,    132872,      1.72,     15.60,        8.66,               4,                  4
  709,             ,         9338,          58,               ,               67,            ,  50.94,    132872,      3.24,     15.60,        9.42,               4,                  4
  710,             ,         9999,          58,               ,               67,            ,  51.03,    132872,      1.62,     15.59,        8.60,               4,                  4
  711,             ,        10000,          58,               ,               67,            ,  50.61,    132872,      1.62,     15.59,        8.60,               4,                  4
  712,             ,        10000,          58,               ,               67,            ,  50.30,    132872,      1.62,     16.32,        8.97,               4,                  4
  713,             ,        10000,          58,               ,               67,            ,  50.36,    132872,      1.72,     15.60,        8.66,               4,                  4
  714,             ,        10663,          58,               ,               67,            ,  49.82,    132872,      3.24,     15.59,        9.42,               4,                  4
  715,             ,         9338,          58,               ,               67,            ,  49.58,    132872,      1.62,     15.60,        8.61,               4,                  4
  716,             ,         9999,          58,               ,               67,            ,  49.30,    132872,      1.62,     15.59,        8.60,               4,                  4
  717,             ,        10000,          58,               ,               67,            ,  49.21,    132872,      1.62,     15.59,        8.60,               4,                  4
  718,             ,        10000,          58,               ,               67,            ,  48.85,    132872,      1.71,     15.61,        8.66,               4,                  4
  719,             ,        10000,          58,               ,               67,            ,  48.42,    132872,      3.24,     15.59,        9.42,               4,                  4
  720,             ,        10663,          58,               ,               67,            ,  48.61,    132872,      1.62,     16.31,        8.96,               4,                  4
  721,             ,         9338,          58,               ,               67,            ,  48.00,    132872,      1.62,     15.60,        8.61,               4,                  4
  722,             ,         9999,          58,               ,               67,            ,  47.85,    132872,      1.62,     15.59,        8.60,               4,                  4
  723,             ,        10000,          58,               ,               67,            ,  47.70,    132872,      1.72,     15.60,        8.66,               4,                  4
  724,             ,        10000,          58,               ,               67,            ,  47.45,    132872,      3.24,     15.60,        9.42,               4,                  4
  725,             ,        10000,          58,               ,               67,            ,  47.12,    132872,      1.62,     15.59,        8.60,               4,                  4
  726,             ,        10663,          58,               ,               67,            ,  46.91,    132872,      1.62,     15.59,        8.60,               4,                  4
  727,             ,         9338,          58,               ,               67,            ,  46.73,    132872,      1.62,     15.60,        8.61,               4,                  4
  728,             ,         9999,          58,               ,               67,            ,  46.33,    132872,      1.72,     16.32,        9.02,               4,                  4
  729,             ,        10000,          58,               ,               67,            ,  46.33,    132872,      3.24,     15.59,        9.42,               4,                  4
  730,             ,        10000,          58,               ,               67,            ,  45.94,    132872,      1.62,     15.60,        8.61,               4,                  4
  731,             ,        10000,          58,               ,               67,            ,  45.85,    132872,      1.62,     15.59,        8.60,               4,                  4
  732,             ,        10663,          58,               ,               67,            ,  45.55,    132872,      1.62,     15.59,        8.60,               4,                  4
  733,             ,         9338,          58,               ,               67,            ,  45.30,    132872,      1.71,     15.61,        8.66,               4,                  4
  734,             ,         9999,          58,               ,               67,            ,  45.27,    132872,      3.24,     15.59,        9.42,               4,                  4
  735,             ,        10000,          58,               ,               67,            ,  44.79,    132872,      1.62,     15.59,        8.60,               4,                  4
  736,             ,        10000,          58,               ,               67,            ,  44.82,    132872,      1.62,     15.60,        8.61,               4,                  4
  737,             ,        10000,          58,               ,               67,            ,  44.61,    132872,      1.62,     16.31,        8.96,               4,                  4
  738,             ,        10663,          58,               ,               67,            ,  44.48,    132872,      1.72,     15.60,        8.66,               4,                  4
  739,             ,         9338,          58,               ,               67,            ,  44.18,    132872,      3.24,     15.60,        9.42,               4,                  4
  740,             ,         9999,          58,               ,               67,            ,  44.24,    132872,      1.62,     15.59,        8.60,               4,                  4
  741,             ,        10000,          58,               ,               67,            ,  43.82,    132872,      1.62,     15.59,        8.60,               4,                  4
  742,             ,        10000,          58,               ,               67,            ,  43.73,    132872,      1.62,     15.60,        8.61,               4,                  4
  743,             ,        10000,          58,               ,               67,            ,  43.55,    132872,      1.72,     15.60,        8.66,               4,                  4
  744,             ,        10663,          58,               ,               67,            ,  43.39,    132872,      3.24,     15.59,        9.42,               4,                  4
  745,             ,         9338,          58,               ,               67,            ,  42.73,    132872,      1.62,     16.32,        8.97,               4,                  4
  746,             ,         9999,          58,               ,               67,            ,  42.67,    132872,      1.62,     15.59,        8.60,               4,                  4
  747,             ,        10000,          58,               ,               67,            ,  42.58,    132872,      1.62,     15.59,        8.60,               4,                  4
  748,             ,        10000,          58,               ,               67,            ,  42.64,    132872,      1.71,     15.61,        8.66,               4,                  4
  749,             ,        10000,          58,               ,               67,            ,  42.09,    132872,      3.24,     15.59,        9.42,               4,                  4
  750,             ,        10663,          58,               ,               67,            ,  42.12,    132872,      1.62,     15.59,        8.60,               4,                  4
  751,             ,         9338,          58,               ,               67,            ,  41.73,    132872,      1.62,     15.60,        8.61,               4,                  4
  752,             ,         9999,          58,               ,               67,            ,  41.79,    132872,      1.62,     15.59,        8.60,               4,                  4
  753,             ,        10000,          58,               ,               67,            ,  41.52,    132872,      1.72,     16.32,        9.02,               4,                  4
  754,             ,        10000,          58,               ,               67,            ,  41.48,    132872,      3.24,     15.60,        9.42,               4,                  4
  755,             ,        10000,          58,               ,               67,            ,  41.09,    132872,      1.62,     15.59,        8.60,               4,                  4
  756,             ,        10663,          58,               ,               67,            ,  41.15,    132872,      1.62,     15.59,        8.60,               4,                  4
  757,             ,         9338,          58,               ,               67,            ,  40.70,    132872,      1.62,     15.60,        8.61,               4,                  4
  758,             ,         9999,          58,               ,               67,            ,  40.73,    132872,      1.72,     15.60,        8.66,               4,                  4
  759,             ,        10000,          58,               ,               67,            ,  40.73,    132872,      3.24,     15.59,        9.42,               4,                  4
  760,             ,        10000,          58,               ,               67,            ,  40.42,    132872,      1.62,     15.60,        8.61,               4,                  4
  761,             ,        10000,          58,               ,               67,            ,  40.52,    132872,      1.62,     15.59,        8.60,               4,                  4
  762,             ,        10663,          58,               ,               67,            ,  39.94,    132872,      1.62,     16.31,        8.96,               4,                  4
  763,             ,         9338,          58,               ,               67,            ,  40.00,    132872,      1.71,     15.61,        8.66,               4,                  4
  764,             ,         9999,          58,               ,               67,            ,  39.55,    132872,      3.24,     15.59,        9.42,               4,                  4
  765,             ,        10000,          58,               ,               67,            ,  39.61,    132872,      1.62,     15.59,        8.60,               4,                  4
  766,             ,        10000,          58,               ,               67,            ,  39.70,    132872,      1.62,     15.60,        8.61,               4,                  4
  767,             ,        10000,          58,               ,               67,            ,  39.24,    132872,      1.62,     15.59,        8.60,               4,                  4
  768,             ,        10663,          58,               ,               67,            ,  39.24,    132872,      1.72,     15.60,        8.66,               4,                  4
  769,             ,         9338,          58,               ,               67,            ,  39.27,    132872,      3.24,     15.60,        9.42,               4,                  4
  770,             ,         9999,          58,               ,               67,            ,  38.79,    132872,      1.62,     16.31,        8.96,               4,                  4
  771,             ,        10000,          58,               ,               67,            ,  39.03,    132872,      1.62,     15.59,        8.60,               4,                  4
  772,             ,        10000,          58,               ,               67,            ,  38.52,    132872,      1.62,     15.60,        8.61,               4,                  4
  773,             ,        10000,          58,               ,               67,            ,  38.52,    132872,      1.72,     15.60,        8.66,               4,                  4
  774,             ,        10663,          58,               ,               67,            ,  38.52,    132872,      3.24,     15.59,        9.42,               4,                  4
  775,             ,         9338,          58,               ,               67,            ,  38.03,    132872,      1.62,     15.60,        8.61,               4,                  4
  776,             ,         9999,          58,               ,               67,            ,  38.21,    132872,      1.62,     15.59,        8.60,               4,                  4
  777,             ,        10000,          58,               ,               67,            ,  38.18,    132872,      1.62,     15.59,        8.60,               4,                  4
  778,             ,        10000,          58,               ,               67,            ,  37.94,    132872,      1.71,     16.33,        9.02,               4,                  4
  779,             ,        10000,          58,               ,               67,            ,  37.88,    132872,      3.24,     15.59,        9.42,               4,                  4
  780,             ,        10663,          58,               ,               67,            ,  37.73,    132872,      1.62,     15.59,        8.60,               4,                  4
  781,             ,         9338,          58,               ,               67,            ,  37.55,    132872,      1.62,     15.60,        8.61,               4,                  4
  782,             ,         9999,          58,               ,               67,            ,  37.48,    132872,      1.62,     15.59,        8.60,               4,                  4
  783,             ,        10000,          58,               ,               67,            ,  37.48,    132872,      1.72,     15.60,        8.66,               4,                  4
  784,             ,        10000,          58,               ,               67,            ,  36.97,    132872,      3.24,     15.60,        9.42,               4,                  4
  785,             ,        10000,          58,               ,               67,            ,  37.06,    132872,      1.62,     15.59,        8.60,               4,                  4
  786,             ,        10663,          58,               ,               67,            ,  37.09,    132872,      1.62,     15.59,        8.60,               4,                  4
  787,             ,         9338,          58,               ,               67,            ,  36.76,    132872,      1.62,     16.32,        8.97,               4,                  4
  788,             ,         9999,          58,               ,               67,            ,  36.73,    132872,      1.72,     15.60,        8.66,               4,                  4
  789,             ,        10000,          58,               ,               67,            ,  36.76,    132872,      3.24,     15.59,        9.42,               4,                  4
  790,             ,        10000,          58,               ,               67,            ,  36.79,    132872,      1.62,     15.60,        8.61,               4,                  4
  791,             ,        10000,          58,               ,               67,            ,  36.21,    132872,      1.62,     15.59,        8.60,               4,                  4
  792,             ,        10663,          58,               ,               67,            ,  36.33,    132872,      1.62,     15.59,        8.60,               4,                  4
  793,             ,         9338,          58,               ,               67,            ,  36.18,    132872,      1.71,     15.61,        8.66,               4,                  4
  794,             ,         9999,          58,               ,               67,            ,  35.97,    132872,      3.24,     15.59,        9.42,               4,                  4
  795,             ,        10000,          58,               ,               67,            ,  35.91,    132872,      1.62,     16.31,        8.96,               4,                  4
  796,             ,        10000,          58,               ,               67,            ,  35.94,    132872,      1.62,     15.60,        8.61,               4,                  4
  797,             ,        10000,          58,               ,               67,            ,  35.94,    132872,      1.62,     15.59,        8.60,               4,                  4
  798,             ,        10663,          58,               ,               67,            ,  35.52,    132872,      1.72,     15.60,        8.66,               4,                  4
  799,             ,         9338,          58,               ,               67,            ,  35.48,    132872,      3.24,     15.60,        9.42,               4,                  4
  800,             ,         9999,          58,               ,               67,            ,  35.55,    132872,      1.62,     15.59,        8.60,               4,                  4
  801,             ,        10000,          58,               ,               67,            ,  35.55,    132872,      1.62,     15.59,        8.60,               4,                  4
  802,             ,        10000,          58,               ,               67,            ,  36.30,    132872,      1.62,     15.60,        8.61,               4,                  4
  803,             ,        10000,          58,               ,               67,            ,  37.48,    132872,      1.72,     16.32,        9.02,               4,                  4
  804,             ,        10663,          58,               ,               67,            ,  38.48,    132872,      3.24,     15.59,        9.42,               4,                  4
  805,             ,         9338,          58,               ,               67,            ,  39.15,    132872,      1.62,     15.60,        8.61,               4,                  4
  806,             ,         9999,          58,               ,               67,            ,  40.39,    132872,      1.62,     15.59,        8.60,               4,                  4
  807,             ,        10000,          58,               ,               67,            ,  41.03,    132872,      1.62,     15.59,        8.60,               4,                  4
  808,             ,        10000,          58,               ,               67,            ,  42.24,    132872,      1.71,     15.61,        8.66,               4,                  4
  809,             ,        10000,          58,               ,               67,            ,  42.73,    132872,      3.24,     15.59,        9.42,               4,                  4
  810,             ,        10663,          58,               ,               67,            ,  44.24,    132872,      1.62,     15.59,        8.60,               4,                  4
  811,             ,         9338,          58,               ,               67,            ,  44.73,    132872,      1.62,     15.60,        8.61,               4,                  4
  812,             ,         9999,          58,               ,               67,            ,  45.94,    132872,      1.62,     16.31,        8.96,               4,                  4
  813,             ,        10000,          58,               ,               67,            ,  46.61,    132872,      1.72,     15.60,        8.66,               4,                  4
  814,             ,        10000,          58,               ,               67,            ,  47.27,    132872,      3.24,     15.60,        9.42,               4,                  4
  815,             ,        10000,          58,               ,               67,            ,  48.48,    132872,      1.62,     15.59,        8.60,               4,                  4
  816,             ,        10663,          58,               ,               67,            ,  49.24,    132872,      1.62,     15.59,        8.60,               4,                  4
  817,             ,         9338,          58,               ,               67,            ,  50.00,    132872,      1.62,     15.60,        8.61,               4,                  4
  818,             ,         9999,          58,               ,               67,            ,  50.94,    132872,      1.72,     15.60,        8.66,               4,                  4
  819,             ,        10000,          58,               ,               67,            ,  51.33,    132872,      3.24,     15.59,        9.42,               4,                  4
  820,             ,        10000,          58,               ,               67,            ,  52.03,    132872,      1.62,     16.32,        8.97,               4,                  4
  821,             ,        10000,          58,               ,               67,            ,  52.76,    132872,      1.62,     15.59,        8.60,               4,                  4
  822,             ,        10663,          58,               ,               67,            ,  53.52,    132872,      1.62,     15.59,        8.60,               4,                  4
  823,             ,         9338,          58,               ,               67,            ,  54.24,    132872,      1.71,     15.61,        8.66,               4,                  4
  824,             ,         9999,          58,               ,               67,            ,  55.21,    132872,      3.24,     15.59,        9.42,               4,                  4
  825,             ,        10000,          58,               ,               67,            ,  56.24,    132872,      1.62,     15.59,        8.60,               4,                  4
  826,             ,        10000,          58,               ,               67,            ,  56.85,    132872,      1.62,     15.60,        8.61,               4,                  4
  827,             ,        10000,          58,               ,               67,            ,  57.52,    132872,      1.62,     15.59,        8.60,               4,                  4
  828,             ,        10663,          58,               ,               67,            ,  58.24,    132872,      1.72,     16.32,        9.02,               4,                  4
  829,             ,         9338,          58,               ,               67,            ,  59.03,    132872,      3.24,     15.60,        9.42,               4,                  4
  830,             ,         9999,          58,               ,               67,            ,  59.76,    132872,      1.62,     15.59,        8.60,               4,                  4
  831,             ,        10000,          58,               ,               67,            ,  60.00,    132872,      1.62,     15.59,        8.60,               4,                  4
  832,             ,        10000,          58,               ,               67,            ,  59.85,    132872,      1.62,     15.60,        8.61,               4,                  4
  833,             ,        10000,          58,               ,               67,            ,  59.33,    132872,      1.72,     15.60,        8.66,               4,                  4
  834,             ,        10663,          58,               ,               67,            ,  58.94,    132872,      3.24,     15.59,        9.42,               4,                  4
  835,             ,         9338,          58,               ,               67,            ,  58.73,    132872,      1.62,     15.60,        8.61,               4,                  4
  836,             ,         9999,          58,               ,               67,            ,  58.24,    132872,      1.62,     15.59,        8.60,               4,                  4
  837,             ,        10000,          58,               ,               67,            ,  57.94,    132872,      1.62,     16.31,        8.96,               4,                  4
  838,             ,        10000,          58,               ,               67,            ,  57.42,    132872,      1.71,     15.61,        8.66,               4,                  4
  839,             ,        10000,          58,               ,               67,            ,  57.21,    132872,      3.24,     15.59,        9.42,               4,                  4
  840,             ,        10663,          58,               ,               67,            ,  56.79,    132872,      1.62,     15.59,        8.60,               4,                  4
  841,             ,         9338,          58,               ,               67,            ,  56.55,    132872,      1.62,     15.60,        8.61,               4,                  4
  842,             ,         9999,          58,               ,               67,            ,  56.21,    132872,      1.62,     15.59,        8.60,               4,                  4
  843,             ,        10000,          58,               ,               67,            ,  55.73,    132872,      1.72,     15.60,        8.66,               4,                  4
  844,             ,        10000,          58,               ,               67,            ,  55.24,    132872,      3.24,     15.60,        9.42,               4,                  4
  845,             ,        10000,          58,               ,               67,            ,  55.09,    132872,      1.62,     16.31,        8.96,               4,                  4
  846,             ,        10663,          58,               ,               67,            ,  54.91,    132872,      1.62,     15.59,        8.60,               4,                  4
  847,             ,         9338,          58,               ,               67,            ,  54.64,    132872,      1.62,     15.60,        8.61,               4,                  4
  848,             ,         9999,          58,               ,               67,            ,  54.21,    132872,      1.72,     15.60,        8.66,               4,                  4
  849,             ,        10000,          58,               ,               67,            ,  53.94,    132872,      3.24,     15.59,        9.42,               4,                  4
  850,             ,        10000,          58,               ,               67,            ,  53.42,    132872,      1.62,     15.60,        8.61,               4,                  4
  851,             ,        10000,          58,               ,               67,            ,  53.03,    132872,      1.62,     15.59,        8.60,               4,                  4
  852,             ,        10663,          58,               ,               67,            ,  52.70,    132872,      1.62,     15.59,        8.60,               4,                  4
  853,             ,         9338,          58,               ,               67,            ,  52.33,    132872,      1.71,     16.33,        9.02,               4,                  4
  854,             ,         9999,          58,               ,               67,            ,  52.39,    132872,      3.24,     15.59,        9.42,               4,                  4
  855,             ,        10000,          58,               ,               67,            ,  52.09,    132872,      1.62,     15.59,        8.60,               4,                  4
  856,             ,        10000,          58,               ,               67,            ,  51.67,    132872,      1.62,     15.60,        8.61,               4,                  4
  857,             ,        10000,          58,               ,               67,            ,  51.18,    132872,      1.62,     15.59,        8.60,               4,                  4
  858,             ,        10663,          58,               ,               67,            ,  50.94,    132872,      1.72,     15.60,        8.66,               4,                  4
  859,             ,         9338,          58,               ,               67,            ,  50.88,    132872,      3.24,     15.60,        9.42,               4,                  4
  860,             ,         9999,          58,               ,               67,            ,  51.03,    132872,      1.62,     15.59,        8.60,               4,                  4
  861,             ,        10000,          58,               ,               67,            ,  50.64,    132872,      1.62,     15.59,        8.60,               4,                  4
  862,             ,        10000,          58,               ,               67,            ,  50.36,    132872,      1.62,     16.32,        8.97,               4,                  4
  863,             ,        10000,          58,               ,               67,            ,  50.36,    132872,      1.72,     15.60,        8.66,               4,                  4
  864,             ,        10663,          58,               ,               67,            ,  49.94,    132872,      3.24,     15.59,        9.42,               4,                  4
  865,             ,         9338,          58,               ,               67,            ,  49.58,    132872,      1.62,     15.60,        8.61,               4,                  4
  866,             ,         9999,          58,               ,               67,            ,  49.30,    132872,      1.62,     15.59,        8.60,               4,                  4
  867,             ,        10000,          58,               ,               67,            ,  49.18,    132872,      1.62,     15.59,        8.60,               4,                  4
  868,             ,        10000,          58,               ,               67,            ,  48.88,    132872,      1.71,     15.61,        8.66,               4,                  4
  869,             ,        10000,          58,               ,               67,            ,  48.64,    132872,      3.24,     15.59,        9.42,               4,                  4
  870,             ,        10663,          58,               ,               67,            ,  48.61,    132872,      1.62,     16.31,        8.96,               4,                  4
  871,             ,         9338,          58,               ,               67,            ,  48.00,    132872,      1.62,     15.60,        8.61,               4,                  4
  872,             ,         9999,          58,               ,               67,            ,  47.73,    132872,      1.62,     15.59,        8.60,               4,                  4
  873,             ,        10000,          58,               ,               67,            ,  47.73,    132872,      1.72,     15.60,        8.66,               4,                  4
  874,             ,        10000,          58,               ,               67,            ,  47.27,    132872,      3.24,     15.60,        9.42,               4,                  4
  875,             ,        10000,          58,               ,               67,            ,  47.15,    132872,      1.62,     15.59,        8.60,               4,                  4
  876,             ,        10663,          58,               ,               67,            ,  47.09,    132872,      1.62,     15.59,        8.60,               4,                  4
  877,             ,         9338,          58,               ,               67,            ,  46.70,    132872,      1.62,     15.60,        8.61,               4,                  4
  878,             ,         9999,          58,               ,               67,            ,  46.39,    132872,      1.72,     16.32,        9.02,               4,                  4
  879,             ,        10000,          58,               ,               67,            ,  46.33,    132872,      3.24,     15.59,        9.42,               4,                  4
  880,             ,        10000,          58,               ,               67,            ,  46.00,    132872,      1.62,     15.60,        8.61,               4,                  4
  881,             ,        10000,          58,               ,               67,            ,  45.97,    132872,      1.62,     15.59,        8.60,               4,                  4
  882,             ,        10663,          58,               ,               67,            ,  45.55,    132872,      1.62,     15.59,        8.60,               4,                  4
  883,             ,         9338,          58,               ,               67,            ,  45.33,    132872,      1.71,     15.61,        8.66,               4,                  4
  884,             ,         9999,          58,               ,               67,            ,  45.24,    132872,      3.24,     15.59,        9.42,               4,                  4
  885,             ,        10000,          58,               ,               67,            ,  44.79,    132872,      1.62,     15.59,        8.60,               4,                  4
  886,             ,        10000,          58,               ,               67,            ,  44.85,    132872,      1.62,     15.60,        8.61,               4,                  4
  887,             ,        10000,          58,               ,               67,            ,  44.67,    132872,      1.62,     16.31,        8.96,               4,                  4
  888,             ,        10663,          58,               ,               67,            ,  44.42,    132872,      1.72,     15.60,        8.66,               4,                  4
  889,             ,         9338,          58,               ,               67,            ,  44.21,    132872,      3.24,     15.60,        9.42,               4,                  4
  890,             ,         9999,          58,               ,               67,            ,  44.21,    132872,      1.62,     15.59,        8.60,               4,                  4
  891,             ,        10000,          58,               ,               67,            ,  43.94,    132872,      1.62,     15.59,        8.60,               4,                  4
  892,             ,        10000,          58,               ,               67,            ,  43.88,    132872,      1.62,     15.60,        8.61,               4,                  4
  893,             ,        10000,          58,               ,               67,            ,  43.45,    132872,      1.72,     15.60,        8.66,               4,                  4
  894,             ,        10663,          58,               ,               67,            ,  42.73,    132872,      3.24,     15.59,        9.42,               4,                  4
  895,             ,         9338,          58,               ,               67,            ,  42.73,    132872,      1.62,     16.32,        8.97,               4,                  4
  896,             ,         9999,          58,               ,               67,            ,  42.70,    132872,      1.62,     15.59,        8.60,               4,                  4
  897,             ,        10000,          58,               ,               67,            ,  42.55,    132872,      1.62,     15.59,        8.60,               4,                  4
  898,             ,        10000,          58,               ,               67,            ,  42.52,    132872,      1.71,     15.61,        8.66,               4,                  4
  899,             ,        10000,          58,               ,               67,            ,  42.24,    132872,      3.24,     15.59,        9.42,               4,                  4
  900,             ,        10663,          58,               ,               67,            ,  42.24,    132872,      1.62,     15.59,        8.60,               4,                  4
  901,             ,         9338,          58,               ,               67,            ,  41.73,    132872,      1.62,     15.60,        8.61,               4,                  4
  902,             ,         9999,          58,               ,               67,            ,  41.70,    132872,      1.62,     15.59,        8.60,               4,                  4
  903,             ,        10000,          58,               ,               67,            ,  41.55,    132872,      1.72,     16.32,        9.02,               4,                  4
  904,             ,        10000,          58,               ,               67,            ,  41.39,    132872,      3.24,     15.60,        9.42,               4,                  4
  905,             ,        10000,          58,               ,               67,            ,  41.09,    132872,      1.62,     15.59,        8.60,               4,                  4
  906,             ,        10663,          58,               ,               67,            ,  41.18,    132872,      1.62,     15.59,        8.60,               4,                  4
  907,             ,         9338,          58,               ,               67,            ,  40.70,    132872,      1.62,     15.60,        8.61,               4,                  4
  908,             ,         9999,          58,               ,               67,            ,  40.82,    132872,      1.72,     15.60,        8.66,               4,                  4
  909,             ,        10000,          58,               ,               67,            ,  40.76,    132872,      3.24,     15.59,        9.42,               4,                  4
  910,             ,        10000,          58,               ,               67,            ,  40.33,    132872,      1.62,     15.60,        8.61,               4,                  4
  911,             ,        10000,          58,               ,               67,            ,  40.21,    132872,      1.62,     15.59,        8.60,               4,                  4
  912,             ,        10663,          58,               ,               67,            ,  39.94,    132872,      1.62,     16.31,        8.96,               4,                  4
  913,             ,         9338,          58,               ,               67,            ,  40.03,    132872,      1.71,     15.61,        8.66,               4,                  4
  914,             ,         9999,          58,               ,               67,            ,  39.55,    132872,      3.24,     15.59,        9.42,               4,                  4
  915,             ,        10000,          58,               ,               67,            ,  39.64,    132872,      1.62,     15.59,        8.60,               4,                  4
  916,             ,        10000,          58,               ,               67,            ,  39.64,    132872,      1.62,     15.60,        8.61,               4,                  4
  917,             ,        10000,          58,               ,               67,            ,  39.21,    132872,      1.62,     15.59,        8.60,               4,                  4
  918,             ,        10663,          58,               ,               67,            ,  39.21,    132872,      1.72,     15.60,        8.66,               4,                  4
  919,             ,         9338,          58,               ,               67,            ,  39.21,    132872,      3.24,     15.60,        9.42,               4,                  4
  920,             ,         9999,          58,               ,               67,            ,  38.91,    132872,      1.62,     16.31,        8.96,               4,                  4
  921,             ,        10000,          58,               ,               67,            ,  38.82,    132872,      1.62,     15.59,        8.60,               4,                  4
  922,             ,        10000,          58,               ,               67,            ,  38.39,    132872,      1.62,     15.60,        8.61,               4,                  4
  923,             ,        10000,          58,               ,               67,            ,  38.42,    132872,      1.72,     15.60,        8.66,               4,                  4
  924,             ,        10663,          58,               ,               67,            ,  38.42,    132872,      3.24,     15.59,        9.42,               4,                  4
  925,             ,         9338,          58,               ,               67,            ,  38.27,    132872,      1.62,     15.60,        8.61,               4,                  4
  926,             ,         9999,          58,               ,               67,            ,  38.03,    132872,      1.62,     15.59,        8.60,               4,                  4
  927,             ,        10000,          58,               ,               67,            ,  38.33,    132872,      1.62,     15.59,        8.60,               4,                  4
  928,             ,        10000,          58,               ,               67,            ,  37.73,    132872,      1.71,     16.33,        9.02,               4,                  4
  929,             ,        10000,          58,               ,               67,            ,  37.73,    132872,      3.24,     15.59,        9.42,               4,                  4
  930,             ,        10663,          58,               ,               67,            ,  37.88,    132872,      1.62,     15.59,        8.60,               4,                  4
  931,             ,         9338,          58,               ,               67,            ,  37.36,    132872,      1.62,     15.60,        8.61,               4,                  4
  932,             ,         9999,          58,               ,               67,            ,  37.48,    132872,      1.62,     15.59,        8.60,               4,                  4
  933,             ,        10000,          58,               ,               67,            ,  37.39,    132872,      1.72,     15.60,        8.66,               4,                  4
  934,             ,        10000,          58,               ,               67,            ,  37.12,    132872,      3.24,     15.60,        9.42,               4,                  4
  935,             ,        10000,          58,               ,               67,            ,  37.12,    132872,      1.62,     15.59,        8.60,               4,                  4
  936,             ,        10663,          58,               ,               67,            ,  37.03,    132872,      1.62,     15.59,        8.60,               4,                  4
  937,             ,         9338,          58,               ,               67,            ,  36.76,    132872,      1.62,     16.32,        8.97,               4,                  4
  938,             ,         9999,          58,               ,               67,            ,  36.76,    132872,      1.72,     15.60,        8.66,               4,                  4
  939,             ,        10000,          58,               ,               67,            ,  36.76,    132872,      3.24,     15.59,        9.42,               4,                  4
  940,             ,        10000,          58,               ,               67,            ,  36.73,    132872,      1.62,     15.60,        8.61,               4,                  4
  941,             ,        10000,          58,               ,               67,            ,  36.30,    132872,      1.62,     15.59,        8.60,               4,                  4
  942,             ,        10663,          58,               ,               67,            ,  36.33,    132872,      1.62,     15.59,        8.60,               4,                  4
  943,             ,         9338,          58,               ,               67,            ,  36.36,    132872,      1.71,     15.61,        8.66,               4,                  4
  944,             ,         9999,          58,               ,               67,            ,  35.94,    132872,      3.24,     15.59,        9.42,               4,                  4
  945,             ,        10000,          58,               ,               67,            ,  35.91,    132872,      1.62,     16.31,        8.96,               4,                  4
  946,             ,        10000,          58,               ,               67,            ,  35.91,    132872,      1.62,     15.60,        8.61,               4,                  4
  947,             ,        10000,          58,               ,               67,            ,  35.97,    132872,      1.62,     15.59,        8.60,               4,                  4
  948,             ,        10663,          58,               ,               67,            ,  35.58,    132872,      1.72,     15.60,        8.66,               4,                  4
  949,             ,         9338,          58,               ,               67,            ,  35.52,    132872,      3.24,     15.60,        9.42,               4,                  4
  950,             ,         9999,          58,               ,               67,            ,  35.67,    132872,      1.62,     15.59,        8.60,               4,                  4
  951,             ,        10000,          58,               ,               67,            ,  35.64,    132872,      1.62,     15.59,        8.60,               4,                  4
  952,             ,        10000,            ,               ,               67,            ,  35.64,          ,      1.62,     15.60,        8.61,                ,                   
  953,             ,        10000,            ,               ,               67,            ,  35.64,          ,      1.72,     16.32,        9.02,                ,                   
  954,             ,        10663,            ,               ,               67,            ,  35.64,          ,      3.24,     15.59,        9.42,                ,                   
  955,             ,         9338,            ,               ,               67,            ,  35.64,          ,      1.62,     15.60,        8.61,                ,                   
  956,             ,         9999,            ,               ,               67,            ,  35.64,          ,      1.62,     15.59,        8.60,                ,                   
  957,             ,        10000,            ,               ,               67,            ,  35.64,          ,      1.62,     15.59,        8.60,                ,                   
  958,             ,        10000,            ,               ,               67,            ,  35.64,          ,      1.71,     15.61,        8.66,                ,                   
  959,             ,        10000,            ,               ,               67,            ,  35.64,          ,      3.24,     15.59,        9.42,                ,                   
  960,             ,        10663,            ,               ,               67,            ,  35.64,          ,      1.62,     15.59,        8.60,                ,                   
  961,             ,         9338,            ,               ,               67,            ,  35.64,          ,      1.62,     15.60,        8.61,                ,                   
  962,             ,         9999,            ,               ,               67,            ,  35.64,          ,      1.62,     16.31,        8.96,                ,                   
  963,             ,        10000,            ,               ,               67,            ,  35.64,          ,      1.72,     15.60,        8.66,                ,                   
  964,             ,        10000,            ,               ,               67,            ,  35.64,          ,      3.24,     15.60,        9.42,                ,                   
  965,             ,        10000,            ,               ,               67,            ,  35.64,          ,      1.62,     15.59,        8.60,                ,                   
  966,             ,        10663,            ,               ,               67,            ,  35.64,          ,      1.62,     15.59,        8.60,                ,                   
  967,             ,         9338,            ,               ,               67,            ,  35.64,          ,      1.62,     15.60,        8.61,                ,                   
  968,             ,         9999,            ,               ,               67,            ,  35.64,          ,      1.72,     15.60,        8.66,                ,                   
  969,             ,        10000,            ,               ,               67,            ,  35.64,          ,      3.24,     15.59,        9.42,                ,                   
  970,             ,        10000,            ,               ,               67,            ,  35.64,          ,      1.62,     16.32,        8.97,                ,                   
  971,             ,        10000,            ,               ,               67,            ,  35.64,          ,      1.62,     15.59,        8.60,                ,                   
  972,             ,        10663,            ,               ,               67,            ,  35.64,          ,      1.62,     15.59,        8.60,                ,                   
  973,             ,         9338,            ,               ,               67,            ,  35.64,          ,      1.71,     15.61,        8.66,                ,                   
  974,             ,         9999,            ,               ,               67,            ,  35.64,          ,      3.24,     15.59,        9.42,                ,                   
  975,             ,        10000,            ,               ,               67,            ,  35.64,          ,      1.62,     15.59,        8.60,                ,                   
  976,             ,        10000,            ,               ,               67,            ,  35.64,          ,      1.62,     15.60,        8.61,                ,                   
  977,             ,        10000,            ,               ,               67,            ,  35.64,          ,      1.62,     15.59,        8.60,                ,                   
  978,             ,        10663,            ,               ,               67,            ,  35.64,          ,      1.72,     16.32,        9.02,                ,                   
  979,             ,         9338,            ,               ,               67,            ,  35.64,          ,      3.24,     15.60,        9.42,                ,                   
  980,             ,         9999,            ,               ,               67,            ,  35.64,          ,      1.62,     15.59,        8.60,                ,                   
  981,             ,        10000,            ,               ,               67,            ,  35.64,          ,      1.62,     15.59,        8.60,                ,                   
  982,             ,        10000,            ,               ,               67,            ,  35.64,          ,      1.62,     15.60,        8.61,                ,                   
  983,             ,        10000,            ,               ,               67,            ,  35.64,          ,      1.72,     15.60,        8.66,                ,                   
  984,             ,        10663,            ,               ,               67,            ,  35.64,          ,      3.24,     15.59,        9.42,                ,                   
  985,             ,         9338,            ,               ,               67,            ,  35.64,          ,      1.62,     15.60,        8.61,                ,                   
  986,             ,         9999,            ,               ,               67,            ,  35.64,          ,      1.62,     15.59,        8.60,                ,                   
  987,             ,        10000,            ,               ,               67,            ,  35.64,          ,      1.62,     16.31,        8.96,                ,                   
  988,             ,        10000,            ,               ,               67,            ,  35.64,          ,      1.71,     15.61,        8.66,                ,                   
  989,             ,        10000,            ,               ,               67,            ,  35.64,          ,      3.24,     15.59,        9.42,                ,                   
  990,             ,        10663,            ,               ,               67,            ,  35.64,          ,      1.62,     15.59,        8.60,                ,                   
  991,             ,         9338,            ,               ,               67,            ,  35.64,          ,      1.62,     15.60,        8.61,                ,                   
  992,             ,         9999,            ,               ,               67,            ,  35.64,          ,      1.62,     15.59,        8.60,                ,                   
  993,             ,        10000,            ,               ,               67,            ,  35.64,          ,      1.72,     15.60,        8.66,                ,                   
  994,             ,        10000,            ,               ,               67,            ,  35.64,          ,      3.24,     15.60,        9.42,                ,                   
  995,             ,        10000,            ,               ,               67,            ,  35.64,          ,      1.62,     16.31,        8.96,                ,                   
  996,             ,        10663,            ,               ,               67,            ,  35.64,          ,      1.62,     15.59,        8.60,                ,                   
  997,             ,         9338,            ,               ,               67,            ,  35.64,          ,      1.62,     15.60,        8.61,                ,                   
  998,             ,         9999,            ,               ,               67,            ,  35.64,          ,      1.72,     15.60,        8.66,                ,                   
  999,             ,        10000,            ,               ,               67,            ,  35.64,          ,      3.24,     15.59,        9.42,                ,                   
