method,iteration,write_cycles,read_cycles,round_trip_cycles,free_heap
stream_buffer,0,40738,1352788,1393526,63276
stream_buffer,1,12415,9649,22064,63276
stream_buffer,2,11783,9016,20799,63276
stream_buffer,3,11783,9016,20799,63276
stream_buffer,4,13052,9016,22068,63276
stream_buffer,5,11783,9016,20799,63276
stream_buffer,6,12835,199927,212762,63276
stream_buffer,7,12415,9018,21433,63276
stream_buffer,8,11783,9018,20801,63276
stream_buffer,9,11783,9018,20801,63276
stream_buffer,10,11841,9049,20890,63276
stream_buffer,11,11817,9029,20846,63276
stream_buffer,12,11817,9029,20846,63276
stream_buffer,13,152369,193275,345644,63276
stream_buffer,14,12449,9029,21478,63276
stream_buffer,15,11817,9029,20846,63276
stream_buffer,16,11817,9029,20846,63276
stream_buffer,17,11817,9029,20846,63276
stream_buffer,18,11817,9029,20846,63276
stream_buffer,19,13089,9029,22118,63276
stream_buffer,20,171440,9029,9029,63276
stream_buffer,21,12903,288022,300925,63276
stream_buffer,22,12447,9662,22109,63276
stream_buffer,23,11815,9029,20844,63276
stream_buffer,24,11815,9029,20844,63276
stream_buffer,25,11815,9029,20844,63276
stream_buffer,26,11815,9029,20844,63276
stream_buffer,27,11815,9029,20844,63276
stream_buffer,28,11815,9029,20844,63276
stream_buffer,29,11815,9029,20844,63276
stream_buffer,30,11815,10751,22566,63276
stream_buffer,31,224823,182983,407806,63276
stream_buffer,32,12471,9093,21564,63276
stream_buffer,33,11817,9029,20846,63276
stream_buffer,34,11817,9029,20846,63276
stream_buffer,35,11817,9029,20846,63276
stream_buffer,36,13600,9029,22629,63276
stream_buffer,37,11817,9029,20846,63276
stream_buffer,38,12871,198431,211302,63276
stream_buffer,39,12449,9031,21480,63276
stream_buffer,40,11817,9031,20848,63276
stream_buffer,41,11817,9031,20848,63276
stream_buffer,42,11817,9029,20846,63276
stream_buffer,43,11783,9016,20799,63276
stream_buffer,44,11783,9016,20799,63276
stream_buffer,45,152146,193510,345656,63276
stream_buffer,46,12415,9016,21431,63276
stream_buffer,47,11783,9016,20799,63276
stream_buffer,48,11783,9016,20799,63276
stream_buffer,49,11783,9016,20799,63276
stream_buffer,50,11783,9016,20799,63276
stream_buffer,51,11835,9016,20851,63276
stream_buffer,52,171186,9016,9016,63276
stream_buffer,53,12895,286747,299642,63276
stream_buffer,54,12449,9661,22110,63276
stream_buffer,55,11817,9029,20846,63276
stream_buffer,56,11817,9029,20846,63276
stream_buffer,57,11817,9029,20846,63276
stream_buffer,58,11817,9029,20846,63276
stream_buffer,59,11817,9029,20846,63276
stream_buffer,60,11817,9029,20846,63276
stream_buffer,61,11817,9029,20846,63276
stream_buffer,62,11817,9384,21201,63276
stream_buffer,63,215035,189073,404108,63276
stream_buffer,64,12481,9092,21573,63276
stream_buffer,65,11815,9029,20844,63276
stream_buffer,66,11815,9029,20844,63276
stream_buffer,67,11815,9029,20844,63276
stream_buffer,68,11815,9029,20844,63276
stream_buffer,69,11815,9029,20844,63276
stream_buffer,70,152483,193111,345594,63276
stream_buffer,71,12448,9031,21479,63276
stream_buffer,72,11815,9031,20846,63276
stream_buffer,73,11815,9031,20846,63276
stream_buffer,74,11815,9031,20846,63276
stream_buffer,75,11839,9093,20932,63276
stream_buffer,76,12749,9029,21778,63276
stream_buffer,77,171503,9029,9029,63276
stream_buffer,78,12871,286647,299518,63276
stream_buffer,79,12449,9663,22112,63276
stream_buffer,80,11817,9031,20848,63276
stream_buffer,81,11817,9031,20848,63276
stream_buffer,82,11817,9031,20848,63276
stream_buffer,83,11817,9031,20848,63276
stream_buffer,84,11817,9031,20848,63276
stream_buffer,85,11817,9029,20846,63276
stream_buffer,86,11783,9016,20799,63276
stream_buffer,87,11783,9436,21219,63276
stream_buffer,88,214868,189239,404107,63276
stream_buffer,89,12415,9016,21431,63276
stream_buffer,90,11783,9016,20799,63276
stream_buffer,91,11783,9016,20799,63276
stream_buffer,92,11783,9016,20799,63276
stream_buffer,93,11783,9016,20799,63276
stream_buffer,94,11783,9016,20799,63276
stream_buffer,95,152258,193338,345596,63276
stream_buffer,96,12473,9049,21522,63276
stream_buffer,97,11817,9029,20846,63276
stream_buffer,98,11817,9029,20846,63276
stream_buffer,99,11817,9029,20846,63276
stream_buffer,100,11817,9029,20846,63276
stream_buffer,101,13139,9029,22168,63276
stream_buffer,102,171420,9029,9029,63276
stream_buffer,103,12871,286701,299572,63276
stream_buffer,104,12449,9663,22112,63276
stream_buffer,105,11817,9031,20848,63276
stream_buffer,106,11817,9031,20848,63276
stream_buffer,107,11849,9092,20941,63276
stream_buffer,108,11815,9029,20844,63276
stream_buffer,109,11815,9029,20844,63276
stream_buffer,110,11815,9029,20844,63276
stream_buffer,111,11815,9029,20844,63276
stream_buffer,112,11815,9380,21195,63276
stream_buffer,113,215111,189003,404114,63276
stream_buffer,114,12447,9031,21478,63276
stream_buffer,115,11815,9031,20846,63276
stream_buffer,116,11815,9031,20846,63276
stream_buffer,117,11815,9031,20846,63276
stream_buffer,118,11839,9093,20932,63276
stream_buffer,119,11817,9029,20846,63276
stream_buffer,120,152449,193148,345597,63276
stream_buffer,121,12450,9029,21479,63276
stream_buffer,122,11817,9029,20846,63276
stream_buffer,123,11817,9029,20846,63276
stream_buffer,124,11817,9029,20846,63276
stream_buffer,125,11817,9029,20846,63276
stream_buffer,126,12827,9029,21856,63276
stream_buffer,127,171469,9029,9029,63276
stream_buffer,128,12871,286529,299400,63276
stream_buffer,129,12415,9649,22064,63276
stream_buffer,130,11783,9016,20799,63276
stream_buffer,131,11783,9016,20799,63276
stream_buffer,132,11783,9016,20799,63276
stream_buffer,133,11783,9016,20799,63276
stream_buffer,134,11783,9016,20799,63276
stream_buffer,135,11783,9016,20799,63276
stream_buffer,136,11783,9016,20799,63276
stream_buffer,137,11783,9399,21182,63276
stream_buffer,138,214794,189384,404178,63276
stream_buffer,139,12473,9049,21522,63276
stream_buffer,140,11817,9029,20846,63276
stream_buffer,141,11817,9029,20846,63276
stream_buffer,142,11817,9029,20846,63276
stream_buffer,143,11817,9029,20846,63276
stream_buffer,144,11817,9029,20846,63276
stream_buffer,145,152297,193315,345612,63276
stream_buffer,146,12450,9031,21481,63276
stream_buffer,147,11817,9031,20848,63276
stream_buffer,148,11817,9031,20848,63276
stream_buffer,149,11817,9031,20848,63276
stream_buffer,150,11849,9092,20941,63276
stream_buffer,151,12817,9029,21846,63276
stream_buffer,152,171469,9029,9029,63276
stream_buffer,153,12869,286708,299577,63276
stream_buffer,154,12447,9663,22110,63276
stream_buffer,155,11815,9031,20846,63276
stream_buffer,156,11815,9031,20846,63276
stream_buffer,157,11815,9031,20846,63276
stream_buffer,158,11815,9031,20846,63276
stream_buffer,159,11815,9031,20846,63276
stream_buffer,160,11815,9031,20846,63276
stream_buffer,161,11839,9093,20932,63276
stream_buffer,162,11817,9401,21218,63276
stream_buffer,163,215111,188977,404088,63276
stream_buffer,164,12449,9029,21478,63276
stream_buffer,165,11817,9029,20846,63276
stream_buffer,166,11817,9029,20846,63276
stream_buffer,167,11817,9029,20846,63276
stream_buffer,168,11817,9029,20846,63276
stream_buffer,169,11817,9029,20846,63276
stream_buffer,170,152347,193252,345599,63276
stream_buffer,171,12449,9029,21478,63276
stream_buffer,172,11783,9016,20799,63276
stream_buffer,173,11783,9016,20799,63276
stream_buffer,174,11783,9016,20799,63276
stream_buffer,175,11783,9016,20799,63276
stream_buffer,176,13318,9016,22334,63276
stream_buffer,177,171460,9016,9016,63276
stream_buffer,178,12835,286667,299502,63276
stream_buffer,179,12415,9650,22065,63276
stream_buffer,180,11783,9018,20801,63276
stream_buffer,181,11783,9018,20801,63276
stream_buffer,182,11841,9049,20890,63276
stream_buffer,183,11817,9029,20846,63276
stream_buffer,184,11817,9029,20846,63276
stream_buffer,185,11817,9029,20846,63276
stream_buffer,186,11817,9029,20846,63276
stream_buffer,187,11817,9396,21213,63276
stream_buffer,188,215051,189057,404108,63276
stream_buffer,189,12449,9031,21480,63276
stream_buffer,190,11817,9031,20848,63276
stream_buffer,191,11817,9031,20848,63276
stream_buffer,192,11817,9031,20848,63276
stream_buffer,193,11849,9092,20941,63276
stream_buffer,194,11815,9029,20844,63276
stream_buffer,195,152447,193148,345595,63276
stream_buffer,196,12448,9029,21477,63276
stream_buffer,197,11815,9029,20844,63276
stream_buffer,198,11815,9029,20844,63276
stream_buffer,199,11815,9029,20844,63276
stream_buffer,200,11815,9029,20844,63276
stream_buffer,201,12854,9029,21883,63276
stream_buffer,202,171465,9029,9029,63276
stream_buffer,203,12869,286667,299536,63276
stream_buffer,204,12471,9725,22196,63276
stream_buffer,205,11817,9029,20846,63276
stream_buffer,206,11817,9029,20846,63276
stream_buffer,207,11817,9029,20846,63276
stream_buffer,208,11817,9029,20846,63276
stream_buffer,209,11817,9029,20846,63276
stream_buffer,210,11817,9029,20846,63276
stream_buffer,211,11817,9029,20846,63276
stream_buffer,212,11817,9400,21217,63276
stream_buffer,213,215031,189078,404109,63276
stream_buffer,214,12449,9029,21478,63276
stream_buffer,215,11783,9016,20799,63276
stream_buffer,216,11783,9016,20799,63276
stream_buffer,217,11783,9016,20799,63276
stream_buffer,218,11783,9016,20799,63276
stream_buffer,219,11783,9016,20799,63276
stream_buffer,220,152276,193303,345579,63276
stream_buffer,221,12415,9018,21433,63276
stream_buffer,222,11783,9018,20801,63276
stream_buffer,223,11783,9018,20801,63276
stream_buffer,224,11783,9018,20801,63276
stream_buffer,225,11841,9049,20890,63276
stream_buffer,226,13389,9029,22418,63276
stream_buffer,227,171499,9029,9029,63276
stream_buffer,228,12871,286699,299570,63276
stream_buffer,229,12449,9663,22112,63276
stream_buffer,230,11817,9031,20848,63276
stream_buffer,231,11817,9031,20848,63276
stream_buffer,232,11817,9031,20848,63276
stream_buffer,233,11817,9031,20848,63276
stream_buffer,234,11817,9031,20848,63276
stream_buffer,235,11817,9031,20848,63276
stream_buffer,236,11849,9092,20941,63276
stream_buffer,237,11815,9394,21209,63276
stream_buffer,238,215019,189055,404074,63276
stream_buffer,239,12447,9029,21476,63276
stream_buffer,240,11815,9029,20844,63276
stream_buffer,241,11815,9029,20844,63276
stream_buffer,242,11815,9029,20844,63276
stream_buffer,243,11815,9029,20844,63276
stream_buffer,244,11815,9029,20844,63276
stream_buffer,245,152343,193316,345659,63276
stream_buffer,246,12448,9031,21479,63276
stream_buffer,247,11839,9093,20932,63276
stream_buffer,248,11817,9029,20846,63276
stream_buffer,249,11817,9029,20846,63276
stream_buffer,250,11817,9029,20846,63276
stream_buffer,251,13122,9029,22151,63276
stream_buffer,252,171474,9029,9029,63276
stream_buffer,253,12871,286521,299392,63276
stream_buffer,254,12449,9664,22113,63276
stream_buffer,255,11817,9031,20848,63276
stream_buffer,256,11817,9031,20848,63276
stream_buffer,257,11817,9029,20846,63276
stream_buffer,258,11783,9016,20799,63276
stream_buffer,259,11783,9016,20799,63276
stream_buffer,260,11783,9016,20799,63276
stream_buffer,261,11783,9016,20799,63276
stream_buffer,262,11783,9409,21192,63276
stream_buffer,263,214772,189405,404177,63276
stream_buffer,264,12415,9018,21433,63276
stream_buffer,265,11783,9018,20801,63276
stream_buffer,266,11783,9018,20801,63276
stream_buffer,267,11783,9018,20801,63276
stream_buffer,268,11841,9049,20890,63276
stream_buffer,269,11817,9029,20846,63276
stream_buffer,270,152299,193274,345573,63276
stream_buffer,271,12450,9029,21479,63276
stream_buffer,272,11817,9029,20846,63276
stream_buffer,273,11817,9029,20846,63276
stream_buffer,274,11817,9029,20846,63276
stream_buffer,275,11817,9029,20846,63276
stream_buffer,276,12856,9029,21885,63276
stream_buffer,277,171467,9029,9029,63276
stream_buffer,278,12871,286659,299530,63276
stream_buffer,279,12481,9724,22205,63276
stream_buffer,280,11815,9029,20844,63276
stream_buffer,281,11815,9029,20844,63276
stream_buffer,282,11815,9029,20844,63276
stream_buffer,283,11815,9029,20844,63276
stream_buffer,284,11815,9029,20844,63276
stream_buffer,285,11815,9029,20844,63276
stream_buffer,286,11815,9029,20844,63276
stream_buffer,287,11815,9414,21229,63276
stream_buffer,288,215055,189059,404114,63276
stream_buffer,289,12447,9031,21478,63276
stream_buffer,290,11839,9093,20932,63276
stream_buffer,291,11817,9029,20846,63276
stream_buffer,292,11817,9029,20846,63276
stream_buffer,293,11817,9029,20846,63276
stream_buffer,294,11817,9029,20846,63276
stream_buffer,295,152445,299375,451820,63276
stream_buffer,296,12450,13862,26312,63276
stream_buffer,297,11817,9663,21480,63276
stream_buffer,298,11817,9031,20848,63276
stream_buffer,299,11817,9031,20848,63276
stream_buffer,300,11817,9029,20846,63276
stream_buffer,301,12791,9016,21807,63276
stream_buffer,302,24828,9016,33844,63276
stream_buffer,303,11783,9016,20799,63276
stream_buffer,304,11783,9016,20799,63276
stream_buffer,305,11783,11332,23115,63276
stream_buffer,306,262642,9016,9016,63276
stream_buffer,307,12835,287622,300457,63276
stream_buffer,308,12415,9651,22066,63276
stream_buffer,309,11783,9018,20801,63276
stream_buffer,310,11783,9018,20801,63276
stream_buffer,311,14069,9049,23118,63276
stream_buffer,312,11817,9029,20846,63276
stream_buffer,313,11817,9029,20846,63276
stream_buffer,314,11817,9095,20912,63276
stream_buffer,315,11817,9029,20846,63276
stream_buffer,316,11907,9031,20938,63276
stream_buffer,317,184672,9031,193703,63276
stream_buffer,318,11817,9031,20848,63276
stream_buffer,319,11817,9031,20848,63276
stream_buffer,320,11817,9031,20848,63276
stream_buffer,321,11817,9031,20848,63276
stream_buffer,322,13303,10570,23873,63276
stream_buffer,323,11815,9029,20844,63276
stream_buffer,324,11815,172335,184150,63276
stream_buffer,325,11815,9029,20844,63276
stream_buffer,326,11815,9029,20844,63276
stream_buffer,327,11815,9029,20844,63276
stream_buffer,328,11815,9029,20844,63276
stream_buffer,329,11815,9029,20844,63276
stream_buffer,330,135029,214372,349401,63276
stream_buffer,331,12449,9031,21480,63276
stream_buffer,332,12447,9031,21478,63276
stream_buffer,333,11839,9093,20932,63276
stream_buffer,334,11817,9029,20846,63276
stream_buffer,335,11817,9029,20846,63276
stream_buffer,336,11817,9029,20846,63276
stream_buffer,337,11817,9029,20846,63276
stream_buffer,338,172310,264774,437084,63276
stream_buffer,339,12449,9663,22112,63276
stream_buffer,340,11817,9031,20848,63276
stream_buffer,341,11817,9031,20848,63276
stream_buffer,342,11817,9031,20848,63276
stream_buffer,343,12064,9029,21093,63276
stream_buffer,344,11783,9016,20799,63276
stream_buffer,345,11783,9016,20799,63276
stream_buffer,346,11783,9016,20799,63276
stream_buffer,347,11783,9016,20799,63276
stream_buffer,348,215440,208791,424231,63276
stream_buffer,349,14768,9018,23786,63276
stream_buffer,350,11783,9018,20801,63276
stream_buffer,351,11783,9018,20801,63276
stream_buffer,352,11783,9018,20801,63276
stream_buffer,353,11783,9018,20801,63276
stream_buffer,354,11841,9049,20890,63276
stream_buffer,355,11817,9029,20846,63276
stream_buffer,356,12871,274563,287434,63276
stream_buffer,357,12449,10968,23417,63276
stream_buffer,358,11817,9031,20848,63276
stream_buffer,359,11817,11385,23202,63276
stream_buffer,360,11817,9031,20848,63276
stream_buffer,361,11818,9031,20849,63276
stream_buffer,362,14212,9031,23243,63276
stream_buffer,363,11817,9031,20848,63276
stream_buffer,364,11817,9031,20848,63276
stream_buffer,365,11849,9092,20941,63276
stream_buffer,366,217267,295571,512838,63276
stream_buffer,367,12428,12724,25152,63276
stream_buffer,368,11815,9663,21478,63276
stream_buffer,369,11815,12635,24450,63276
stream_buffer,370,11815,9663,21478,63276
stream_buffer,371,11815,9031,20846,63276
stream_buffer,372,13569,9031,22600,63276
stream_buffer,373,20422,9031,29453,63276
stream_buffer,374,11815,11303,23118,63276
stream_buffer,375,11815,9031,20846,63276
stream_buffer,376,11839,9093,20932,63276
stream_buffer,377,71122,9029,80151,63276
stream_buffer,378,11817,9029,20846,63276
stream_buffer,379,221019,238963,459982,63276
stream_buffer,380,12567,9031,21598,63276
stream_buffer,381,11817,9031,20848,63276
stream_buffer,382,11817,9031,20848,63276
stream_buffer,383,11817,9031,20848,63276
stream_buffer,384,11817,9031,20848,63276
stream_buffer,385,11817,9031,20848,63276
stream_buffer,386,11817,9029,20846,63276
stream_buffer,387,11783,171243,183026,63276
stream_buffer,388,171464,9016,180480,63276
stream_buffer,389,11783,9016,20799,63276
stream_buffer,390,11783,9016,20799,63276
stream_buffer,391,11783,9016,20799,63276
stream_buffer,392,11783,9016,20799,63276
stream_buffer,393,13528,9016,22544,63276
stream_buffer,394,11783,9016,20799,63276
stream_buffer,395,12834,279131,291965,63276
stream_buffer,396,12415,9924,22339,63276
stream_buffer,397,11841,9049,20890,63276
stream_buffer,398,11817,11423,23240,63276
stream_buffer,399,11817,9029,20846,63276
stream_buffer,400,13162,9029,22191,63276
stream_buffer,401,14213,9029,23242,63276
stream_buffer,402,11817,9029,20846,63276
stream_buffer,403,11817,9029,20846,63276
stream_buffer,404,11817,9029,20846,63276
stream_buffer,405,215261,197432,412693,63276
stream_buffer,406,14803,9031,23834,63276
stream_buffer,407,11817,9031,20848,63276
stream_buffer,408,11849,9092,20941,63276
stream_buffer,409,11815,9029,20844,63276
stream_buffer,410,11815,9029,20844,63276
stream_buffer,411,13337,9029,22366,63276
stream_buffer,412,11815,9029,9029,63276
stream_buffer,413,12869,283068,295937,63276
stream_buffer,414,12447,10435,22882,63276
stream_buffer,415,11815,9031,20846,63276
stream_buffer,416,11815,9031,20846,63276
stream_buffer,417,11815,9031,20846,63276
stream_buffer,418,11815,9031,20846,63276
stream_buffer,419,14233,9093,23326,63276
stream_buffer,420,11817,9029,20846,63276
stream_buffer,421,11817,9029,20846,63276
stream_buffer,422,11817,10243,22060,63276
stream_buffer,423,216221,189602,405823,63276
stream_buffer,424,12449,9031,21480,63276
stream_buffer,425,11817,9031,20848,63276
stream_buffer,426,11817,9031,20848,63276
stream_buffer,427,11817,9031,20848,63276
stream_buffer,428,11817,9031,20848,63276
stream_buffer,429,11817,9029,20846,63276
stream_buffer,430,170298,9016,9016,63276
stream_buffer,431,12835,289131,301966,63276
stream_buffer,432,12415,9651,22066,63276
stream_buffer,433,11783,9018,20801,63276
stream_buffer,434,11783,9018,20801,63276
stream_buffer,435,13464,9018,22482,63276
stream_buffer,436,11783,9018,20801,63276
stream_buffer,437,11783,9018,20801,63276
stream_buffer,438,11783,9018,20801,63276
stream_buffer,439,11783,9018,20801,63276
stream_buffer,440,11841,9649,21490,63276
stream_buffer,441,216585,185266,401851,63276
stream_buffer,442,12449,9029,21478,63276
stream_buffer,443,11817,9029,20846,63276
stream_buffer,444,11817,9029,20846,63276
stream_buffer,445,11817,9029,20846,63276
stream_buffer,446,11817,9029,20846,63276
stream_buffer,447,11817,9029,20846,63276
stream_buffer,448,10322,193966,204288,63276
stream_buffer,449,12449,9031,21480,63276
stream_buffer,450,11817,9031,20848,63276
stream_buffer,451,11849,9092,20941,63276
stream_buffer,452,11815,9029,20844,63276
stream_buffer,453,11815,9029,20844,63276
stream_buffer,454,11815,9029,20844,63276
stream_buffer,455,170372,9029,9029,63276
stream_buffer,456,12869,289181,302050,63276
stream_buffer,457,12447,9663,22110,63276
stream_buffer,458,11815,9031,20846,63276
stream_buffer,459,11815,9031,20846,63276
stream_buffer,460,13075,9031,22106,63276
stream_buffer,461,11815,9031,20846,63276
stream_buffer,462,11839,9093,20932,63276
stream_buffer,463,11817,9029,20846,63276
stream_buffer,464,11817,9029,20846,63276
stream_buffer,465,11817,9513,21330,63276
stream_buffer,466,216397,185165,401562,63276
stream_buffer,467,12449,9031,21480,63276
stream_buffer,468,11817,9031,20848,63276
stream_buffer,469,11817,9031,20848,63276
stream_buffer,470,11817,9031,20848,63276
stream_buffer,471,11817,9031,20848,63276
stream_buffer,472,11817,9029,20846,63276
stream_buffer,473,10287,193648,203935,63276
stream_buffer,474,12415,9016,21431,63276
stream_buffer,475,11783,9016,20799,63276
stream_buffer,476,11783,9016,20799,63276
stream_buffer,477,11783,9016,20799,63276
stream_buffer,478,11783,9016,20799,63276
stream_buffer,479,11783,9016,20799,63276
stream_buffer,480,170183,9016,9016,63276
stream_buffer,481,12835,289292,302127,63276
stream_buffer,482,12415,9650,22065,63276
stream_buffer,483,11841,9049,20890,63276
stream_buffer,484,11817,9029,20846,63276
stream_buffer,485,13299,9029,22328,63276
stream_buffer,486,11817,9029,20846,63276
stream_buffer,487,11817,9029,20846,63276
stream_buffer,488,11817,9029,20846,63276
stream_buffer,489,11817,9029,20846,63276
stream_buffer,490,11817,9459,21276,63276
stream_buffer,491,216509,185218,401727,63276
stream_buffer,492,12449,9031,21480,63276
stream_buffer,493,11817,9031,20848,63276
stream_buffer,494,11849,9092,20941,63276
stream_buffer,495,11815,9029,20844,63276
stream_buffer,496,11815,9029,20844,63276
stream_buffer,497,11815,9029,20844,63276
stream_buffer,498,10320,193944,204264,63276
stream_buffer,499,12447,9031,21478,63276
stream_buffer,500,11815,9031,20846,63276
stream_buffer,501,11815,9031,20846,63276
stream_buffer,502,11815,9031,20846,63276
stream_buffer,503,11815,9031,20846,63276
stream_buffer,504,11815,9031,20846,63276
stream_buffer,505,170392,9093,9093,63276
stream_buffer,506,12871,289192,302063,63276
stream_buffer,507,12449,9663,22112,63276
stream_buffer,508,11817,9031,20848,63276
stream_buffer,509,11817,9031,20848,63276
stream_buffer,510,13087,9031,22118,63276
stream_buffer,511,11817,9031,20848,63276
stream_buffer,512,11817,9031,20848,63276
stream_buffer,513,11817,9031,20848,63276
stream_buffer,514,11817,9031,20848,63276
stream_buffer,515,11817,9629,21446,63276
stream_buffer,516,216408,185066,401474,63276
stream_buffer,517,12415,9016,21431,63276
stream_buffer,518,11783,9016,20799,63276
stream_buffer,519,11783,9016,20799,63276
stream_buffer,520,11783,9016,20799,63276
stream_buffer,521,11783,9016,20799,63276
stream_buffer,522,11783,9016,20799,63276
stream_buffer,523,10287,193838,204125,63276
stream_buffer,524,12415,9018,21433,63276
stream_buffer,525,11783,9018,20801,63276
stream_buffer,526,11841,9049,20890,63276
stream_buffer,527,11817,9029,20846,63276
stream_buffer,528,11817,9029,20846,63276
stream_buffer,529,11817,9029,20846,63276
stream_buffer,530,170203,9029,9029,63276
stream_buffer,531,12871,289326,302197,63276
stream_buffer,532,12449,9663,22112,63276
stream_buffer,533,11817,9031,20848,63276
stream_buffer,534,11817,9031,20848,63276
stream_buffer,535,13183,9031,22214,63276
stream_buffer,536,11817,9031,20848,63276
stream_buffer,537,11849,9092,20941,63276
stream_buffer,538,11815,9029,20844,63276
stream_buffer,539,11815,9029,20844,63276
stream_buffer,540,11815,9546,21361,63276
stream_buffer,541,216389,185190,401579,63276
stream_buffer,542,12447,9029,21476,63276
stream_buffer,543,11815,9029,20844,63276
stream_buffer,544,11815,9029,20844,63276
stream_buffer,545,11815,9029,20844,63276
stream_buffer,546,11815,9029,20844,63276
stream_buffer,547,11815,9029,20844,63276
stream_buffer,548,10349,193976,204325,63276
stream_buffer,549,12449,9029,21478,63276
stream_buffer,550,11817,9029,20846,63276
stream_buffer,551,11817,9029,20846,63276
stream_buffer,552,11817,9029,20846,63276
stream_buffer,553,11817,9029,20846,63276
stream_buffer,554,11817,9029,20846,63276
stream_buffer,555,170304,9029,9029,63276
stream_buffer,556,12871,288936,301807,63276
stream_buffer,557,12449,9663,22112,63276
stream_buffer,558,11817,9029,20846,63276
stream_buffer,559,11783,9016,20799,63276
stream_buffer,560,13103,9016,22119,63276
stream_buffer,561,11783,9016,20799,63276
stream_buffer,562,11783,9016,20799,63276
stream_buffer,563,11783,9016,20799,63276
stream_buffer,564,11783,9016,20799,63276
stream_buffer,565,11783,9653,21436,63276
stream_buffer,566,216654,185111,401765,63276
stream_buffer,567,12415,9018,21433,63276
stream_buffer,568,11783,9018,20801,63276
stream_buffer,569,11841,9049,20890,63276
stream_buffer,570,11817,9029,20846,63276
stream_buffer,571,11817,9029,20846,63276
stream_buffer,572,11817,9029,20846,63276
stream_buffer,573,10322,194496,204818,63276
stream_buffer,574,12449,9031,21480,63276
stream_buffer,575,11817,9031,20848,63276
stream_buffer,576,11817,9031,20848,63276
stream_buffer,577,11817,9031,20848,63276
stream_buffer,578,11817,9031,20848,63276
stream_buffer,579,11817,9031,20848,63276
stream_buffer,580,172237,9092,9092,63276
stream_buffer,581,12869,289198,302067,63276
stream_buffer,582,12447,9662,22109,63276
stream_buffer,583,11815,11217,23032,63276
stream_buffer,584,11815,9029,20844,63276
stream_buffer,585,12934,9029,21963,63276
stream_buffer,586,11815,9029,20844,63276
stream_buffer,587,11815,9029,20844,63276
stream_buffer,588,11815,9029,20844,63276
stream_buffer,589,11815,9029,20844,63276
stream_buffer,590,11815,9113,20928,63276
stream_buffer,591,214840,184742,399582,63276
stream_buffer,592,12449,9029,21478,63276
stream_buffer,593,11817,9029,20846,63276
stream_buffer,594,11817,9029,20846,63276
stream_buffer,595,11817,9029,20846,63276
stream_buffer,596,11817,9029,20846,63276
stream_buffer,597,11817,9029,20846,63276
stream_buffer,598,10322,193733,204055,63276
stream_buffer,599,12449,9031,21480,63276
stream_buffer,600,11817,9031,20848,63276
stream_buffer,601,11817,9029,20846,63276
stream_buffer,602,11783,9016,20799,63276
stream_buffer,603,11783,9016,20799,63276
stream_buffer,604,11783,9016,20799,63276
stream_buffer,605,170286,9016,9016,63276
stream_buffer,606,12835,289267,302102,63276
stream_buffer,607,12415,9651,22066,63276
stream_buffer,608,11783,9018,20801,63276
stream_buffer,609,11783,9018,20801,63276
stream_buffer,610,13480,9018,22498,63276
stream_buffer,611,11783,9018,20801,63276
stream_buffer,612,11841,9049,20890,63276
stream_buffer,613,11817,9029,20846,63276
stream_buffer,614,11817,9029,20846,63276
stream_buffer,615,11817,9459,21276,63276
stream_buffer,616,216425,185180,401605,63276
stream_buffer,617,12449,9029,21478,63276
stream_buffer,618,11817,9029,20846,63276
stream_buffer,619,11817,9029,20846,63276
stream_buffer,620,11817,9029,20846,63276
stream_buffer,621,11817,9029,20846,63276
stream_buffer,622,11817,9029,20846,63276
stream_buffer,623,10361,194462,204823,63276
stream_buffer,624,12447,9029,21476,63276
stream_buffer,625,11815,9029,20844,63276
stream_buffer,626,11815,9029,20844,63276
stream_buffer,627,11815,9029,20844,63276
stream_buffer,628,11815,9029,20844,63276
stream_buffer,629,11815,9029,20844,63276
stream_buffer,630,152446,193758,346204,63276
stream_buffer,631,14803,9031,23834,63276
stream_buffer,632,12447,9031,21478,63276
stream_buffer,633,11815,9031,20846,63276
stream_buffer,634,11839,9093,20932,63276
stream_buffer,635,11817,9029,20846,63276
stream_buffer,636,12955,9029,21984,63276
stream_buffer,637,170141,9029,9029,63276
stream_buffer,638,12871,285127,297998,63276
stream_buffer,639,12449,9912,22361,63276
stream_buffer,640,11817,9031,20848,63276
stream_buffer,641,11817,9031,20848,63276
stream_buffer,642,11817,9031,20848,63276
stream_buffer,643,11817,9031,20848,63276
stream_buffer,644,14085,9029,23114,63276
stream_buffer,645,11783,9016,20799,63276
stream_buffer,646,11783,9016,20799,63276
stream_buffer,647,11783,10261,22044,63276
stream_buffer,648,215780,189913,405693,63276
stream_buffer,649,12415,9016,21431,63276
stream_buffer,650,11783,9016,20799,63276
stream_buffer,651,11783,9016,20799,63276
stream_buffer,652,11783,9016,20799,63276
stream_buffer,653,11783,9016,20799,63276
stream_buffer,654,11783,9016,20799,63276
stream_buffer,655,152388,294483,446871,63276
stream_buffer,656,12450,12728,25178,63276
stream_buffer,657,11817,9661,21478,63276
stream_buffer,658,11817,12634,24451,63276
stream_buffer,659,11817,9663,21480,63276
stream_buffer,660,11817,9031,20848,63276
stream_buffer,661,13101,9031,22132,63276
stream_buffer,662,20278,9031,29309,63276
stream_buffer,663,11817,11426,23243,63276
stream_buffer,664,11817,9031,20848,63276
stream_buffer,665,11817,9031,20848,63276
stream_buffer,666,71353,9092,80445,63276
stream_buffer,667,11815,9029,20844,63276
stream_buffer,668,220019,238819,458838,63276
stream_buffer,669,13124,9029,22153,63276
stream_buffer,670,11815,9029,20844,63276
stream_buffer,671,11815,9029,20844,63276
stream_buffer,672,11815,9029,20844,63276
stream_buffer,673,11815,9029,20844,63276
stream_buffer,674,11815,9029,20844,63276
stream_buffer,675,11815,9029,20844,63276
stream_buffer,676,11815,16780,28595,63276
stream_buffer,677,218426,9093,9093,63276
stream_buffer,678,12871,289168,302039,63276
stream_buffer,679,12449,9663,22112,63276
stream_buffer,680,13020,9031,22051,63276
stream_buffer,681,11817,9031,20848,63276
stream_buffer,682,11817,9031,20848,63276
stream_buffer,683,11817,9031,20848,63276
stream_buffer,684,11817,9031,20848,63276
stream_buffer,685,11817,9031,20848,63276
stream_buffer,686,11817,11346,23163,63276
stream_buffer,687,11817,9029,20846,63276
stream_buffer,688,216026,265817,481843,63276
stream_buffer,689,12415,9648,22063,63276
stream_buffer,690,11783,9016,20799,63276
stream_buffer,691,11783,9016,20799,63276
stream_buffer,692,11783,9016,20799,63276
stream_buffer,693,14049,9016,23065,63276
stream_buffer,694,11783,9016,20799,63276
stream_buffer,695,11783,9016,20799,63276
stream_buffer,696,11783,9617,21400,63276
stream_buffer,697,11783,9016,20799,63276
stream_buffer,698,206911,9049,215960,63276
stream_buffer,699,11817,9029,20846,63276
stream_buffer,700,11817,9029,20846,63276
stream_buffer,701,11817,9029,20846,63276
stream_buffer,702,11817,9029,20846,63276
stream_buffer,703,13044,9029,22073,63276
stream_buffer,704,11817,10223,22040,63276
stream_buffer,705,15059,307902,322961,63276
stream_buffer,706,12449,12634,25083,63276
stream_buffer,707,11817,41688,53505,63276
stream_buffer,708,11817,9663,21480,63276
stream_buffer,709,11849,9092,20941,63276
stream_buffer,710,12934,9029,21963,63276
stream_buffer,711,11815,9029,20844,63276
stream_buffer,712,11815,9034,20849,63276
stream_buffer,713,11815,9029,20844,63276
stream_buffer,714,11815,9029,20844,63276
stream_buffer,715,11815,9029,20844,63276
stream_buffer,716,54928,9029,63957,63276
stream_buffer,717,217909,266813,484722,63276
stream_buffer,718,12447,9663,22110,63276
stream_buffer,719,13029,9031,22060,63276
stream_buffer,720,11839,9093,20932,63276
stream_buffer,721,11817,9029,20846,63276
stream_buffer,722,11817,9029,20846,63276
stream_buffer,723,11817,9040,20857,63276
stream_buffer,724,11817,9029,20846,63276
stream_buffer,725,11817,11424,23241,63276
stream_buffer,726,11817,9029,20846,63276
stream_buffer,727,217029,266054,483083,63276
stream_buffer,728,12449,11850,24299,63276
stream_buffer,729,11817,9031,20848,63276
stream_buffer,730,11817,9029,20846,63276
stream_buffer,731,11783,9016,20799,63276
stream_buffer,732,11782,9016,20798,63276
stream_buffer,733,11783,9016,20799,63276
stream_buffer,734,11783,9016,20799,63276
stream_buffer,735,11783,9111,20894,63276
stream_buffer,736,11783,9016,20799,63276
stream_buffer,737,204405,9018,213423,63276
stream_buffer,738,11783,9018,20801,63276
stream_buffer,739,11783,9018,20801,63276
stream_buffer,740,11783,9018,20801,63276
stream_buffer,741,11841,9049,20890,63276
stream_buffer,742,13169,9029,22198,63276
stream_buffer,743,11817,10328,22145,63276
stream_buffer,744,13699,278640,292339,63276
stream_buffer,745,12449,9663,22112,63276
stream_buffer,746,11817,9031,20848,63276
stream_buffer,747,11817,9031,20848,63276
stream_buffer,748,11817,9031,20848,63276
stream_buffer,749,12862,9031,21893,63276
stream_buffer,750,11817,9031,20848,63276
stream_buffer,751,11817,9031,20848,63276
stream_buffer,752,11849,9092,20941,63276
stream_buffer,753,11815,9029,20844,63276
stream_buffer,754,215233,208511,423744,63276
stream_buffer,755,14800,9029,23829,63276
stream_buffer,756,11815,9029,20844,63276
stream_buffer,757,11815,9029,20844,63276
stream_buffer,758,11815,9029,20844,63276
stream_buffer,759,11815,9029,20844,63276
stream_buffer,760,11815,9029,20844,63276
stream_buffer,761,11815,9029,20844,63276
stream_buffer,762,12869,274573,287442,63276
stream_buffer,763,12471,10913,23384,63276
stream_buffer,764,11817,9029,20846,63276
stream_buffer,765,11817,11382,23199,63276
stream_buffer,766,11817,9029,20846,63276
stream_buffer,767,11817,9029,20846,63276
stream_buffer,768,14212,9029,23241,63276
stream_buffer,769,11817,9029,20846,63276
stream_buffer,770,11817,9029,20846,63276
stream_buffer,771,11817,9029,20846,63276
stream_buffer,772,217225,295213,512438,63276
stream_buffer,773,12429,12734,25163,63276
stream_buffer,774,11783,9648,21431,63276
stream_buffer,775,11783,12622,24405,63276
stream_buffer,776,11783,9650,21433,63276
stream_buffer,777,11783,9018,20801,63276
stream_buffer,778,13527,9018,22545,63276
stream_buffer,779,20267,9018,29285,63276
stream_buffer,780,11783,11413,23196,63276
stream_buffer,781,11783,9018,20801,63276
stream_buffer,782,11783,9018,20801,63276
stream_buffer,783,71291,9018,80309,63276
stream_buffer,784,11841,9049,20890,63276
stream_buffer,785,219877,238985,458862,63276
stream_buffer,786,13323,9029,22352,63276
stream_buffer,787,11817,9029,20846,63276
stream_buffer,788,11817,9029,20846,63276
stream_buffer,789,11817,9029,20846,63276
stream_buffer,790,11817,9029,20846,63276
stream_buffer,791,11817,9029,20846,63276
stream_buffer,792,11817,9029,20846,63276
stream_buffer,793,11817,16780,28597,63276
stream_buffer,794,218310,9029,9029,63276
stream_buffer,795,12903,289236,302139,63276
stream_buffer,796,12447,9661,22108,63276
stream_buffer,797,13006,9029,22035,63276
stream_buffer,798,11815,9029,20844,63276
stream_buffer,799,11815,9029,20844,63276
stream_buffer,800,11815,9029,20844,63276
stream_buffer,801,11815,9029,20844,63276
stream_buffer,802,11815,9029,20844,63276
stream_buffer,803,11815,11424,23239,63276
stream_buffer,804,11816,9029,20845,63276
stream_buffer,805,216165,265939,482104,63276
stream_buffer,806,12471,9725,22196,63276
stream_buffer,807,11817,9029,20846,63276
stream_buffer,808,11817,9029,20846,63276
stream_buffer,809,11817,9029,20846,63276
stream_buffer,810,14085,9029,23114,63276
stream_buffer,811,11817,9029,20846,63276
stream_buffer,812,11817,9029,20846,63276
stream_buffer,813,11817,10777,22594,63276
stream_buffer,814,11817,9029,20846,63276
stream_buffer,815,244548,9029,9029,63276
stream_buffer,816,12871,291386,304257,63276
stream_buffer,817,12415,9648,22063,63276
stream_buffer,818,11783,9016,20799,63276
stream_buffer,819,11783,9016,20799,63276
stream_buffer,820,14177,9016,23193,63276
stream_buffer,821,11783,9016,20799,63276
stream_buffer,822,11783,9016,20799,63276
stream_buffer,823,11783,9016,20799,63276
stream_buffer,824,11783,9016,20799,63276
stream_buffer,825,13187,9016,22203,63276
stream_buffer,826,242562,9016,9016,63276
stream_buffer,827,12895,270514,283409,63276
stream_buffer,828,12449,9029,21478,63276
stream_buffer,829,11817,9029,20846,63276
stream_buffer,830,13961,9029,22990,63276
stream_buffer,831,11817,9029,20846,63276
stream_buffer,832,11817,9029,20846,63276
stream_buffer,833,11817,9029,20846,63276
stream_buffer,834,11817,9029,20846,63276
stream_buffer,835,12023,9029,21052,63276
stream_buffer,836,11817,9029,20846,63276
stream_buffer,837,12871,279352,292223,63276
stream_buffer,838,12481,9724,22205,63276
stream_buffer,839,11815,9029,20844,63276
stream_buffer,840,11815,9029,20844,63276
stream_buffer,841,13725,9029,22754,63276
stream_buffer,842,11815,9029,20844,63276
stream_buffer,843,11815,9029,20844,63276
stream_buffer,844,11815,9662,21477,63276
stream_buffer,845,11815,9029,20844,63276
stream_buffer,846,13010,9031,22041,63276
stream_buffer,847,187238,9031,196269,63276
stream_buffer,848,11815,9031,20846,63276
stream_buffer,849,11839,9093,20932,63276
stream_buffer,850,11817,9029,20846,63276
stream_buffer,851,11817,9029,20846,63276
stream_buffer,852,13225,10696,23921,63276
stream_buffer,853,11817,9029,20846,63276
stream_buffer,854,11817,173560,185377,63276
stream_buffer,855,11817,9031,20848,63276
stream_buffer,856,11817,9031,20848,63276
stream_buffer,857,11817,9031,20848,63276
stream_buffer,858,11817,9031,20848,63276
stream_buffer,859,11817,9029,20846,63276
stream_buffer,860,134337,215007,349344,63276
stream_buffer,861,12415,9016,21431,63276
stream_buffer,862,11783,9016,20799,63276
stream_buffer,863,11783,9016,20799,63276
stream_buffer,864,11783,9016,20799,63276
stream_buffer,865,11783,9016,20799,63276
stream_buffer,866,11783,9016,20799,63276
stream_buffer,867,11783,9016,20799,63276
stream_buffer,868,172408,264842,437250,63276
stream_buffer,869,12415,9650,22065,63276
stream_buffer,870,11841,9049,20890,63276
stream_buffer,871,11817,9029,20846,63276
stream_buffer,872,11817,9029,20846,63276
stream_buffer,873,12062,9029,21091,63276
stream_buffer,874,11817,9029,20846,63276
stream_buffer,875,11817,9029,20846,63276
stream_buffer,876,11817,9029,20846,63276
stream_buffer,877,11817,9029,20846,63276
stream_buffer,878,215209,208665,423874,63276
stream_buffer,879,14802,9031,23833,63276
stream_buffer,880,11817,9031,20848,63276
stream_buffer,881,11849,9092,20941,63276
stream_buffer,882,11815,9029,20844,63276
stream_buffer,883,11815,9029,20844,63276
stream_buffer,884,11815,9029,20844,63276
stream_buffer,885,11815,9029,20844,63276
stream_buffer,886,12869,274567,287436,63276
stream_buffer,887,12447,10853,23300,63276
stream_buffer,888,11815,9031,20846,63276
stream_buffer,889,11815,11384,23199,63276
stream_buffer,890,11815,9031,20846,63276
stream_buffer,891,11815,9031,20846,63276
stream_buffer,892,14234,9093,23327,63276
stream_buffer,893,11817,9029,20846,63276
stream_buffer,894,11817,9029,20846,63276
stream_buffer,895,11817,9029,20846,63276
stream_buffer,896,217149,295489,512638,63276
stream_buffer,897,12430,12732,25162,63276
stream_buffer,898,11817,9663,21480,63276
stream_buffer,899,11817,12635,24452,63276
stream_buffer,900,11817,9663,21480,63276
stream_buffer,901,11817,9031,20848,63276
stream_buffer,902,13561,9029,22590,63276
stream_buffer,903,20392,9016,29408,63276
stream_buffer,904,11783,11290,23073,63276
stream_buffer,905,11783,9016,20799,63276
stream_buffer,906,11783,9016,20799,63276
stream_buffer,907,71095,9016,80111,63276
stream_buffer,908,11783,9016,20799,63276
stream_buffer,909,221022,237785,458807,63276
stream_buffer,910,12562,9018,21580,63276
stream_buffer,911,11783,9018,20801,63276
stream_buffer,912,11783,9018,20801,63276
stream_buffer,913,11841,9049,20890,63276
stream_buffer,914,11817,9029,20846,63276
stream_buffer,915,11817,9029,20846,63276
stream_buffer,916,11817,9029,20846,63276
stream_buffer,917,11817,16846,28663,63276
stream_buffer,918,217866,9029,9029,63276
stream_buffer,919,12871,289188,302059,63276
stream_buffer,920,12449,9663,22112,63276
stream_buffer,921,13014,9031,22045,63276
stream_buffer,922,11817,9031,20848,63276
stream_buffer,923,11817,9031,20848,63276
stream_buffer,924,11849,9092,20941,63276
stream_buffer,925,11815,9029,20844,63276
stream_buffer,926,11815,9029,20844,63276
stream_buffer,927,11815,11424,23239,63276
stream_buffer,928,11815,9029,20844,63276
stream_buffer,929,216171,265917,482088,63276
stream_buffer,930,12447,9663,22110,63276
stream_buffer,931,11815,9031,20846,63276
stream_buffer,932,11815,9031,20846,63276
stream_buffer,933,11815,9031,20846,63276
stream_buffer,934,14083,9031,23114,63276
stream_buffer,935,11839,9093,20932,63276
stream_buffer,936,11817,9029,20846,63276
stream_buffer,937,11817,10791,22608,63276
stream_buffer,938,11817,9029,20846,63276
stream_buffer,939,244578,9029,9029,63276
stream_buffer,940,12871,291312,304183,63276
stream_buffer,941,12449,9663,22112,63276
stream_buffer,942,11817,9031,20848,63276
stream_buffer,943,11817,9031,20848,63276
stream_buffer,944,14213,9031,23244,63276
stream_buffer,945,11817,9029,20846,63276
stream_buffer,946,11783,9016,20799,63276
stream_buffer,947,11783,9016,20799,63276
stream_buffer,948,11783,9016,20799,63276
stream_buffer,949,13099,9016,22115,63276
stream_buffer,950,242540,9016,9016,63276
stream_buffer,951,12835,317727,330562,63276
stream_buffer,952,12415,12622,25037,63276
stream_buffer,953,11783,9650,21433,63276
stream_buffer,954,13927,9018,22945,63276
stream_buffer,955,11783,9106,20889,63276
stream_buffer,956,11841,9049,20890,63276
stream_buffer,957,11817,9029,20846,63276
stream_buffer,958,11817,9029,20846,63276
stream_buffer,959,11979,9029,21008,63276
stream_buffer,960,11817,9029,20846,63276
stream_buffer,961,11817,9029,20846,63276
stream_buffer,962,232699,226656,459355,63276
stream_buffer,963,12449,9031,21480,63276
stream_buffer,964,13793,9031,22824,63276
stream_buffer,965,11817,9031,20848,63276
stream_buffer,966,11817,9031,20848,63276
stream_buffer,967,11849,9092,20941,63276
stream_buffer,968,11815,9029,20844,63276
stream_buffer,969,12979,9029,22008,63276
stream_buffer,970,11815,9029,20844,63276
stream_buffer,971,36417,271399,307816,63276
stream_buffer,972,12447,9663,22110,63276
stream_buffer,973,11815,12634,24449,63276
stream_buffer,974,11815,9663,21478,63276
stream_buffer,975,11815,9031,20846,63276
stream_buffer,976,13819,10508,24327,63276
stream_buffer,977,11815,9031,20846,63276
stream_buffer,978,11839,11447,23286,63276
stream_buffer,979,11817,9029,20846,63276
stream_buffer,980,11817,9029,20846,63276
stream_buffer,981,51028,9029,60057,63276
stream_buffer,982,11817,9029,20846,63276
stream_buffer,983,223971,236096,460067,63276
stream_buffer,984,12797,9031,21828,63276
stream_buffer,985,11817,9031,20848,63276
stream_buffer,986,11817,9031,20848,63276
stream_buffer,987,11817,9031,20848,63276
stream_buffer,988,11817,9029,20846,63276
stream_buffer,989,11783,9016,20799,63276
stream_buffer,990,11783,9016,20799,63276
stream_buffer,991,11783,16626,28409,63276
stream_buffer,992,198614,268913,467527,63276
stream_buffer,993,12415,9650,22065,63276
stream_buffer,994,11783,11412,23195,63276
stream_buffer,995,11783,9018,20801,63276
stream_buffer,996,13275,9018,22293,63276
stream_buffer,997,13967,9018,22985,63276
stream_buffer,998,11783,9018,20801,63276
stream_buffer,999,11841,9049,20890,63276
stream_buffer,1000,11817,9029,20846,63276
stream_buffer,1001,11817,9029,20846,63276
stream_buffer,1002,218335,265149,483484,63276
stream_buffer,1003,12449,9663,22112,63276
stream_buffer,1004,11817,9031,20848,63276
stream_buffer,1005,11817,9031,20848,63276
stream_buffer,1006,11817,9031,20848,63276
stream_buffer,1007,11911,9031,20942,63276
stream_buffer,1008,11817,9031,20848,63276
stream_buffer,1009,11817,9031,20848,63276
stream_buffer,1010,11849,9092,20941,63276
stream_buffer,1011,11815,9029,20844,63276
stream_buffer,1012,216219,203971,420190,63276
stream_buffer,1013,14842,9029,23871,63276
stream_buffer,1014,11815,9029,20844,63276
stream_buffer,1015,11815,9029,20844,63276
stream_buffer,1016,11815,9029,20844,63276
stream_buffer,1017,11815,9029,20844,63276
stream_buffer,1018,13511,9029,22540,63276
stream_buffer,1019,11815,9029,20844,63276
stream_buffer,1020,12869,276466,289335,63276
stream_buffer,1021,12471,10931,23402,63276
stream_buffer,1022,11817,9029,20846,63276
stream_buffer,1023,11817,11171,22988,63276
stream_buffer,1024,11817,9029,20846,63276
stream_buffer,1025,11817,9029,20846,63276
stream_buffer,1026,14171,9029,23200,63276
stream_buffer,1027,11817,9029,20846,63276
stream_buffer,1028,11817,9029,20846,63276
stream_buffer,1029,11817,9029,20846,63276
stream_buffer,1030,216047,295220,511267,63276
stream_buffer,1031,14595,12880,27475,63276
stream_buffer,1032,11783,9648,21431,63276
stream_buffer,1033,11783,11410,23193,63276
stream_buffer,1034,11783,9016,20799,63276
stream_buffer,1035,11783,9016,20799,63276
stream_buffer,1036,13471,9016,22487,63276
stream_buffer,1037,11783,9016,20799,63276
stream_buffer,1038,11783,9016,20799,63276
stream_buffer,1039,11783,9016,20799,63276
stream_buffer,1040,11783,9016,20799,63276
stream_buffer,1041,234824,265109,499933,63276
stream_buffer,1042,12473,9681,22154,63276
stream_buffer,1043,11817,9029,20846,63276
stream_buffer,1044,11817,9029,20846,63276
stream_buffer,1045,11817,9029,20846,63276
stream_buffer,1046,11927,9029,20956,63276
stream_buffer,1047,11817,9029,20846,63276
stream_buffer,1048,11817,9029,20846,63276
stream_buffer,1049,11817,9029,20846,63276
stream_buffer,1050,11817,9029,20846,63276
stream_buffer,1051,216267,203984,420251,63276
stream_buffer,1052,14844,9031,23875,63276
stream_buffer,1053,11849,9092,20941,63276
stream_buffer,1054,11815,9029,20844,63276
stream_buffer,1055,11815,9029,20844,63276
stream_buffer,1056,11815,9029,20844,63276
stream_buffer,1057,13447,9029,22476,63276
stream_buffer,1058,11815,9029,20844,63276
stream_buffer,1059,12869,276434,289303,63276
stream_buffer,1060,12447,10853,23300,63276
stream_buffer,1061,11815,9031,20846,63276
stream_buffer,1062,11815,11217,23032,63276
stream_buffer,1063,11815,9031,20846,63276
stream_buffer,1064,11839,9093,20932,63276
stream_buffer,1065,14171,9029,23200,63276
stream_buffer,1066,11817,9029,20846,63276
stream_buffer,1067,11817,9029,20846,63276
stream_buffer,1068,11817,9029,20846,63276
stream_buffer,1069,216059,295167,511226,63276
stream_buffer,1070,14593,12866,27459,63276
stream_buffer,1071,11817,9663,21480,63276
stream_buffer,1072,11817,11426,23243,63276
stream_buffer,1073,11817,9031,20848,63276
stream_buffer,1074,11817,9029,20846,63276
stream_buffer,1075,13263,9016,22279,63276
stream_buffer,1076,11783,9016,20799,63276
stream_buffer,1077,11783,9016,20799,63276
stream_buffer,1078,11783,9016,20799,63276
stream_buffer,1079,11783,9016,20799,63276
stream_buffer,1080,234914,264786,499700,63276
stream_buffer,1081,12415,9650,22065,63276
stream_buffer,1082,11783,9018,20801,63276
stream_buffer,1083,11783,9018,20801,63276
stream_buffer,1084,11783,9018,20801,63276
stream_buffer,1085,11929,9049,20978,63276
stream_buffer,1086,11817,9029,20846,63276
stream_buffer,1087,11817,9029,20846,63276
stream_buffer,1088,11817,9029,20846,63276
stream_buffer,1089,11817,9029,20846,63276
stream_buffer,1090,216579,203991,420570,63276
stream_buffer,1091,14844,9031,23875,63276
stream_buffer,1092,11817,9031,20848,63276
stream_buffer,1093,11817,9031,20848,63276
stream_buffer,1094,11817,9031,20848,63276
stream_buffer,1095,11817,9031,20848,63276
stream_buffer,1096,13481,9092,22573,63276
stream_buffer,1097,11815,9029,20844,63276
stream_buffer,1098,12869,276461,289330,63276
stream_buffer,1099,12447,10846,23293,63276
stream_buffer,1100,11815,9031,20846,63276
stream_buffer,1101,11815,11218,23033,63276
stream_buffer,1102,11815,9031,20846,63276
stream_buffer,1103,11815,9031,20846,63276
stream_buffer,1104,14169,9031,23200,63276
stream_buffer,1105,11815,9031,20846,63276
stream_buffer,1106,11815,9031,20846,63276
stream_buffer,1107,11839,9093,20932,63276
stream_buffer,1108,216055,295282,511337,63276
stream_buffer,1109,14635,12888,27523,63276
stream_buffer,1110,11817,9663,21480,63276
stream_buffer,1111,11817,11426,23243,63276
stream_buffer,1112,11817,9031,20848,63276
stream_buffer,1113,11817,9031,20848,63276
stream_buffer,1114,13257,9031,22288,63276
stream_buffer,1115,11817,9031,20848,63276
stream_buffer,1116,11817,9031,20848,63276
stream_buffer,1117,11817,9029,20846,63276
stream_buffer,1118,11783,9016,20799,63276
stream_buffer,1119,234798,264656,499454,63276
stream_buffer,1120,12415,9650,22065,63276
stream_buffer,1121,11783,9018,20801,63276
stream_buffer,1122,11783,9018,20801,63276
stream_buffer,1123,11783,9018,20801,63276
stream_buffer,1124,11875,9018,20893,63276
stream_buffer,1125,11783,9018,20801,63276
stream_buffer,1126,11783,9018,20801,63276
stream_buffer,1127,11783,9018,20801,63276
stream_buffer,1128,11841,9049,20890,63276
stream_buffer,1129,216693,204049,420742,63276
stream_buffer,1130,14844,9029,23873,63276
stream_buffer,1131,11817,9029,20846,63276
stream_buffer,1132,11817,9029,20846,63276
stream_buffer,1133,11817,9029,20846,63276
stream_buffer,1134,11817,9029,20846,63276
stream_buffer,1135,13511,9029,22540,63276
stream_buffer,1136,11817,9029,20846,63276
stream_buffer,1137,12871,276431,289302,63276
stream_buffer,1138,12449,10852,23301,63276
stream_buffer,1139,11849,9092,20941,63276
stream_buffer,1140,11815,11175,22990,63276
stream_buffer,1141,11815,9029,20844,63276
stream_buffer,1142,11815,9029,20844,63276
stream_buffer,1143,14169,9029,23198,63276
stream_buffer,1144,11815,9029,20844,63276
stream_buffer,1145,11815,9029,20844,63276
stream_buffer,1146,11815,9029,20844,63276
stream_buffer,1147,216057,295317,511374,63276
stream_buffer,1148,14593,12893,27486,63276
stream_buffer,1149,11815,9664,21479,63276
stream_buffer,1150,11839,11488,23327,63276
stream_buffer,1151,11817,9029,20846,63276
stream_buffer,1152,11817,9029,20846,63276
stream_buffer,1153,13259,9029,22288,63276
stream_buffer,1154,11817,9029,20846,63276
stream_buffer,1155,11817,9029,20846,63276
stream_buffer,1156,11817,9029,20846,63276
stream_buffer,1157,11817,9029,20846,63276
stream_buffer,1158,233956,173900,407856,63276
stream_buffer,1159,12449,9663,22112,63276
stream_buffer,1160,11817,9029,20846,63276
stream_buffer,1161,11783,9016,20799,63276
stream_buffer,1162,11783,9016,20799,63276
stream_buffer,1163,11922,9016,20938,63276
stream_buffer,1164,11783,9016,20799,63276
stream_buffer,1165,15229,194397,209626,63276
stream_buffer,1166,12415,9018,21433,63276
stream_buffer,1167,11783,9018,20801,63276
stream_buffer,1168,11783,9018,20801,63276
stream_buffer,1169,11783,9018,20801,63276
stream_buffer,1170,11940,9018,20958,63276
stream_buffer,1171,11841,9049,20890,63276
stream_buffer,1172,12871,196593,209464,63276
stream_buffer,1173,12449,9029,21478,63276
stream_buffer,1174,11817,9029,20846,63276
stream_buffer,1175,11817,9029,20846,63276
stream_buffer,1176,11817,9029,20846,63276
stream_buffer,1177,11817,9029,20846,63276
stream_buffer,1178,11817,9029,20846,63276
stream_buffer,1179,152111,193310,345421,63276
stream_buffer,1180,12449,9031,21480,63276
stream_buffer,1181,11817,9031,20848,63276
stream_buffer,1182,11849,9092,20941,63276
stream_buffer,1183,11815,9029,20844,63276
stream_buffer,1184,11815,9029,20844,63276
stream_buffer,1185,11833,9029,20862,63276
stream_buffer,1186,171580,9029,9029,63276
stream_buffer,1187,12869,287648,300517,63276
stream_buffer,1188,12447,9663,22110,63276
stream_buffer,1189,11815,9031,20846,63276
stream_buffer,1190,11815,9031,20846,63276
stream_buffer,1191,11879,9031,20910,63276
stream_buffer,1192,11815,9031,20846,63276
stream_buffer,1193,11839,9093,20932,63276
stream_buffer,1194,11817,9029,20846,63276
stream_buffer,1195,11817,9029,20846,63276
stream_buffer,1196,11817,9856,21673,63276
stream_buffer,1197,216329,186814,403143,63276
stream_buffer,1198,12449,9031,21480,63276
stream_buffer,1199,11817,9031,20848,63276
stream_buffer,1200,11817,9031,20848,63276
stream_buffer,1201,11817,9031,20848,63276
stream_buffer,1202,11817,9031,20848,63276
stream_buffer,1203,11817,9029,20846,63276
stream_buffer,1204,152358,193110,345468,63276
stream_buffer,1205,12415,9016,21431,63276
stream_buffer,1206,11783,9016,20799,63276
stream_buffer,1207,11783,9016,20799,63276
stream_buffer,1208,11783,9016,20799,63276
stream_buffer,1209,11783,9016,20799,63276
stream_buffer,1210,11801,9016,20817,63276
stream_buffer,1211,171590,9016,9016,63276
stream_buffer,1212,12835,287570,300405,63276
stream_buffer,1213,12415,9651,22066,63276
stream_buffer,1214,11841,9049,20890,63276
stream_buffer,1215,11817,9029,20846,63276
stream_buffer,1216,11852,9029,20881,63276
stream_buffer,1217,11817,9029,20846,63276
stream_buffer,1218,11817,9029,20846,63276
stream_buffer,1219,11817,9029,20846,63276
stream_buffer,1220,11817,9029,20846,63276
stream_buffer,1221,11817,9920,21737,63276
stream_buffer,1222,216367,186806,403173,63276
stream_buffer,1223,12449,9031,21480,63276
stream_buffer,1224,11817,9031,20848,63276
stream_buffer,1225,11849,9092,20941,63276
stream_buffer,1226,11815,9029,20844,63276
stream_buffer,1227,11815,9029,20844,63276
stream_buffer,1228,11815,9029,20844,63276
stream_buffer,1229,152409,193289,345698,63276
stream_buffer,1230,12447,9031,21478,63276
stream_buffer,1231,11815,9031,20846,63276
stream_buffer,1232,11815,9031,20846,63276
stream_buffer,1233,11815,9031,20846,63276
stream_buffer,1234,11815,9031,20846,63276
stream_buffer,1235,11823,9031,20854,63276
stream_buffer,1236,171678,9093,9093,63276
stream_buffer,1237,12871,287522,300393,63276
stream_buffer,1238,12449,9664,22113,63276
stream_buffer,1239,11817,9031,20848,63276
stream_buffer,1240,11817,9031,20848,63276
stream_buffer,1241,11956,9031,20987,63276
stream_buffer,1242,11817,9031,20848,63276
stream_buffer,1243,11817,9031,20848,63276
stream_buffer,1244,11817,9031,20848,63276
stream_buffer,1245,11817,9031,20848,63276
stream_buffer,1246,11817,9910,21727,63276
stream_buffer,1247,216344,186956,403300,63276
stream_buffer,1248,12415,9016,21431,63276
stream_buffer,1249,11783,9016,20799,63276
stream_buffer,1250,11783,9016,20799,63276
stream_buffer,1251,11783,9016,20799,63276
stream_buffer,1252,11783,9016,20799,63276
stream_buffer,1253,11783,9016,20799,63276
stream_buffer,1254,152292,193190,345482,63276
stream_buffer,1255,12415,9018,21433,63276
stream_buffer,1256,11783,9018,20801,63276
stream_buffer,1257,11841,9049,20890,63276
stream_buffer,1258,11817,9029,20846,63276
stream_buffer,1259,11817,9029,20846,63276
stream_buffer,1260,11827,9029,20856,63276
stream_buffer,1261,171668,9029,9029,63276
stream_buffer,1262,12871,287650,300521,63276
stream_buffer,1263,12449,9664,22113,63276
stream_buffer,1264,11817,9031,20848,63276
stream_buffer,1265,11817,9031,20848,63276
stream_buffer,1266,11937,9031,20968,63276
stream_buffer,1267,11817,9031,20848,63276
stream_buffer,1268,11849,9092,20941,63276
stream_buffer,1269,11815,9029,20844,63276
stream_buffer,1270,11815,9029,20844,63276
stream_buffer,1271,11815,9850,21665,63276
stream_buffer,1272,216327,186809,403136,63276
stream_buffer,1273,12447,9029,21476,63276
stream_buffer,1274,11815,9029,20844,63276
stream_buffer,1275,11815,9029,20844,63276
stream_buffer,1276,11815,9029,20844,63276
stream_buffer,1277,11815,9029,20844,63276
stream_buffer,1278,11815,9029,20844,63276
stream_buffer,1279,152372,193400,345772,63276
stream_buffer,1280,12449,9029,21478,63276
stream_buffer,1281,11817,9029,20846,63276
stream_buffer,1282,11817,9029,20846,63276
stream_buffer,1283,11817,9029,20846,63276
stream_buffer,1284,11817,9029,20846,63276
stream_buffer,1285,11819,9029,20848,63276
stream_buffer,1286,171580,9029,9029,63276
stream_buffer,1287,12871,287485,300356,63276
stream_buffer,1288,12449,9664,22113,63276
stream_buffer,1289,11817,9029,20846,63276
stream_buffer,1290,11783,9016,20799,63276
stream_buffer,1291,11871,9016,20887,63276
stream_buffer,1292,11783,9016,20799,63276
stream_buffer,1293,11783,9016,20799,63276
stream_buffer,1294,11783,9016,20799,63276
stream_buffer,1295,11783,9016,20799,63276
stream_buffer,1296,11783,10153,21936,63276
stream_buffer,1297,216644,186629,403273,63276
stream_buffer,1298,12415,9018,21433,63276
stream_buffer,1299,11783,9018,20801,63276
stream_buffer,1300,11841,9049,20890,63276
stream_buffer,1301,11817,9029,20846,63276
stream_buffer,1302,11817,9029,20846,63276
stream_buffer,1303,11817,9029,20846,63276
stream_buffer,1304,152351,193364,345715,63276
stream_buffer,1305,12449,9031,21480,63276
stream_buffer,1306,11817,9031,20848,63276
stream_buffer,1307,11817,9031,20848,63276
stream_buffer,1308,11817,9031,20848,63276
stream_buffer,1309,11817,9031,20848,63276
stream_buffer,1310,11819,9031,20850,63276
stream_buffer,1311,171684,9092,9092,63276
stream_buffer,1312,12869,287506,300375,63276
stream_buffer,1313,12447,9661,22108,63276
stream_buffer,1314,11815,9029,20844,63276
stream_buffer,1315,11815,9029,20844,63276
stream_buffer,1316,11955,9029,20984,63276
stream_buffer,1317,11815,9029,20844,63276
stream_buffer,1318,11815,9029,20844,63276
stream_buffer,1319,11815,9029,20844,63276
stream_buffer,1320,11815,9029,20844,63276
stream_buffer,1321,11815,9943,21758,63276
stream_buffer,1322,216424,186861,403285,63276
stream_buffer,1323,12449,9029,21478,63276
stream_buffer,1324,11817,9029,20846,63276
stream_buffer,1325,11817,9029,20846,63276
stream_buffer,1326,11817,9029,20846,63276
stream_buffer,1327,11817,9029,20846,63276
stream_buffer,1328,11817,9029,20846,63276
stream_buffer,1329,152407,193085,345492,63276
stream_buffer,1330,12449,9031,21480,63276
stream_buffer,1331,11817,9031,20848,63276
stream_buffer,1332,11817,9029,20846,63276
stream_buffer,1333,11783,9016,20799,63276
stream_buffer,1334,11783,9016,20799,63276
stream_buffer,1335,11795,9016,20811,63276
stream_buffer,1336,171564,9016,9016,63276
stream_buffer,1337,12835,287588,300423,63276
stream_buffer,1338,12415,9650,22065,63276
stream_buffer,1339,11783,9018,20801,63276
stream_buffer,1340,11783,9018,20801,63276
stream_buffer,1341,11814,9018,20832,63276
stream_buffer,1342,11783,9018,20801,63276
stream_buffer,1343,11841,9049,20890,63276
stream_buffer,1344,11817,9029,20846,63276
stream_buffer,1345,11817,9029,20846,63276
stream_buffer,1346,11817,10167,21984,63276
stream_buffer,1347,216569,186598,403167,63276
stream_buffer,1348,12449,9029,21478,63276
stream_buffer,1349,11817,9029,20846,63276
stream_buffer,1350,11817,9029,20846,63276
stream_buffer,1351,11817,9029,20846,63276
stream_buffer,1352,11817,9029,20846,63276
stream_buffer,1353,11817,9029,20846,63276
stream_buffer,1354,152372,193401,345773,63276
stream_buffer,1355,12447,9029,21476,63276
stream_buffer,1356,11815,9029,20844,63276
stream_buffer,1357,11815,9029,20844,63276
stream_buffer,1358,11815,9029,20844,63276
stream_buffer,1359,11815,9029,20844,63276
stream_buffer,1360,11823,9029,20852,63276
stream_buffer,1361,171582,9029,9029,63276
stream_buffer,1362,12869,287639,300508,63276
stream_buffer,1363,12447,9663,22110,63276
stream_buffer,1364,11815,9031,20846,63276
stream_buffer,1365,11839,9093,20932,63276
stream_buffer,1366,11937,9029,20966,63276
stream_buffer,1367,11817,9029,20846,63276
stream_buffer,1368,11817,9029,20846,63276
stream_buffer,1369,11817,9029,20846,63276
stream_buffer,1370,11817,9029,20846,63276
stream_buffer,1371,11817,9872,21689,63276
stream_buffer,1372,216349,186818,403167,63276
stream_buffer,1373,12449,9031,21480,63276
stream_buffer,1374,11817,9031,20848,63276
stream_buffer,1375,11817,9029,20846,63276
stream_buffer,1376,11783,9016,20799,63276
stream_buffer,1377,11783,9016,20799,63276
stream_buffer,1378,11783,9016,20799,63276
stream_buffer,1379,152248,193228,345476,63276
stream_buffer,1380,12415,9018,21433,63276
stream_buffer,1381,11783,9018,20801,63276
stream_buffer,1382,11783,9018,20801,63276
stream_buffer,1383,11783,9018,20801,63276
stream_buffer,1384,11783,9018,20801,63276
stream_buffer,1385,11812,9018,20830,63276
stream_buffer,1386,171666,9049,9049,63276
stream_buffer,1387,12871,287547,300418,63276
stream_buffer,1388,12449,9662,22111,63276
stream_buffer,1389,11817,9029,20846,63276
stream_buffer,1390,11817,9029,20846,63276
stream_buffer,1391,11868,9029,20897,63276
stream_buffer,1392,11817,9029,20846,63276
stream_buffer,1393,11817,9029,20846,63276
stream_buffer,1394,11817,9029,20846,63276
stream_buffer,1395,11817,9029,20846,63276
stream_buffer,1396,11817,9902,21719,63276
stream_buffer,1397,216414,187146,403560,63276
stream_buffer,1398,12447,9029,21476,63276
stream_buffer,1399,11815,9029,20844,63276
stream_buffer,1400,11815,9029,20844,63276
stream_buffer,1401,11815,9029,20844,63276
stream_buffer,1402,11815,9029,20844,63276
stream_buffer,1403,11815,9029,20844,63276
stream_buffer,1404,152017,193311,345328,63276
stream_buffer,1405,12447,9031,21478,63276
stream_buffer,1406,11815,9031,20846,63276
stream_buffer,1407,11815,9031,20846,63276
stream_buffer,1408,11839,9093,20932,63276
stream_buffer,1409,11817,9029,20846,63276
stream_buffer,1410,11836,9029,20865,63276
stream_buffer,1411,171604,9029,9029,63276
stream_buffer,1412,12871,287493,300364,63276
stream_buffer,1413,12449,9664,22113,63276
stream_buffer,1414,11817,9031,20848,63276
stream_buffer,1415,11817,9031,20848,63276
stream_buffer,1416,11888,9031,20919,63276
stream_buffer,1417,11817,9031,20848,63276
stream_buffer,1418,11817,9029,20846,63276
stream_buffer,1419,11783,9016,20799,63276
stream_buffer,1420,11783,9016,20799,63276
stream_buffer,1421,11783,10215,21998,63276
stream_buffer,1422,216704,186529,403233,63276
stream_buffer,1423,12415,9016,21431,63276
stream_buffer,1424,11783,9016,20799,63276
stream_buffer,1425,11783,9016,20799,63276
stream_buffer,1426,11783,9016,20799,63276
stream_buffer,1427,11783,9016,20799,63276
stream_buffer,1428,11783,9016,20799,63276
stream_buffer,1429,152332,193399,345731,63276
stream_buffer,1430,12449,9029,21478,63276
stream_buffer,1431,11817,9029,20846,63276
stream_buffer,1432,11817,9029,20846,63276
stream_buffer,1433,11817,9029,20846,63276
stream_buffer,1434,11817,9029,20846,63276
stream_buffer,1435,11819,9029,20848,63276
stream_buffer,1436,171592,9029,9029,63276
stream_buffer,1437,12871,287630,300501,63276
stream_buffer,1438,12449,9663,22112,63276
stream_buffer,1439,11817,9031,20848,63276
stream_buffer,1440,11849,9092,20941,63276
stream_buffer,1441,11944,9029,20973,63276
stream_buffer,1442,11815,9029,20844,63276
stream_buffer,1443,11815,9029,20844,63276
stream_buffer,1444,11815,9029,20844,63276
stream_buffer,1445,11815,9029,20844,63276
stream_buffer,1446,11815,9861,21676,63276
stream_buffer,1447,216345,186818,403163,63276
stream_buffer,1448,12447,9031,21478,63276
stream_buffer,1449,11815,9031,20846,63276
stream_buffer,1450,11815,9031,20846,63276
stream_buffer,1451,11839,9093,20932,63276
stream_buffer,1452,11817,9029,20846,63276
stream_buffer,1453,11817,9029,20846,63276
stream_buffer,1454,152483,193197,345680,63276
stream_buffer,1455,12449,9031,21480,63276
stream_buffer,1456,11817,9031,20848,63276
stream_buffer,1457,11817,9031,20848,63276
stream_buffer,1458,11817,9031,20848,63276
stream_buffer,1459,11817,9031,20848,63276
stream_buffer,1460,11819,9031,20850,63276
stream_buffer,1461,171620,9029,9029,63276
stream_buffer,1462,12835,287448,300283,63276
stream_buffer,1463,12415,9648,22063,63276
stream_buffer,1464,11783,9016,20799,63276
stream_buffer,1465,11783,9016,20799,63276
stream_buffer,1466,11860,9016,20876,63276
stream_buffer,1467,11783,9016,20799,63276
stream_buffer,1468,11783,9016,20799,63276
stream_buffer,1469,11783,9016,20799,63276
stream_buffer,1470,11783,9016,20799,63276
stream_buffer,1471,11783,10137,21920,63276
stream_buffer,1472,216628,186735,403363,63276
stream_buffer,1473,12449,9029,21478,63276
stream_buffer,1474,11817,9029,20846,63276
stream_buffer,1475,11817,9029,20846,63276
stream_buffer,1476,11817,9029,20846,63276
stream_buffer,1477,11817,9029,20846,63276
stream_buffer,1478,11817,9029,20846,63276
stream_buffer,1479,152413,193288,345701,63276
stream_buffer,1480,12449,9031,21480,63276
stream_buffer,1481,11817,9031,20848,63276
stream_buffer,1482,11817,9031,20848,63276
stream_buffer,1483,11849,9092,20941,63276
stream_buffer,1484,11815,9029,20844,63276
stream_buffer,1485,11820,9029,20849,63276
stream_buffer,1486,171544,9029,9029,63276
stream_buffer,1487,12869,287649,300518,63276
stream_buffer,1488,12447,9663,22110,63276
stream_buffer,1489,11815,9031,20846,63276
stream_buffer,1490,11815,9031,20846,63276
stream_buffer,1491,11912,9031,20943,63276
stream_buffer,1492,11815,9031,20846,63276
stream_buffer,1493,11815,9031,20846,63276
stream_buffer,1494,11839,9093,20932,63276
stream_buffer,1495,11817,9029,20846,63276
stream_buffer,1496,11817,9844,21661,63276
stream_buffer,1497,216337,186822,403159,63276
stream_buffer,1498,12449,9029,21478,63276
stream_buffer,1499,11817,9029,20846,63276
stream_buffer,1500,11817,9029,20846,63276
stream_buffer,1501,11817,9029,20846,63276
stream_buffer,1502,11817,9029,20846,63276
stream_buffer,1503,11817,9029,20846,63276
stream_buffer,1504,152343,193174,345517,63276
stream_buffer,1505,12415,9016,21431,63276
stream_buffer,1506,11783,9016,20799,63276
stream_buffer,1507,11783,9016,20799,63276
stream_buffer,1508,11783,9016,20799,63276
stream_buffer,1509,11783,9016,20799,63276
stream_buffer,1510,11801,9016,20817,63276
stream_buffer,1511,171576,9016,9016,63276
stream_buffer,1512,12835,287598,300433,63276
stream_buffer,1513,12415,9650,22065,63276
stream_buffer,1514,11783,9018,20801,63276
stream_buffer,1515,11841,9049,20890,63276
stream_buffer,1516,11850,9029,20879,63276
stream_buffer,1517,11817,9029,20846,63276
stream_buffer,1518,11817,9029,20846,63276
stream_buffer,1519,11817,9029,20846,63276
stream_buffer,1520,11817,9029,20846,63276
stream_buffer,1521,11817,9934,21751,63276
stream_buffer,1522,216353,186806,403159,63276
stream_buffer,1523,12449,9031,21480,63276
stream_buffer,1524,11817,9031,20848,63276
stream_buffer,1525,11817,9031,20848,63276
stream_buffer,1526,11849,9092,20941,63276
stream_buffer,1527,11815,9029,20844,63276
stream_buffer,1528,11815,9029,20844,63276
stream_buffer,1529,152407,193267,345674,63276
stream_buffer,1530,12447,9029,21476,63276
stream_buffer,1531,11815,9029,20844,63276
stream_buffer,1532,11815,9029,20844,63276
stream_buffer,1533,11815,9029,20844,63276
stream_buffer,1534,11815,9029,20844,63276
stream_buffer,1535,11823,9029,20852,63276
stream_buffer,1536,171584,9029,9029,63276
stream_buffer,1537,12891,287694,300585,63276
stream_buffer,1538,12449,9662,22111,63276
stream_buffer,1539,11817,9029,20846,63276
stream_buffer,1540,11817,9029,20846,63276
stream_buffer,1541,11941,9029,20970,63276
stream_buffer,1542,11817,9029,20846,63276
stream_buffer,1543,11817,9029,20846,63276
stream_buffer,1544,11817,9029,20846,63276
stream_buffer,1545,11817,9029,20846,63276
stream_buffer,1546,11817,9917,21734,63276
stream_buffer,1547,216371,187021,403392,63276
stream_buffer,1548,12415,9016,21431,63276
stream_buffer,1549,11783,9016,20799,63276
stream_buffer,1550,11783,9016,20799,63276
stream_buffer,1551,11783,9016,20799,63276
stream_buffer,1552,11783,9016,20799,63276
stream_buffer,1553,11783,9016,20799,63276
stream_buffer,1554,152048,193256,345304,63276
stream_buffer,1555,12415,9018,21433,63276
stream_buffer,1556,11783,9018,20801,63276
stream_buffer,1557,11783,9018,20801,63276
stream_buffer,1558,11841,9049,20890,63276
stream_buffer,1559,11817,9029,20846,63276
stream_buffer,1560,11861,9029,20890,63276
stream_buffer,1561,171616,9029,9029,63276
stream_buffer,1562,12871,287605,300476,63276
stream_buffer,1563,12449,9664,22113,63276
stream_buffer,1564,11817,9031,20848,63276
stream_buffer,1565,11817,9031,20848,63276
stream_buffer,1566,11857,9031,20888,63276
stream_buffer,1567,11817,9031,20848,63276
stream_buffer,1568,11817,9031,20848,63276
stream_buffer,1569,11849,9092,20941,63276
stream_buffer,1570,11815,9029,20844,63276
stream_buffer,1571,11815,9850,21665,63276
stream_buffer,1572,216329,186811,403140,63276
stream_buffer,1573,12447,9029,21476,63276
stream_buffer,1574,11815,9029,20844,63276
stream_buffer,1575,11815,9029,20844,63276
stream_buffer,1576,11815,9029,20844,63276
stream_buffer,1577,11815,9029,20844,63276
stream_buffer,1578,11815,9029,20844,63276
stream_buffer,1579,152341,193360,345701,63276
stream_buffer,1580,12471,9093,21564,63276
stream_buffer,1581,11817,9029,20846,63276
stream_buffer,1582,11817,9029,20846,63276
stream_buffer,1583,11817,9029,20846,63276
stream_buffer,1584,11817,9029,20846,63276
stream_buffer,1585,11822,9029,20851,63276
stream_buffer,1586,171576,9029,9029,63276
stream_buffer,1587,12871,287479,300350,63276
stream_buffer,1588,12449,9664,22113,63276
stream_buffer,1589,11817,9031,20848,63276
stream_buffer,1590,11817,9029,20846,63276
stream_buffer,1591,11880,9016,20896,63276
stream_buffer,1592,11783,9016,20799,63276
stream_buffer,1593,11783,9016,20799,63276
stream_buffer,1594,11783,9016,20799,63276
stream_buffer,1595,11783,9016,20799,63276
stream_buffer,1596,11783,10195,21978,63276
stream_buffer,1597,216692,186570,403262,63276
stream_buffer,1598,12415,9018,21433,63276
stream_buffer,1599,11783,9018,20801,63276
stream_buffer,1600,11783,9018,20801,63276
stream_buffer,1601,11841,9049,20890,63276
stream_buffer,1602,11817,9029,20846,63276
stream_buffer,1603,11817,9029,20846,63276
stream_buffer,1604,152301,193359,345660,63276
stream_buffer,1605,12449,9029,21478,63276
stream_buffer,1606,11817,9029,20846,63276
stream_buffer,1607,11817,9029,20846,63276
stream_buffer,1608,11817,9029,20846,63276
stream_buffer,1609,11817,9029,20846,63276
stream_buffer,1610,11819,9029,20848,63276
stream_buffer,1611,171592,9029,9029,63276
stream_buffer,1612,12903,287688,300591,63276
stream_buffer,1613,12447,9662,22109,63276
stream_buffer,1614,11815,9029,20844,63276
stream_buffer,1615,11815,9029,20844,63276
stream_buffer,1616,11947,9029,20976,63276
stream_buffer,1617,11815,9029,20844,63276
stream_buffer,1618,11815,9029,20844,63276
stream_buffer,1619,11815,9029,20844,63276
stream_buffer,1620,11815,9029,20844,63276
stream_buffer,1621,11815,9919,21734,63276
stream_buffer,1622,216373,186791,403164,63276
stream_buffer,1623,12471,9093,21564,63276
stream_buffer,1624,11817,9029,20846,63276
stream_buffer,1625,11817,9029,20846,63276
stream_buffer,1626,11817,9029,20846,63276
stream_buffer,1627,11817,9029,20846,63276
stream_buffer,1628,11817,9029,20846,63276
stream_buffer,1629,152445,193130,345575,63276
stream_buffer,1630,12449,9031,21480,63276
stream_buffer,1631,11817,9031,20848,63276
stream_buffer,1632,11817,9031,20848,63276
stream_buffer,1633,11817,9029,20846,63276
stream_buffer,1634,11783,9016,20799,63276
stream_buffer,1635,11793,9016,20809,63276
stream_buffer,1636,171618,9016,9016,63276
stream_buffer,1637,12835,287578,300413,63276
stream_buffer,1638,12415,9651,22066,63276
stream_buffer,1639,11783,9018,20801,63276
stream_buffer,1640,11783,9018,20801,63276
stream_buffer,1641,11811,9018,20829,63276
stream_buffer,1642,11783,9018,20801,63276
stream_buffer,1643,11783,9018,20801,63276
stream_buffer,1644,11841,9049,20890,63276
stream_buffer,1645,11817,9029,20846,63276
stream_buffer,1646,11817,10205,22022,63276
stream_buffer,1647,216619,186591,403210,63276
stream_buffer,1648,12449,9029,21478,63276
stream_buffer,1649,11817,9029,20846,63276
stream_buffer,1650,11817,9029,20846,63276
stream_buffer,1651,11817,9029,20846,63276
stream_buffer,1652,11817,9029,20846,63276
stream_buffer,1653,11817,9029,20846,63276
stream_buffer,1654,152307,193389,345696,63276
stream_buffer,1655,12481,9092,21573,63276
stream_buffer,1656,11815,9029,20844,63276
stream_buffer,1657,11815,9029,20844,63276
stream_buffer,1658,11815,9029,20844,63276
stream_buffer,1659,11815,9029,20844,63276
stream_buffer,1660,11820,9029,20849,63276
stream_buffer,1661,171576,9029,9029,63276
stream_buffer,1662,12869,287611,300480,63276
stream_buffer,1663,12447,9663,22110,63276
stream_buffer,1664,11815,9031,20846,63276
stream_buffer,1665,11815,9031,20846,63276
stream_buffer,1666,11970,9093,21063,63276
stream_buffer,1667,11817,9029,20846,63276
stream_buffer,1668,11817,9029,20846,63276
stream_buffer,1669,11817,9029,20846,63276
stream_buffer,1670,11817,9029,20846,63276
stream_buffer,1671,11817,9822,21639,63276
stream_buffer,1672,216343,186836,403179,63276
stream_buffer,1673,12449,9031,21480,63276
stream_buffer,1674,11817,9031,20848,63276
stream_buffer,1675,11817,9031,20848,63276
stream_buffer,1676,11817,9029,20846,63276
stream_buffer,1677,11783,9016,20799,63276
stream_buffer,1678,11783,9016,20799,63276
stream_buffer,1679,152338,193135,345473,63276
stream_buffer,1680,12415,9016,21431,63276
stream_buffer,1681,11783,9016,20799,63276
stream_buffer,1682,11783,9016,20799,63276
stream_buffer,1683,11783,9016,20799,63276
stream_buffer,1684,11783,9016,20799,63276
stream_buffer,1685,11801,9016,20817,63276
stream_buffer,1686,171590,9016,9016,63276
stream_buffer,1687,12895,287610,300505,63276
stream_buffer,1688,12449,9661,22110,63276
stream_buffer,1689,11817,9029,20846,63276
stream_buffer,1690,11817,9029,20846,63276
stream_buffer,1691,11881,9029,20910,63276
stream_buffer,1692,11817,9029,20846,63276
stream_buffer,1693,11817,9029,20846,63276
stream_buffer,1694,11817,9029,20846,63276
stream_buffer,1695,11817,9029,20846,63276
stream_buffer,1696,11817,9948,21765,63276
stream_buffer,1697,216365,186800,403165,63276
stream_buffer,1698,12481,9092,21573,63276
stream_buffer,1699,11815,9029,20844,63276
stream_buffer,1700,11815,9029,20844,63276
stream_buffer,1701,11815,9029,20844,63276
stream_buffer,1702,11815,9029,20844,63276
stream_buffer,1703,11815,9029,20844,63276
stream_buffer,1704,152483,193215,345698,63276
stream_buffer,1705,12447,9031,21478,63276
stream_buffer,1706,11815,9031,20846,63276
stream_buffer,1707,11815,9031,20846,63276
stream_buffer,1708,11815,9031,20846,63276
stream_buffer,1709,11839,9093,20932,63276
stream_buffer,1710,11821,9029,20850,63276
stream_buffer,1711,171574,9029,9029,63276
stream_buffer,1712,12871,287540,300411,63276
stream_buffer,1713,12449,9663,22112,63276
stream_buffer,1714,11817,9031,20848,63276
stream_buffer,1715,11817,9031,20848,63276
stream_buffer,1716,11923,9031,20954,63276
stream_buffer,1717,11817,9031,20848,63276
stream_buffer,1718,11817,9031,20848,63276
stream_buffer,1719,11817,9029,20846,63276
stream_buffer,1720,11783,9016,20799,63276
stream_buffer,1721,11783,10215,21998,63276
stream_buffer,1722,216682,186524,403206,63276
stream_buffer,1723,12415,9016,21431,63276
stream_buffer,1724,11783,9016,20799,63276
stream_buffer,1725,11783,9016,20799,63276
stream_buffer,1726,11783,9016,20799,63276
stream_buffer,1727,11783,9016,20799,63276
stream_buffer,1728,11783,9016,20799,63276
stream_buffer,1729,152268,193336,345604,63276
stream_buffer,1730,12473,9049,21522,63276
stream_buffer,1731,11817,9029,20846,63276
stream_buffer,1732,11817,9029,20846,63276
stream_buffer,1733,11817,9029,20846,63276
stream_buffer,1734,11817,9029,20846,63276
stream_buffer,1735,11827,9029,20856,63276
stream_buffer,1736,171616,9029,9029,63276
stream_buffer,1737,12871,287635,300506,63276
stream_buffer,1738,12449,9663,22112,63276
stream_buffer,1739,11817,9031,20848,63276
stream_buffer,1740,11817,9031,20848,63276
stream_buffer,1741,11981,9092,21073,63276
stream_buffer,1742,11815,9029,20844,63276
stream_buffer,1743,11815,9029,20844,63276
stream_buffer,1744,11815,9029,20844,63276
stream_buffer,1745,11815,9029,20844,63276
stream_buffer,1746,11815,9867,21682,63276
stream_buffer,1747,216343,186822,403165,63276
stream_buffer,1748,12447,9031,21478,63276
stream_buffer,1749,11815,9031,20846,63276
stream_buffer,1750,11815,9031,20846,63276
stream_buffer,1751,11815,9031,20846,63276
stream_buffer,1752,11839,9093,20932,63276
stream_buffer,1753,11817,9029,20846,63276
stream_buffer,1754,152447,193234,345681,63276
stream_buffer,1755,12449,9029,21478,63276
stream_buffer,1756,11817,9029,20846,63276
stream_buffer,1757,11817,9029,20846,63276
stream_buffer,1758,11817,9029,20846,63276
stream_buffer,1759,11817,9029,20846,63276
stream_buffer,1760,11819,9029,20848,63276
stream_buffer,1761,171592,9029,9029,63276
stream_buffer,1762,12871,287494,300365,63276
stream_buffer,1763,12415,9648,22063,63276
stream_buffer,1764,11783,9016,20799,63276
stream_buffer,1765,11783,9016,20799,63276
stream_buffer,1766,11869,9016,20885,63276
stream_buffer,1767,11783,9016,20799,63276
stream_buffer,1768,11783,9016,20799,63276
stream_buffer,1769,11783,9016,20799,63276
stream_buffer,1770,11783,9016,20799,63276
stream_buffer,1771,11783,10210,21993,63276
stream_buffer,1772,216640,186592,403232,63276
stream_buffer,1773,12473,9049,21522,63276
stream_buffer,1774,11817,9029,20846,63276
stream_buffer,1775,11817,9029,20846,63276
stream_buffer,1776,11817,9029,20846,63276
stream_buffer,1777,11817,9029,20846,63276
stream_buffer,1778,11817,9029,20846,63276
stream_buffer,1779,152297,193391,345688,63276
stream_buffer,1780,12449,9031,21480,63276
stream_buffer,1781,11817,9031,20848,63276
stream_buffer,1782,11817,9031,20848,63276
stream_buffer,1783,11817,9031,20848,63276
stream_buffer,1784,11849,9092,20941,63276
stream_buffer,1785,11815,9029,20844,63276
stream_buffer,1786,171538,9029,9029,63276
stream_buffer,1787,12869,287643,300512,63276
stream_buffer,1788,12447,9663,22110,63276
stream_buffer,1789,11815,9031,20846,63276
stream_buffer,1790,11815,9031,20846,63276
stream_buffer,1791,11910,9031,20941,63276
stream_buffer,1792,11815,9031,20846,63276
stream_buffer,1793,11815,9031,20846,63276
stream_buffer,1794,11815,9031,20846,63276
stream_buffer,1795,11839,9093,20932,63276
stream_buffer,1796,11817,9826,21643,63276
stream_buffer,1797,216339,186832,403171,63276
stream_buffer,1798,12449,9029,21478,63276
stream_buffer,1799,11817,9029,20846,63276
stream_buffer,1800,11817,9029,20846,63276
stream_buffer,1801,11817,9029,20846,63276
stream_buffer,1802,11817,9029,20846,63276
stream_buffer,1803,11817,9029,20846,63276
stream_buffer,1804,152345,193150,345495,63276
stream_buffer,1805,12449,9029,21478,63276
stream_buffer,1806,11783,9016,20799,63276
stream_buffer,1807,11783,9016,20799,63276
stream_buffer,1808,11783,9016,20799,63276
stream_buffer,1809,11783,9016,20799,63276
stream_buffer,1810,11792,9016,20808,63276
stream_buffer,1811,171574,9016,9016,63276
stream_buffer,1812,12835,287596,300431,63276
stream_buffer,1813,12415,9650,22065,63276
stream_buffer,1814,11783,9018,20801,63276
stream_buffer,1815,11783,9018,20801,63276
stream_buffer,1816,11863,9049,20912,63276
stream_buffer,1817,11817,9029,20846,63276
stream_buffer,1818,11817,9029,20846,63276
stream_buffer,1819,11817,9029,20846,63276
stream_buffer,1820,11817,9029,20846,63276
stream_buffer,1821,11817,10230,22047,63276
stream_buffer,1822,216621,186629,403250,63276
stream_buffer,1823,12449,9031,21480,63276
stream_buffer,1824,11817,9031,20848,63276
stream_buffer,1825,11817,9031,20848,63276
stream_buffer,1826,11817,9031,20848,63276
stream_buffer,1827,11849,9092,20941,63276
stream_buffer,1828,11815,9029,20844,63276
stream_buffer,1829,152277,193463,345740,63276
stream_buffer,1830,12447,9029,21476,63276
stream_buffer,1831,11815,9029,20844,63276
stream_buffer,1832,11815,9029,20844,63276
stream_buffer,1833,11815,9029,20844,63276
stream_buffer,1834,11815,9029,20844,63276
stream_buffer,1835,11823,9029,20852,63276
stream_buffer,1836,171584,9029,9029,63276
stream_buffer,1837,12869,287632,300501,63276
stream_buffer,1838,12471,9725,22196,63276
stream_buffer,1839,11817,9029,20846,63276
stream_buffer,1840,11817,9029,20846,63276
stream_buffer,1841,11941,9029,20970,63276
stream_buffer,1842,11817,9029,20846,63276
stream_buffer,1843,11817,9029,20846,63276
stream_buffer,1844,11817,9029,20846,63276
stream_buffer,1845,11817,9029,20846,63276
stream_buffer,1846,11817,9857,21674,63276
stream_buffer,1847,216355,187045,403400,63276
stream_buffer,1848,12449,9029,21478,63276
stream_buffer,1849,11783,9016,20799,63276
stream_buffer,1850,11783,9016,20799,63276
stream_buffer,1851,11783,9016,20799,63276
stream_buffer,1852,11783,9016,20799,63276
stream_buffer,1853,11783,9016,20799,63276
stream_buffer,1854,152050,193281,345331,63276
stream_buffer,1855,12415,9018,21433,63276
stream_buffer,1856,11783,9018,20801,63276
stream_buffer,1857,11783,9018,20801,63276
stream_buffer,1858,11783,9018,20801,63276
stream_buffer,1859,11841,9049,20890,63276
stream_buffer,1860,11869,9029,20898,63276
stream_buffer,1861,171618,9029,9029,63276
stream_buffer,1862,12871,287611,300482,63276
stream_buffer,1863,12449,9663,22112,63276
stream_buffer,1864,11817,9031,20848,63276
stream_buffer,1865,11817,9031,20848,63276
stream_buffer,1866,11852,9031,20883,63276
stream_buffer,1867,11817,9031,20848,63276
stream_buffer,1868,11817,9031,20848,63276
stream_buffer,1869,11817,9031,20848,63276
stream_buffer,1870,11849,9092,20941,63276
stream_buffer,1871,11815,9860,21675,63276
stream_buffer,1872,216333,186805,403138,63276
stream_buffer,1873,12447,9029,21476,63276
stream_buffer,1874,11815,9029,20844,63276
stream_buffer,1875,11815,9029,20844,63276
stream_buffer,1876,11815,9029,20844,63276
stream_buffer,1877,11815,9029,20844,63276
stream_buffer,1878,11815,9029,20844,63276
stream_buffer,1879,152343,193356,345699,63276
stream_buffer,1880,12447,9031,21478,63276
stream_buffer,1881,11839,9093,20932,63276
stream_buffer,1882,11817,9029,20846,63276
stream_buffer,1883,11817,9029,20846,63276
stream_buffer,1884,11817,9029,20846,63276
stream_buffer,1885,11822,9029,20851,63276
stream_buffer,1886,171578,9029,9029,63276
stream_buffer,1887,12871,287496,300367,63276
stream_buffer,1888,12449,9664,22113,63276
stream_buffer,1889,11817,9031,20848,63276
stream_buffer,1890,11817,9031,20848,63276
stream_buffer,1891,11937,9029,20966,63276
stream_buffer,1892,11783,9016,20799,63276
stream_buffer,1893,11783,9016,20799,63276
stream_buffer,1894,11783,9016,20799,63276
stream_buffer,1895,11783,9016,20799,63276
stream_buffer,1896,11783,10178,21961,63276
stream_buffer,1897,216654,186634,403288,63276
stream_buffer,1898,12415,9018,21433,63276
stream_buffer,1899,11783,9018,20801,63276
stream_buffer,1900,11783,9018,20801,63276
stream_buffer,1901,11783,9018,20801,63276
stream_buffer,1902,11841,9049,20890,63276
stream_buffer,1903,11817,9029,20846,63276
stream_buffer,1904,152433,193292,345725,63276
stream_buffer,1905,12449,9029,21478,63276
stream_buffer,1906,11817,9029,20846,63276
stream_buffer,1907,11817,9029,20846,63276
stream_buffer,1908,11817,9029,20846,63276
stream_buffer,1909,11817,9029,20846,63276
stream_buffer,1910,11819,9029,20848,63276
stream_buffer,1911,171592,9029,9029,63276
stream_buffer,1912,12871,287622,300493,63276
stream_buffer,1913,12481,9724,22205,63276
stream_buffer,1914,11815,9029,20844,63276
stream_buffer,1915,11815,9029,20844,63276
stream_buffer,1916,11942,9029,20971,63276
stream_buffer,1917,11815,9029,20844,63276
stream_buffer,1918,11815,9029,20844,63276
stream_buffer,1919,11815,9029,20844,63276
stream_buffer,1920,11815,9029,20844,63276
stream_buffer,1921,11815,9857,21672,63276
stream_buffer,1922,216353,187089,403442,63276
stream_buffer,1923,12447,9031,21478,63276
stream_buffer,1924,11839,9093,20932,63276
stream_buffer,1925,11817,9029,20846,63276
stream_buffer,1926,11817,9029,20846,63276
stream_buffer,1927,11817,9029,20846,63276
stream_buffer,1928,11817,9029,20846,63276
stream_buffer,1929,151989,193341,345330,63276
stream_buffer,1930,12449,9031,21480,63276
stream_buffer,1931,11817,9031,20848,63276
stream_buffer,1932,11817,9031,20848,63276
stream_buffer,1933,11817,9031,20848,63276
stream_buffer,1934,11817,9029,20846,63276
stream_buffer,1935,11815,9016,20831,63276
stream_buffer,1936,171566,9016,9016,63276
stream_buffer,1937,12835,287564,300399,63276
stream_buffer,1938,12415,9651,22066,63276
stream_buffer,1939,11783,9018,20801,63276
stream_buffer,1940,11783,9018,20801,63276
stream_buffer,1941,11785,9018,20803,63276
stream_buffer,1942,11783,9018,20801,63276
stream_buffer,1943,11783,9018,20801,63276
stream_buffer,1944,11783,9018,20801,63276
stream_buffer,1945,11841,9049,20890,63276
stream_buffer,1946,11817,10249,22066,63276
stream_buffer,1947,216649,186528,403177,63276
stream_buffer,1948,12449,9029,21478,63276
stream_buffer,1949,11817,9029,20846,63276
stream_buffer,1950,11817,9029,20846,63276
stream_buffer,1951,11817,9029,20846,63276
stream_buffer,1952,11817,9029,20846,63276
stream_buffer,1953,11817,9029,20846,63276
stream_buffer,1954,152345,193326,345671,63276
stream_buffer,1955,12449,9031,21480,63276
stream_buffer,1956,11849,9092,20941,63276
stream_buffer,1957,11815,9029,20844,63276
stream_buffer,1958,11815,9029,20844,63276
stream_buffer,1959,11815,9029,20844,63276
stream_buffer,1960,11819,9029,20848,63276
stream_buffer,1961,171582,9029,9029,63276
stream_buffer,1962,12869,287631,300500,63276
stream_buffer,1963,12447,9663,22110,63276
stream_buffer,1964,11815,9031,20846,63276
stream_buffer,1965,11815,9031,20846,63276
stream_buffer,1966,11934,9031,20965,63276
stream_buffer,1967,11839,9093,20932,63276
stream_buffer,1968,11817,9029,20846,63276
stream_buffer,1969,11817,9029,20846,63276
stream_buffer,1970,11817,9029,20846,63276
stream_buffer,1971,11817,9856,21673,63276
stream_buffer,1972,216345,187066,403411,63276
stream_buffer,1973,12449,9031,21480,63276
stream_buffer,1974,11817,9031,20848,63276
stream_buffer,1975,11817,9031,20848,63276
stream_buffer,1976,11817,9031,20848,63276
stream_buffer,1977,11817,9029,20846,63276
stream_buffer,1978,11783,9016,20799,63276
stream_buffer,1979,151998,193527,345525,63276
stream_buffer,1980,12415,9016,21431,63276
stream_buffer,1981,11783,9016,20799,63276
stream_buffer,1982,11783,9016,20799,63276
stream_buffer,1983,11783,9016,20799,63276
stream_buffer,1984,11783,9016,20799,63276
stream_buffer,1985,11835,9016,20851,63276
stream_buffer,1986,171214,9016,9016,63276
stream_buffer,1987,12835,286710,299545,63276
stream_buffer,1988,12473,9681,22154,63276
stream_buffer,1989,11817,9029,20846,63276
stream_buffer,1990,11817,9029,20846,63276
stream_buffer,1991,11817,9029,20846,63276
stream_buffer,1992,11817,9029,20846,63276
stream_buffer,1993,11817,9029,20846,63276
stream_buffer,1994,11817,9029,20846,63276
stream_buffer,1995,11817,9029,20846,63276
stream_buffer,1996,11817,9375,21192,63276
stream_buffer,1997,214957,189142,404099,63276
stream_buffer,1998,12449,9031,21480,63276
stream_buffer,1999,11849,9092,20941,63276
stream_buffer,2000,11815,9029,20844,63276
stream_buffer,2001,11815,9029,20844,63276
stream_buffer,2002,11815,9029,20844,63276
stream_buffer,2003,11815,9029,20844,63276
stream_buffer,2004,152445,193202,345647,63276
stream_buffer,2005,12448,9031,21479,63276
stream_buffer,2006,11815,9031,20846,63276
stream_buffer,2007,11815,9031,20846,63276
stream_buffer,2008,11815,9031,20846,63276
stream_buffer,2009,11815,9031,20846,63276
stream_buffer,2010,12847,9093,21940,63276
stream_buffer,2011,171482,9029,9029,63276
stream_buffer,2012,12871,286639,299510,63276
stream_buffer,2013,12449,9663,22112,63276
stream_buffer,2014,11817,9031,20848,63276
stream_buffer,2015,11817,9031,20848,63276
stream_buffer,2016,11817,9031,20848,63276
stream_buffer,2017,11817,9031,20848,63276
stream_buffer,2018,11817,9031,20848,63276
stream_buffer,2019,11817,9031,20848,63276
stream_buffer,2020,11817,9029,20846,63276
stream_buffer,2021,11783,9460,21243,63276
stream_buffer,2022,214954,189110,404064,63276
stream_buffer,2023,12415,9016,21431,63276
stream_buffer,2024,11783,9016,20799,63276
stream_buffer,2025,11783,9016,20799,63276
stream_buffer,2026,11783,9016,20799,63276
stream_buffer,2027,11783,9016,20799,63276
stream_buffer,2028,11783,9016,20799,63276
stream_buffer,2029,152258,193324,345582,63276
stream_buffer,2030,12415,9018,21433,63276
stream_buffer,2031,11841,9049,20890,63276
stream_buffer,2032,11817,9029,20846,63276
stream_buffer,2033,11817,9029,20846,63276
stream_buffer,2034,11817,9029,20846,63276
stream_buffer,2035,13113,9029,22142,63276
stream_buffer,2036,171436,9029,9029,63276
stream_buffer,2037,12871,286728,299599,63276
stream_buffer,2038,12449,9663,22112,63276
stream_buffer,2039,11817,9031,20848,63276
stream_buffer,2040,11817,9031,20848,63276
stream_buffer,2041,11817,9031,20848,63276
stream_buffer,2042,11849,9092,20941,63276
stream_buffer,2043,11815,9029,20844,63276
stream_buffer,2044,11815,9029,20844,63276
stream_buffer,2045,11815,9029,20844,63276
stream_buffer,2046,11815,9407,21222,63276
stream_buffer,2047,215119,188985,404104,63276
stream_buffer,2048,12447,9031,21478,63276
stream_buffer,2049,11815,9031,20846,63276
stream_buffer,2050,11815,9031,20846,63276
stream_buffer,2051,11815,9031,20846,63276
stream_buffer,2052,11815,9031,20846,63276
stream_buffer,2053,11839,9093,20932,63276
stream_buffer,2054,152415,193225,345640,63276
stream_buffer,2055,12450,9029,21479,63276
stream_buffer,2056,11817,9029,20846,63276
stream_buffer,2057,11817,9029,20846,63276
stream_buffer,2058,11817,9029,20846,63276
stream_buffer,2059,11817,9029,20846,63276
stream_buffer,2060,12819,9029,21848,63276
stream_buffer,2061,171452,9029,9029,63276
stream_buffer,2062,12871,286574,299445,63276
stream_buffer,2063,12449,9661,22110,63276
stream_buffer,2064,11783,9016,20799,63276
stream_buffer,2065,11783,9016,20799,63276
stream_buffer,2066,11783,9016,20799,63276
stream_buffer,2067,11783,9016,20799,63276
stream_buffer,2068,11783,9016,20799,63276
stream_buffer,2069,11783,9016,20799,63276
stream_buffer,2070,11783,9016,20799,63276
stream_buffer,2071,11783,9406,21189,63276
stream_buffer,2072,214740,189428,404168,63276
stream_buffer,2073,12415,9018,21433,63276
stream_buffer,2074,11841,9049,20890,63276
stream_buffer,2075,11817,9029,20846,63276
stream_buffer,2076,11817,9029,20846,63276
stream_buffer,2077,11817,9029,20846,63276
stream_buffer,2078,11817,9029,20846,63276
stream_buffer,2079,152349,193291,345640,63276
stream_buffer,2080,12450,9031,21481,63276
stream_buffer,2081,11817,9031,20848,63276
stream_buffer,2082,11817,9031,20848,63276
stream_buffer,2083,11817,9031,20848,63276
stream_buffer,2084,11817,9031,20848,63276
stream_buffer,2085,12799,9092,21891,63276
stream_buffer,2086,171452,9029,9029,63276
stream_buffer,2087,12869,286706,299575,63276
stream_buffer,2088,12447,9663,22110,63276
stream_buffer,2089,11815,9031,20846,63276
stream_buffer,2090,11815,9031,20846,63276
stream_buffer,2091,11815,9031,20846,63276
stream_buffer,2092,11815,9031,20846,63276
stream_buffer,2093,11815,9031,20846,63276
stream_buffer,2094,11815,9031,20846,63276
stream_buffer,2095,11815,9031,20846,63276
stream_buffer,2096,11839,9475,21314,63276
stream_buffer,2097,215085,188995,404080,63276
stream_buffer,2098,12449,9029,21478,63276
stream_buffer,2099,11817,9029,20846,63276
stream_buffer,2100,11817,9029,20846,63276
stream_buffer,2101,11817,9029,20846,63276
stream_buffer,2102,11817,9029,20846,63276
stream_buffer,2103,11817,9029,20846,63276
stream_buffer,2104,152345,193252,345597,63276
stream_buffer,2105,12449,9031,21480,63276
stream_buffer,2106,11817,9029,20846,63276
stream_buffer,2107,11783,9016,20799,63276
stream_buffer,2108,11783,9016,20799,63276
stream_buffer,2109,11783,9016,20799,63276
stream_buffer,2110,13252,9016,22268,63276
stream_buffer,2111,171478,9016,9016,63276
stream_buffer,2112,12835,286661,299496,63276
stream_buffer,2113,12415,9650,22065,63276
stream_buffer,2114,11783,9018,20801,63276
stream_buffer,2115,11783,9018,20801,63276
stream_buffer,2116,11783,9018,20801,63276
stream_buffer,2117,11841,9049,20890,63276
stream_buffer,2118,11817,9029,20846,63276
stream_buffer,2119,11817,9029,20846,63276
stream_buffer,2120,11817,9029,20846,63276
stream_buffer,2121,11817,9374,21191,63276
stream_buffer,2122,214953,189125,404078,63276
stream_buffer,2123,12449,9031,21480,63276
stream_buffer,2124,11817,9031,20848,63276
stream_buffer,2125,11817,9031,20848,63276
stream_buffer,2126,11817,9031,20848,63276
stream_buffer,2127,11817,9031,20848,63276
stream_buffer,2128,11849,9092,20941,63276
stream_buffer,2129,152463,193147,345610,63276
stream_buffer,2130,12448,9029,21477,63276
stream_buffer,2131,11815,9029,20844,63276
stream_buffer,2132,11815,9029,20844,63276
stream_buffer,2133,11815,9029,20844,63276
stream_buffer,2134,11815,9029,20844,63276
stream_buffer,2135,12730,9029,21759,63276
stream_buffer,2136,171494,9029,9029,63276
stream_buffer,2137,12869,286671,299540,63276
stream_buffer,2138,12447,9663,22110,63276
stream_buffer,2139,11839,9093,20932,63276
stream_buffer,2140,11817,9029,20846,63276
stream_buffer,2141,11817,9029,20846,63276
stream_buffer,2142,11817,9029,20846,63276
stream_buffer,2143,11817,9029,20846,63276
stream_buffer,2144,11817,9029,20846,63276
stream_buffer,2145,11817,9029,20846,63276
stream_buffer,2146,11817,9382,21199,63276
stream_buffer,2147,215037,189081,404118,63276
stream_buffer,2148,12449,9031,21480,63276
stream_buffer,2149,11817,9029,20846,63276
stream_buffer,2150,11783,9016,20799,63276
stream_buffer,2151,11783,9016,20799,63276
stream_buffer,2152,11783,9016,20799,63276
stream_buffer,2153,11783,9016,20799,63276
stream_buffer,2154,152288,193243,345531,63276
stream_buffer,2155,12415,9018,21433,63276
stream_buffer,2156,11783,9018,20801,63276
stream_buffer,2157,11783,9018,20801,63276
stream_buffer,2158,11783,9018,20801,63276
stream_buffer,2159,11783,9018,20801,63276
stream_buffer,2160,13490,9049,22539,63276
stream_buffer,2161,171431,9029,9029,63276
stream_buffer,2162,12871,286706,299577,63276
stream_buffer,2163,12449,9663,22112,63276
stream_buffer,2164,11817,9031,20848,63276
stream_buffer,2165,11817,9031,20848,63276
stream_buffer,2166,11817,9031,20848,63276
stream_buffer,2167,11817,9031,20848,63276
stream_buffer,2168,11817,9031,20848,63276
stream_buffer,2169,11817,9031,20848,63276
stream_buffer,2170,11817,9031,20848,63276
stream_buffer,2171,11849,9458,21307,63276
stream_buffer,2172,215073,188989,404062,63276
stream_buffer,2173,12447,9029,21476,63276
stream_buffer,2174,11815,9029,20844,63276
stream_buffer,2175,11815,9029,20844,63276
stream_buffer,2176,11815,9029,20844,63276
stream_buffer,2177,11815,9029,20844,63276
stream_buffer,2178,11815,9029,20844,63276
stream_buffer,2179,152345,193306,345651,63276
stream_buffer,2180,12447,9031,21478,63276
stream_buffer,2181,11815,9031,20846,63276
stream_buffer,2182,11839,9093,20932,63276
stream_buffer,2183,11817,9029,20846,63276
stream_buffer,2184,11817,9029,20846,63276
stream_buffer,2185,13116,9029,22145,63276
stream_buffer,2186,171473,9029,9029,63276
stream_buffer,2187,12871,286543,299414,63276
stream_buffer,2188,12449,9663,22112,63276
stream_buffer,2189,11817,9031,20848,63276
stream_buffer,2190,11817,9031,20848,63276
stream_buffer,2191,11817,9031,20848,63276
stream_buffer,2192,11817,9029,20846,63276
stream_buffer,2193,11783,9016,20799,63276
stream_buffer,2194,11783,9016,20799,63276
stream_buffer,2195,11783,9016,20799,63276
stream_buffer,2196,11783,9421,21204,63276
stream_buffer,2197,214812,189356,404168,63276
stream_buffer,2198,12415,9018,21433,63276
stream_buffer,2199,11783,9018,20801,63276
stream_buffer,2200,11783,9018,20801,63276
stream_buffer,2201,11783,9018,20801,63276
stream_buffer,2202,11783,9018,20801,63276
stream_buffer,2203,11841,9049,20890,63276
stream_buffer,2204,152287,193334,345621,63276
stream_buffer,2205,12450,9029,21479,63276
stream_buffer,2206,11817,9029,20846,63276
stream_buffer,2207,11817,9029,20846,63276
stream_buffer,2208,11817,9029,20846,63276
stream_buffer,2209,11817,9029,20846,63276
stream_buffer,2210,12810,9029,21839,63276
stream_buffer,2211,171440,9029,9029,63276
stream_buffer,2212,12871,286728,299599,63276
stream_buffer,2213,12449,9663,22112,63276
stream_buffer,2214,11849,9092,20941,63276
stream_buffer,2215,11815,9029,20844,63276
stream_buffer,2216,11815,9029,20844,63276
stream_buffer,2217,11815,9029,20844,63276
stream_buffer,2218,11815,9029,20844,63276
stream_buffer,2219,11815,9029,20844,63276
stream_buffer,2220,11815,9029,20844,63276
stream_buffer,2221,11815,9403,21218,63276
stream_buffer,2222,215027,189078,404105,63276
stream_buffer,2223,12447,9031,21478,63276
stream_buffer,2224,11815,9031,20846,63276
stream_buffer,2225,11839,9093,20932,63276
stream_buffer,2226,11817,9029,20846,63276
stream_buffer,2227,11817,9029,20846,63276
stream_buffer,2228,11817,9029,20846,63276
stream_buffer,2229,152407,295020,447427,63276
stream_buffer,2230,12450,12754,25204,63276
stream_buffer,2231,11817,9663,21480,63276
stream_buffer,2232,11817,12635,24452,63276
stream_buffer,2233,11817,9663,21480,63276
stream_buffer,2234,11817,9031,20848,63276
stream_buffer,2235,12858,9029,21887,63276
stream_buffer,2236,20392,9016,29408,63276
stream_buffer,2237,11783,11369,23152,63276
stream_buffer,2238,11783,9016,20799,63276
stream_buffer,2239,11783,9016,20799,63276
stream_buffer,2240,70699,9016,79715,63276
stream_buffer,2241,11783,9016,20799,63276
stream_buffer,2242,221080,237804,458884,63276
stream_buffer,2243,12562,9018,21580,63276
stream_buffer,2244,11783,9018,20801,63276
stream_buffer,2245,11783,9018,20801,63276
stream_buffer,2246,11841,9049,20890,63276
stream_buffer,2247,11817,9029,20846,63276
stream_buffer,2248,11817,9029,20846,63276
stream_buffer,2249,11817,9029,20846,63276
stream_buffer,2250,11817,16846,28663,63276
stream_buffer,2251,217864,9029,9029,63276
stream_buffer,2252,12871,289188,302059,63276
stream_buffer,2253,12449,9663,22112,63276
stream_buffer,2254,13014,9031,22045,63276
stream_buffer,2255,11817,9031,20848,63276
stream_buffer,2256,11817,9031,20848,63276
stream_buffer,2257,11849,9092,20941,63276
stream_buffer,2258,11815,9029,20844,63276
stream_buffer,2259,11815,9029,20844,63276
stream_buffer,2260,11815,11424,23239,63276
stream_buffer,2261,11815,9029,20844,63276
stream_buffer,2262,216171,265917,482088,63276
stream_buffer,2263,12447,9663,22110,63276
stream_buffer,2264,11815,9031,20846,63276
stream_buffer,2265,11815,9031,20846,63276
stream_buffer,2266,11815,9031,20846,63276
stream_buffer,2267,14083,9031,23114,63276
stream_buffer,2268,11839,9093,20932,63276
stream_buffer,2269,11817,9029,20846,63276
stream_buffer,2270,11817,10791,22608,63276
stream_buffer,2271,11817,9029,20846,63276
stream_buffer,2272,244578,9029,9029,63276
stream_buffer,2273,12871,291312,304183,63276
stream_buffer,2274,12449,9663,22112,63276
stream_buffer,2275,11817,9031,20848,63276
stream_buffer,2276,11817,9031,20848,63276
stream_buffer,2277,14213,9031,23244,63276
stream_buffer,2278,11817,9029,20846,63276
stream_buffer,2279,11783,9016,20799,63276
stream_buffer,2280,11783,9016,20799,63276
stream_buffer,2281,11783,9016,20799,63276
stream_buffer,2282,13099,9016,22115,63276
stream_buffer,2283,242540,9016,9016,63276
stream_buffer,2284,12835,317727,330562,63276
stream_buffer,2285,12415,12622,25037,63276
stream_buffer,2286,11783,9650,21433,63276
stream_buffer,2287,13927,9018,22945,63276
stream_buffer,2288,11783,9106,20889,63276
stream_buffer,2289,11841,9049,20890,63276
stream_buffer,2290,11817,9029,20846,63276
stream_buffer,2291,11817,9029,20846,63276
stream_buffer,2292,11979,9029,21008,63276
stream_buffer,2293,11817,9029,20846,63276
stream_buffer,2294,11817,9029,20846,63276
stream_buffer,2295,232699,226656,459355,63276
stream_buffer,2296,12449,9031,21480,63276
stream_buffer,2297,13793,9031,22824,63276
stream_buffer,2298,11817,9031,20848,63276
stream_buffer,2299,11817,9031,20848,63276
stream_buffer,2300,11849,9092,20941,63276
stream_buffer,2301,11815,9029,20844,63276
stream_buffer,2302,12979,9029,22008,63276
stream_buffer,2303,11815,9029,20844,63276
stream_buffer,2304,36417,271399,307816,63276
stream_buffer,2305,12447,9663,22110,63276
stream_buffer,2306,11815,12634,24449,63276
stream_buffer,2307,11815,9663,21478,63276
stream_buffer,2308,11815,9031,20846,63276
stream_buffer,2309,13819,10508,24327,63276
stream_buffer,2310,11815,9031,20846,63276
stream_buffer,2311,11839,11447,23286,63276
stream_buffer,2312,11817,9029,20846,63276
stream_buffer,2313,11817,9029,20846,63276
stream_buffer,2314,51028,9029,60057,63276
stream_buffer,2315,11817,9029,20846,63276
stream_buffer,2316,223971,236096,460067,63276
stream_buffer,2317,12797,9031,21828,63276
stream_buffer,2318,11817,9031,20848,63276
stream_buffer,2319,11817,9031,20848,63276
stream_buffer,2320,11817,9031,20848,63276
stream_buffer,2321,11817,9029,20846,63276
stream_buffer,2322,11783,9016,20799,63276
stream_buffer,2323,11783,9016,20799,63276
stream_buffer,2324,11783,16626,28409,63276
stream_buffer,2325,198614,268913,467527,63276
stream_buffer,2326,12415,9650,22065,63276
stream_buffer,2327,11783,11412,23195,63276
stream_buffer,2328,11783,9018,20801,63276
stream_buffer,2329,13275,9018,22293,63276
stream_buffer,2330,13967,9018,22985,63276
stream_buffer,2331,11783,9018,20801,63276
stream_buffer,2332,11841,9049,20890,63276
stream_buffer,2333,11817,9029,20846,63276
stream_buffer,2334,11817,9029,20846,63276
stream_buffer,2335,218335,265149,483484,63276
stream_buffer,2336,12449,9663,22112,63276
stream_buffer,2337,11817,9031,20848,63276
stream_buffer,2338,11817,9031,20848,63276
stream_buffer,2339,11817,9031,20848,63276
stream_buffer,2340,11911,9031,20942,63276
stream_buffer,2341,11817,9031,20848,63276
stream_buffer,2342,11817,9031,20848,63276
stream_buffer,2343,11849,9092,20941,63276
stream_buffer,2344,11815,9029,20844,63276
stream_buffer,2345,216219,203971,420190,63276
stream_buffer,2346,14842,9029,23871,63276
stream_buffer,2347,11815,9029,20844,63276
stream_buffer,2348,11815,9029,20844,63276
stream_buffer,2349,11815,9029,20844,63276
stream_buffer,2350,11815,9029,20844,63276
stream_buffer,2351,13511,9029,22540,63276
stream_buffer,2352,11815,9029,20844,63276
stream_buffer,2353,12869,276466,289335,63276
stream_buffer,2354,12471,10931,23402,63276
stream_buffer,2355,11817,9029,20846,63276
stream_buffer,2356,11817,11171,22988,63276
stream_buffer,2357,11817,9029,20846,63276
stream_buffer,2358,11817,9029,20846,63276
stream_buffer,2359,14171,9029,23200,63276
stream_buffer,2360,11817,9029,20846,63276
stream_buffer,2361,11817,9029,20846,63276
stream_buffer,2362,11817,9029,20846,63276
stream_buffer,2363,216047,295220,511267,63276
stream_buffer,2364,14595,12880,27475,63276
stream_buffer,2365,11783,9648,21431,63276
stream_buffer,2366,11783,11410,23193,63276
stream_buffer,2367,11783,9016,20799,63276
stream_buffer,2368,11783,9016,20799,63276
stream_buffer,2369,13471,9016,22487,63276
stream_buffer,2370,11783,9016,20799,63276
stream_buffer,2371,11783,9016,20799,63276
stream_buffer,2372,11783,9016,20799,63276
stream_buffer,2373,11783,9016,20799,63276
stream_buffer,2374,234824,265109,499933,63276
stream_buffer,2375,12473,9681,22154,63276
stream_buffer,2376,11817,9029,20846,63276
stream_buffer,2377,11817,9029,20846,63276
stream_buffer,2378,11817,9029,20846,63276
stream_buffer,2379,11927,9029,20956,63276
stream_buffer,2380,11817,9029,20846,63276
stream_buffer,2381,11817,9029,20846,63276
stream_buffer,2382,11817,9029,20846,63276
stream_buffer,2383,11817,9029,20846,63276
stream_buffer,2384,216267,203984,420251,63276
stream_buffer,2385,14844,9031,23875,63276
stream_buffer,2386,11849,9092,20941,63276
stream_buffer,2387,11815,9029,20844,63276
stream_buffer,2388,11815,9029,20844,63276
stream_buffer,2389,11815,9029,20844,63276
stream_buffer,2390,13447,9029,22476,63276
stream_buffer,2391,11815,9029,20844,63276
stream_buffer,2392,12869,276434,289303,63276
stream_buffer,2393,12447,10853,23300,63276
stream_buffer,2394,11815,9031,20846,63276
stream_buffer,2395,11815,11217,23032,63276
stream_buffer,2396,11815,9031,20846,63276
stream_buffer,2397,11839,9093,20932,63276
stream_buffer,2398,14171,9029,23200,63276
stream_buffer,2399,11817,9029,20846,63276
stream_buffer,2400,11817,9029,20846,63276
stream_buffer,2401,11817,9029,20846,63276
stream_buffer,2402,216059,295167,511226,63276
stream_buffer,2403,14593,12866,27459,63276
stream_buffer,2404,11817,9663,21480,63276
stream_buffer,2405,11817,11426,23243,63276
stream_buffer,2406,11817,9031,20848,63276
stream_buffer,2407,11817,9029,20846,63276
stream_buffer,2408,13263,9016,22279,63276
stream_buffer,2409,11783,9016,20799,63276
stream_buffer,2410,11783,9016,20799,63276
stream_buffer,2411,11783,9016,20799,63276
stream_buffer,2412,11783,9016,20799,63276
stream_buffer,2413,234914,264786,499700,63276
stream_buffer,2414,12415,9650,22065,63276
stream_buffer,2415,11783,9018,20801,63276
stream_buffer,2416,11783,9018,20801,63276
stream_buffer,2417,11783,9018,20801,63276
stream_buffer,2418,11929,9049,20978,63276
stream_buffer,2419,11817,9029,20846,63276
stream_buffer,2420,11817,9029,20846,63276
stream_buffer,2421,11817,9029,20846,63276
stream_buffer,2422,11817,9029,20846,63276
stream_buffer,2423,216579,203991,420570,63276
stream_buffer,2424,14844,9031,23875,63276
stream_buffer,2425,11817,9031,20848,63276
stream_buffer,2426,11817,9031,20848,63276
stream_buffer,2427,11817,9031,20848,63276
stream_buffer,2428,11817,9031,20848,63276
stream_buffer,2429,13481,9092,22573,63276
stream_buffer,2430,11815,9029,20844,63276
stream_buffer,2431,12869,276461,289330,63276
stream_buffer,2432,12447,10846,23293,63276
stream_buffer,2433,11815,9031,20846,63276
stream_buffer,2434,11815,11218,23033,63276
stream_buffer,2435,11815,9031,20846,63276
stream_buffer,2436,11815,9031,20846,63276
stream_buffer,2437,14169,9031,23200,63276
stream_buffer,2438,11815,9031,20846,63276
stream_buffer,2439,11815,9031,20846,63276
stream_buffer,2440,11839,9093,20932,63276
stream_buffer,2441,216055,295282,511337,63276
stream_buffer,2442,14635,12888,27523,63276
stream_buffer,2443,11817,9663,21480,63276
stream_buffer,2444,11817,11426,23243,63276
stream_buffer,2445,11817,9031,20848,63276
stream_buffer,2446,11817,9031,20848,63276
stream_buffer,2447,13257,9031,22288,63276
stream_buffer,2448,11817,9031,20848,63276
stream_buffer,2449,11817,9031,20848,63276
stream_buffer,2450,11817,9029,20846,63276
stream_buffer,2451,11783,9016,20799,63276
stream_buffer,2452,234798,264656,499454,63276
stream_buffer,2453,12415,9650,22065,63276
stream_buffer,2454,11783,9018,20801,63276
stream_buffer,2455,11783,9018,20801,63276
stream_buffer,2456,11783,9018,20801,63276
stream_buffer,2457,11875,9018,20893,63276
stream_buffer,2458,11783,9018,20801,63276
stream_buffer,2459,11783,9018,20801,63276
stream_buffer,2460,11783,9018,20801,63276
stream_buffer,2461,11841,9049,20890,63276
stream_buffer,2462,216693,204049,420742,63276
stream_buffer,2463,14844,9029,23873,63276
stream_buffer,2464,11817,9029,20846,63276
stream_buffer,2465,11817,9029,20846,63276
stream_buffer,2466,11817,9029,20846,63276
stream_buffer,2467,11817,9029,20846,63276
stream_buffer,2468,13511,9029,22540,63276
stream_buffer,2469,11817,9029,20846,63276
stream_buffer,2470,12871,276431,289302,63276
stream_buffer,2471,12449,10852,23301,63276
stream_buffer,2472,11849,9092,20941,63276
stream_buffer,2473,11815,11175,22990,63276
stream_buffer,2474,11815,9029,20844,63276
stream_buffer,2475,11815,9029,20844,63276
stream_buffer,2476,14169,9029,23198,63276
stream_buffer,2477,11815,9029,20844,63276
stream_buffer,2478,11815,9029,20844,63276
stream_buffer,2479,11815,9029,20844,63276
stream_buffer,2480,216057,295317,511374,63276
stream_buffer,2481,14593,12893,27486,63276
stream_buffer,2482,11815,9664,21479,63276
stream_buffer,2483,11839,11488,23327,63276
stream_buffer,2484,11817,9029,20846,63276
stream_buffer,2485,11817,9029,20846,63276
stream_buffer,2486,13259,9029,22288,63276
stream_buffer,2487,11817,9029,20846,63276
stream_buffer,2488,11817,9029,20846,63276
stream_buffer,2489,11817,9029,20846,63276
stream_buffer,2490,11817,9029,20846,63276
stream_buffer,2491,233956,173900,407856,63276
stream_buffer,2492,12449,9663,22112,63276
stream_buffer,2493,11817,9029,20846,63276
stream_buffer,2494,11783,9016,20799,63276
stream_buffer,2495,11783,9016,20799,63276
stream_buffer,2496,11922,9016,20938,63276
stream_buffer,2497,11783,9016,20799,63276
stream_buffer,2498,15229,194397,209626,63276
stream_buffer,2499,12415,9018,21433,63276
stream_buffer,2500,11783,9018,20801,63276
stream_buffer,2501,11783,9018,20801,63276
stream_buffer,2502,11783,9018,20801,63276
stream_buffer,2503,11940,9018,20958,63276
stream_buffer,2504,11841,9049,20890,63276
stream_buffer,2505,12871,196593,209464,63276
stream_buffer,2506,12449,9029,21478,63276
stream_buffer,2507,11817,9029,20846,63276
stream_buffer,2508,11817,9029,20846,63276
stream_buffer,2509,11817,9029,20846,63276
stream_buffer,2510,11817,9029,20846,63276
stream_buffer,2511,11817,9029,20846,63276
stream_buffer,2512,152111,193310,345421,63276
stream_buffer,2513,12449,9031,21480,63276
stream_buffer,2514,11817,9031,20848,63276
stream_buffer,2515,11849,9092,20941,63276
stream_buffer,2516,11815,9029,20844,63276
stream_buffer,2517,11815,9029,20844,63276
stream_buffer,2518,11833,9029,20862,63276
stream_buffer,2519,171580,9029,9029,63276
stream_buffer,2520,12869,287648,300517,63276
stream_buffer,2521,12447,9663,22110,63276
stream_buffer,2522,11815,9031,20846,63276
stream_buffer,2523,11815,9031,20846,63276
stream_buffer,2524,11879,9031,20910,63276
stream_buffer,2525,11815,9031,20846,63276
stream_buffer,2526,11839,9093,20932,63276
stream_buffer,2527,11817,9029,20846,63276
stream_buffer,2528,11817,9029,20846,63276
stream_buffer,2529,11817,9856,21673,63276
stream_buffer,2530,216329,186814,403143,63276
stream_buffer,2531,12449,9031,21480,63276
stream_buffer,2532,11817,9031,20848,63276
stream_buffer,2533,11817,9031,20848,63276
stream_buffer,2534,11817,9031,20848,63276
stream_buffer,2535,11817,9031,20848,63276
stream_buffer,2536,11817,9029,20846,63276
stream_buffer,2537,152358,193110,345468,63276
stream_buffer,2538,12415,9016,21431,63276
stream_buffer,2539,11783,9016,20799,63276
stream_buffer,2540,11783,9016,20799,63276
stream_buffer,2541,11783,9016,20799,63276
stream_buffer,2542,11783,9016,20799,63276
stream_buffer,2543,11801,9016,20817,63276
stream_buffer,2544,171590,9016,9016,63276
stream_buffer,2545,12835,287570,300405,63276
stream_buffer,2546,12415,9651,22066,63276
stream_buffer,2547,11841,9049,20890,63276
stream_buffer,2548,11817,9029,20846,63276
stream_buffer,2549,11852,9029,20881,63276
stream_buffer,2550,11817,9029,20846,63276
stream_buffer,2551,11817,9029,20846,63276
stream_buffer,2552,11817,9029,20846,63276
stream_buffer,2553,11817,9029,20846,63276
stream_buffer,2554,11817,9920,21737,63276
stream_buffer,2555,216367,186806,403173,63276
stream_buffer,2556,12449,9031,21480,63276
stream_buffer,2557,11817,9031,20848,63276
stream_buffer,2558,11849,9092,20941,63276
stream_buffer,2559,11815,9029,20844,63276
stream_buffer,2560,11815,9029,20844,63276
stream_buffer,2561,11815,9029,20844,63276
stream_buffer,2562,152409,193289,345698,63276
stream_buffer,2563,12447,9031,21478,63276
stream_buffer,2564,11815,9031,20846,63276
stream_buffer,2565,11815,9031,20846,63276
stream_buffer,2566,11815,9031,20846,63276
stream_buffer,2567,11815,9031,20846,63276
stream_buffer,2568,11823,9031,20854,63276
stream_buffer,2569,171678,9093,9093,63276
stream_buffer,2570,12871,287522,300393,63276
stream_buffer,2571,12449,9664,22113,63276
stream_buffer,2572,11817,9031,20848,63276
stream_buffer,2573,11817,9031,20848,63276
stream_buffer,2574,11956,9031,20987,63276
stream_buffer,2575,11817,9031,20848,63276
stream_buffer,2576,11817,9031,20848,63276
stream_buffer,2577,11817,9031,20848,63276
stream_buffer,2578,11817,9031,20848,63276
stream_buffer,2579,11817,9910,21727,63276
stream_buffer,2580,216344,186956,403300,63276
stream_buffer,2581,12415,9016,21431,63276
stream_buffer,2582,11783,9016,20799,63276
stream_buffer,2583,11783,9016,20799,63276
stream_buffer,2584,11783,9016,20799,63276
stream_buffer,2585,11783,9016,20799,63276
stream_buffer,2586,11783,9016,20799,63276
stream_buffer,2587,152292,193190,345482,63276
stream_buffer,2588,12415,9018,21433,63276
stream_buffer,2589,11783,9018,20801,63276
stream_buffer,2590,11841,9049,20890,63276
stream_buffer,2591,11817,9029,20846,63276
stream_buffer,2592,11817,9029,20846,63276
stream_buffer,2593,11827,9029,20856,63276
stream_buffer,2594,171668,9029,9029,63276
stream_buffer,2595,12871,287650,300521,63276
stream_buffer,2596,12449,9664,22113,63276
stream_buffer,2597,11817,9031,20848,63276
stream_buffer,2598,11817,9031,20848,63276
stream_buffer,2599,11937,9031,20968,63276
stream_buffer,2600,11817,9031,20848,63276
stream_buffer,2601,11849,9092,20941,63276
stream_buffer,2602,11815,9029,20844,63276
stream_buffer,2603,11815,9029,20844,63276
stream_buffer,2604,11815,9850,21665,63276
stream_buffer,2605,216327,186809,403136,63276
stream_buffer,2606,12447,9029,21476,63276
stream_buffer,2607,11815,9029,20844,63276
stream_buffer,2608,11815,9029,20844,63276
stream_buffer,2609,11815,9029,20844,63276
stream_buffer,2610,11815,9029,20844,63276
stream_buffer,2611,11815,9029,20844,63276
stream_buffer,2612,152372,193400,345772,63276
stream_buffer,2613,12449,9029,21478,63276
stream_buffer,2614,11817,9029,20846,63276
stream_buffer,2615,11817,9029,20846,63276
stream_buffer,2616,11817,9029,20846,63276
stream_buffer,2617,11817,9029,20846,63276
stream_buffer,2618,11819,9029,20848,63276
stream_buffer,2619,171580,9029,9029,63276
stream_buffer,2620,12871,287485,300356,63276
stream_buffer,2621,12449,9664,22113,63276
stream_buffer,2622,11817,9029,20846,63276
stream_buffer,2623,11783,9016,20799,63276
stream_buffer,2624,11871,9016,20887,63276
stream_buffer,2625,11783,9016,20799,63276
stream_buffer,2626,11783,9016,20799,63276
stream_buffer,2627,11783,9016,20799,63276
stream_buffer,2628,11783,9016,20799,63276
stream_buffer,2629,11783,10153,21936,63276
stream_buffer,2630,216644,186629,403273,63276
stream_buffer,2631,12415,9018,21433,63276
stream_buffer,2632,11783,9018,20801,63276
stream_buffer,2633,11841,9049,20890,63276
stream_buffer,2634,11817,9029,20846,63276
stream_buffer,2635,11817,9029,20846,63276
stream_buffer,2636,11817,9029,20846,63276
stream_buffer,2637,152351,193364,345715,63276
stream_buffer,2638,12449,9031,21480,63276
stream_buffer,2639,11817,9031,20848,63276
stream_buffer,2640,11817,9031,20848,63276
stream_buffer,2641,11817,9031,20848,63276
stream_buffer,2642,11817,9031,20848,63276
stream_buffer,2643,11819,9031,20850,63276
stream_buffer,2644,171684,9092,9092,63276
stream_buffer,2645,12869,287506,300375,63276
stream_buffer,2646,12447,9661,22108,63276
stream_buffer,2647,11815,9029,20844,63276
stream_buffer,2648,11815,9029,20844,63276
stream_buffer,2649,11955,9029,20984,63276
stream_buffer,2650,11815,9029,20844,63276
stream_buffer,2651,11815,9029,20844,63276
stream_buffer,2652,11815,9029,20844,63276
stream_buffer,2653,11815,9029,20844,63276
stream_buffer,2654,11815,9943,21758,63276
stream_buffer,2655,216424,186861,403285,63276
stream_buffer,2656,12449,9029,21478,63276
stream_buffer,2657,11817,9029,20846,63276
stream_buffer,2658,11817,9029,20846,63276
stream_buffer,2659,11817,9029,20846,63276
stream_buffer,2660,11817,9029,20846,63276
stream_buffer,2661,11817,9029,20846,63276
stream_buffer,2662,152407,193085,345492,63276
stream_buffer,2663,12449,9031,21480,63276
stream_buffer,2664,11817,9031,20848,63276
stream_buffer,2665,11817,9029,20846,63276
stream_buffer,2666,11783,9016,20799,63276
stream_buffer,2667,11783,9016,20799,63276
stream_buffer,2668,11795,9016,20811,63276
stream_buffer,2669,171564,9016,9016,63276
stream_buffer,2670,12835,287588,300423,63276
stream_buffer,2671,12415,9650,22065,63276
stream_buffer,2672,11783,9018,20801,63276
stream_buffer,2673,11783,9018,20801,63276
stream_buffer,2674,11814,9018,20832,63276
stream_buffer,2675,11783,9018,20801,63276
stream_buffer,2676,11841,9049,20890,63276
stream_buffer,2677,11817,9029,20846,63276
stream_buffer,2678,11817,9029,20846,63276
stream_buffer,2679,11817,10167,21984,63276
stream_buffer,2680,216569,186598,403167,63276
stream_buffer,2681,12449,9029,21478,63276
stream_buffer,2682,11817,9029,20846,63276
stream_buffer,2683,11817,9029,20846,63276
stream_buffer,2684,11817,9029,20846,63276
stream_buffer,2685,11817,9029,20846,63276
stream_buffer,2686,11817,9029,20846,63276
stream_buffer,2687,152372,193401,345773,63276
stream_buffer,2688,12447,9029,21476,63276
stream_buffer,2689,11815,9029,20844,63276
stream_buffer,2690,11815,9029,20844,63276
stream_buffer,2691,11815,9029,20844,63276
stream_buffer,2692,11815,9029,20844,63276
stream_buffer,2693,11823,9029,20852,63276
stream_buffer,2694,171582,9029,9029,63276
stream_buffer,2695,12869,287639,300508,63276
stream_buffer,2696,12447,9663,22110,63276
stream_buffer,2697,11815,9031,20846,63276
stream_buffer,2698,11839,9093,20932,63276
stream_buffer,2699,11937,9029,20966,63276
stream_buffer,2700,11817,9029,20846,63276
stream_buffer,2701,11817,9029,20846,63276
stream_buffer,2702,11817,9029,20846,63276
stream_buffer,2703,11817,9029,20846,63276
stream_buffer,2704,11817,9872,21689,63276
stream_buffer,2705,216349,186818,403167,63276
stream_buffer,2706,12449,9031,21480,63276
stream_buffer,2707,11817,9031,20848,63276
stream_buffer,2708,11817,9029,20846,63276
stream_buffer,2709,11783,9016,20799,63276
stream_buffer,2710,11783,9016,20799,63276
stream_buffer,2711,11783,9016,20799,63276
stream_buffer,2712,152248,193228,345476,63276
stream_buffer,2713,12415,9018,21433,63276
stream_buffer,2714,11783,9018,20801,63276
stream_buffer,2715,11783,9018,20801,63276
stream_buffer,2716,11783,9018,20801,63276
stream_buffer,2717,11783,9018,20801,63276
stream_buffer,2718,11812,9018,20830,63276
stream_buffer,2719,171666,9049,9049,63276
stream_buffer,2720,12871,287547,300418,63276
stream_buffer,2721,12449,9662,22111,63276
stream_buffer,2722,11817,9029,20846,63276
stream_buffer,2723,11817,9029,20846,63276
stream_buffer,2724,11868,9029,20897,63276
stream_buffer,2725,11817,9029,20846,63276
stream_buffer,2726,11817,9029,20846,63276
stream_buffer,2727,11817,9029,20846,63276
stream_buffer,2728,11817,9029,20846,63276
stream_buffer,2729,11817,9902,21719,63276
stream_buffer,2730,216414,187146,403560,63276
stream_buffer,2731,12447,9029,21476,63276
stream_buffer,2732,11815,9029,20844,63276
stream_buffer,2733,11815,9029,20844,63276
stream_buffer,2734,11815,9029,20844,63276
stream_buffer,2735,11815,9029,20844,63276
stream_buffer,2736,11815,9029,20844,63276
stream_buffer,2737,152017,193311,345328,63276
stream_buffer,2738,12447,9031,21478,63276
stream_buffer,2739,11815,9031,20846,63276
stream_buffer,2740,11815,9031,20846,63276
stream_buffer,2741,11839,9093,20932,63276
stream_buffer,2742,11817,9029,20846,63276
stream_buffer,2743,11836,9029,20865,63276
stream_buffer,2744,171604,9029,9029,63276
stream_buffer,2745,12871,287493,300364,63276
stream_buffer,2746,12449,9664,22113,63276
stream_buffer,2747,11817,9031,20848,63276
stream_buffer,2748,11817,9031,20848,63276
stream_buffer,2749,11888,9031,20919,63276
stream_buffer,2750,11817,9031,20848,63276
stream_buffer,2751,11817,9029,20846,63276
stream_buffer,2752,11783,9016,20799,63276
stream_buffer,2753,11783,9016,20799,63276
stream_buffer,2754,11783,10215,21998,63276
stream_buffer,2755,216704,186529,403233,63276
stream_buffer,2756,12415,9016,21431,63276
stream_buffer,2757,11783,9016,20799,63276
stream_buffer,2758,11783,9016,20799,63276
stream_buffer,2759,11783,9016,20799,63276
stream_buffer,2760,11783,9016,20799,63276
stream_buffer,2761,11783,9016,20799,63276
stream_buffer,2762,152332,193399,345731,63276
stream_buffer,2763,12449,9029,21478,63276
stream_buffer,2764,11817,9029,20846,63276
stream_buffer,2765,11817,9029,20846,63276
stream_buffer,2766,11817,9029,20846,63276
stream_buffer,2767,11817,9029,20846,63276
stream_buffer,2768,11819,9029,20848,63276
stream_buffer,2769,171592,9029,9029,63276
stream_buffer,2770,12871,287630,300501,63276
stream_buffer,2771,12449,9663,22112,63276
stream_buffer,2772,11817,9031,20848,63276
stream_buffer,2773,11849,9092,20941,63276
stream_buffer,2774,11944,9029,20973,63276
stream_buffer,2775,11815,9029,20844,63276
stream_buffer,2776,11815,9029,20844,63276
stream_buffer,2777,11815,9029,20844,63276
stream_buffer,2778,11815,9029,20844,63276
stream_buffer,2779,11815,9861,21676,63276
stream_buffer,2780,216345,186818,403163,63276
stream_buffer,2781,12447,9031,21478,63276
stream_buffer,2782,11815,9031,20846,63276
stream_buffer,2783,11815,9031,20846,63276
stream_buffer,2784,11839,9093,20932,63276
stream_buffer,2785,11817,9029,20846,63276
stream_buffer,2786,11817,9029,20846,63276
stream_buffer,2787,152483,193197,345680,63276
stream_buffer,2788,12449,9031,21480,63276
stream_buffer,2789,11817,9031,20848,63276
stream_buffer,2790,11817,9031,20848,63276
stream_buffer,2791,11817,9031,20848,63276
stream_buffer,2792,11817,9031,20848,63276
stream_buffer,2793,11819,9031,20850,63276
stream_buffer,2794,171620,9029,9029,63276
stream_buffer,2795,12835,287448,300283,63276
stream_buffer,2796,12415,9648,22063,63276
stream_buffer,2797,11783,9016,20799,63276
stream_buffer,2798,11783,9016,20799,63276
stream_buffer,2799,11860,9016,20876,63276
stream_buffer,2800,11783,9016,20799,63276
stream_buffer,2801,11783,9016,20799,63276
stream_buffer,2802,11783,9016,20799,63276
stream_buffer,2803,11783,9016,20799,63276
stream_buffer,2804,11783,10137,21920,63276
stream_buffer,2805,216628,186735,403363,63276
stream_buffer,2806,12449,9029,21478,63276
stream_buffer,2807,11817,9029,20846,63276
stream_buffer,2808,11817,9029,20846,63276
stream_buffer,2809,11817,9029,20846,63276
stream_buffer,2810,11817,9029,20846,63276
stream_buffer,2811,11817,9029,20846,63276
stream_buffer,2812,152413,193288,345701,63276
stream_buffer,2813,12449,9031,21480,63276
stream_buffer,2814,11817,9031,20848,63276
stream_buffer,2815,11817,9031,20848,63276
stream_buffer,2816,11849,9092,20941,63276
stream_buffer,2817,11815,9029,20844,63276
stream_buffer,2818,11820,9029,20849,63276
stream_buffer,2819,171544,9029,9029,63276
stream_buffer,2820,12869,287649,300518,63276
stream_buffer,2821,12447,9663,22110,63276
stream_buffer,2822,11815,9031,20846,63276
stream_buffer,2823,11815,9031,20846,63276
stream_buffer,2824,11912,9031,20943,63276
stream_buffer,2825,11815,9031,20846,63276
stream_buffer,2826,11815,9031,20846,63276
stream_buffer,2827,11839,9093,20932,63276
stream_buffer,2828,11817,9029,20846,63276
stream_buffer,2829,11817,9844,21661,63276
stream_buffer,2830,216337,186822,403159,63276
stream_buffer,2831,12449,9029,21478,63276
stream_buffer,2832,11817,9029,20846,63276
stream_buffer,2833,11817,9029,20846,63276
stream_buffer,2834,11817,9029,20846,63276
stream_buffer,2835,11817,9029,20846,63276
stream_buffer,2836,11817,9029,20846,63276
stream_buffer,2837,152343,193174,345517,63276
stream_buffer,2838,12415,9016,21431,63276
stream_buffer,2839,11783,9016,20799,63276
stream_buffer,2840,11783,9016,20799,63276
stream_buffer,2841,11783,9016,20799,63276
stream_buffer,2842,11783,9016,20799,63276
stream_buffer,2843,11801,9016,20817,63276
stream_buffer,2844,171576,9016,9016,63276
stream_buffer,2845,12835,287598,300433,63276
stream_buffer,2846,12415,9650,22065,63276
stream_buffer,2847,11783,9018,20801,63276
stream_buffer,2848,11841,9049,20890,63276
stream_buffer,2849,11850,9029,20879,63276
stream_buffer,2850,11817,9029,20846,63276
stream_buffer,2851,11817,9029,20846,63276
stream_buffer,2852,11817,9029,20846,63276
stream_buffer,2853,11817,9029,20846,63276
stream_buffer,2854,11817,9934,21751,63276
stream_buffer,2855,216353,186806,403159,63276
stream_buffer,2856,12449,9031,21480,63276
stream_buffer,2857,11817,9031,20848,63276
stream_buffer,2858,11817,9031,20848,63276
stream_buffer,2859,11849,9092,20941,63276
stream_buffer,2860,11815,9029,20844,63276
stream_buffer,2861,11815,9029,20844,63276
stream_buffer,2862,152407,193267,345674,63276
stream_buffer,2863,12447,9029,21476,63276
stream_buffer,2864,11815,9029,20844,63276
stream_buffer,2865,11815,9029,20844,63276
stream_buffer,2866,11815,9029,20844,63276
stream_buffer,2867,11815,9029,20844,63276
stream_buffer,2868,11823,9029,20852,63276
stream_buffer,2869,171584,9029,9029,63276
stream_buffer,2870,12891,287694,300585,63276
stream_buffer,2871,12449,9662,22111,63276
stream_buffer,2872,11817,9029,20846,63276
stream_buffer,2873,11817,9029,20846,63276
stream_buffer,2874,11941,9029,20970,63276
stream_buffer,2875,11817,9029,20846,63276
stream_buffer,2876,11817,9029,20846,63276
stream_buffer,2877,11817,9029,20846,63276
stream_buffer,2878,11817,9029,20846,63276
stream_buffer,2879,11817,9917,21734,63276
stream_buffer,2880,216371,187021,403392,63276
stream_buffer,2881,12415,9016,21431,63276
stream_buffer,2882,11783,9016,20799,63276
stream_buffer,2883,11783,9016,20799,63276
stream_buffer,2884,11783,9016,20799,63276
stream_buffer,2885,11783,9016,20799,63276
stream_buffer,2886,11783,9016,20799,63276
stream_buffer,2887,152048,193256,345304,63276
stream_buffer,2888,12415,9018,21433,63276
stream_buffer,2889,11783,9018,20801,63276
stream_buffer,2890,11783,9018,20801,63276
stream_buffer,2891,11841,9049,20890,63276
stream_buffer,2892,11817,9029,20846,63276
stream_buffer,2893,11861,9029,20890,63276
stream_buffer,2894,171616,9029,9029,63276
stream_buffer,2895,12871,287605,300476,63276
stream_buffer,2896,12449,9664,22113,63276
stream_buffer,2897,11817,9031,20848,63276
stream_buffer,2898,11817,9031,20848,63276
stream_buffer,2899,11857,9031,20888,63276
stream_buffer,2900,11817,9031,20848,63276
stream_buffer,2901,11817,9031,20848,63276
stream_buffer,2902,11849,9092,20941,63276
stream_buffer,2903,11815,9029,20844,63276
stream_buffer,2904,11815,9850,21665,63276
stream_buffer,2905,216329,186811,403140,63276
stream_buffer,2906,12447,9029,21476,63276
stream_buffer,2907,11815,9029,20844,63276
stream_buffer,2908,11815,9029,20844,63276
stream_buffer,2909,11815,9029,20844,63276
stream_buffer,2910,11815,9029,20844,63276
stream_buffer,2911,11815,9029,20844,63276
stream_buffer,2912,152341,193360,345701,63276
stream_buffer,2913,12471,9093,21564,63276
stream_buffer,2914,11817,9029,20846,63276
stream_buffer,2915,11817,9029,20846,63276
stream_buffer,2916,11817,9029,20846,63276
stream_buffer,2917,11817,9029,20846,63276
stream_buffer,2918,11822,9029,20851,63276
stream_buffer,2919,171576,9029,9029,63276
stream_buffer,2920,12871,287479,300350,63276
stream_buffer,2921,12449,9664,22113,63276
stream_buffer,2922,11817,9031,20848,63276
stream_buffer,2923,11817,9029,20846,63276
stream_buffer,2924,11880,9016,20896,63276
stream_buffer,2925,11783,9016,20799,63276
stream_buffer,2926,11783,9016,20799,63276
stream_buffer,2927,11783,9016,20799,63276
stream_buffer,2928,11783,9016,20799,63276
stream_buffer,2929,11783,10195,21978,63276
stream_buffer,2930,216692,186570,403262,63276
stream_buffer,2931,12415,9018,21433,63276
stream_buffer,2932,11783,9018,20801,63276
stream_buffer,2933,11783,9018,20801,63276
stream_buffer,2934,11841,9049,20890,63276
stream_buffer,2935,11817,9029,20846,63276
stream_buffer,2936,11817,9029,20846,63276
stream_buffer,2937,152301,193359,345660,63276
stream_buffer,2938,12449,9029,21478,63276
stream_buffer,2939,11817,9029,20846,63276
stream_buffer,2940,11817,9029,20846,63276
stream_buffer,2941,11817,9029,20846,63276
stream_buffer,2942,11817,9029,20846,63276
stream_buffer,2943,11819,9029,20848,63276
stream_buffer,2944,171592,9029,9029,63276
stream_buffer,2945,12903,287688,300591,63276
stream_buffer,2946,12447,9662,22109,63276
stream_buffer,2947,11815,9029,20844,63276
stream_buffer,2948,11815,9029,20844,63276
stream_buffer,2949,11947,9029,20976,63276
stream_buffer,2950,11815,9029,20844,63276
stream_buffer,2951,11815,9029,20844,63276
stream_buffer,2952,11815,9029,20844,63276
stream_buffer,2953,11815,9029,20844,63276
stream_buffer,2954,11815,9919,21734,63276
stream_buffer,2955,216373,186791,403164,63276
stream_buffer,2956,12471,9093,21564,63276
stream_buffer,2957,11817,9029,20846,63276
stream_buffer,2958,11817,9029,20846,63276
stream_buffer,2959,11817,9029,20846,63276
stream_buffer,2960,11817,9029,20846,63276
stream_buffer,2961,11817,9029,20846,63276
stream_buffer,2962,152445,193130,345575,63276
stream_buffer,2963,12449,9031,21480,63276
stream_buffer,2964,11817,9031,20848,63276
stream_buffer,2965,11817,9031,20848,63276
stream_buffer,2966,11817,9029,20846,63276
stream_buffer,2967,11783,9016,20799,63276
stream_buffer,2968,11793,9016,20809,63276
stream_buffer,2969,171618,9016,9016,63276
stream_buffer,2970,12835,287578,300413,63276
stream_buffer,2971,12415,9651,22066,63276
stream_buffer,2972,11783,9018,20801,63276
stream_buffer,2973,11783,9018,20801,63276
stream_buffer,2974,11811,9018,20829,63276
stream_buffer,2975,11783,9018,20801,63276
stream_buffer,2976,11783,9018,20801,63276
stream_buffer,2977,11841,9049,20890,63276
stream_buffer,2978,11817,9029,20846,63276
stream_buffer,2979,11817,10205,22022,63276
stream_buffer,2980,216619,186591,403210,63276
stream_buffer,2981,12449,9029,21478,63276
stream_buffer,2982,11817,9029,20846,63276
stream_buffer,2983,11817,9029,20846,63276
stream_buffer,2984,11817,9029,20846,63276
stream_buffer,2985,11817,9029,20846,63276
stream_buffer,2986,11817,9029,20846,63276
stream_buffer,2987,152307,193389,345696,63276
stream_buffer,2988,12481,9092,21573,63276
stream_buffer,2989,11815,9029,20844,63276
stream_buffer,2990,11815,9029,20844,63276
stream_buffer,2991,11815,9029,20844,63276
stream_buffer,2992,11815,9029,20844,63276
stream_buffer,2993,11820,9029,20849,63276
stream_buffer,2994,171576,9029,9029,63276
stream_buffer,2995,12869,287611,300480,63276
stream_buffer,2996,12447,9663,22110,63276
stream_buffer,2997,11815,9031,20846,63276
stream_buffer,2998,11815,9031,20846,63276
stream_buffer,2999,11970,9093,21063,63276
stream_buffer,3000,11817,9029,20846,63276
stream_buffer,3001,11817,9029,20846,63276
stream_buffer,3002,11817,9029,20846,63276
stream_buffer,3003,11817,9029,20846,63276
stream_buffer,3004,11817,9822,21639,63276
stream_buffer,3005,216343,186836,403179,63276
stream_buffer,3006,12449,9031,21480,63276
stream_buffer,3007,11817,9031,20848,63276
stream_buffer,3008,11817,9031,20848,63276
stream_buffer,3009,11817,9029,20846,63276
stream_buffer,3010,11783,9016,20799,63276
stream_buffer,3011,11783,9016,20799,63276
stream_buffer,3012,152338,193135,345473,63276
stream_buffer,3013,12415,9016,21431,63276
stream_buffer,3014,11783,9016,20799,63276
stream_buffer,3015,11783,9016,20799,63276
stream_buffer,3016,11783,9016,20799,63276
stream_buffer,3017,11783,9016,20799,63276
stream_buffer,3018,11801,9016,20817,63276
stream_buffer,3019,171590,9016,9016,63276
stream_buffer,3020,12895,287610,300505,63276
stream_buffer,3021,12449,9661,22110,63276
stream_buffer,3022,11817,9029,20846,63276
stream_buffer,3023,11817,9029,20846,63276
stream_buffer,3024,11881,9029,20910,63276
stream_buffer,3025,11817,9029,20846,63276
stream_buffer,3026,11817,9029,20846,63276
stream_buffer,3027,11817,9029,20846,63276
stream_buffer,3028,11817,9029,20846,63276
stream_buffer,3029,11817,9948,21765,63276
stream_buffer,3030,216365,186800,403165,63276
stream_buffer,3031,12481,9092,21573,63276
stream_buffer,3032,11815,9029,20844,63276
stream_buffer,3033,11815,9029,20844,63276
stream_buffer,3034,11815,9029,20844,63276
stream_buffer,3035,11815,9029,20844,63276
stream_buffer,3036,11815,9029,20844,63276
stream_buffer,3037,152483,193215,345698,63276
stream_buffer,3038,12447,9031,21478,63276
stream_buffer,3039,11815,9031,20846,63276
stream_buffer,3040,11815,9031,20846,63276
stream_buffer,3041,11815,9031,20846,63276
stream_buffer,3042,11839,9093,20932,63276
stream_buffer,3043,11821,9029,20850,63276
stream_buffer,3044,171574,9029,9029,63276
stream_buffer,3045,12871,287540,300411,63276
stream_buffer,3046,12449,9663,22112,63276
stream_buffer,3047,11817,9031,20848,63276
stream_buffer,3048,11817,9031,20848,63276
stream_buffer,3049,11923,9031,20954,63276
stream_buffer,3050,11817,9031,20848,63276
stream_buffer,3051,11817,9031,20848,63276
stream_buffer,3052,11817,9029,20846,63276
stream_buffer,3053,11783,9016,20799,63276
stream_buffer,3054,11783,10215,21998,63276
stream_buffer,3055,216682,186524,403206,63276
stream_buffer,3056,12415,9016,21431,63276
stream_buffer,3057,11783,9016,20799,63276
stream_buffer,3058,11783,9016,20799,63276
stream_buffer,3059,11783,9016,20799,63276
stream_buffer,3060,11783,9016,20799,63276
stream_buffer,3061,11783,9016,20799,63276
stream_buffer,3062,152268,193336,345604,63276
stream_buffer,3063,12473,9049,21522,63276
stream_buffer,3064,11817,9029,20846,63276
stream_buffer,3065,11817,9029,20846,63276
stream_buffer,3066,11817,9029,20846,63276
stream_buffer,3067,11817,9029,20846,63276
stream_buffer,3068,11827,9029,20856,63276
stream_buffer,3069,171616,9029,9029,63276
stream_buffer,3070,12871,287635,300506,63276
stream_buffer,3071,12449,9663,22112,63276
stream_buffer,3072,11817,9031,20848,63276
stream_buffer,3073,11817,9031,20848,63276
stream_buffer,3074,11981,9092,21073,63276
stream_buffer,3075,11815,9029,20844,63276
stream_buffer,3076,11815,9029,20844,63276
stream_buffer,3077,11815,9029,20844,63276
stream_buffer,3078,11815,9029,20844,63276
stream_buffer,3079,11815,9867,21682,63276
stream_buffer,3080,216343,186822,403165,63276
stream_buffer,3081,12447,9031,21478,63276
stream_buffer,3082,11815,9031,20846,63276
stream_buffer,3083,11815,9031,20846,63276
stream_buffer,3084,11815,9031,20846,63276
stream_buffer,3085,11839,9093,20932,63276
stream_buffer,3086,11817,9029,20846,63276
stream_buffer,3087,152447,193234,345681,63276
stream_buffer,3088,12449,9029,21478,63276
stream_buffer,3089,11817,9029,20846,63276
stream_buffer,3090,11817,9029,20846,63276
stream_buffer,3091,11817,9029,20846,63276
stream_buffer,3092,11817,9029,20846,63276
stream_buffer,3093,11819,9029,20848,63276
stream_buffer,3094,171592,9029,9029,63276
stream_buffer,3095,12871,287494,300365,63276
stream_buffer,3096,12415,9648,22063,63276
stream_buffer,3097,11783,9016,20799,63276
stream_buffer,3098,11783,9016,20799,63276
stream_buffer,3099,11869,9016,20885,63276
stream_buffer,3100,11783,9016,20799,63276
stream_buffer,3101,11783,9016,20799,63276
stream_buffer,3102,11783,9016,20799,63276
stream_buffer,3103,11783,9016,20799,63276
stream_buffer,3104,11783,10210,21993,63276
stream_buffer,3105,216640,186592,403232,63276
stream_buffer,3106,12473,9049,21522,63276
stream_buffer,3107,11817,9029,20846,63276
stream_buffer,3108,11817,9029,20846,63276
stream_buffer,3109,11817,9029,20846,63276
stream_buffer,3110,11817,9029,20846,63276
stream_buffer,3111,11817,9029,20846,63276
stream_buffer,3112,152297,193391,345688,63276
stream_buffer,3113,12449,9031,21480,63276
stream_buffer,3114,11817,9031,20848,63276
stream_buffer,3115,11817,9031,20848,63276
stream_buffer,3116,11817,9031,20848,63276
stream_buffer,3117,11849,9092,20941,63276
stream_buffer,3118,11815,9029,20844,63276
stream_buffer,3119,171538,9029,9029,63276
stream_buffer,3120,12869,287643,300512,63276
stream_buffer,3121,12447,9663,22110,63276
stream_buffer,3122,11815,9031,20846,63276
stream_buffer,3123,11815,9031,20846,63276
stream_buffer,3124,11910,9031,20941,63276
stream_buffer,3125,11815,9031,20846,63276
stream_buffer,3126,11815,9031,20846,63276
stream_buffer,3127,11815,9031,20846,63276
stream_buffer,3128,11839,9093,20932,63276
stream_buffer,3129,11817,9826,21643,63276
stream_buffer,3130,216339,186832,403171,63276
stream_buffer,3131,12449,9029,21478,63276
stream_buffer,3132,11817,9029,20846,63276
stream_buffer,3133,11817,9029,20846,63276
stream_buffer,3134,11817,9029,20846,63276
stream_buffer,3135,11817,9029,20846,63276
stream_buffer,3136,11817,9029,20846,63276
stream_buffer,3137,152345,193150,345495,63276
stream_buffer,3138,12449,9029,21478,63276
stream_buffer,3139,11783,9016,20799,63276
stream_buffer,3140,11783,9016,20799,63276
stream_buffer,3141,11783,9016,20799,63276
stream_buffer,3142,11783,9016,20799,63276
stream_buffer,3143,11792,9016,20808,63276
stream_buffer,3144,171574,9016,9016,63276
stream_buffer,3145,12835,287596,300431,63276
stream_buffer,3146,12415,9650,22065,63276
stream_buffer,3147,11783,9018,20801,63276
stream_buffer,3148,11783,9018,20801,63276
stream_buffer,3149,11863,9049,20912,63276
stream_buffer,3150,11817,9029,20846,63276
stream_buffer,3151,11817,9029,20846,63276
stream_buffer,3152,11817,9029,20846,63276
stream_buffer,3153,11817,9029,20846,63276
stream_buffer,3154,11817,10230,22047,63276
stream_buffer,3155,216621,186629,403250,63276
stream_buffer,3156,12449,9031,21480,63276
stream_buffer,3157,11817,9031,20848,63276
stream_buffer,3158,11817,9031,20848,63276
stream_buffer,3159,11817,9031,20848,63276
stream_buffer,3160,11849,9092,20941,63276
stream_buffer,3161,11815,9029,20844,63276
stream_buffer,3162,152277,193463,345740,63276
stream_buffer,3163,12447,9029,21476,63276
stream_buffer,3164,11815,9029,20844,63276
stream_buffer,3165,11815,9029,20844,63276
stream_buffer,3166,11815,9029,20844,63276
stream_buffer,3167,11815,9029,20844,63276
stream_buffer,3168,11823,9029,20852,63276
stream_buffer,3169,171584,9029,9029,63276
stream_buffer,3170,12869,287632,300501,63276
stream_buffer,3171,12471,9725,22196,63276
stream_buffer,3172,11817,9029,20846,63276
stream_buffer,3173,11817,9029,20846,63276
stream_buffer,3174,11941,9029,20970,63276
stream_buffer,3175,11817,9029,20846,63276
stream_buffer,3176,11817,9029,20846,63276
stream_buffer,3177,11817,9029,20846,63276
stream_buffer,3178,11817,9029,20846,63276
stream_buffer,3179,11817,9857,21674,63276
stream_buffer,3180,216355,187045,403400,63276
stream_buffer,3181,12449,9029,21478,63276
stream_buffer,3182,11783,9016,20799,63276
stream_buffer,3183,11783,9016,20799,63276
stream_buffer,3184,11783,9016,20799,63276
stream_buffer,3185,11783,9016,20799,63276
stream_buffer,3186,11783,9016,20799,63276
stream_buffer,3187,152050,193281,345331,63276
stream_buffer,3188,12415,9018,21433,63276
stream_buffer,3189,11783,9018,20801,63276
stream_buffer,3190,11783,9018,20801,63276
stream_buffer,3191,11783,9018,20801,63276
stream_buffer,3192,11841,9049,20890,63276
stream_buffer,3193,11869,9029,20898,63276
stream_buffer,3194,171618,9029,9029,63276
stream_buffer,3195,12871,287611,300482,63276
stream_buffer,3196,12449,9663,22112,63276
stream_buffer,3197,11817,9031,20848,63276
stream_buffer,3198,11817,9031,20848,63276
stream_buffer,3199,11852,9031,20883,63276
stream_buffer,3200,11817,9031,20848,63276
stream_buffer,3201,11817,9031,20848,63276
stream_buffer,3202,11817,9031,20848,63276
stream_buffer,3203,11849,9092,20941,63276
stream_buffer,3204,11815,9860,21675,63276
stream_buffer,3205,216333,186805,403138,63276
stream_buffer,3206,12447,9029,21476,63276
stream_buffer,3207,11815,9029,20844,63276
stream_buffer,3208,11815,9029,20844,63276
stream_buffer,3209,11815,9029,20844,63276
stream_buffer,3210,11815,9029,20844,63276
stream_buffer,3211,11815,9029,20844,63276
stream_buffer,3212,152343,193356,345699,63276
stream_buffer,3213,12447,9031,21478,63276
stream_buffer,3214,11839,9093,20932,63276
stream_buffer,3215,11817,9029,20846,63276
stream_buffer,3216,11817,9029,20846,63276
stream_buffer,3217,11817,9029,20846,63276
stream_buffer,3218,11822,9029,20851,63276
stream_buffer,3219,171578,9029,9029,63276
stream_buffer,3220,12871,287496,300367,63276
stream_buffer,3221,12449,9664,22113,63276
stream_buffer,3222,11817,9031,20848,63276
stream_buffer,3223,11817,9031,20848,63276
stream_buffer,3224,11937,9029,20966,63276
stream_buffer,3225,11783,9016,20799,63276
stream_buffer,3226,11783,9016,20799,63276
stream_buffer,3227,11783,9016,20799,63276
stream_buffer,3228,11783,9016,20799,63276
stream_buffer,3229,11783,10178,21961,63276
stream_buffer,3230,216654,186634,403288,63276
stream_buffer,3231,12415,9018,21433,63276
stream_buffer,3232,11783,9018,20801,63276
stream_buffer,3233,11783,9018,20801,63276
stream_buffer,3234,11783,9018,20801,63276
stream_buffer,3235,11841,9049,20890,63276
stream_buffer,3236,11817,9029,20846,63276
stream_buffer,3237,152433,193292,345725,63276
stream_buffer,3238,12449,9029,21478,63276
stream_buffer,3239,11817,9029,20846,63276
stream_buffer,3240,11817,9029,20846,63276
stream_buffer,3241,11817,9029,20846,63276
stream_buffer,3242,11817,9029,20846,63276
stream_buffer,3243,11819,9029,20848,63276
stream_buffer,3244,171592,9029,9029,63276
stream_buffer,3245,12871,287622,300493,63276
stream_buffer,3246,12481,9724,22205,63276
stream_buffer,3247,11815,9029,20844,63276
stream_buffer,3248,11815,9029,20844,63276
stream_buffer,3249,11942,9029,20971,63276
stream_buffer,3250,11815,9029,20844,63276
stream_buffer,3251,11815,9029,20844,63276
stream_buffer,3252,11815,9029,20844,63276
stream_buffer,3253,11815,9029,20844,63276
stream_buffer,3254,11815,9857,21672,63276
stream_buffer,3255,216353,187089,403442,63276
stream_buffer,3256,12447,9031,21478,63276
stream_buffer,3257,11839,9093,20932,63276
stream_buffer,3258,11817,9029,20846,63276
stream_buffer,3259,11817,9029,20846,63276
stream_buffer,3260,11817,9029,20846,63276
stream_buffer,3261,11817,9029,20846,63276
stream_buffer,3262,151989,193341,345330,63276
stream_buffer,3263,12449,9031,21480,63276
stream_buffer,3264,11817,9031,20848,63276
stream_buffer,3265,11817,9031,20848,63276
stream_buffer,3266,11817,9031,20848,63276
stream_buffer,3267,11817,9029,20846,63276
stream_buffer,3268,11815,9016,20831,63276
stream_buffer,3269,171566,9016,9016,63276
stream_buffer,3270,12835,287564,300399,63276
stream_buffer,3271,12415,9651,22066,63276
stream_buffer,3272,11783,9018,20801,63276
stream_buffer,3273,11783,9018,20801,63276
stream_buffer,3274,11785,9018,20803,63276
stream_buffer,3275,11783,9018,20801,63276
stream_buffer,3276,11783,9018,20801,63276
stream_buffer,3277,11783,9018,20801,63276
stream_buffer,3278,11841,9049,20890,63276
stream_buffer,3279,11817,10249,22066,63276
stream_buffer,3280,216649,186528,403177,63276
stream_buffer,3281,12449,9029,21478,63276
stream_buffer,3282,11817,9029,20846,63276
stream_buffer,3283,11817,9029,20846,63276
stream_buffer,3284,11817,9029,20846,63276
stream_buffer,3285,11817,9029,20846,63276
stream_buffer,3286,11817,9029,20846,63276
stream_buffer,3287,152345,193326,345671,63276
stream_buffer,3288,12449,9031,21480,63276
stream_buffer,3289,11849,9092,20941,63276
stream_buffer,3290,11815,9029,20844,63276
stream_buffer,3291,11815,9029,20844,63276
stream_buffer,3292,11815,9029,20844,63276
stream_buffer,3293,11819,9029,20848,63276
stream_buffer,3294,171582,9029,9029,63276
stream_buffer,3295,12869,287631,300500,63276
stream_buffer,3296,12447,9663,22110,63276
stream_buffer,3297,11815,9031,20846,63276
stream_buffer,3298,11815,9031,20846,63276
stream_buffer,3299,11934,9031,20965,63276
stream_buffer,3300,11839,9093,20932,63276
stream_buffer,3301,11817,9029,20846,63276
stream_buffer,3302,11817,9029,20846,63276
stream_buffer,3303,11817,9029,20846,63276
stream_buffer,3304,11817,9856,21673,63276
stream_buffer,3305,216345,187066,403411,63276
stream_buffer,3306,12449,9031,21480,63276
stream_buffer,3307,11817,9031,20848,63276
stream_buffer,3308,11817,9031,20848,63276
stream_buffer,3309,11817,9031,20848,63276
stream_buffer,3310,11817,9029,20846,63276
stream_buffer,3311,11783,9016,20799,63276
stream_buffer,3312,151998,193527,345525,63276
stream_buffer,3313,12415,9016,21431,63276
stream_buffer,3314,11783,9016,20799,63276
stream_buffer,3315,11783,9016,20799,63276
stream_buffer,3316,11783,9016,20799,63276
stream_buffer,3317,11783,9016,20799,63276
stream_buffer,3318,11835,9016,20851,63276
stream_buffer,3319,171214,9016,9016,63276
stream_buffer,3320,12835,286710,299545,63276
stream_buffer,3321,12473,9681,22154,63276
stream_buffer,3322,11817,9029,20846,63276
stream_buffer,3323,11817,9029,20846,63276
stream_buffer,3324,11817,9029,20846,63276
stream_buffer,3325,11817,9029,20846,63276
stream_buffer,3326,11817,9029,20846,63276
stream_buffer,3327,11817,9029,20846,63276
stream_buffer,3328,11817,9029,20846,63276
stream_buffer,3329,11817,9375,21192,63276
stream_buffer,3330,214957,189142,404099,63276
stream_buffer,3331,12449,9031,21480,63276
stream_buffer,3332,11849,9092,20941,63276
stream_buffer,3333,11815,9029,20844,63276
stream_buffer,3334,11815,9029,20844,63276
stream_buffer,3335,11815,9029,20844,63276
stream_buffer,3336,11815,9029,20844,63276
stream_buffer,3337,152445,193202,345647,63276
stream_buffer,3338,12448,9031,21479,63276
stream_buffer,3339,11815,9031,20846,63276
stream_buffer,3340,11815,9031,20846,63276
stream_buffer,3341,11815,9031,20846,63276
stream_buffer,3342,11815,9031,20846,63276
stream_buffer,3343,12847,9093,21940,63276
stream_buffer,3344,171482,9029,9029,63276
stream_buffer,3345,12871,286639,299510,63276
stream_buffer,3346,12449,9663,22112,63276
stream_buffer,3347,11817,9031,20848,63276
stream_buffer,3348,11817,9031,20848,63276
stream_buffer,3349,11817,9031,20848,63276
stream_buffer,3350,11817,9031,20848,63276
stream_buffer,3351,11817,9031,20848,63276
stream_buffer,3352,11817,9031,20848,63276
stream_buffer,3353,11817,9029,20846,63276
stream_buffer,3354,11783,9460,21243,63276
stream_buffer,3355,214954,189110,404064,63276
stream_buffer,3356,12415,9016,21431,63276
stream_buffer,3357,11783,9016,20799,63276
stream_buffer,3358,11783,9016,20799,63276
stream_buffer,3359,11783,9016,20799,63276
stream_buffer,3360,11783,9016,20799,63276
stream_buffer,3361,11783,9016,20799,63276
stream_buffer,3362,152258,193324,345582,63276
stream_buffer,3363,12415,9018,21433,63276
stream_buffer,3364,11841,9049,20890,63276
stream_buffer,3365,11817,9029,20846,63276
stream_buffer,3366,11817,9029,20846,63276
stream_buffer,3367,11817,9029,20846,63276
stream_buffer,3368,13113,9029,22142,63276
stream_buffer,3369,171436,9029,9029,63276
stream_buffer,3370,12871,286728,299599,63276
stream_buffer,3371,12449,9663,22112,63276
stream_buffer,3372,11817,9031,20848,63276
stream_buffer,3373,11817,9031,20848,63276
stream_buffer,3374,11817,9031,20848,63276
stream_buffer,3375,11849,9092,20941,63276
stream_buffer,3376,11815,9029,20844,63276
stream_buffer,3377,11815,9029,20844,63276
stream_buffer,3378,11815,9029,20844,63276
stream_buffer,3379,11815,9407,21222,63276
stream_buffer,3380,215119,188985,404104,63276
stream_buffer,3381,12447,9031,21478,63276
stream_buffer,3382,11815,9031,20846,63276
stream_buffer,3383,11815,9031,20846,63276
stream_buffer,3384,11815,9031,20846,63276
stream_buffer,3385,11815,9031,20846,63276
stream_buffer,3386,11839,9093,20932,63276
stream_buffer,3387,152415,193225,345640,63276
stream_buffer,3388,12450,9029,21479,63276
stream_buffer,3389,11817,9029,20846,63276
stream_buffer,3390,11817,9029,20846,63276
stream_buffer,3391,11817,9029,20846,63276
stream_buffer,3392,11817,9029,20846,63276
stream_buffer,3393,12819,9029,21848,63276
stream_buffer,3394,171452,9029,9029,63276
stream_buffer,3395,12871,286574,299445,63276
stream_buffer,3396,12449,9661,22110,63276
stream_buffer,3397,11783,9016,20799,63276
stream_buffer,3398,11783,9016,20799,63276
stream_buffer,3399,11783,9016,20799,63276
stream_buffer,3400,11783,9016,20799,63276
stream_buffer,3401,11783,9016,20799,63276
stream_buffer,3402,11783,9016,20799,63276
stream_buffer,3403,11783,9016,20799,63276
stream_buffer,3404,11783,9406,21189,63276
stream_buffer,3405,214740,189428,404168,63276
stream_buffer,3406,12415,9018,21433,63276
stream_buffer,3407,11841,9049,20890,63276
stream_buffer,3408,11817,9029,20846,63276
stream_buffer,3409,11817,9029,20846,63276
stream_buffer,3410,11817,9029,20846,63276
stream_buffer,3411,11817,9029,20846,63276
stream_buffer,3412,152349,193291,345640,63276
stream_buffer,3413,12450,9031,21481,63276
stream_buffer,3414,11817,9031,20848,63276
stream_buffer,3415,11817,9031,20848,63276
stream_buffer,3416,11817,9031,20848,63276
stream_buffer,3417,11817,9031,20848,63276
stream_buffer,3418,12799,9092,21891,63276
stream_buffer,3419,171452,9029,9029,63276
stream_buffer,3420,12869,286706,299575,63276
stream_buffer,3421,12447,9663,22110,63276
stream_buffer,3422,11815,9031,20846,63276
stream_buffer,3423,11815,9031,20846,63276
stream_buffer,3424,11815,9031,20846,63276
stream_buffer,3425,11815,9031,20846,63276
stream_buffer,3426,11815,9031,20846,63276
stream_buffer,3427,11815,9031,20846,63276
stream_buffer,3428,11815,9031,20846,63276
stream_buffer,3429,11839,9475,21314,63276
stream_buffer,3430,215085,188995,404080,63276
stream_buffer,3431,12449,9029,21478,63276
stream_buffer,3432,11817,9029,20846,63276
stream_buffer,3433,11817,9029,20846,63276
stream_buffer,3434,11817,9029,20846,63276
stream_buffer,3435,11817,9029,20846,63276
stream_buffer,3436,11817,9029,20846,63276
stream_buffer,3437,152345,193252,345597,63276
stream_buffer,3438,12449,9031,21480,63276
stream_buffer,3439,11817,9029,20846,63276
stream_buffer,3440,11783,9016,20799,63276
stream_buffer,3441,11783,9016,20799,63276
stream_buffer,3442,11783,9016,20799,63276
stream_buffer,3443,13252,9016,22268,63276
stream_buffer,3444,171478,9016,9016,63276
stream_buffer,3445,12835,286661,299496,63276
stream_buffer,3446,12415,9650,22065,63276
stream_buffer,3447,11783,9018,20801,63276
stream_buffer,3448,11783,9018,20801,63276
stream_buffer,3449,11783,9018,20801,63276
stream_buffer,3450,11841,9049,20890,63276
stream_buffer,3451,11817,9029,20846,63276
stream_buffer,3452,11817,9029,20846,63276
stream_buffer,3453,11817,9029,20846,63276
stream_buffer,3454,11817,9374,21191,63276
stream_buffer,3455,214953,189125,404078,63276
stream_buffer,3456,12449,9031,21480,63276
stream_buffer,3457,11817,9031,20848,63276
stream_buffer,3458,11817,9031,20848,63276
stream_buffer,3459,11817,9031,20848,63276
stream_buffer,3460,11817,9031,20848,63276
stream_buffer,3461,11849,9092,20941,63276
stream_buffer,3462,152463,193147,345610,63276
stream_buffer,3463,12448,9029,21477,63276
stream_buffer,3464,11815,9029,20844,63276
stream_buffer,3465,11815,9029,20844,63276
stream_buffer,3466,11815,9029,20844,63276
stream_buffer,3467,11815,9029,20844,63276
stream_buffer,3468,12730,9029,21759,63276
stream_buffer,3469,171494,9029,9029,63276
stream_buffer,3470,12869,286671,299540,63276
stream_buffer,3471,12447,9663,22110,63276
stream_buffer,3472,11839,9093,20932,63276
stream_buffer,3473,11817,9029,20846,63276
stream_buffer,3474,11817,9029,20846,63276
stream_buffer,3475,11817,9029,20846,63276
stream_buffer,3476,11817,9029,20846,63276
stream_buffer,3477,11817,9029,20846,63276
stream_buffer,3478,11817,9029,20846,63276
stream_buffer,3479,11817,9382,21199,63276
stream_buffer,3480,215037,189081,404118,63276
stream_buffer,3481,12449,9031,21480,63276
stream_buffer,3482,11817,9029,20846,63276
stream_buffer,3483,11783,9016,20799,63276
stream_buffer,3484,11783,9016,20799,63276
stream_buffer,3485,11783,9016,20799,63276
stream_buffer,3486,11783,9016,20799,63276
stream_buffer,3487,152288,193243,345531,63276
stream_buffer,3488,12415,9018,21433,63276
stream_buffer,3489,11783,9018,20801,63276
stream_buffer,3490,11783,9018,20801,63276
stream_buffer,3491,11783,9018,20801,63276
stream_buffer,3492,11783,9018,20801,63276
stream_buffer,3493,13490,9049,22539,63276
stream_buffer,3494,171431,9029,9029,63276
stream_buffer,3495,12871,286706,299577,63276
stream_buffer,3496,12449,9663,22112,63276
stream_buffer,3497,11817,9031,20848,63276
stream_buffer,3498,11817,9031,20848,63276
stream_buffer,3499,11817,9031,20848,63276
stream_buffer,3500,11817,9031,20848,63276
stream_buffer,3501,11817,9031,20848,63276
stream_buffer,3502,11817,9031,20848,63276
stream_buffer,3503,11817,9031,20848,63276
stream_buffer,3504,11849,9458,21307,63276
stream_buffer,3505,215073,188989,404062,63276
stream_buffer,3506,12447,9029,21476,63276
stream_buffer,3507,11815,9029,20844,63276
stream_buffer,3508,11815,9029,20844,63276
stream_buffer,3509,11815,9029,20844,63276
stream_buffer,3510,11815,9029,20844,63276
stream_buffer,3511,11815,9029,20844,63276
stream_buffer,3512,152345,193306,345651,63276
stream_buffer,3513,12447,9031,21478,63276
stream_buffer,3514,11815,9031,20846,63276
stream_buffer,3515,11839,9093,20932,63276
stream_buffer,3516,11817,9029,20846,63276
stream_buffer,3517,11817,9029,20846,63276
stream_buffer,3518,13116,9029,22145,63276
stream_buffer,3519,171473,9029,9029,63276
stream_buffer,3520,12871,286543,299414,63276
stream_buffer,3521,12449,9663,22112,63276
stream_buffer,3522,11817,9031,20848,63276
stream_buffer,3523,11817,9031,20848,63276
stream_buffer,3524,11817,9031,20848,63276
stream_buffer,3525,11817,9029,20846,63276
stream_buffer,3526,11783,9016,20799,63276
stream_buffer,3527,11783,9016,20799,63276
stream_buffer,3528,11783,9016,20799,63276
stream_buffer,3529,11783,9421,21204,63276
stream_buffer,3530,214812,189356,404168,63276
stream_buffer,3531,12415,9018,21433,63276
stream_buffer,3532,11783,9018,20801,63276
stream_buffer,3533,11783,9018,20801,63276
stream_buffer,3534,11783,9018,20801,63276
stream_buffer,3535,11783,9018,20801,63276
stream_buffer,3536,11841,9049,20890,63276
stream_buffer,3537,152287,193334,345621,63276
stream_buffer,3538,12450,9029,21479,63276
stream_buffer,3539,11817,9029,20846,63276
stream_buffer,3540,11817,9029,20846,63276
stream_buffer,3541,11817,9029,20846,63276
stream_buffer,3542,11817,9029,20846,63276
stream_buffer,3543,12810,9029,21839,63276
stream_buffer,3544,171440,9029,9029,63276
stream_buffer,3545,12871,286728,299599,63276
stream_buffer,3546,12449,9663,22112,63276
stream_buffer,3547,11849,9092,20941,63276
stream_buffer,3548,11815,9029,20844,63276
stream_buffer,3549,11815,9029,20844,63276
stream_buffer,3550,11815,9029,20844,63276
stream_buffer,3551,11815,9029,20844,63276
stream_buffer,3552,11815,9029,20844,63276
stream_buffer,3553,11815,9029,20844,63276
stream_buffer,3554,11815,9403,21218,63276
stream_buffer,3555,215027,189078,404105,63276
stream_buffer,3556,12447,9031,21478,63276
stream_buffer,3557,11815,9031,20846,63276
stream_buffer,3558,11839,9093,20932,63276
stream_buffer,3559,11817,9029,20846,63276
stream_buffer,3560,11817,9029,20846,63276
stream_buffer,3561,11817,9029,20846,63276
stream_buffer,3562,152407,295020,447427,63276
stream_buffer,3563,12450,12754,25204,63276
stream_buffer,3564,11817,9663,21480,63276
stream_buffer,3565,11817,12635,24452,63276
stream_buffer,3566,11817,9663,21480,63276
stream_buffer,3567,11817,9031,20848,63276
stream_buffer,3568,12858,9029,21887,63276
stream_buffer,3569,20392,9016,29408,63276
stream_buffer,3570,11783,11369,23152,63276
stream_buffer,3571,11783,9016,20799,63276
stream_buffer,3572,11783,9016,20799,63276
stream_buffer,3573,70699,9016,79715,63276
stream_buffer,3574,11783,9016,20799,63276
stream_buffer,3575,221080,237804,458884,63276
stream_buffer,3576,12562,9018,21580,63276
stream_buffer,3577,11783,9018,20801,63276
stream_buffer,3578,11783,9018,20801,63276
stream_buffer,3579,11841,9049,20890,63276
stream_buffer,3580,11817,9029,20846,63276
stream_buffer,3581,11817,9029,20846,63276
stream_buffer,3582,11817,9029,20846,63276
stream_buffer,3583,11817,16846,28663,63276
stream_buffer,3584,217864,9029,9029,63276
stream_buffer,3585,12871,289188,302059,63276
stream_buffer,3586,12449,9663,22112,63276
stream_buffer,3587,13014,9031,22045,63276
stream_buffer,3588,11817,9031,20848,63276
stream_buffer,3589,11817,9031,20848,63276
stream_buffer,3590,11849,9092,20941,63276
stream_buffer,3591,11815,9029,20844,63276
stream_buffer,3592,11815,9029,20844,63276
stream_buffer,3593,11815,11424,23239,63276
stream_buffer,3594,11815,9029,20844,63276
stream_buffer,3595,216171,265917,482088,63276
stream_buffer,3596,12447,9663,22110,63276
stream_buffer,3597,11815,9031,20846,63276
stream_buffer,3598,11815,9031,20846,63276
stream_buffer,3599,11815,9031,20846,63276
stream_buffer,3600,14083,9031,23114,63276
stream_buffer,3601,11839,9093,20932,63276
stream_buffer,3602,11817,9029,20846,63276
stream_buffer,3603,11817,10791,22608,63276
stream_buffer,3604,11817,9029,20846,63276
stream_buffer,3605,244578,9029,9029,63276
stream_buffer,3606,12871,291312,304183,63276
stream_buffer,3607,12449,9663,22112,63276
stream_buffer,3608,11817,9031,20848,63276
stream_buffer,3609,11817,9031,20848,63276
stream_buffer,3610,14213,9031,23244,63276
stream_buffer,3611,11817,9029,20846,63276
stream_buffer,3612,11783,9016,20799,63276
stream_buffer,3613,11783,9016,20799,63276
stream_buffer,3614,11783,9016,20799,63276
stream_buffer,3615,13099,9016,22115,63276
stream_buffer,3616,242540,9016,9016,63276
stream_buffer,3617,12835,317727,330562,63276
stream_buffer,3618,12415,12622,25037,63276
stream_buffer,3619,11783,9650,21433,63276
stream_buffer,3620,13927,9018,22945,63276
stream_buffer,3621,11783,9106,20889,63276
stream_buffer,3622,11841,9049,20890,63276
stream_buffer,3623,11817,9029,20846,63276
stream_buffer,3624,11817,9029,20846,63276
stream_buffer,3625,11979,9029,21008,63276
stream_buffer,3626,11817,9029,20846,63276
stream_buffer,3627,11817,9029,20846,63276
stream_buffer,3628,232699,226656,459355,63276
stream_buffer,3629,12449,9031,21480,63276
stream_buffer,3630,13793,9031,22824,63276
stream_buffer,3631,11817,9031,20848,63276
stream_buffer,3632,11817,9031,20848,63276
stream_buffer,3633,11849,9092,20941,63276
stream_buffer,3634,11815,9029,20844,63276
stream_buffer,3635,12979,9029,22008,63276
stream_buffer,3636,11815,9029,20844,63276
stream_buffer,3637,36417,271399,307816,63276
stream_buffer,3638,12447,9663,22110,63276
stream_buffer,3639,11815,12634,24449,63276
stream_buffer,3640,11815,9663,21478,63276
stream_buffer,3641,11815,9031,20846,63276
stream_buffer,3642,13819,10508,24327,63276
stream_buffer,3643,11815,9031,20846,63276
stream_buffer,3644,11839,11447,23286,63276
stream_buffer,3645,11817,9029,20846,63276
stream_buffer,3646,11817,9029,20846,63276
stream_buffer,3647,51028,9029,60057,63276
stream_buffer,3648,11817,9029,20846,63276
stream_buffer,3649,223971,236096,460067,63276
stream_buffer,3650,12797,9031,21828,63276
stream_buffer,3651,11817,9031,20848,63276
stream_buffer,3652,11817,9031,20848,63276
stream_buffer,3653,11817,9031,20848,63276
stream_buffer,3654,11817,9029,20846,63276
stream_buffer,3655,11783,9016,20799,63276
stream_buffer,3656,11783,9016,20799,63276
stream_buffer,3657,11783,16626,28409,63276
stream_buffer,3658,198614,268913,467527,63276
stream_buffer,3659,12415,9650,22065,63276
stream_buffer,3660,11783,11412,23195,63276
stream_buffer,3661,11783,9018,20801,63276
stream_buffer,3662,13275,9018,22293,63276
stream_buffer,3663,13967,9018,22985,63276
stream_buffer,3664,11783,9018,20801,63276
stream_buffer,3665,11841,9049,20890,63276
stream_buffer,3666,11817,9029,20846,63276
stream_buffer,3667,11817,9029,20846,63276
stream_buffer,3668,218335,265149,483484,63276
stream_buffer,3669,12449,9663,22112,63276
stream_buffer,3670,11817,9031,20848,63276
stream_buffer,3671,11817,9031,20848,63276
stream_buffer,3672,11817,9031,20848,63276
stream_buffer,3673,11911,9031,20942,63276
stream_buffer,3674,11817,9031,20848,63276
stream_buffer,3675,11817,9031,20848,63276
stream_buffer,3676,11849,9092,20941,63276
stream_buffer,3677,11815,9029,20844,63276
stream_buffer,3678,216219,203971,420190,63276
stream_buffer,3679,14842,9029,23871,63276
stream_buffer,3680,11815,9029,20844,63276
stream_buffer,3681,11815,9029,20844,63276
stream_buffer,3682,11815,9029,20844,63276
stream_buffer,3683,11815,9029,20844,63276
stream_buffer,3684,13511,9029,22540,63276
stream_buffer,3685,11815,9029,20844,63276
stream_buffer,3686,12869,276466,289335,63276
stream_buffer,3687,12471,10931,23402,63276
stream_buffer,3688,11817,9029,20846,63276
stream_buffer,3689,11817,11171,22988,63276
stream_buffer,3690,11817,9029,20846,63276
stream_buffer,3691,11817,9029,20846,63276
stream_buffer,3692,14171,9029,23200,63276
stream_buffer,3693,11817,9029,20846,63276
stream_buffer,3694,11817,9029,20846,63276
stream_buffer,3695,11817,9029,20846,63276
stream_buffer,3696,216047,295220,511267,63276
stream_buffer,3697,14595,12880,27475,63276
stream_buffer,3698,11783,9648,21431,63276
stream_buffer,3699,11783,11410,23193,63276
stream_buffer,3700,11783,9016,20799,63276
stream_buffer,3701,11783,9016,20799,63276
stream_buffer,3702,13471,9016,22487,63276
stream_buffer,3703,11783,9016,20799,63276
stream_buffer,3704,11783,9016,20799,63276
stream_buffer,3705,11783,9016,20799,63276
stream_buffer,3706,11783,9016,20799,63276
stream_buffer,3707,234824,265109,499933,63276
stream_buffer,3708,12473,9681,22154,63276
stream_buffer,3709,11817,9029,20846,63276
stream_buffer,3710,11817,9029,20846,63276
stream_buffer,3711,11817,9029,20846,63276
stream_buffer,3712,11927,9029,20956,63276
stream_buffer,3713,11817,9029,20846,63276
stream_buffer,3714,11817,9029,20846,63276
stream_buffer,3715,11817,9029,20846,63276
stream_buffer,3716,11817,9029,20846,63276
stream_buffer,3717,216267,203984,420251,63276
stream_buffer,3718,14844,9031,23875,63276
stream_buffer,3719,11849,9092,20941,63276
stream_buffer,3720,11815,9029,20844,63276
stream_buffer,3721,11815,9029,20844,63276
stream_buffer,3722,11815,9029,20844,63276
stream_buffer,3723,13447,9029,22476,63276
stream_buffer,3724,11815,9029,20844,63276
stream_buffer,3725,12869,276434,289303,63276
stream_buffer,3726,12447,10853,23300,63276
stream_buffer,3727,11815,9031,20846,63276
stream_buffer,3728,11815,11217,23032,63276
stream_buffer,3729,11815,9031,20846,63276
stream_buffer,3730,11839,9093,20932,63276
stream_buffer,3731,14171,9029,23200,63276
stream_buffer,3732,11817,9029,20846,63276
stream_buffer,3733,11817,9029,20846,63276
stream_buffer,3734,11817,9029,20846,63276
stream_buffer,3735,216059,295167,511226,63276
stream_buffer,3736,14593,12866,27459,63276
stream_buffer,3737,11817,9663,21480,63276
stream_buffer,3738,11817,11426,23243,63276
stream_buffer,3739,11817,9031,20848,63276
stream_buffer,3740,11817,9029,20846,63276
stream_buffer,3741,13263,9016,22279,63276
stream_buffer,3742,11783,9016,20799,63276
stream_buffer,3743,11783,9016,20799,63276
stream_buffer,3744,11783,9016,20799,63276
stream_buffer,3745,11783,9016,20799,63276
stream_buffer,3746,234914,264786,499700,63276
stream_buffer,3747,12415,9650,22065,63276
stream_buffer,3748,11783,9018,20801,63276
stream_buffer,3749,11783,9018,20801,63276
stream_buffer,3750,11783,9018,20801,63276
stream_buffer,3751,11929,9049,20978,63276
stream_buffer,3752,11817,9029,20846,63276
stream_buffer,3753,11817,9029,20846,63276
stream_buffer,3754,11817,9029,20846,63276
stream_buffer,3755,11817,9029,20846,63276
stream_buffer,3756,216579,203991,420570,63276
stream_buffer,3757,14844,9031,23875,63276
stream_buffer,3758,11817,9031,20848,63276
stream_buffer,3759,11817,9031,20848,63276
stream_buffer,3760,11817,9031,20848,63276
stream_buffer,3761,11817,9031,20848,63276
stream_buffer,3762,13481,9092,22573,63276
stream_buffer,3763,11815,9029,20844,63276
stream_buffer,3764,12869,276461,289330,63276
stream_buffer,3765,12447,10846,23293,63276
stream_buffer,3766,11815,9031,20846,63276
stream_buffer,3767,11815,11218,23033,63276
stream_buffer,3768,11815,9031,20846,63276
stream_buffer,3769,11815,9031,20846,63276
stream_buffer,3770,14169,9031,23200,63276
stream_buffer,3771,11815,9031,20846,63276
stream_buffer,3772,11815,9031,20846,63276
stream_buffer,3773,11839,9093,20932,63276
stream_buffer,3774,216051,295302,511353,63276
stream_buffer,3775,14635,12908,27543,63276
stream_buffer,3776,11817,9663,21480,63276
stream_buffer,3777,11817,11426,23243,63276
stream_buffer,3778,11817,9031,20848,63276
stream_buffer,3779,11817,9031,20848,63276
stream_buffer,3780,13277,9031,22308,63276
stream_buffer,3781,11817,9031,20848,63276
stream_buffer,3782,11817,9031,20848,63276
stream_buffer,3783,11817,9029,20846,63276
stream_buffer,3784,11783,9016,20799,63276
stream_buffer,3785,234816,264570,499386,63276
stream_buffer,3786,12415,9650,22065,63276
stream_buffer,3787,11783,9018,20801,63276
stream_buffer,3788,11783,9018,20801,63276
stream_buffer,3789,11783,9018,20801,63276
stream_buffer,3790,11877,9018,20895,63276
stream_buffer,3791,11783,9018,20801,63276
stream_buffer,3792,11783,9018,20801,63276
stream_buffer,3793,11783,9018,20801,63276
stream_buffer,3794,11841,9049,20890,63276
stream_buffer,3795,216901,204587,421488,63276
stream_buffer,3796,14844,9029,23873,63276
stream_buffer,3797,11817,9029,20846,63276
stream_buffer,3798,11817,9029,20846,63276
stream_buffer,3799,11817,9029,20846,63276
stream_buffer,3800,11817,9029,20846,63276
stream_buffer,3801,13297,9029,22326,63276
stream_buffer,3802,11817,9029,20846,63276
stream_buffer,3803,12871,276438,289309,63276
stream_buffer,3804,12449,10852,23301,63276
stream_buffer,3805,11849,9092,20941,63276
stream_buffer,3806,11815,11175,22990,63276
stream_buffer,3807,11815,9029,20844,63276
stream_buffer,3808,11815,9029,20844,63276
stream_buffer,3809,14169,9029,23198,63276
stream_buffer,3810,11815,9029,20844,63276
stream_buffer,3811,11815,9029,20844,63276
stream_buffer,3812,11815,9029,20844,63276
stream_buffer,3813,216057,295317,511374,63276
stream_buffer,3814,14593,12893,27486,63276
stream_buffer,3815,11815,9664,21479,63276
stream_buffer,3816,11839,11488,23327,63276
stream_buffer,3817,11817,9029,20846,63276
stream_buffer,3818,11817,9029,20846,63276
stream_buffer,3819,13259,9029,22288,63276
stream_buffer,3820,11817,9029,20846,63276
stream_buffer,3821,11817,9029,20846,63276
stream_buffer,3822,11817,9029,20846,63276
stream_buffer,3823,11817,9029,20846,63276
stream_buffer,3824,233956,173900,407856,63276
stream_buffer,3825,12449,9663,22112,63276
stream_buffer,3826,11817,9029,20846,63276
stream_buffer,3827,11783,9016,20799,63276
stream_buffer,3828,11783,9016,20799,63276
stream_buffer,3829,11922,9016,20938,63276
stream_buffer,3830,11783,9016,20799,63276
stream_buffer,3831,15229,194397,209626,63276
stream_buffer,3832,12415,9018,21433,63276
stream_buffer,3833,11783,9018,20801,63276
stream_buffer,3834,11783,9018,20801,63276
stream_buffer,3835,11783,9018,20801,63276
stream_buffer,3836,11940,9018,20958,63276
stream_buffer,3837,11841,9049,20890,63276
stream_buffer,3838,12871,196593,209464,63276
stream_buffer,3839,12449,9029,21478,63276
stream_buffer,3840,11817,9029,20846,63276
stream_buffer,3841,11817,9029,20846,63276
stream_buffer,3842,11817,9029,20846,63276
stream_buffer,3843,11817,9029,20846,63276
stream_buffer,3844,11817,9029,20846,63276
stream_buffer,3845,152111,193310,345421,63276
stream_buffer,3846,12449,9031,21480,63276
stream_buffer,3847,11817,9031,20848,63276
stream_buffer,3848,11849,9092,20941,63276
stream_buffer,3849,11815,9029,20844,63276
stream_buffer,3850,11815,9029,20844,63276
stream_buffer,3851,11833,9029,20862,63276
stream_buffer,3852,171582,9029,9029,63276
stream_buffer,3853,12869,287644,300513,63276
stream_buffer,3854,12447,9664,22111,63276
stream_buffer,3855,11815,9031,20846,63276
stream_buffer,3856,11815,9031,20846,63276
stream_buffer,3857,11880,9031,20911,63276
stream_buffer,3858,11815,9031,20846,63276
stream_buffer,3859,11839,9093,20932,63276
stream_buffer,3860,11817,9029,20846,63276
stream_buffer,3861,11817,9029,20846,63276
stream_buffer,3862,11817,9857,21674,63276
stream_buffer,3863,216337,186807,403144,63276
stream_buffer,3864,12449,9031,21480,63276
stream_buffer,3865,11817,9031,20848,63276
stream_buffer,3866,11817,9031,20848,63276
stream_buffer,3867,11817,9031,20848,63276
stream_buffer,3868,11817,9031,20848,63276
stream_buffer,3869,11817,9029,20846,63276
stream_buffer,3870,152362,193110,345472,63276
stream_buffer,3871,12415,9016,21431,63276
stream_buffer,3872,11783,9016,20799,63276
stream_buffer,3873,11783,9016,20799,63276
stream_buffer,3874,11783,9016,20799,63276
stream_buffer,3875,11783,9016,20799,63276
stream_buffer,3876,11801,9016,20817,63276
stream_buffer,3877,171590,9016,9016,63276
stream_buffer,3878,12835,287570,300405,63276
stream_buffer,3879,12415,9651,22066,63276
stream_buffer,3880,11841,9049,20890,63276
stream_buffer,3881,11817,9029,20846,63276
stream_buffer,3882,11852,9029,20881,63276
stream_buffer,3883,11817,9029,20846,63276
stream_buffer,3884,11817,9029,20846,63276
stream_buffer,3885,11817,9029,20846,63276
stream_buffer,3886,11817,9029,20846,63276
stream_buffer,3887,11817,9920,21737,63276
stream_buffer,3888,216367,186806,403173,63276
stream_buffer,3889,12449,9031,21480,63276
stream_buffer,3890,11817,9031,20848,63276
stream_buffer,3891,11849,9092,20941,63276
stream_buffer,3892,11815,9029,20844,63276
stream_buffer,3893,11815,9029,20844,63276
stream_buffer,3894,11815,9029,20844,63276
stream_buffer,3895,152411,193289,345700,63276
stream_buffer,3896,12447,9031,21478,63276
stream_buffer,3897,11815,9031,20846,63276
stream_buffer,3898,11815,9031,20846,63276
stream_buffer,3899,11815,9031,20846,63276
stream_buffer,3900,11815,9031,20846,63276
stream_buffer,3901,11823,9031,20854,63276
stream_buffer,3902,171678,9093,9093,63276
stream_buffer,3903,12871,287522,300393,63276
stream_buffer,3904,12449,9664,22113,63276
stream_buffer,3905,11817,9031,20848,63276
stream_buffer,3906,11817,9031,20848,63276
stream_buffer,3907,11956,9031,20987,63276
stream_buffer,3908,11817,9031,20848,63276
stream_buffer,3909,11817,9031,20848,63276
stream_buffer,3910,11817,9031,20848,63276
stream_buffer,3911,11817,9031,20848,63276
stream_buffer,3912,11817,9910,21727,63276
stream_buffer,3913,216344,186956,403300,63276
stream_buffer,3914,12415,9016,21431,63276
stream_buffer,3915,11783,9016,20799,63276
stream_buffer,3916,11783,9016,20799,63276
stream_buffer,3917,11783,9016,20799,63276
stream_buffer,3918,11783,9016,20799,63276
stream_buffer,3919,11783,9016,20799,63276
stream_buffer,3920,152292,193190,345482,63276
stream_buffer,3921,12415,9018,21433,63276
stream_buffer,3922,11783,9018,20801,63276
stream_buffer,3923,11841,9049,20890,63276
stream_buffer,3924,11817,9029,20846,63276
stream_buffer,3925,11817,9029,20846,63276
stream_buffer,3926,11827,9029,20856,63276
stream_buffer,3927,171670,9029,9029,63276
stream_buffer,3928,12871,287662,300533,63276
stream_buffer,3929,12449,9663,22112,63276
stream_buffer,3930,11817,9031,20848,63276
stream_buffer,3931,11817,9031,20848,63276
stream_buffer,3932,11935,9031,20966,63276
stream_buffer,3933,11817,9031,20848,63276
stream_buffer,3934,11849,9092,20941,63276
stream_buffer,3935,11815,9029,20844,63276
stream_buffer,3936,11815,9029,20844,63276
stream_buffer,3937,11815,9850,21665,63276
stream_buffer,3938,216331,186811,403142,63276
stream_buffer,3939,12447,9029,21476,63276
stream_buffer,3940,11815,9029,20844,63276
stream_buffer,3941,11815,9029,20844,63276
stream_buffer,3942,11815,9029,20844,63276
stream_buffer,3943,11815,9029,20844,63276
stream_buffer,3944,11815,9029,20844,63276
stream_buffer,3945,152370,193400,345770,63276
stream_buffer,3946,12449,9029,21478,63276
stream_buffer,3947,11817,9029,20846,63276
stream_buffer,3948,11817,9029,20846,63276
stream_buffer,3949,11817,9029,20846,63276
stream_buffer,3950,11817,9029,20846,63276
stream_buffer,3951,11819,9029,20848,63276
stream_buffer,3952,171580,9029,9029,63276
stream_buffer,3953,12871,287485,300356,63276
stream_buffer,3954,12449,9664,22113,63276
stream_buffer,3955,11817,9029,20846,63276
stream_buffer,3956,11783,9016,20799,63276
stream_buffer,3957,11871,9016,20887,63276
stream_buffer,3958,11783,9016,20799,63276
stream_buffer,3959,11783,9016,20799,63276
stream_buffer,3960,11783,9016,20799,63276
stream_buffer,3961,11783,9016,20799,63276
stream_buffer,3962,11783,10153,21936,63276
stream_buffer,3963,216644,186629,403273,63276
stream_buffer,3964,12415,9018,21433,63276
stream_buffer,3965,11783,9018,20801,63276
stream_buffer,3966,11841,9049,20890,63276
stream_buffer,3967,11817,9029,20846,63276
stream_buffer,3968,11817,9029,20846,63276
stream_buffer,3969,11817,9029,20846,63276
stream_buffer,3970,152351,193364,345715,63276
stream_buffer,3971,12449,9031,21480,63276
stream_buffer,3972,11817,9031,20848,63276
stream_buffer,3973,11817,9031,20848,63276
stream_buffer,3974,11817,9031,20848,63276
stream_buffer,3975,11817,9031,20848,63276
stream_buffer,3976,11819,9031,20850,63276
stream_buffer,3977,171684,9092,9092,63276
stream_buffer,3978,12869,287506,300375,63276
stream_buffer,3979,12447,9661,22108,63276
stream_buffer,3980,11815,9029,20844,63276
stream_buffer,3981,11815,9029,20844,63276
stream_buffer,3982,11955,9029,20984,63276
stream_buffer,3983,11815,9029,20844,63276
stream_buffer,3984,11815,9029,20844,63276
stream_buffer,3985,11815,9029,20844,63276
stream_buffer,3986,11815,9029,20844,63276
stream_buffer,3987,11815,9943,21758,63276
stream_buffer,3988,216424,186861,403285,63276
stream_buffer,3989,12449,9029,21478,63276
stream_buffer,3990,11817,9029,20846,63276
stream_buffer,3991,11817,9029,20846,63276
stream_buffer,3992,11817,9029,20846,63276
stream_buffer,3993,11817,9029,20846,63276
stream_buffer,3994,11817,9029,20846,63276
stream_buffer,3995,152407,193085,345492,63276
stream_buffer,3996,12449,9031,21480,63276
stream_buffer,3997,11817,9031,20848,63276
stream_buffer,3998,11817,9029,20846,63276
stream_buffer,3999,11783,9016,20799,63276
stream_buffer,4000,11783,9016,20799,63276
stream_buffer,4001,11795,9016,20811,63276
stream_buffer,4002,171564,9016,9016,63276
stream_buffer,4003,12835,287588,300423,63276
stream_buffer,4004,12415,9650,22065,63276
stream_buffer,4005,11783,9018,20801,63276
stream_buffer,4006,11783,9018,20801,63276
stream_buffer,4007,11814,9018,20832,63276
stream_buffer,4008,11783,9018,20801,63276
stream_buffer,4009,11841,9049,20890,63276
stream_buffer,4010,11817,9029,20846,63276
stream_buffer,4011,11817,9029,20846,63276
stream_buffer,4012,11817,10167,21984,63276
stream_buffer,4013,216569,186598,403167,63276
stream_buffer,4014,12449,9029,21478,63276
stream_buffer,4015,11817,9029,20846,63276
stream_buffer,4016,11817,9029,20846,63276
stream_buffer,4017,11817,9029,20846,63276
stream_buffer,4018,11817,9029,20846,63276
stream_buffer,4019,11817,9029,20846,63276
stream_buffer,4020,152372,193401,345773,63276
stream_buffer,4021,12447,9029,21476,63276
stream_buffer,4022,11815,9029,20844,63276
stream_buffer,4023,11815,9029,20844,63276
stream_buffer,4024,11815,9029,20844,63276
stream_buffer,4025,11815,9029,20844,63276
stream_buffer,4026,11823,9029,20852,63276
stream_buffer,4027,171582,9029,9029,63276
stream_buffer,4028,12869,287639,300508,63276
stream_buffer,4029,12447,9663,22110,63276
stream_buffer,4030,11815,9031,20846,63276
stream_buffer,4031,11839,9093,20932,63276
stream_buffer,4032,11937,9029,20966,63276
stream_buffer,4033,11817,9029,20846,63276
stream_buffer,4034,11817,9029,20846,63276
stream_buffer,4035,11817,9029,20846,63276
stream_buffer,4036,11817,9029,20846,63276
stream_buffer,4037,11817,9872,21689,63276
stream_buffer,4038,216349,186818,403167,63276
stream_buffer,4039,12449,9031,21480,63276
stream_buffer,4040,11817,9031,20848,63276
stream_buffer,4041,11817,9029,20846,63276
stream_buffer,4042,11783,9016,20799,63276
stream_buffer,4043,11783,9016,20799,63276
stream_buffer,4044,11783,9016,20799,63276
stream_buffer,4045,152248,193228,345476,63276
stream_buffer,4046,12415,9018,21433,63276
stream_buffer,4047,11783,9018,20801,63276
stream_buffer,4048,11783,9018,20801,63276
stream_buffer,4049,11783,9018,20801,63276
stream_buffer,4050,11783,9018,20801,63276
stream_buffer,4051,11812,9018,20830,63276
stream_buffer,4052,171666,9049,9049,63276
stream_buffer,4053,12871,287547,300418,63276
stream_buffer,4054,12449,9662,22111,63276
stream_buffer,4055,11817,9029,20846,63276
stream_buffer,4056,11817,9029,20846,63276
stream_buffer,4057,11868,9029,20897,63276
stream_buffer,4058,11817,9029,20846,63276
stream_buffer,4059,11817,9029,20846,63276
stream_buffer,4060,11817,9029,20846,63276
stream_buffer,4061,11817,9029,20846,63276
stream_buffer,4062,11817,9902,21719,63276
stream_buffer,4063,216414,187144,403558,63276
stream_buffer,4064,12447,9029,21476,63276
stream_buffer,4065,11815,9029,20844,63276
stream_buffer,4066,11815,9029,20844,63276
stream_buffer,4067,11815,9029,20844,63276
stream_buffer,4068,11815,9029,20844,63276
stream_buffer,4069,11815,9029,20844,63276
stream_buffer,4070,152019,193311,345330,63276
stream_buffer,4071,12447,9031,21478,63276
stream_buffer,4072,11815,9031,20846,63276
stream_buffer,4073,11815,9031,20846,63276
stream_buffer,4074,11839,9093,20932,63276
stream_buffer,4075,11817,9029,20846,63276
stream_buffer,4076,11836,9029,20865,63276
stream_buffer,4077,171604,9029,9029,63276
stream_buffer,4078,12871,287493,300364,63276
stream_buffer,4079,12449,9664,22113,63276
stream_buffer,4080,11817,9031,20848,63276
stream_buffer,4081,11817,9031,20848,63276
stream_buffer,4082,11888,9031,20919,63276
stream_buffer,4083,11817,9031,20848,63276
stream_buffer,4084,11817,9029,20846,63276
stream_buffer,4085,11783,9016,20799,63276
stream_buffer,4086,11783,9016,20799,63276
stream_buffer,4087,11783,10215,21998,63276
stream_buffer,4088,216704,186529,403233,63276
stream_buffer,4089,12415,9016,21431,63276
stream_buffer,4090,11783,9016,20799,63276
stream_buffer,4091,11783,9016,20799,63276
stream_buffer,4092,11783,9016,20799,63276
stream_buffer,4093,11783,9016,20799,63276
stream_buffer,4094,11783,9016,20799,63276
stream_buffer,4095,152332,193399,345731,63276
stream_buffer,4096,12449,9029,21478,63276
stream_buffer,4097,11817,9029,20846,63276
stream_buffer,4098,11817,9029,20846,63276
stream_buffer,4099,11817,9029,20846,63276
stream_buffer,4100,11817,9029,20846,63276
stream_buffer,4101,11819,9029,20848,63276
stream_buffer,4102,171592,9029,9029,63276
stream_buffer,4103,12871,287630,300501,63276
stream_buffer,4104,12449,9663,22112,63276
stream_buffer,4105,11817,9031,20848,63276
stream_buffer,4106,11849,9092,20941,63276
stream_buffer,4107,11944,9029,20973,63276
stream_buffer,4108,11815,9029,20844,63276
stream_buffer,4109,11815,9029,20844,63276
stream_buffer,4110,11815,9029,20844,63276
stream_buffer,4111,11815,9029,20844,63276
stream_buffer,4112,11815,9861,21676,63276
stream_buffer,4113,216345,186818,403163,63276
stream_buffer,4114,12447,9031,21478,63276
stream_buffer,4115,11815,9031,20846,63276
stream_buffer,4116,11815,9031,20846,63276
stream_buffer,4117,11839,9093,20932,63276
stream_buffer,4118,11817,9029,20846,63276
stream_buffer,4119,11817,9029,20846,63276
stream_buffer,4120,152483,193197,345680,63276
stream_buffer,4121,12449,9031,21480,63276
stream_buffer,4122,11817,9031,20848,63276
stream_buffer,4123,11817,9031,20848,63276
stream_buffer,4124,11817,9031,20848,63276
stream_buffer,4125,11817,9031,20848,63276
stream_buffer,4126,11819,9031,20850,63276
stream_buffer,4127,171620,9029,9029,63276
stream_buffer,4128,12835,287448,300283,63276
stream_buffer,4129,12415,9648,22063,63276
stream_buffer,4130,11783,9016,20799,63276
stream_buffer,4131,11783,9016,20799,63276
stream_buffer,4132,11860,9016,20876,63276
stream_buffer,4133,11783,9016,20799,63276
stream_buffer,4134,11783,9016,20799,63276
stream_buffer,4135,11783,9016,20799,63276
stream_buffer,4136,11783,9016,20799,63276
stream_buffer,4137,11783,10137,21920,63276
stream_buffer,4138,216628,186735,403363,63276
stream_buffer,4139,12449,9029,21478,63276
stream_buffer,4140,11817,9029,20846,63276
stream_buffer,4141,11817,9029,20846,63276
stream_buffer,4142,11817,9029,20846,63276
stream_buffer,4143,11817,9029,20846,63276
stream_buffer,4144,11817,9029,20846,63276
stream_buffer,4145,152413,193288,345701,63276
stream_buffer,4146,12449,9031,21480,63276
stream_buffer,4147,11817,9031,20848,63276
stream_buffer,4148,11817,9031,20848,63276
stream_buffer,4149,11849,9092,20941,63276
stream_buffer,4150,11815,9029,20844,63276
stream_buffer,4151,11820,9029,20849,63276
stream_buffer,4152,171544,9029,9029,63276
stream_buffer,4153,12869,287649,300518,63276
stream_buffer,4154,12447,9663,22110,63276
stream_buffer,4155,11815,9031,20846,63276
stream_buffer,4156,11815,9031,20846,63276
stream_buffer,4157,11912,9031,20943,63276
stream_buffer,4158,11815,9031,20846,63276
stream_buffer,4159,11815,9031,20846,63276
stream_buffer,4160,11839,9093,20932,63276
stream_buffer,4161,11817,9029,20846,63276
stream_buffer,4162,11817,9844,21661,63276
stream_buffer,4163,216337,186822,403159,63276
stream_buffer,4164,12449,9029,21478,63276
stream_buffer,4165,11817,9029,20846,63276
stream_buffer,4166,11817,9029,20846,63276
stream_buffer,4167,11817,9029,20846,63276
stream_buffer,4168,11817,9029,20846,63276
stream_buffer,4169,11817,9029,20846,63276
stream_buffer,4170,152343,193174,345517,63276
stream_buffer,4171,12415,9016,21431,63276
stream_buffer,4172,11783,9016,20799,63276
stream_buffer,4173,11783,9016,20799,63276
stream_buffer,4174,11783,9016,20799,63276
stream_buffer,4175,11783,9016,20799,63276
stream_buffer,4176,11801,9016,20817,63276
stream_buffer,4177,171576,9016,9016,63276
stream_buffer,4178,12835,287598,300433,63276
stream_buffer,4179,12415,9650,22065,63276
stream_buffer,4180,11783,9018,20801,63276
stream_buffer,4181,11841,9049,20890,63276
stream_buffer,4182,11850,9029,20879,63276
stream_buffer,4183,11817,9029,20846,63276
stream_buffer,4184,11817,9029,20846,63276
stream_buffer,4185,11817,9029,20846,63276
stream_buffer,4186,11817,9029,20846,63276
stream_buffer,4187,11817,9934,21751,63276
stream_buffer,4188,216353,186806,403159,63276
stream_buffer,4189,12449,9031,21480,63276
stream_buffer,4190,11817,9031,20848,63276
stream_buffer,4191,11817,9031,20848,63276
stream_buffer,4192,11849,9092,20941,63276
stream_buffer,4193,11815,9029,20844,63276
stream_buffer,4194,11815,9029,20844,63276
stream_buffer,4195,152409,193267,345676,63276
stream_buffer,4196,12447,9029,21476,63276
stream_buffer,4197,11815,9029,20844,63276
stream_buffer,4198,11815,9029,20844,63276
stream_buffer,4199,11815,9029,20844,63276
stream_buffer,4200,11815,9029,20844,63276
stream_buffer,4201,11823,9029,20852,63276
stream_buffer,4202,171584,9029,9029,63276
stream_buffer,4203,12891,287694,300585,63276
stream_buffer,4204,12449,9662,22111,63276
stream_buffer,4205,11817,9029,20846,63276
stream_buffer,4206,11817,9029,20846,63276
stream_buffer,4207,11941,9029,20970,63276
stream_buffer,4208,11817,9029,20846,63276
stream_buffer,4209,11817,9029,20846,63276
stream_buffer,4210,11817,9029,20846,63276
stream_buffer,4211,11817,9029,20846,63276
stream_buffer,4212,11817,9917,21734,63276
stream_buffer,4213,216371,187021,403392,63276
stream_buffer,4214,12415,9016,21431,63276
stream_buffer,4215,11783,9016,20799,63276
stream_buffer,4216,11783,9016,20799,63276
stream_buffer,4217,11783,9016,20799,63276
stream_buffer,4218,11783,9016,20799,63276
stream_buffer,4219,11783,9016,20799,63276
stream_buffer,4220,152048,193256,345304,63276
stream_buffer,4221,12415,9018,21433,63276
stream_buffer,4222,11783,9018,20801,63276
stream_buffer,4223,11783,9018,20801,63276
stream_buffer,4224,11841,9049,20890,63276
stream_buffer,4225,11817,9029,20846,63276
stream_buffer,4226,11861,9029,20890,63276
stream_buffer,4227,171616,9029,9029,63276
stream_buffer,4228,12871,287605,300476,63276
stream_buffer,4229,12449,9664,22113,63276
stream_buffer,4230,11817,9031,20848,63276
stream_buffer,4231,11817,9031,20848,63276
stream_buffer,4232,11857,9031,20888,63276
stream_buffer,4233,11817,9031,20848,63276
stream_buffer,4234,11817,9031,20848,63276
stream_buffer,4235,11849,9092,20941,63276
stream_buffer,4236,11815,9029,20844,63276
stream_buffer,4237,11815,9850,21665,63276
stream_buffer,4238,216329,186811,403140,63276
stream_buffer,4239,12447,9029,21476,63276
stream_buffer,4240,11815,9029,20844,63276
stream_buffer,4241,11815,9029,20844,63276
stream_buffer,4242,11815,9029,20844,63276
stream_buffer,4243,11815,9029,20844,63276
stream_buffer,4244,11815,9029,20844,63276
stream_buffer,4245,152341,193360,345701,63276
stream_buffer,4246,12471,9093,21564,63276
stream_buffer,4247,11817,9029,20846,63276
stream_buffer,4248,11817,9029,20846,63276
stream_buffer,4249,11817,9029,20846,63276
stream_buffer,4250,11817,9029,20846,63276
stream_buffer,4251,11822,9029,20851,63276
stream_buffer,4252,171576,9029,9029,63276
stream_buffer,4253,12871,287479,300350,63276
stream_buffer,4254,12449,9664,22113,63276
stream_buffer,4255,11817,9031,20848,63276
stream_buffer,4256,11817,9029,20846,63276
stream_buffer,4257,11880,9016,20896,63276
stream_buffer,4258,11783,9016,20799,63276
stream_buffer,4259,11783,9016,20799,63276
stream_buffer,4260,11783,9016,20799,63276
stream_buffer,4261,11783,9016,20799,63276
stream_buffer,4262,11783,10195,21978,63276
stream_buffer,4263,216692,186570,403262,63276
stream_buffer,4264,12415,9018,21433,63276
stream_buffer,4265,11783,9018,20801,63276
stream_buffer,4266,11783,9018,20801,63276
stream_buffer,4267,11841,9049,20890,63276
stream_buffer,4268,11817,9029,20846,63276
stream_buffer,4269,11817,9029,20846,63276
stream_buffer,4270,152301,193359,345660,63276
stream_buffer,4271,12449,9029,21478,63276
stream_buffer,4272,11817,9029,20846,63276
stream_buffer,4273,11817,9029,20846,63276
stream_buffer,4274,11817,9029,20846,63276
stream_buffer,4275,11817,9029,20846,63276
stream_buffer,4276,11819,9029,20848,63276
stream_buffer,4277,171592,9029,9029,63276
stream_buffer,4278,12903,287688,300591,63276
stream_buffer,4279,12447,9662,22109,63276
stream_buffer,4280,11815,9029,20844,63276
stream_buffer,4281,11815,9029,20844,63276
stream_buffer,4282,11947,9029,20976,63276
stream_buffer,4283,11815,9029,20844,63276
stream_buffer,4284,11815,9029,20844,63276
stream_buffer,4285,11815,9029,20844,63276
stream_buffer,4286,11815,9029,20844,63276
stream_buffer,4287,11815,9919,21734,63276
stream_buffer,4288,216373,186791,403164,63276
stream_buffer,4289,12471,9093,21564,63276
stream_buffer,4290,11817,9029,20846,63276
stream_buffer,4291,11817,9029,20846,63276
stream_buffer,4292,11817,9029,20846,63276
stream_buffer,4293,11817,9029,20846,63276
stream_buffer,4294,11817,9029,20846,63276
stream_buffer,4295,152445,193130,345575,63276
stream_buffer,4296,12449,9031,21480,63276
stream_buffer,4297,11817,9031,20848,63276
stream_buffer,4298,11817,9031,20848,63276
stream_buffer,4299,11817,9029,20846,63276
stream_buffer,4300,11783,9016,20799,63276
stream_buffer,4301,11793,9016,20809,63276
stream_buffer,4302,171618,9016,9016,63276
stream_buffer,4303,12835,287578,300413,63276
stream_buffer,4304,12415,9651,22066,63276
stream_buffer,4305,11783,9018,20801,63276
stream_buffer,4306,11783,9018,20801,63276
stream_buffer,4307,11811,9018,20829,63276
stream_buffer,4308,11783,9018,20801,63276
stream_buffer,4309,11783,9018,20801,63276
stream_buffer,4310,11841,9049,20890,63276
stream_buffer,4311,11817,9029,20846,63276
stream_buffer,4312,11817,10205,22022,63276
stream_buffer,4313,216619,186591,403210,63276
stream_buffer,4314,12449,9029,21478,63276
stream_buffer,4315,11817,9029,20846,63276
stream_buffer,4316,11817,9029,20846,63276
stream_buffer,4317,11817,9029,20846,63276
stream_buffer,4318,11817,9029,20846,63276
stream_buffer,4319,11817,9029,20846,63276
stream_buffer,4320,152307,193389,345696,63276
stream_buffer,4321,12481,9092,21573,63276
stream_buffer,4322,11815,9029,20844,63276
stream_buffer,4323,11815,9029,20844,63276
stream_buffer,4324,11815,9029,20844,63276
stream_buffer,4325,11815,9029,20844,63276
stream_buffer,4326,11820,9029,20849,63276
stream_buffer,4327,171576,9029,9029,63276
stream_buffer,4328,12869,287611,300480,63276
stream_buffer,4329,12447,9663,22110,63276
stream_buffer,4330,11815,9031,20846,63276
stream_buffer,4331,11815,9031,20846,63276
stream_buffer,4332,11970,9093,21063,63276
stream_buffer,4333,11817,9029,20846,63276
stream_buffer,4334,11817,9029,20846,63276
stream_buffer,4335,11817,9029,20846,63276
stream_buffer,4336,11817,9029,20846,63276
stream_buffer,4337,11817,9822,21639,63276
stream_buffer,4338,216343,186836,403179,63276
stream_buffer,4339,12449,9031,21480,63276
stream_buffer,4340,11817,9031,20848,63276
stream_buffer,4341,11817,9031,20848,63276
stream_buffer,4342,11817,9029,20846,63276
stream_buffer,4343,11783,9016,20799,63276
stream_buffer,4344,11783,9016,20799,63276
stream_buffer,4345,152338,193135,345473,63276
stream_buffer,4346,12415,9016,21431,63276
stream_buffer,4347,11783,9016,20799,63276
stream_buffer,4348,11783,9016,20799,63276
stream_buffer,4349,11783,9016,20799,63276
stream_buffer,4350,11783,9016,20799,63276
stream_buffer,4351,11801,9016,20817,63276
stream_buffer,4352,171590,9016,9016,63276
stream_buffer,4353,12895,287610,300505,63276
stream_buffer,4354,12449,9661,22110,63276
stream_buffer,4355,11817,9029,20846,63276
stream_buffer,4356,11817,9029,20846,63276
stream_buffer,4357,11881,9029,20910,63276
stream_buffer,4358,11817,9029,20846,63276
stream_buffer,4359,11817,9029,20846,63276
stream_buffer,4360,11817,9029,20846,63276
stream_buffer,4361,11817,9029,20846,63276
stream_buffer,4362,11817,9948,21765,63276
stream_buffer,4363,216365,186800,403165,63276
stream_buffer,4364,12481,9092,21573,63276
stream_buffer,4365,11815,9029,20844,63276
stream_buffer,4366,11815,9029,20844,63276
stream_buffer,4367,11815,9029,20844,63276
stream_buffer,4368,11815,9029,20844,63276
stream_buffer,4369,11815,9029,20844,63276
stream_buffer,4370,152485,193215,345700,63276
stream_buffer,4371,12447,9031,21478,63276
stream_buffer,4372,11815,9031,20846,63276
stream_buffer,4373,11815,9031,20846,63276
stream_buffer,4374,11815,9031,20846,63276
stream_buffer,4375,11839,9093,20932,63276
stream_buffer,4376,11821,9029,20850,63276
stream_buffer,4377,171574,9029,9029,63276
stream_buffer,4378,12871,287540,300411,63276
stream_buffer,4379,12449,9663,22112,63276
stream_buffer,4380,11817,9031,20848,63276
stream_buffer,4381,11817,9031,20848,63276
stream_buffer,4382,11923,9031,20954,63276
stream_buffer,4383,11817,9031,20848,63276
stream_buffer,4384,11817,9031,20848,63276
stream_buffer,4385,11817,9029,20846,63276
stream_buffer,4386,11783,9016,20799,63276
stream_buffer,4387,11783,10215,21998,63276
stream_buffer,4388,216682,186524,403206,63276
stream_buffer,4389,12415,9016,21431,63276
stream_buffer,4390,11783,9016,20799,63276
stream_buffer,4391,11783,9016,20799,63276
stream_buffer,4392,11783,9016,20799,63276
stream_buffer,4393,11783,9016,20799,63276
stream_buffer,4394,11783,9016,20799,63276
stream_buffer,4395,152268,193336,345604,63276
stream_buffer,4396,12473,9049,21522,63276
stream_buffer,4397,11817,9029,20846,63276
stream_buffer,4398,11817,9029,20846,63276
stream_buffer,4399,11817,9029,20846,63276
stream_buffer,4400,11817,9029,20846,63276
stream_buffer,4401,11827,9029,20856,63276
stream_buffer,4402,171616,9029,9029,63276
stream_buffer,4403,12871,287635,300506,63276
stream_buffer,4404,12449,9663,22112,63276
stream_buffer,4405,11817,9031,20848,63276
stream_buffer,4406,11817,9031,20848,63276
stream_buffer,4407,11981,9092,21073,63276
stream_buffer,4408,11815,9029,20844,63276
stream_buffer,4409,11815,9029,20844,63276
stream_buffer,4410,11815,9029,20844,63276
stream_buffer,4411,11815,9029,20844,63276
stream_buffer,4412,11815,9867,21682,63276
stream_buffer,4413,216343,186822,403165,63276
stream_buffer,4414,12447,9031,21478,63276
stream_buffer,4415,11815,9031,20846,63276
stream_buffer,4416,11815,9031,20846,63276
stream_buffer,4417,11815,9031,20846,63276
stream_buffer,4418,11839,9093,20932,63276
stream_buffer,4419,11817,9029,20846,63276
stream_buffer,4420,152447,193234,345681,63276
stream_buffer,4421,12449,9029,21478,63276
stream_buffer,4422,11817,9029,20846,63276
stream_buffer,4423,11817,9029,20846,63276
stream_buffer,4424,11817,9029,20846,63276
stream_buffer,4425,11817,9029,20846,63276
stream_buffer,4426,11819,9029,20848,63276
stream_buffer,4427,171592,9029,9029,63276
stream_buffer,4428,12871,287494,300365,63276
stream_buffer,4429,12415,9648,22063,63276
stream_buffer,4430,11783,9016,20799,63276
stream_buffer,4431,11783,9016,20799,63276
stream_buffer,4432,11869,9016,20885,63276
stream_buffer,4433,11783,9016,20799,63276
stream_buffer,4434,11783,9016,20799,63276
stream_buffer,4435,11783,9016,20799,63276
stream_buffer,4436,11783,9016,20799,63276
stream_buffer,4437,11783,10210,21993,63276
stream_buffer,4438,216640,186592,403232,63276
stream_buffer,4439,12473,9049,21522,63276
stream_buffer,4440,11817,9029,20846,63276
stream_buffer,4441,11817,9029,20846,63276
stream_buffer,4442,11817,9029,20846,63276
stream_buffer,4443,11817,9029,20846,63276
stream_buffer,4444,11817,9029,20846,63276
stream_buffer,4445,152297,193391,345688,63276
stream_buffer,4446,12449,9031,21480,63276
stream_buffer,4447,11817,9031,20848,63276
stream_buffer,4448,11817,9031,20848,63276
stream_buffer,4449,11817,9031,20848,63276
stream_buffer,4450,11849,9092,20941,63276
stream_buffer,4451,11815,9029,20844,63276
stream_buffer,4452,171538,9029,9029,63276
stream_buffer,4453,12869,287643,300512,63276
stream_buffer,4454,12447,9663,22110,63276
stream_buffer,4455,11815,9031,20846,63276
stream_buffer,4456,11815,9031,20846,63276
stream_buffer,4457,11910,9031,20941,63276
stream_buffer,4458,11815,9031,20846,63276
stream_buffer,4459,11815,9031,20846,63276
stream_buffer,4460,11815,9031,20846,63276
stream_buffer,4461,11839,9093,20932,63276
stream_buffer,4462,11817,9826,21643,63276
stream_buffer,4463,216339,186832,403171,63276
stream_buffer,4464,12449,9029,21478,63276
stream_buffer,4465,11817,9029,20846,63276
stream_buffer,4466,11817,9029,20846,63276
stream_buffer,4467,11817,9029,20846,63276
stream_buffer,4468,11817,9029,20846,63276
stream_buffer,4469,11817,9029,20846,63276
stream_buffer,4470,152345,193150,345495,63276
stream_buffer,4471,12449,9029,21478,63276
stream_buffer,4472,11783,9016,20799,63276
stream_buffer,4473,11783,9016,20799,63276
stream_buffer,4474,11783,9016,20799,63276
stream_buffer,4475,11783,9016,20799,63276
stream_buffer,4476,11792,9016,20808,63276
stream_buffer,4477,171574,9016,9016,63276
stream_buffer,4478,12835,287596,300431,63276
stream_buffer,4479,12415,9650,22065,63276
stream_buffer,4480,11783,9018,20801,63276
stream_buffer,4481,11783,9018,20801,63276
stream_buffer,4482,11863,9049,20912,63276
stream_buffer,4483,11817,9029,20846,63276
stream_buffer,4484,11817,9029,20846,63276
stream_buffer,4485,11817,9029,20846,63276
stream_buffer,4486,11817,9029,20846,63276
stream_buffer,4487,11817,10230,22047,63276
stream_buffer,4488,216621,186629,403250,63276
stream_buffer,4489,12449,9031,21480,63276
stream_buffer,4490,11817,9031,20848,63276
stream_buffer,4491,11817,9031,20848,63276
stream_buffer,4492,11817,9031,20848,63276
stream_buffer,4493,11849,9092,20941,63276
stream_buffer,4494,11815,9029,20844,63276
stream_buffer,4495,152277,193463,345740,63276
stream_buffer,4496,12447,9029,21476,63276
stream_buffer,4497,11815,9029,20844,63276
stream_buffer,4498,11815,9029,20844,63276
stream_buffer,4499,11815,9029,20844,63276
stream_buffer,4500,11815,9029,20844,63276
stream_buffer,4501,11823,9029,20852,63276
stream_buffer,4502,171584,9029,9029,63276
stream_buffer,4503,12869,287632,300501,63276
stream_buffer,4504,12471,9725,22196,63276
stream_buffer,4505,11817,9029,20846,63276
stream_buffer,4506,11817,9029,20846,63276
stream_buffer,4507,11941,9029,20970,63276
stream_buffer,4508,11817,9029,20846,63276
stream_buffer,4509,11817,9029,20846,63276
stream_buffer,4510,11817,9029,20846,63276
stream_buffer,4511,11817,9029,20846,63276
stream_buffer,4512,11817,9857,21674,63276
stream_buffer,4513,216355,187045,403400,63276
stream_buffer,4514,12449,9029,21478,63276
stream_buffer,4515,11783,9016,20799,63276
stream_buffer,4516,11783,9016,20799,63276
stream_buffer,4517,11783,9016,20799,63276
stream_buffer,4518,11783,9016,20799,63276
stream_buffer,4519,11783,9016,20799,63276
stream_buffer,4520,152050,193281,345331,63276
stream_buffer,4521,12415,9018,21433,63276
stream_buffer,4522,11783,9018,20801,63276
stream_buffer,4523,11783,9018,20801,63276
stream_buffer,4524,11783,9018,20801,63276
stream_buffer,4525,11841,9049,20890,63276
stream_buffer,4526,11869,9029,20898,63276
stream_buffer,4527,171618,9029,9029,63276
stream_buffer,4528,12871,287611,300482,63276
stream_buffer,4529,12449,9663,22112,63276
stream_buffer,4530,11817,9031,20848,63276
stream_buffer,4531,11817,9031,20848,63276
stream_buffer,4532,11852,9031,20883,63276
stream_buffer,4533,11817,9031,20848,63276
stream_buffer,4534,11817,9031,20848,63276
stream_buffer,4535,11817,9031,20848,63276
stream_buffer,4536,11849,9092,20941,63276
stream_buffer,4537,11815,9860,21675,63276
stream_buffer,4538,216333,186805,403138,63276
stream_buffer,4539,12447,9029,21476,63276
stream_buffer,4540,11815,9029,20844,63276
stream_buffer,4541,11815,9029,20844,63276
stream_buffer,4542,11815,9029,20844,63276
stream_buffer,4543,11815,9029,20844,63276
stream_buffer,4544,11815,9029,20844,63276
stream_buffer,4545,152343,193356,345699,63276
stream_buffer,4546,12447,9031,21478,63276
stream_buffer,4547,11839,9093,20932,63276
stream_buffer,4548,11817,9029,20846,63276
stream_buffer,4549,11817,9029,20846,63276
stream_buffer,4550,11817,9029,20846,63276
stream_buffer,4551,11822,9029,20851,63276
stream_buffer,4552,171578,9029,9029,63276
stream_buffer,4553,12871,287496,300367,63276
stream_buffer,4554,12449,9664,22113,63276
stream_buffer,4555,11817,9031,20848,63276
stream_buffer,4556,11817,9031,20848,63276
stream_buffer,4557,11937,9029,20966,63276
stream_buffer,4558,11783,9016,20799,63276
stream_buffer,4559,11783,9016,20799,63276
stream_buffer,4560,11783,9016,20799,63276
stream_buffer,4561,11783,9016,20799,63276
stream_buffer,4562,11783,10178,21961,63276
stream_buffer,4563,216654,186634,403288,63276
stream_buffer,4564,12415,9018,21433,63276
stream_buffer,4565,11783,9018,20801,63276
stream_buffer,4566,11783,9018,20801,63276
stream_buffer,4567,11783,9018,20801,63276
stream_buffer,4568,11841,9049,20890,63276
stream_buffer,4569,11817,9029,20846,63276
stream_buffer,4570,152433,193292,345725,63276
stream_buffer,4571,12449,9029,21478,63276
stream_buffer,4572,11817,9029,20846,63276
stream_buffer,4573,11817,9029,20846,63276
stream_buffer,4574,11817,9029,20846,63276
stream_buffer,4575,11817,9029,20846,63276
stream_buffer,4576,11819,9029,20848,63276
stream_buffer,4577,171592,9029,9029,63276
stream_buffer,4578,12871,287622,300493,63276
stream_buffer,4579,12481,9724,22205,63276
stream_buffer,4580,11815,9029,20844,63276
stream_buffer,4581,11815,9029,20844,63276
stream_buffer,4582,11942,9029,20971,63276
stream_buffer,4583,11815,9029,20844,63276
stream_buffer,4584,11815,9029,20844,63276
stream_buffer,4585,11815,9029,20844,63276
stream_buffer,4586,11815,9029,20844,63276
stream_buffer,4587,11815,9857,21672,63276
stream_buffer,4588,216353,187089,403442,63276
stream_buffer,4589,12447,9031,21478,63276
stream_buffer,4590,11839,9093,20932,63276
stream_buffer,4591,11817,9029,20846,63276
stream_buffer,4592,11817,9029,20846,63276
stream_buffer,4593,11817,9029,20846,63276
stream_buffer,4594,11817,9029,20846,63276
stream_buffer,4595,151989,193341,345330,63276
stream_buffer,4596,12449,9031,21480,63276
stream_buffer,4597,11817,9031,20848,63276
stream_buffer,4598,11817,9031,20848,63276
stream_buffer,4599,11817,9031,20848,63276
stream_buffer,4600,11817,9029,20846,63276
stream_buffer,4601,11815,9016,20831,63276
stream_buffer,4602,171566,9016,9016,63276
stream_buffer,4603,12835,287564,300399,63276
stream_buffer,4604,12415,9651,22066,63276
stream_buffer,4605,11783,9018,20801,63276
stream_buffer,4606,11783,9018,20801,63276
stream_buffer,4607,11785,9018,20803,63276
stream_buffer,4608,11783,9018,20801,63276
stream_buffer,4609,11783,9018,20801,63276
stream_buffer,4610,11783,9018,20801,63276
stream_buffer,4611,11841,9049,20890,63276
stream_buffer,4612,11817,10249,22066,63276
stream_buffer,4613,216649,186528,403177,63276
stream_buffer,4614,12449,9029,21478,63276
stream_buffer,4615,11817,9029,20846,63276
stream_buffer,4616,11817,9029,20846,63276
stream_buffer,4617,11817,9029,20846,63276
stream_buffer,4618,11817,9029,20846,63276
stream_buffer,4619,11817,9029,20846,63276
stream_buffer,4620,152345,193326,345671,63276
stream_buffer,4621,12449,9031,21480,63276
stream_buffer,4622,11849,9092,20941,63276
stream_buffer,4623,11815,9029,20844,63276
stream_buffer,4624,11815,9029,20844,63276
stream_buffer,4625,11815,9029,20844,63276
stream_buffer,4626,11819,9029,20848,63276
stream_buffer,4627,171582,9029,9029,63276
stream_buffer,4628,12869,287631,300500,63276
stream_buffer,4629,12447,9663,22110,63276
stream_buffer,4630,11815,9031,20846,63276
stream_buffer,4631,11815,9031,20846,63276
stream_buffer,4632,11934,9031,20965,63276
stream_buffer,4633,11839,9093,20932,63276
stream_buffer,4634,11817,9029,20846,63276
stream_buffer,4635,11817,9029,20846,63276
stream_buffer,4636,11817,9029,20846,63276
stream_buffer,4637,11817,9856,21673,63276
stream_buffer,4638,216345,187066,403411,63276
stream_buffer,4639,12449,9031,21480,63276
stream_buffer,4640,11817,9031,20848,63276
stream_buffer,4641,11817,9031,20848,63276
stream_buffer,4642,11817,9031,20848,63276
stream_buffer,4643,11817,9029,20846,63276
stream_buffer,4644,11783,9016,20799,63276
stream_buffer,4645,151998,193527,345525,63276
stream_buffer,4646,12415,9016,21431,63276
stream_buffer,4647,11783,9016,20799,63276
stream_buffer,4648,11783,9016,20799,63276
stream_buffer,4649,11783,9016,20799,63276
stream_buffer,4650,11783,9016,20799,63276
stream_buffer,4651,11835,9016,20851,63276
stream_buffer,4652,171214,9016,9016,63276
stream_buffer,4653,12835,286710,299545,63276
stream_buffer,4654,12473,9681,22154,63276
stream_buffer,4655,11817,9029,20846,63276
stream_buffer,4656,11817,9029,20846,63276
stream_buffer,4657,11817,9029,20846,63276
stream_buffer,4658,11817,9029,20846,63276
stream_buffer,4659,11817,9029,20846,63276
stream_buffer,4660,11817,9029,20846,63276
stream_buffer,4661,11817,9029,20846,63276
stream_buffer,4662,11817,9375,21192,63276
stream_buffer,4663,214957,189142,404099,63276
stream_buffer,4664,12449,9031,21480,63276
stream_buffer,4665,11849,9092,20941,63276
stream_buffer,4666,11815,9029,20844,63276
stream_buffer,4667,11815,9029,20844,63276
stream_buffer,4668,11815,9029,20844,63276
stream_buffer,4669,11815,9029,20844,63276
stream_buffer,4670,152445,193202,345647,63276
stream_buffer,4671,12448,9031,21479,63276
stream_buffer,4672,11815,9031,20846,63276
stream_buffer,4673,11815,9031,20846,63276
stream_buffer,4674,11815,9031,20846,63276
stream_buffer,4675,11815,9031,20846,63276
stream_buffer,4676,12847,9093,21940,63276
stream_buffer,4677,171482,9029,9029,63276
stream_buffer,4678,12871,286639,299510,63276
stream_buffer,4679,12449,9663,22112,63276
stream_buffer,4680,11817,9031,20848,63276
stream_buffer,4681,11817,9031,20848,63276
stream_buffer,4682,11817,9031,20848,63276
stream_buffer,4683,11817,9031,20848,63276
stream_buffer,4684,11817,9031,20848,63276
stream_buffer,4685,11817,9031,20848,63276
stream_buffer,4686,11817,9029,20846,63276
stream_buffer,4687,11783,9460,21243,63276
stream_buffer,4688,214954,189110,404064,63276
stream_buffer,4689,12415,9016,21431,63276
stream_buffer,4690,11783,9016,20799,63276
stream_buffer,4691,11783,9016,20799,63276
stream_buffer,4692,11783,9016,20799,63276
stream_buffer,4693,11783,9016,20799,63276
stream_buffer,4694,11783,9016,20799,63276
stream_buffer,4695,152258,193324,345582,63276
stream_buffer,4696,12415,9018,21433,63276
stream_buffer,4697,11841,9049,20890,63276
stream_buffer,4698,11817,9029,20846,63276
stream_buffer,4699,11817,9029,20846,63276
stream_buffer,4700,11817,9029,20846,63276
stream_buffer,4701,13113,9029,22142,63276
stream_buffer,4702,171436,9029,9029,63276
stream_buffer,4703,12871,286728,299599,63276
stream_buffer,4704,12449,9663,22112,63276
stream_buffer,4705,11817,9031,20848,63276
stream_buffer,4706,11817,9031,20848,63276
stream_buffer,4707,11817,9031,20848,63276
stream_buffer,4708,11849,9092,20941,63276
stream_buffer,4709,11815,9029,20844,63276
stream_buffer,4710,11815,9029,20844,63276
stream_buffer,4711,11815,9029,20844,63276
stream_buffer,4712,11815,9407,21222,63276
stream_buffer,4713,215119,188985,404104,63276
stream_buffer,4714,12447,9031,21478,63276
stream_buffer,4715,11815,9031,20846,63276
stream_buffer,4716,11815,9031,20846,63276
stream_buffer,4717,11815,9031,20846,63276
stream_buffer,4718,11815,9031,20846,63276
stream_buffer,4719,11839,9093,20932,63276
stream_buffer,4720,152415,193225,345640,63276
stream_buffer,4721,12450,9029,21479,63276
stream_buffer,4722,11817,9029,20846,63276
stream_buffer,4723,11817,9029,20846,63276
stream_buffer,4724,11817,9029,20846,63276
stream_buffer,4725,11817,9029,20846,63276
stream_buffer,4726,12819,9029,21848,63276
stream_buffer,4727,171452,9029,9029,63276
stream_buffer,4728,12871,286574,299445,63276
stream_buffer,4729,12449,9661,22110,63276
stream_buffer,4730,11783,9016,20799,63276
stream_buffer,4731,11783,9016,20799,63276
stream_buffer,4732,11783,9016,20799,63276
stream_buffer,4733,11783,9016,20799,63276
stream_buffer,4734,11783,9016,20799,63276
stream_buffer,4735,11783,9016,20799,63276
stream_buffer,4736,11783,9016,20799,63276
stream_buffer,4737,11783,9406,21189,63276
stream_buffer,4738,214740,189428,404168,63276
stream_buffer,4739,12415,9018,21433,63276
stream_buffer,4740,11841,9049,20890,63276
stream_buffer,4741,11817,9029,20846,63276
stream_buffer,4742,11817,9029,20846,63276
stream_buffer,4743,11817,9029,20846,63276
stream_buffer,4744,11817,9029,20846,63276
stream_buffer,4745,152349,193291,345640,63276
stream_buffer,4746,12450,9031,21481,63276
stream_buffer,4747,11817,9031,20848,63276
stream_buffer,4748,11817,9031,20848,63276
stream_buffer,4749,11817,9031,20848,63276
stream_buffer,4750,11817,9031,20848,63276
stream_buffer,4751,12799,9092,21891,63276
stream_buffer,4752,171452,9029,9029,63276
stream_buffer,4753,12869,286706,299575,63276
stream_buffer,4754,12447,9663,22110,63276
stream_buffer,4755,11815,9031,20846,63276
stream_buffer,4756,11815,9031,20846,63276
stream_buffer,4757,11815,9031,20846,63276
stream_buffer,4758,11815,9031,20846,63276
stream_buffer,4759,11815,9031,20846,63276
stream_buffer,4760,11815,9031,20846,63276
stream_buffer,4761,11815,9031,20846,63276
stream_buffer,4762,11839,9475,21314,63276
stream_buffer,4763,215085,188995,404080,63276
stream_buffer,4764,12449,9029,21478,63276
stream_buffer,4765,11817,9029,20846,63276
stream_buffer,4766,11817,9029,20846,63276
stream_buffer,4767,11817,9029,20846,63276
stream_buffer,4768,11817,9029,20846,63276
stream_buffer,4769,11817,9029,20846,63276
stream_buffer,4770,152345,193252,345597,63276
stream_buffer,4771,12449,9031,21480,63276
stream_buffer,4772,11817,9029,20846,63276
stream_buffer,4773,11783,9016,20799,63276
stream_buffer,4774,11783,9016,20799,63276
stream_buffer,4775,11783,9016,20799,63276
stream_buffer,4776,13252,9016,22268,63276
stream_buffer,4777,171478,9016,9016,63276
stream_buffer,4778,12835,286661,299496,63276
stream_buffer,4779,12415,9650,22065,63276
stream_buffer,4780,11783,9018,20801,63276
stream_buffer,4781,11783,9018,20801,63276
stream_buffer,4782,11783,9018,20801,63276
stream_buffer,4783,11841,9049,20890,63276
stream_buffer,4784,11817,9029,20846,63276
stream_buffer,4785,11817,9029,20846,63276
stream_buffer,4786,11817,9029,20846,63276
stream_buffer,4787,11817,9374,21191,63276
stream_buffer,4788,214953,189125,404078,63276
stream_buffer,4789,12449,9031,21480,63276
stream_buffer,4790,11817,9031,20848,63276
stream_buffer,4791,11817,9031,20848,63276
stream_buffer,4792,11817,9031,20848,63276
stream_buffer,4793,11817,9031,20848,63276
stream_buffer,4794,11849,9092,20941,63276
stream_buffer,4795,152463,193147,345610,63276
stream_buffer,4796,12448,9029,21477,63276
stream_buffer,4797,11815,9029,20844,63276
stream_buffer,4798,11815,9029,20844,63276
stream_buffer,4799,11815,9029,20844,63276
stream_buffer,4800,11815,9029,20844,63276
stream_buffer,4801,12730,9029,21759,63276
stream_buffer,4802,171494,9029,9029,63276
stream_buffer,4803,12869,286671,299540,63276
stream_buffer,4804,12447,9663,22110,63276
stream_buffer,4805,11839,9093,20932,63276
stream_buffer,4806,11817,9029,20846,63276
stream_buffer,4807,11817,9029,20846,63276
stream_buffer,4808,11817,9029,20846,63276
stream_buffer,4809,11817,9029,20846,63276
stream_buffer,4810,11817,9029,20846,63276
stream_buffer,4811,11817,9029,20846,63276
stream_buffer,4812,11817,9382,21199,63276
stream_buffer,4813,215037,189081,404118,63276
stream_buffer,4814,12449,9031,21480,63276
stream_buffer,4815,11817,9029,20846,63276
stream_buffer,4816,11783,9016,20799,63276
stream_buffer,4817,11783,9016,20799,63276
stream_buffer,4818,11783,9016,20799,63276
stream_buffer,4819,11783,9016,20799,63276
stream_buffer,4820,152288,193243,345531,63276
stream_buffer,4821,12415,9018,21433,63276
stream_buffer,4822,11783,9018,20801,63276
stream_buffer,4823,11783,9018,20801,63276
stream_buffer,4824,11783,9018,20801,63276
stream_buffer,4825,11783,9018,20801,63276
stream_buffer,4826,13490,9049,22539,63276
stream_buffer,4827,171431,9029,9029,63276
stream_buffer,4828,12871,286706,299577,63276
stream_buffer,4829,12449,9663,22112,63276
stream_buffer,4830,11817,9031,20848,63276
stream_buffer,4831,11817,9031,20848,63276
stream_buffer,4832,11817,9031,20848,63276
stream_buffer,4833,11817,9031,20848,63276
stream_buffer,4834,11817,9031,20848,63276
stream_buffer,4835,11817,9031,20848,63276
stream_buffer,4836,11817,9031,20848,63276
stream_buffer,4837,11849,9458,21307,63276
stream_buffer,4838,215073,188989,404062,63276
stream_buffer,4839,12447,9029,21476,63276
stream_buffer,4840,11815,9029,20844,63276
stream_buffer,4841,11815,9029,20844,63276
stream_buffer,4842,11815,9029,20844,63276
stream_buffer,4843,11815,9029,20844,63276
stream_buffer,4844,11815,9029,20844,63276
stream_buffer,4845,152345,193306,345651,63276
stream_buffer,4846,12447,9031,21478,63276
stream_buffer,4847,11815,9031,20846,63276
stream_buffer,4848,11839,9093,20932,63276
stream_buffer,4849,11817,9029,20846,63276
stream_buffer,4850,11817,9029,20846,63276
stream_buffer,4851,13116,9029,22145,63276
stream_buffer,4852,171473,9029,9029,63276
stream_buffer,4853,12871,286543,299414,63276
stream_buffer,4854,12449,9663,22112,63276
stream_buffer,4855,11817,9031,20848,63276
stream_buffer,4856,11817,9031,20848,63276
stream_buffer,4857,11817,9031,20848,63276
stream_buffer,4858,11817,9029,20846,63276
stream_buffer,4859,11783,9016,20799,63276
stream_buffer,4860,11783,9016,20799,63276
stream_buffer,4861,11783,9016,20799,63276
stream_buffer,4862,11783,9421,21204,63276
stream_buffer,4863,214812,189356,404168,63276
stream_buffer,4864,12415,9018,21433,63276
stream_buffer,4865,11783,9018,20801,63276
stream_buffer,4866,11783,9018,20801,63276
stream_buffer,4867,11783,9018,20801,63276
stream_buffer,4868,11783,9018,20801,63276
stream_buffer,4869,11841,9049,20890,63276
stream_buffer,4870,152287,193334,345621,63276
stream_buffer,4871,12450,9029,21479,63276
stream_buffer,4872,11817,9029,20846,63276
stream_buffer,4873,11817,9029,20846,63276
stream_buffer,4874,11817,9029,20846,63276
stream_buffer,4875,11817,9029,20846,63276
stream_buffer,4876,12810,9029,21839,63276
stream_buffer,4877,171440,9029,9029,63276
stream_buffer,4878,12871,286728,299599,63276
stream_buffer,4879,12449,9663,22112,63276
stream_buffer,4880,11849,9092,20941,63276
stream_buffer,4881,11815,9029,20844,63276
stream_buffer,4882,11815,9029,20844,63276
stream_buffer,4883,11815,9029,20844,63276
stream_buffer,4884,11815,9029,20844,63276
stream_buffer,4885,11815,9029,20844,63276
stream_buffer,4886,11815,9029,20844,63276
stream_buffer,4887,11815,9403,21218,63276
stream_buffer,4888,215027,189078,404105,63276
stream_buffer,4889,12447,9031,21478,63276
stream_buffer,4890,11815,9031,20846,63276
stream_buffer,4891,11839,9093,20932,63276
stream_buffer,4892,11817,9029,20846,63276
stream_buffer,4893,11817,9029,20846,63276
stream_buffer,4894,11817,9029,20846,63276
stream_buffer,4895,152407,295020,447427,63276
stream_buffer,4896,12450,12754,25204,63276
stream_buffer,4897,11817,9663,21480,63276
stream_buffer,4898,11817,12635,24452,63276
stream_buffer,4899,11817,9663,21480,63276
stream_buffer,4900,11817,9031,20848,63276
stream_buffer,4901,12858,9029,21887,63276
stream_buffer,4902,20392,9016,29408,63276
stream_buffer,4903,11783,11369,23152,63276
stream_buffer,4904,11783,9016,20799,63276
stream_buffer,4905,11783,9016,20799,63276
stream_buffer,4906,70699,9016,79715,63276
stream_buffer,4907,11783,9016,20799,63276
stream_buffer,4908,221080,237804,458884,63276
stream_buffer,4909,12562,9018,21580,63276
stream_buffer,4910,11783,9018,20801,63276
stream_buffer,4911,11783,9018,20801,63276
stream_buffer,4912,11841,9049,20890,63276
stream_buffer,4913,11817,9029,20846,63276
stream_buffer,4914,11817,9029,20846,63276
stream_buffer,4915,11817,9029,20846,63276
stream_buffer,4916,11817,16846,28663,63276
stream_buffer,4917,217864,9029,9029,63276
stream_buffer,4918,12871,289188,302059,63276
stream_buffer,4919,12449,9663,22112,63276
stream_buffer,4920,13014,9031,22045,63276
stream_buffer,4921,11817,9031,20848,63276
stream_buffer,4922,11817,9031,20848,63276
stream_buffer,4923,11849,9092,20941,63276
stream_buffer,4924,11815,9029,20844,63276
stream_buffer,4925,11815,9029,20844,63276
stream_buffer,4926,11815,11424,23239,63276
stream_buffer,4927,11815,9029,20844,63276
stream_buffer,4928,216171,265917,482088,63276
stream_buffer,4929,12447,9663,22110,63276
stream_buffer,4930,11815,9031,20846,63276
stream_buffer,4931,11815,9031,20846,63276
stream_buffer,4932,11815,9031,20846,63276
stream_buffer,4933,14083,9031,23114,63276
stream_buffer,4934,11839,9093,20932,63276
stream_buffer,4935,11817,9029,20846,63276
stream_buffer,4936,11817,10791,22608,63276
stream_buffer,4937,11817,9029,20846,63276
stream_buffer,4938,244578,9029,9029,63276
stream_buffer,4939,12871,291312,304183,63276
stream_buffer,4940,12449,9663,22112,63276
stream_buffer,4941,11817,9031,20848,63276
stream_buffer,4942,11817,9031,20848,63276
stream_buffer,4943,14213,9031,23244,63276
stream_buffer,4944,11817,9029,20846,63276
stream_buffer,4945,11783,9016,20799,63276
stream_buffer,4946,11783,9016,20799,63276
stream_buffer,4947,11783,9016,20799,63276
stream_buffer,4948,13099,9016,22115,63276
stream_buffer,4949,242540,9016,9016,63276
stream_buffer,4950,12835,317727,330562,63276
stream_buffer,4951,12415,12622,25037,63276
stream_buffer,4952,11783,9650,21433,63276
stream_buffer,4953,13927,9018,22945,63276
stream_buffer,4954,11783,9106,20889,63276
stream_buffer,4955,11841,9049,20890,63276
stream_buffer,4956,11817,9029,20846,63276
stream_buffer,4957,11817,9029,20846,63276
stream_buffer,4958,11979,9029,21008,63276
stream_buffer,4959,11817,9029,20846,63276
stream_buffer,4960,11817,9029,20846,63276
stream_buffer,4961,232699,226656,459355,63276
stream_buffer,4962,12449,9031,21480,63276
stream_buffer,4963,13793,9031,22824,63276
stream_buffer,4964,11817,9031,20848,63276
stream_buffer,4965,11817,9031,20848,63276
stream_buffer,4966,11849,9092,20941,63276
stream_buffer,4967,11815,9029,20844,63276
stream_buffer,4968,12979,9029,22008,63276
stream_buffer,4969,11815,9029,20844,63276
stream_buffer,4970,36417,271399,307816,63276
stream_buffer,4971,12447,9663,22110,63276
stream_buffer,4972,11815,12634,24449,63276
stream_buffer,4973,11815,9663,21478,63276
stream_buffer,4974,11815,9031,20846,63276
stream_buffer,4975,13819,10508,24327,63276
stream_buffer,4976,11815,9031,20846,63276
stream_buffer,4977,11839,11447,23286,63276
stream_buffer,4978,11817,9029,20846,63276
stream_buffer,4979,11817,9029,20846,63276
stream_buffer,4980,51028,9029,60057,63276
stream_buffer,4981,11817,9029,20846,63276
stream_buffer,4982,223971,236096,460067,63276
stream_buffer,4983,12797,9031,21828,63276
stream_buffer,4984,11817,9031,20848,63276
stream_buffer,4985,11817,9031,20848,63276
stream_buffer,4986,11817,9031,20848,63276
stream_buffer,4987,11817,9029,20846,63276
stream_buffer,4988,11783,9016,20799,63276
stream_buffer,4989,11783,9016,20799,63276
stream_buffer,4990,11783,16626,28409,63276
stream_buffer,4991,198614,268913,467527,63276
stream_buffer,4992,12415,9650,22065,63276
stream_buffer,4993,11783,11412,23195,63276
stream_buffer,4994,11783,9018,20801,63276
stream_buffer,4995,13275,9018,22293,63276
stream_buffer,4996,13967,9018,22985,63276
stream_buffer,4997,11783,9018,20801,63276
stream_buffer,4998,11841,9049,20890,63276
stream_buffer,4999,11817,9029,20846,63276
stream_buffer,5000,11817,9029,20846,63276
stream_buffer,5001,218335,265149,483484,63276
stream_buffer,5002,12449,9663,22112,63276
stream_buffer,5003,11817,9031,20848,63276
stream_buffer,5004,11817,9031,20848,63276
stream_buffer,5005,11817,9031,20848,63276
stream_buffer,5006,11911,9031,20942,63276
stream_buffer,5007,11817,9031,20848,63276
stream_buffer,5008,11817,9031,20848,63276
stream_buffer,5009,11849,9092,20941,63276
stream_buffer,5010,11815,9029,20844,63276
stream_buffer,5011,216219,203971,420190,63276
stream_buffer,5012,14842,9029,23871,63276
stream_buffer,5013,11815,9029,20844,63276
stream_buffer,5014,11815,9029,20844,63276
stream_buffer,5015,11815,9029,20844,63276
stream_buffer,5016,11815,9029,20844,63276
stream_buffer,5017,13511,9029,22540,63276
stream_buffer,5018,11815,9029,20844,63276
stream_buffer,5019,12869,276464,289333,63276
stream_buffer,5020,12471,10931,23402,63276
stream_buffer,5021,11817,9029,20846,63276
stream_buffer,5022,11817,11171,22988,63276
stream_buffer,5023,11817,9029,20846,63276
stream_buffer,5024,11817,9029,20846,63276
stream_buffer,5025,14171,9029,23200,63276
stream_buffer,5026,11817,9029,20846,63276
stream_buffer,5027,11817,9029,20846,63276
stream_buffer,5028,11817,9029,20846,63276
stream_buffer,5029,216047,295220,511267,63276
stream_buffer,5030,14595,12880,27475,63276
stream_buffer,5031,11783,9648,21431,63276
stream_buffer,5032,11783,11410,23193,63276
stream_buffer,5033,11783,9016,20799,63276
stream_buffer,5034,11783,9016,20799,63276
stream_buffer,5035,13471,9016,22487,63276
stream_buffer,5036,11783,9016,20799,63276
stream_buffer,5037,11783,9016,20799,63276
stream_buffer,5038,11783,9016,20799,63276
stream_buffer,5039,11783,9016,20799,63276
stream_buffer,5040,234824,265109,499933,63276
stream_buffer,5041,12473,9681,22154,63276
stream_buffer,5042,11817,9029,20846,63276
stream_buffer,5043,11817,9029,20846,63276
stream_buffer,5044,11817,9029,20846,63276
stream_buffer,5045,11927,9029,20956,63276
stream_buffer,5046,11817,9029,20846,63276
stream_buffer,5047,11817,9029,20846,63276
stream_buffer,5048,11817,9029,20846,63276
stream_buffer,5049,11817,9029,20846,63276
stream_buffer,5050,216267,203984,420251,63276
stream_buffer,5051,14844,9031,23875,63276
stream_buffer,5052,11849,9092,20941,63276
stream_buffer,5053,11815,9029,20844,63276
stream_buffer,5054,11815,9029,20844,63276
stream_buffer,5055,11815,9029,20844,63276
stream_buffer,5056,13447,9029,22476,63276
stream_buffer,5057,11815,9029,20844,63276
stream_buffer,5058,12869,276434,289303,63276
stream_buffer,5059,12447,10853,23300,63276
stream_buffer,5060,11815,9031,20846,63276
stream_buffer,5061,11815,11217,23032,63276
stream_buffer,5062,11815,9031,20846,63276
stream_buffer,5063,11839,9093,20932,63276
stream_buffer,5064,14171,9029,23200,63276
stream_buffer,5065,11817,9029,20846,63276
stream_buffer,5066,11817,9029,20846,63276
stream_buffer,5067,11817,9029,20846,63276
stream_buffer,5068,216059,295167,511226,63276
stream_buffer,5069,14593,12866,27459,63276
stream_buffer,5070,11817,9663,21480,63276
stream_buffer,5071,11817,11426,23243,63276
stream_buffer,5072,11817,9031,20848,63276
stream_buffer,5073,11817,9029,20846,63276
stream_buffer,5074,13263,9016,22279,63276
stream_buffer,5075,11783,9016,20799,63276
stream_buffer,5076,11783,9016,20799,63276
stream_buffer,5077,11783,9016,20799,63276
stream_buffer,5078,11783,9016,20799,63276
stream_buffer,5079,234914,264786,499700,63276
stream_buffer,5080,12415,9650,22065,63276
stream_buffer,5081,11783,9018,20801,63276
stream_buffer,5082,11783,9018,20801,63276
stream_buffer,5083,11783,9018,20801,63276
stream_buffer,5084,11929,9049,20978,63276
stream_buffer,5085,11817,9029,20846,63276
stream_buffer,5086,11817,9029,20846,63276
stream_buffer,5087,11817,9029,20846,63276
stream_buffer,5088,11817,9029,20846,63276
stream_buffer,5089,216579,203991,420570,63276
stream_buffer,5090,14844,9031,23875,63276
stream_buffer,5091,11817,9031,20848,63276
stream_buffer,5092,11817,9031,20848,63276
stream_buffer,5093,11817,9031,20848,63276
stream_buffer,5094,11817,9031,20848,63276
stream_buffer,5095,13481,9092,22573,63276
stream_buffer,5096,11815,9029,20844,63276
stream_buffer,5097,12869,276461,289330,63276
stream_buffer,5098,12447,10846,23293,63276
stream_buffer,5099,11815,9031,20846,63276
stream_buffer,5100,11815,11218,23033,63276
stream_buffer,5101,11815,9031,20846,63276
stream_buffer,5102,11815,9031,20846,63276
stream_buffer,5103,14169,9031,23200,63276
stream_buffer,5104,11815,9031,20846,63276
stream_buffer,5105,11815,9031,20846,63276
stream_buffer,5106,11839,9093,20932,63276
stream_buffer,5107,216051,295302,511353,63276
stream_buffer,5108,14635,12908,27543,63276
stream_buffer,5109,11817,9663,21480,63276
stream_buffer,5110,11817,11426,23243,63276
stream_buffer,5111,11817,9031,20848,63276
stream_buffer,5112,11817,9031,20848,63276
stream_buffer,5113,13277,9031,22308,63276
stream_buffer,5114,11817,9031,20848,63276
stream_buffer,5115,11817,9031,20848,63276
stream_buffer,5116,11817,9029,20846,63276
stream_buffer,5117,11783,9016,20799,63276
stream_buffer,5118,234816,264570,499386,63276
stream_buffer,5119,12415,9650,22065,63276
stream_buffer,5120,11783,9018,20801,63276
stream_buffer,5121,11783,9018,20801,63276
stream_buffer,5122,11783,9018,20801,63276
stream_buffer,5123,11877,9018,20895,63276
stream_buffer,5124,11783,9018,20801,63276
stream_buffer,5125,11783,9018,20801,63276
stream_buffer,5126,11783,9018,20801,63276
stream_buffer,5127,11841,9049,20890,63276
stream_buffer,5128,216901,204587,421488,63276
stream_buffer,5129,14844,9029,23873,63276
stream_buffer,5130,11817,9029,20846,63276
stream_buffer,5131,11817,9029,20846,63276
stream_buffer,5132,11817,9029,20846,63276
stream_buffer,5133,11817,9029,20846,63276
stream_buffer,5134,13297,9029,22326,63276
stream_buffer,5135,11817,9029,20846,63276
stream_buffer,5136,12871,276438,289309,63276
stream_buffer,5137,12449,10852,23301,63276
stream_buffer,5138,11849,9092,20941,63276
stream_buffer,5139,11815,11175,22990,63276
stream_buffer,5140,11815,9029,20844,63276
stream_buffer,5141,11815,9029,20844,63276
stream_buffer,5142,14169,9029,23198,63276
stream_buffer,5143,11815,9029,20844,63276
stream_buffer,5144,11815,9029,20844,63276
stream_buffer,5145,11815,9029,20844,63276
stream_buffer,5146,216057,295317,511374,63276
stream_buffer,5147,14593,12893,27486,63276
stream_buffer,5148,11815,9664,21479,63276
stream_buffer,5149,11839,11488,23327,63276
stream_buffer,5150,11817,9029,20846,63276
stream_buffer,5151,11817,9029,20846,63276
stream_buffer,5152,13259,9029,22288,63276
stream_buffer,5153,11817,9029,20846,63276
stream_buffer,5154,11817,9029,20846,63276
stream_buffer,5155,11817,9029,20846,63276
stream_buffer,5156,11817,9029,20846,63276
stream_buffer,5157,233956,173900,407856,63276
stream_buffer,5158,12449,9663,22112,63276
stream_buffer,5159,11817,9029,20846,63276
stream_buffer,5160,11783,9016,20799,63276
stream_buffer,5161,11783,9016,20799,63276
stream_buffer,5162,11922,9016,20938,63276
stream_buffer,5163,11783,9016,20799,63276
stream_buffer,5164,15229,194397,209626,63276
stream_buffer,5165,12415,9018,21433,63276
stream_buffer,5166,11783,9018,20801,63276
stream_buffer,5167,11783,9018,20801,63276
stream_buffer,5168,11783,9018,20801,63276
stream_buffer,5169,11940,9018,20958,63276
stream_buffer,5170,11841,9049,20890,63276
stream_buffer,5171,12871,196593,209464,63276
stream_buffer,5172,12449,9029,21478,63276
stream_buffer,5173,11817,9029,20846,63276
stream_buffer,5174,11817,9029,20846,63276
stream_buffer,5175,11817,9029,20846,63276
stream_buffer,5176,11817,9029,20846,63276
stream_buffer,5177,11817,9029,20846,63276
stream_buffer,5178,152111,193310,345421,63276
stream_buffer,5179,12449,9031,21480,63276
stream_buffer,5180,11817,9031,20848,63276
stream_buffer,5181,11849,9092,20941,63276
stream_buffer,5182,11815,9029,20844,63276
stream_buffer,5183,11815,9029,20844,63276
stream_buffer,5184,11833,9029,20862,63276
stream_buffer,5185,171582,9029,9029,63276
stream_buffer,5186,12869,287644,300513,63276
stream_buffer,5187,12447,9664,22111,63276
stream_buffer,5188,11815,9031,20846,63276
stream_buffer,5189,11815,9031,20846,63276
stream_buffer,5190,11880,9031,20911,63276
stream_buffer,5191,11815,9031,20846,63276
stream_buffer,5192,11839,9093,20932,63276
stream_buffer,5193,11817,9029,20846,63276
stream_buffer,5194,11817,9029,20846,63276
stream_buffer,5195,11817,9857,21674,63276
stream_buffer,5196,216337,186807,403144,63276
stream_buffer,5197,12449,9031,21480,63276
stream_buffer,5198,11817,9031,20848,63276
stream_buffer,5199,11817,9031,20848,63276
stream_buffer,5200,11817,9031,20848,63276
stream_buffer,5201,11817,9031,20848,63276
stream_buffer,5202,11817,9029,20846,63276
stream_buffer,5203,152362,193110,345472,63276
stream_buffer,5204,12415,9016,21431,63276
stream_buffer,5205,11783,9016,20799,63276
stream_buffer,5206,11783,9016,20799,63276
stream_buffer,5207,11783,9016,20799,63276
stream_buffer,5208,11783,9016,20799,63276
stream_buffer,5209,11801,9016,20817,63276
stream_buffer,5210,171590,9016,9016,63276
stream_buffer,5211,12835,287570,300405,63276
stream_buffer,5212,12415,9651,22066,63276
stream_buffer,5213,11841,9049,20890,63276
stream_buffer,5214,11817,9029,20846,63276
stream_buffer,5215,11852,9029,20881,63276
stream_buffer,5216,11817,9029,20846,63276
stream_buffer,5217,11817,9029,20846,63276
stream_buffer,5218,11817,9029,20846,63276
stream_buffer,5219,11817,9029,20846,63276
stream_buffer,5220,11817,9920,21737,63276
stream_buffer,5221,216367,186806,403173,63276
stream_buffer,5222,12449,9031,21480,63276
stream_buffer,5223,11817,9031,20848,63276
stream_buffer,5224,11849,9092,20941,63276
stream_buffer,5225,11815,9029,20844,63276
stream_buffer,5226,11815,9029,20844,63276
stream_buffer,5227,11815,9029,20844,63276
stream_buffer,5228,152411,193289,345700,63276
stream_buffer,5229,12447,9031,21478,63276
stream_buffer,5230,11815,9031,20846,63276
stream_buffer,5231,11815,9031,20846,63276
stream_buffer,5232,11815,9031,20846,63276
stream_buffer,5233,11815,9031,20846,63276
stream_buffer,5234,11823,9031,20854,63276
stream_buffer,5235,171678,9093,9093,63276
stream_buffer,5236,12871,287522,300393,63276
stream_buffer,5237,12449,9664,22113,63276
stream_buffer,5238,11817,9031,20848,63276
stream_buffer,5239,11817,9031,20848,63276
stream_buffer,5240,11956,9031,20987,63276
stream_buffer,5241,11817,9031,20848,63276
stream_buffer,5242,11817,9031,20848,63276
stream_buffer,5243,11817,9031,20848,63276
stream_buffer,5244,11817,9031,20848,63276
stream_buffer,5245,11817,9910,21727,63276
stream_buffer,5246,216344,186956,403300,63276
stream_buffer,5247,12415,9016,21431,63276
stream_buffer,5248,11783,9016,20799,63276
stream_buffer,5249,11783,9016,20799,63276
stream_buffer,5250,11783,9016,20799,63276
stream_buffer,5251,11783,9016,20799,63276
stream_buffer,5252,11783,9016,20799,63276
stream_buffer,5253,152292,193190,345482,63276
stream_buffer,5254,12415,9018,21433,63276
stream_buffer,5255,11783,9018,20801,63276
stream_buffer,5256,11841,9049,20890,63276
stream_buffer,5257,11817,9029,20846,63276
stream_buffer,5258,11817,9029,20846,63276
stream_buffer,5259,11827,9029,20856,63276
stream_buffer,5260,171670,9029,9029,63276
stream_buffer,5261,12871,287662,300533,63276
stream_buffer,5262,12449,9663,22112,63276
stream_buffer,5263,11817,9031,20848,63276
stream_buffer,5264,11817,9031,20848,63276
stream_buffer,5265,11935,9031,20966,63276
stream_buffer,5266,11817,9031,20848,63276
stream_buffer,5267,11849,9092,20941,63276
stream_buffer,5268,11815,9029,20844,63276
stream_buffer,5269,11815,9029,20844,63276
stream_buffer,5270,11815,9850,21665,63276
stream_buffer,5271,216331,186811,403142,63276
stream_buffer,5272,12447,9029,21476,63276
stream_buffer,5273,11815,9029,20844,63276
stream_buffer,5274,11815,9029,20844,63276
stream_buffer,5275,11815,9029,20844,63276
stream_buffer,5276,11815,9029,20844,63276
stream_buffer,5277,11815,9029,20844,63276
stream_buffer,5278,152370,193400,345770,63276
stream_buffer,5279,12449,9029,21478,63276
stream_buffer,5280,11817,9029,20846,63276
stream_buffer,5281,11817,9029,20846,63276
stream_buffer,5282,11817,9029,20846,63276
stream_buffer,5283,11817,9029,20846,63276
stream_buffer,5284,11819,9029,20848,63276
stream_buffer,5285,171580,9029,9029,63276
stream_buffer,5286,12871,287485,300356,63276
stream_buffer,5287,12449,9664,22113,63276
stream_buffer,5288,11817,9029,20846,63276
stream_buffer,5289,11783,9016,20799,63276
stream_buffer,5290,11871,9016,20887,63276
stream_buffer,5291,11783,9016,20799,63276
stream_buffer,5292,11783,9016,20799,63276
stream_buffer,5293,11783,9016,20799,63276
stream_buffer,5294,11783,9016,20799,63276
stream_buffer,5295,11783,10153,21936,63276
stream_buffer,5296,216644,186629,403273,63276
stream_buffer,5297,12415,9018,21433,63276
stream_buffer,5298,11783,9018,20801,63276
stream_buffer,5299,11841,9049,20890,63276
stream_buffer,5300,11817,9029,20846,63276
stream_buffer,5301,11817,9029,20846,63276
stream_buffer,5302,11817,9029,20846,63276
stream_buffer,5303,152351,193364,345715,63276
stream_buffer,5304,12449,9031,21480,63276
stream_buffer,5305,11817,9031,20848,63276
stream_buffer,5306,11817,9031,20848,63276
stream_buffer,5307,11817,9031,20848,63276
stream_buffer,5308,11817,9031,20848,63276
stream_buffer,5309,11819,9031,20850,63276
stream_buffer,5310,171684,9092,9092,63276
stream_buffer,5311,12869,287506,300375,63276
stream_buffer,5312,12447,9661,22108,63276
stream_buffer,5313,11815,9029,20844,63276
stream_buffer,5314,11815,9029,20844,63276
stream_buffer,5315,11955,9029,20984,63276
stream_buffer,5316,11815,9029,20844,63276
stream_buffer,5317,11815,9029,20844,63276
stream_buffer,5318,11815,9029,20844,63276
stream_buffer,5319,11815,9029,20844,63276
stream_buffer,5320,11815,9943,21758,63276
stream_buffer,5321,216424,186861,403285,63276
stream_buffer,5322,12449,9029,21478,63276
stream_buffer,5323,11817,9029,20846,63276
stream_buffer,5324,11817,9029,20846,63276
stream_buffer,5325,11817,9029,20846,63276
stream_buffer,5326,11817,9029,20846,63276
stream_buffer,5327,11817,9029,20846,63276
stream_buffer,5328,152407,193085,345492,63276
stream_buffer,5329,12449,9031,21480,63276
stream_buffer,5330,11817,9031,20848,63276
stream_buffer,5331,11817,9029,20846,63276
stream_buffer,5332,11783,9016,20799,63276
stream_buffer,5333,11783,9016,20799,63276
stream_buffer,5334,11795,9016,20811,63276
stream_buffer,5335,171564,9016,9016,63276
stream_buffer,5336,12835,287588,300423,63276
stream_buffer,5337,12415,9650,22065,63276
stream_buffer,5338,11783,9018,20801,63276
stream_buffer,5339,11783,9018,20801,63276
stream_buffer,5340,11814,9018,20832,63276
stream_buffer,5341,11783,9018,20801,63276
stream_buffer,5342,11841,9049,20890,63276
stream_buffer,5343,11817,9029,20846,63276
stream_buffer,5344,11817,9029,20846,63276
stream_buffer,5345,11817,10167,21984,63276
stream_buffer,5346,216569,186598,403167,63276
stream_buffer,5347,12449,9029,21478,63276
stream_buffer,5348,11817,9029,20846,63276
stream_buffer,5349,11817,9029,20846,63276
stream_buffer,5350,11817,9029,20846,63276
stream_buffer,5351,11817,9029,20846,63276
stream_buffer,5352,11817,9029,20846,63276
stream_buffer,5353,152372,193401,345773,63276
stream_buffer,5354,12447,9029,21476,63276
stream_buffer,5355,11815,9029,20844,63276
stream_buffer,5356,11815,9029,20844,63276
stream_buffer,5357,11815,9029,20844,63276
stream_buffer,5358,11815,9029,20844,63276
stream_buffer,5359,11823,9029,20852,63276
stream_buffer,5360,171582,9029,9029,63276
stream_buffer,5361,12869,287639,300508,63276
stream_buffer,5362,12447,9663,22110,63276
stream_buffer,5363,11815,9031,20846,63276
stream_buffer,5364,11839,9093,20932,63276
stream_buffer,5365,11937,9029,20966,63276
stream_buffer,5366,11817,9029,20846,63276
stream_buffer,5367,11817,9029,20846,63276
stream_buffer,5368,11817,9029,20846,63276
stream_buffer,5369,11817,9029,20846,63276
stream_buffer,5370,11817,9872,21689,63276
stream_buffer,5371,216349,186818,403167,63276
stream_buffer,5372,12449,9031,21480,63276
stream_buffer,5373,11817,9031,20848,63276
stream_buffer,5374,11817,9029,20846,63276
stream_buffer,5375,11783,9016,20799,63276
stream_buffer,5376,11783,9016,20799,63276
stream_buffer,5377,11783,9016,20799,63276
stream_buffer,5378,152248,193228,345476,63276
stream_buffer,5379,12415,9018,21433,63276
stream_buffer,5380,11783,9018,20801,63276
stream_buffer,5381,11783,9018,20801,63276
stream_buffer,5382,11783,9018,20801,63276
stream_buffer,5383,11783,9018,20801,63276
stream_buffer,5384,11812,9018,20830,63276
stream_buffer,5385,171666,9049,9049,63276
stream_buffer,5386,12871,287547,300418,63276
stream_buffer,5387,12449,9662,22111,63276
stream_buffer,5388,11817,9029,20846,63276
stream_buffer,5389,11817,9029,20846,63276
stream_buffer,5390,11868,9029,20897,63276
stream_buffer,5391,11817,9029,20846,63276
stream_buffer,5392,11817,9029,20846,63276
stream_buffer,5393,11817,9029,20846,63276
stream_buffer,5394,11817,9029,20846,63276
stream_buffer,5395,11817,9902,21719,63276
stream_buffer,5396,216414,187144,403558,63276
stream_buffer,5397,12447,9029,21476,63276
stream_buffer,5398,11815,9029,20844,63276
stream_buffer,5399,11815,9029,20844,63276
stream_buffer,5400,11815,9029,20844,63276
stream_buffer,5401,11815,9029,20844,63276
stream_buffer,5402,11815,9029,20844,63276
stream_buffer,5403,152019,193311,345330,63276
stream_buffer,5404,12447,9031,21478,63276
stream_buffer,5405,11815,9031,20846,63276
stream_buffer,5406,11815,9031,20846,63276
stream_buffer,5407,11839,9093,20932,63276
stream_buffer,5408,11817,9029,20846,63276
stream_buffer,5409,11836,9029,20865,63276
stream_buffer,5410,171604,9029,9029,63276
stream_buffer,5411,12871,287493,300364,63276
stream_buffer,5412,12449,9664,22113,63276
stream_buffer,5413,11817,9031,20848,63276
stream_buffer,5414,11817,9031,20848,63276
stream_buffer,5415,11888,9031,20919,63276
stream_buffer,5416,11817,9031,20848,63276
stream_buffer,5417,11817,9029,20846,63276
stream_buffer,5418,11783,9016,20799,63276
stream_buffer,5419,11783,9016,20799,63276
stream_buffer,5420,11783,10215,21998,63276
stream_buffer,5421,216704,186529,403233,63276
stream_buffer,5422,12415,9016,21431,63276
stream_buffer,5423,11783,9016,20799,63276
stream_buffer,5424,11783,9016,20799,63276
stream_buffer,5425,11783,9016,20799,63276
stream_buffer,5426,11783,9016,20799,63276
stream_buffer,5427,11783,9016,20799,63276
stream_buffer,5428,152332,193399,345731,63276
stream_buffer,5429,12449,9029,21478,63276
stream_buffer,5430,11817,9029,20846,63276
stream_buffer,5431,11817,9029,20846,63276
stream_buffer,5432,11817,9029,20846,63276
stream_buffer,5433,11817,9029,20846,63276
stream_buffer,5434,11819,9029,20848,63276
stream_buffer,5435,171592,9029,9029,63276
stream_buffer,5436,12871,287630,300501,63276
stream_buffer,5437,12449,9663,22112,63276
stream_buffer,5438,11817,9031,20848,63276
stream_buffer,5439,11849,9092,20941,63276
stream_buffer,5440,11944,9029,20973,63276
stream_buffer,5441,11815,9029,20844,63276
stream_buffer,5442,11815,9029,20844,63276
stream_buffer,5443,11815,9029,20844,63276
stream_buffer,5444,11815,9029,20844,63276
stream_buffer,5445,11815,9861,21676,63276
stream_buffer,5446,216345,186818,403163,63276
stream_buffer,5447,12447,9031,21478,63276
stream_buffer,5448,11815,9031,20846,63276
stream_buffer,5449,11815,9031,20846,63276
stream_buffer,5450,11839,9093,20932,63276
stream_buffer,5451,11817,9029,20846,63276
stream_buffer,5452,11817,9029,20846,63276
stream_buffer,5453,152483,193197,345680,63276
stream_buffer,5454,12449,9031,21480,63276
stream_buffer,5455,11817,9031,20848,63276
stream_buffer,5456,11817,9031,20848,63276
stream_buffer,5457,11817,9031,20848,63276
stream_buffer,5458,11817,9031,20848,63276
stream_buffer,5459,11819,9031,20850,63276
stream_buffer,5460,171620,9029,9029,63276
stream_buffer,5461,12835,287448,300283,63276
stream_buffer,5462,12415,9648,22063,63276
stream_buffer,5463,11783,9016,20799,63276
stream_buffer,5464,11783,9016,20799,63276
stream_buffer,5465,11860,9016,20876,63276
stream_buffer,5466,11783,9016,20799,63276
stream_buffer,5467,11783,9016,20799,63276
stream_buffer,5468,11783,9016,20799,63276
stream_buffer,5469,11783,9016,20799,63276
stream_buffer,5470,11783,10137,21920,63276
stream_buffer,5471,216628,186735,403363,63276
stream_buffer,5472,12449,9029,21478,63276
stream_buffer,5473,11817,9029,20846,63276
stream_buffer,5474,11817,9029,20846,63276
stream_buffer,5475,11817,9029,20846,63276
stream_buffer,5476,11817,9029,20846,63276
stream_buffer,5477,11817,9029,20846,63276
stream_buffer,5478,152413,193288,345701,63276
stream_buffer,5479,12449,9031,21480,63276
stream_buffer,5480,11817,9031,20848,63276
stream_buffer,5481,11817,9031,20848,63276
stream_buffer,5482,11849,9092,20941,63276
stream_buffer,5483,11815,9029,20844,63276
stream_buffer,5484,11820,9029,20849,63276
stream_buffer,5485,171544,9029,9029,63276
stream_buffer,5486,12869,287649,300518,63276
stream_buffer,5487,12447,9663,22110,63276
stream_buffer,5488,11815,9031,20846,63276
stream_buffer,5489,11815,9031,20846,63276
stream_buffer,5490,11912,9031,20943,63276
stream_buffer,5491,11815,9031,20846,63276
stream_buffer,5492,11815,9031,20846,63276
stream_buffer,5493,11839,9093,20932,63276
stream_buffer,5494,11817,9029,20846,63276
stream_buffer,5495,11817,9844,21661,63276
stream_buffer,5496,216337,186822,403159,63276
stream_buffer,5497,12449,9029,21478,63276
stream_buffer,5498,11817,9029,20846,63276
stream_buffer,5499,11817,9029,20846,63276
stream_buffer,5500,11817,9029,20846,63276
stream_buffer,5501,11817,9029,20846,63276
stream_buffer,5502,11817,9029,20846,63276
stream_buffer,5503,152343,193174,345517,63276
stream_buffer,5504,12415,9016,21431,63276
stream_buffer,5505,11783,9016,20799,63276
stream_buffer,5506,11783,9016,20799,63276
stream_buffer,5507,11783,9016,20799,63276
stream_buffer,5508,11783,9016,20799,63276
stream_buffer,5509,11801,9016,20817,63276
stream_buffer,5510,171576,9016,9016,63276
stream_buffer,5511,12835,287598,300433,63276
stream_buffer,5512,12415,9650,22065,63276
stream_buffer,5513,11783,9018,20801,63276
stream_buffer,5514,11841,9049,20890,63276
stream_buffer,5515,11850,9029,20879,63276
stream_buffer,5516,11817,9029,20846,63276
stream_buffer,5517,11817,9029,20846,63276
stream_buffer,5518,11817,9029,20846,63276
stream_buffer,5519,11817,9029,20846,63276
stream_buffer,5520,11817,9934,21751,63276
stream_buffer,5521,216353,186806,403159,63276
stream_buffer,5522,12449,9031,21480,63276
stream_buffer,5523,11817,9031,20848,63276
stream_buffer,5524,11817,9031,20848,63276
stream_buffer,5525,11849,9092,20941,63276
stream_buffer,5526,11815,9029,20844,63276
stream_buffer,5527,11815,9029,20844,63276
stream_buffer,5528,152409,193267,345676,63276
stream_buffer,5529,12447,9029,21476,63276
stream_buffer,5530,11815,9029,20844,63276
stream_buffer,5531,11815,9029,20844,63276
stream_buffer,5532,11815,9029,20844,63276
stream_buffer,5533,11815,9029,20844,63276
stream_buffer,5534,11823,9029,20852,63276
stream_buffer,5535,171584,9029,9029,63276
stream_buffer,5536,12891,287694,300585,63276
stream_buffer,5537,12449,9662,22111,63276
stream_buffer,5538,11817,9029,20846,63276
stream_buffer,5539,11817,9029,20846,63276
stream_buffer,5540,11941,9029,20970,63276
stream_buffer,5541,11817,9029,20846,63276
stream_buffer,5542,11817,9029,20846,63276
stream_buffer,5543,11817,9029,20846,63276
stream_buffer,5544,11817,9029,20846,63276
stream_buffer,5545,11817,9917,21734,63276
stream_buffer,5546,216371,187021,403392,63276
stream_buffer,5547,12415,9016,21431,63276
stream_buffer,5548,11783,9016,20799,63276
stream_buffer,5549,11783,9016,20799,63276
stream_buffer,5550,11783,9016,20799,63276
stream_buffer,5551,11783,9016,20799,63276
stream_buffer,5552,11783,9016,20799,63276
stream_buffer,5553,152048,193256,345304,63276
stream_buffer,5554,12415,9018,21433,63276
stream_buffer,5555,11783,9018,20801,63276
stream_buffer,5556,11783,9018,20801,63276
stream_buffer,5557,11841,9049,20890,63276
stream_buffer,5558,11817,9029,20846,63276
stream_buffer,5559,11861,9029,20890,63276
stream_buffer,5560,171616,9029,9029,63276
stream_buffer,5561,12871,287605,300476,63276
stream_buffer,5562,12449,9664,22113,63276
stream_buffer,5563,11817,9031,20848,63276
stream_buffer,5564,11817,9031,20848,63276
stream_buffer,5565,11857,9031,20888,63276
stream_buffer,5566,11817,9031,20848,63276
stream_buffer,5567,11817,9031,20848,63276
stream_buffer,5568,11849,9092,20941,63276
stream_buffer,5569,11815,9029,20844,63276
stream_buffer,5570,11815,9850,21665,63276
stream_buffer,5571,216329,186811,403140,63276
stream_buffer,5572,12447,9029,21476,63276
stream_buffer,5573,11815,9029,20844,63276
stream_buffer,5574,11815,9029,20844,63276
stream_buffer,5575,11815,9029,20844,63276
stream_buffer,5576,11815,9029,20844,63276
stream_buffer,5577,11815,9029,20844,63276
stream_buffer,5578,152341,193360,345701,63276
stream_buffer,5579,12471,9093,21564,63276
stream_buffer,5580,11817,9029,20846,63276
stream_buffer,5581,11817,9029,20846,63276
stream_buffer,5582,11817,9029,20846,63276
stream_buffer,5583,11817,9029,20846,63276
stream_buffer,5584,11822,9029,20851,63276
stream_buffer,5585,171576,9029,9029,63276
stream_buffer,5586,12871,287479,300350,63276
stream_buffer,5587,12449,9664,22113,63276
stream_buffer,5588,11817,9031,20848,63276
stream_buffer,5589,11817,9029,20846,63276
stream_buffer,5590,11880,9016,20896,63276
stream_buffer,5591,11783,9016,20799,63276
stream_buffer,5592,11783,9016,20799,63276
stream_buffer,5593,11783,9016,20799,63276
stream_buffer,5594,11783,9016,20799,63276
stream_buffer,5595,11783,10195,21978,63276
stream_buffer,5596,216692,186570,403262,63276
stream_buffer,5597,12415,9018,21433,63276
stream_buffer,5598,11783,9018,20801,63276
stream_buffer,5599,11783,9018,20801,63276
stream_buffer,5600,11841,9049,20890,63276
stream_buffer,5601,11817,9029,20846,63276
stream_buffer,5602,11817,9029,20846,63276
stream_buffer,5603,152301,193359,345660,63276
stream_buffer,5604,12449,9029,21478,63276
stream_buffer,5605,11817,9029,20846,63276
stream_buffer,5606,11817,9029,20846,63276
stream_buffer,5607,11817,9029,20846,63276
stream_buffer,5608,11817,9029,20846,63276
stream_buffer,5609,11819,9029,20848,63276
stream_buffer,5610,171592,9029,9029,63276
stream_buffer,5611,12903,287688,300591,63276
stream_buffer,5612,12447,9662,22109,63276
stream_buffer,5613,11815,9029,20844,63276
stream_buffer,5614,11815,9029,20844,63276
stream_buffer,5615,11947,9029,20976,63276
stream_buffer,5616,11815,9029,20844,63276
stream_buffer,5617,11815,9029,20844,63276
stream_buffer,5618,11815,9029,20844,63276
stream_buffer,5619,11815,9029,20844,63276
stream_buffer,5620,11815,9919,21734,63276
stream_buffer,5621,216373,186791,403164,63276
stream_buffer,5622,12471,9093,21564,63276
stream_buffer,5623,11817,9029,20846,63276
stream_buffer,5624,11817,9029,20846,63276
stream_buffer,5625,11817,9029,20846,63276
stream_buffer,5626,11817,9029,20846,63276
stream_buffer,5627,11817,9029,20846,63276
stream_buffer,5628,152445,193130,345575,63276
stream_buffer,5629,12449,9031,21480,63276
stream_buffer,5630,11817,9031,20848,63276
stream_buffer,5631,11817,9031,20848,63276
stream_buffer,5632,11817,9029,20846,63276
stream_buffer,5633,11783,9016,20799,63276
stream_buffer,5634,11793,9016,20809,63276
stream_buffer,5635,171618,9016,9016,63276
stream_buffer,5636,12835,287578,300413,63276
stream_buffer,5637,12415,9651,22066,63276
stream_buffer,5638,11783,9018,20801,63276
stream_buffer,5639,11783,9018,20801,63276
stream_buffer,5640,11811,9018,20829,63276
stream_buffer,5641,11783,9018,20801,63276
stream_buffer,5642,11783,9018,20801,63276
stream_buffer,5643,11841,9049,20890,63276
stream_buffer,5644,11817,9029,20846,63276
stream_buffer,5645,11817,10205,22022,63276
stream_buffer,5646,216619,186591,403210,63276
stream_buffer,5647,12449,9029,21478,63276
stream_buffer,5648,11817,9029,20846,63276
stream_buffer,5649,11817,9029,20846,63276
stream_buffer,5650,11817,9029,20846,63276
stream_buffer,5651,11817,9029,20846,63276
stream_buffer,5652,11817,9029,20846,63276
stream_buffer,5653,152307,193389,345696,63276
stream_buffer,5654,12481,9092,21573,63276
stream_buffer,5655,11815,9029,20844,63276
stream_buffer,5656,11815,9029,20844,63276
stream_buffer,5657,11815,9029,20844,63276
stream_buffer,5658,11815,9029,20844,63276
stream_buffer,5659,11820,9029,20849,63276
stream_buffer,5660,171576,9029,9029,63276
stream_buffer,5661,12869,287611,300480,63276
stream_buffer,5662,12447,9663,22110,63276
stream_buffer,5663,11815,9031,20846,63276
stream_buffer,5664,11815,9031,20846,63276
stream_buffer,5665,11970,9093,21063,63276
stream_buffer,5666,11817,9029,20846,63276
stream_buffer,5667,11817,9029,20846,63276
stream_buffer,5668,11817,9029,20846,63276
stream_buffer,5669,11817,9029,20846,63276
stream_buffer,5670,11817,9822,21639,63276
stream_buffer,5671,216343,186836,403179,63276
stream_buffer,5672,12449,9031,21480,63276
stream_buffer,5673,11817,9031,20848,63276
stream_buffer,5674,11817,9031,20848,63276
stream_buffer,5675,11817,9029,20846,63276
stream_buffer,5676,11783,9016,20799,63276
stream_buffer,5677,11783,9016,20799,63276
stream_buffer,5678,152338,193135,345473,63276
stream_buffer,5679,12415,9016,21431,63276
stream_buffer,5680,11783,9016,20799,63276
stream_buffer,5681,11783,9016,20799,63276
stream_buffer,5682,11783,9016,20799,63276
stream_buffer,5683,11783,9016,20799,63276
stream_buffer,5684,11801,9016,20817,63276
stream_buffer,5685,171590,9016,9016,63276
stream_buffer,5686,12895,287610,300505,63276
stream_buffer,5687,12449,9661,22110,63276
stream_buffer,5688,11817,9029,20846,63276
stream_buffer,5689,11817,9029,20846,63276
stream_buffer,5690,11881,9029,20910,63276
stream_buffer,5691,11817,9029,20846,63276
stream_buffer,5692,11817,9029,20846,63276
stream_buffer,5693,11817,9029,20846,63276
stream_buffer,5694,11817,9029,20846,63276
stream_buffer,5695,11817,9948,21765,63276
stream_buffer,5696,216365,186800,403165,63276
stream_buffer,5697,12481,9092,21573,63276
stream_buffer,5698,11815,9029,20844,63276
stream_buffer,5699,11815,9029,20844,63276
stream_buffer,5700,11815,9029,20844,63276
stream_buffer,5701,11815,9029,20844,63276
stream_buffer,5702,11815,9029,20844,63276
stream_buffer,5703,152485,193215,345700,63276
stream_buffer,5704,12447,9031,21478,63276
stream_buffer,5705,11815,9031,20846,63276
stream_buffer,5706,11815,9031,20846,63276
stream_buffer,5707,11815,9031,20846,63276
stream_buffer,5708,11839,9093,20932,63276
stream_buffer,5709,11821,9029,20850,63276
stream_buffer,5710,171574,9029,9029,63276
stream_buffer,5711,12871,287540,300411,63276
stream_buffer,5712,12449,9663,22112,63276
stream_buffer,5713,11817,9031,20848,63276
stream_buffer,5714,11817,9031,20848,63276
stream_buffer,5715,11923,9031,20954,63276
stream_buffer,5716,11817,9031,20848,63276
stream_buffer,5717,11817,9031,20848,63276
stream_buffer,5718,11817,9029,20846,63276
stream_buffer,5719,11783,9016,20799,63276
stream_buffer,5720,11783,10215,21998,63276
stream_buffer,5721,216682,186524,403206,63276
stream_buffer,5722,12415,9016,21431,63276
stream_buffer,5723,11783,9016,20799,63276
stream_buffer,5724,11783,9016,20799,63276
stream_buffer,5725,11783,9016,20799,63276
stream_buffer,5726,11783,9016,20799,63276
stream_buffer,5727,11783,9016,20799,63276
stream_buffer,5728,152268,193336,345604,63276
stream_buffer,5729,12473,9049,21522,63276
stream_buffer,5730,11817,9029,20846,63276
stream_buffer,5731,11817,9029,20846,63276
stream_buffer,5732,11817,9029,20846,63276
stream_buffer,5733,11817,9029,20846,63276
stream_buffer,5734,11827,9029,20856,63276
stream_buffer,5735,171616,9029,9029,63276
stream_buffer,5736,12871,287635,300506,63276
stream_buffer,5737,12449,9663,22112,63276
stream_buffer,5738,11817,9031,20848,63276
stream_buffer,5739,11817,9031,20848,63276
stream_buffer,5740,11981,9092,21073,63276
stream_buffer,5741,11815,9029,20844,63276
stream_buffer,5742,11815,9029,20844,63276
stream_buffer,5743,11815,9029,20844,63276
stream_buffer,5744,11815,9029,20844,63276
stream_buffer,5745,11815,9867,21682,63276
stream_buffer,5746,216343,186822,403165,63276
stream_buffer,5747,12447,9031,21478,63276
stream_buffer,5748,11815,9031,20846,63276
stream_buffer,5749,11815,9031,20846,63276
stream_buffer,5750,11815,9031,20846,63276
stream_buffer,5751,11839,9093,20932,63276
stream_buffer,5752,11817,9029,20846,63276
stream_buffer,5753,152447,193234,345681,63276
stream_buffer,5754,12449,9029,21478,63276
stream_buffer,5755,11817,9029,20846,63276
stream_buffer,5756,11817,9029,20846,63276
stream_buffer,5757,11817,9029,20846,63276
stream_buffer,5758,11817,9029,20846,63276
stream_buffer,5759,11819,9029,20848,63276
stream_buffer,5760,171592,9029,9029,63276
stream_buffer,5761,12871,287494,300365,63276
stream_buffer,5762,12415,9648,22063,63276
stream_buffer,5763,11783,9016,20799,63276
stream_buffer,5764,11783,9016,20799,63276
stream_buffer,5765,11869,9016,20885,63276
stream_buffer,5766,11783,9016,20799,63276
stream_buffer,5767,11783,9016,20799,63276
stream_buffer,5768,11783,9016,20799,63276
stream_buffer,5769,11783,9016,20799,63276
stream_buffer,5770,11783,10210,21993,63276
stream_buffer,5771,216640,186592,403232,63276
stream_buffer,5772,12473,9049,21522,63276
stream_buffer,5773,11817,9029,20846,63276
stream_buffer,5774,11817,9029,20846,63276
stream_buffer,5775,11817,9029,20846,63276
stream_buffer,5776,11817,9029,20846,63276
stream_buffer,5777,11817,9029,20846,63276
stream_buffer,5778,152297,193391,345688,63276
stream_buffer,5779,12449,9031,21480,63276
stream_buffer,5780,11817,9031,20848,63276
stream_buffer,5781,11817,9031,20848,63276
stream_buffer,5782,11817,9031,20848,63276
stream_buffer,5783,11849,9092,20941,63276
stream_buffer,5784,11815,9029,20844,63276
stream_buffer,5785,171538,9029,9029,63276
stream_buffer,5786,12869,287643,300512,63276
stream_buffer,5787,12447,9663,22110,63276
stream_buffer,5788,11815,9031,20846,63276
stream_buffer,5789,11815,9031,20846,63276
stream_buffer,5790,11910,9031,20941,63276
stream_buffer,5791,11815,9031,20846,63276
stream_buffer,5792,11815,9031,20846,63276
stream_buffer,5793,11815,9031,20846,63276
stream_buffer,5794,11839,9093,20932,63276
stream_buffer,5795,11817,9826,21643,63276
stream_buffer,5796,216339,186832,403171,63276
stream_buffer,5797,12449,9029,21478,63276
stream_buffer,5798,11817,9029,20846,63276
stream_buffer,5799,11817,9029,20846,63276
stream_buffer,5800,11817,9029,20846,63276
stream_buffer,5801,11817,9029,20846,63276
stream_buffer,5802,11817,9029,20846,63276
stream_buffer,5803,152345,193150,345495,63276
stream_buffer,5804,12449,9029,21478,63276
stream_buffer,5805,11783,9016,20799,63276
stream_buffer,5806,11783,9016,20799,63276
stream_buffer,5807,11783,9016,20799,63276
stream_buffer,5808,11783,9016,20799,63276
stream_buffer,5809,11792,9016,20808,63276
stream_buffer,5810,171574,9016,9016,63276
stream_buffer,5811,12835,287596,300431,63276
stream_buffer,5812,12415,9650,22065,63276
stream_buffer,5813,11783,9018,20801,63276
stream_buffer,5814,11783,9018,20801,63276
stream_buffer,5815,11863,9049,20912,63276
stream_buffer,5816,11817,9029,20846,63276
stream_buffer,5817,11817,9029,20846,63276
stream_buffer,5818,11817,9029,20846,63276
stream_buffer,5819,11817,9029,20846,63276
stream_buffer,5820,11817,10230,22047,63276
stream_buffer,5821,216621,186629,403250,63276
stream_buffer,5822,12449,9031,21480,63276
stream_buffer,5823,11817,9031,20848,63276
stream_buffer,5824,11817,9031,20848,63276
stream_buffer,5825,11817,9031,20848,63276
stream_buffer,5826,11849,9092,20941,63276
stream_buffer,5827,11815,9029,20844,63276
stream_buffer,5828,152277,193463,345740,63276
stream_buffer,5829,12447,9029,21476,63276
stream_buffer,5830,11815,9029,20844,63276
stream_buffer,5831,11815,9029,20844,63276
stream_buffer,5832,11815,9029,20844,63276
stream_buffer,5833,11815,9029,20844,63276
stream_buffer,5834,11823,9029,20852,63276
stream_buffer,5835,171584,9029,9029,63276
stream_buffer,5836,12869,287632,300501,63276
stream_buffer,5837,12471,9725,22196,63276
stream_buffer,5838,11817,9029,20846,63276
stream_buffer,5839,11817,9029,20846,63276
stream_buffer,5840,11941,9029,20970,63276
stream_buffer,5841,11817,9029,20846,63276
stream_buffer,5842,11817,9029,20846,63276
stream_buffer,5843,11817,9029,20846,63276
stream_buffer,5844,11817,9029,20846,63276
stream_buffer,5845,11817,9857,21674,63276
stream_buffer,5846,216355,187045,403400,63276
stream_buffer,5847,12449,9029,21478,63276
stream_buffer,5848,11783,9016,20799,63276
stream_buffer,5849,11783,9016,20799,63276
stream_buffer,5850,11783,9016,20799,63276
stream_buffer,5851,11783,9016,20799,63276
stream_buffer,5852,11783,9016,20799,63276
stream_buffer,5853,152050,193281,345331,63276
stream_buffer,5854,12415,9018,21433,63276
stream_buffer,5855,11783,9018,20801,63276
stream_buffer,5856,11783,9018,20801,63276
stream_buffer,5857,11783,9018,20801,63276
stream_buffer,5858,11841,9049,20890,63276
stream_buffer,5859,11869,9029,20898,63276
stream_buffer,5860,171618,9029,9029,63276
stream_buffer,5861,12871,287611,300482,63276
stream_buffer,5862,12449,9663,22112,63276
stream_buffer,5863,11817,9031,20848,63276
stream_buffer,5864,11817,9031,20848,63276
stream_buffer,5865,11852,9031,20883,63276
stream_buffer,5866,11817,9031,20848,63276
stream_buffer,5867,11817,9031,20848,63276
stream_buffer,5868,11817,9031,20848,63276
stream_buffer,5869,11849,9092,20941,63276
stream_buffer,5870,11815,9860,21675,63276
stream_buffer,5871,216333,186805,403138,63276
stream_buffer,5872,12447,9029,21476,63276
stream_buffer,5873,11815,9029,20844,63276
stream_buffer,5874,11815,9029,20844,63276
stream_buffer,5875,11815,9029,20844,63276
stream_buffer,5876,11815,9029,20844,63276
stream_buffer,5877,11815,9029,20844,63276
stream_buffer,5878,152343,193356,345699,63276
stream_buffer,5879,12447,9031,21478,63276
stream_buffer,5880,11839,9093,20932,63276
stream_buffer,5881,11817,9029,20846,63276
stream_buffer,5882,11817,9029,20846,63276
stream_buffer,5883,11817,9029,20846,63276
stream_buffer,5884,11822,9029,20851,63276
stream_buffer,5885,171578,9029,9029,63276
stream_buffer,5886,12871,287496,300367,63276
stream_buffer,5887,12449,9664,22113,63276
stream_buffer,5888,11817,9031,20848,63276
stream_buffer,5889,11817,9031,20848,63276
stream_buffer,5890,11937,9029,20966,63276
stream_buffer,5891,11783,9016,20799,63276
stream_buffer,5892,11783,9016,20799,63276
stream_buffer,5893,11783,9016,20799,63276
stream_buffer,5894,11783,9016,20799,63276
stream_buffer,5895,11783,10178,21961,63276
stream_buffer,5896,216654,186634,403288,63276
stream_buffer,5897,12415,9018,21433,63276
stream_buffer,5898,11783,9018,20801,63276
stream_buffer,5899,11783,9018,20801,63276
stream_buffer,5900,11783,9018,20801,63276
stream_buffer,5901,11841,9049,20890,63276
stream_buffer,5902,11817,9029,20846,63276
stream_buffer,5903,152433,193292,345725,63276
stream_buffer,5904,12449,9029,21478,63276
stream_buffer,5905,11817,9029,20846,63276
stream_buffer,5906,11817,9029,20846,63276
stream_buffer,5907,11817,9029,20846,63276
stream_buffer,5908,11817,9029,20846,63276
stream_buffer,5909,11819,9029,20848,63276
stream_buffer,5910,171592,9029,9029,63276
stream_buffer,5911,12871,287622,300493,63276
stream_buffer,5912,12481,9724,22205,63276
stream_buffer,5913,11815,9029,20844,63276
stream_buffer,5914,11815,9029,20844,63276
stream_buffer,5915,11942,9029,20971,63276
stream_buffer,5916,11815,9029,20844,63276
stream_buffer,5917,11815,9029,20844,63276
stream_buffer,5918,11815,9029,20844,63276
stream_buffer,5919,11815,9029,20844,63276
stream_buffer,5920,11815,9857,21672,63276
stream_buffer,5921,216353,187089,403442,63276
stream_buffer,5922,12447,9031,21478,63276
stream_buffer,5923,11839,9093,20932,63276
stream_buffer,5924,11817,9029,20846,63276
stream_buffer,5925,11817,9029,20846,63276
stream_buffer,5926,11817,9029,20846,63276
stream_buffer,5927,11817,9029,20846,63276
stream_buffer,5928,151989,193341,345330,63276
stream_buffer,5929,12449,9031,21480,63276
stream_buffer,5930,11817,9031,20848,63276
stream_buffer,5931,11817,9031,20848,63276
stream_buffer,5932,11817,9031,20848,63276
stream_buffer,5933,11817,9029,20846,63276
stream_buffer,5934,11815,9016,20831,63276
stream_buffer,5935,171566,9016,9016,63276
stream_buffer,5936,12835,287564,300399,63276
stream_buffer,5937,12415,9651,22066,63276
stream_buffer,5938,11783,9018,20801,63276
stream_buffer,5939,11783,9018,20801,63276
stream_buffer,5940,11785,9018,20803,63276
stream_buffer,5941,11783,9018,20801,63276
stream_buffer,5942,11783,9018,20801,63276
stream_buffer,5943,11783,9018,20801,63276
stream_buffer,5944,11841,9049,20890,63276
stream_buffer,5945,11817,10249,22066,63276
stream_buffer,5946,216649,186528,403177,63276
stream_buffer,5947,12449,9029,21478,63276
stream_buffer,5948,11817,9029,20846,63276
stream_buffer,5949,11817,9029,20846,63276
stream_buffer,5950,11817,9029,20846,63276
stream_buffer,5951,11817,9029,20846,63276
stream_buffer,5952,11817,9029,20846,63276
stream_buffer,5953,152345,193326,345671,63276
stream_buffer,5954,12449,9031,21480,63276
stream_buffer,5955,11849,9092,20941,63276
stream_buffer,5956,11815,9029,20844,63276
stream_buffer,5957,11815,9029,20844,63276
stream_buffer,5958,11815,9029,20844,63276
stream_buffer,5959,11819,9029,20848,63276
stream_buffer,5960,171582,9029,9029,63276
stream_buffer,5961,12869,287631,300500,63276
stream_buffer,5962,12447,9663,22110,63276
stream_buffer,5963,11815,9031,20846,63276
stream_buffer,5964,11815,9031,20846,63276
stream_buffer,5965,11934,9031,20965,63276
stream_buffer,5966,11839,9093,20932,63276
stream_buffer,5967,11817,9029,20846,63276
stream_buffer,5968,11817,9029,20846,63276
stream_buffer,5969,11817,9029,20846,63276
stream_buffer,5970,11817,9856,21673,63276
stream_buffer,5971,216345,187066,403411,63276
stream_buffer,5972,12449,9031,21480,63276
stream_buffer,5973,11817,9031,20848,63276
stream_buffer,5974,11817,9031,20848,63276
stream_buffer,5975,11817,9031,20848,63276
stream_buffer,5976,11817,9029,20846,63276
stream_buffer,5977,11783,9016,20799,63276
stream_buffer,5978,151998,193527,345525,63276
stream_buffer,5979,12415,9016,21431,63276
stream_buffer,5980,11783,9016,20799,63276
stream_buffer,5981,11783,9016,20799,63276
stream_buffer,5982,11783,9016,20799,63276
stream_buffer,5983,11783,9016,20799,63276
stream_buffer,5984,11835,9016,20851,63276
stream_buffer,5985,171214,9016,9016,63276
stream_buffer,5986,12835,286710,299545,63276
stream_buffer,5987,12473,9681,22154,63276
stream_buffer,5988,11817,9029,20846,63276
stream_buffer,5989,11817,9029,20846,63276
stream_buffer,5990,11817,9029,20846,63276
stream_buffer,5991,11817,9029,20846,63276
stream_buffer,5992,11817,9029,20846,63276
stream_buffer,5993,11817,9029,20846,63276
stream_buffer,5994,11817,9029,20846,63276
stream_buffer,5995,11817,9375,21192,63276
stream_buffer,5996,214957,189142,404099,63276
stream_buffer,5997,12449,9031,21480,63276
stream_buffer,5998,11849,9092,20941,63276
stream_buffer,5999,11815,9029,20844,63276
stream_buffer,6000,11815,9029,20844,63276
stream_buffer,6001,11815,9029,20844,63276
stream_buffer,6002,11815,9029,20844,63276
stream_buffer,6003,152445,193202,345647,63276
stream_buffer,6004,12448,9031,21479,63276
stream_buffer,6005,11815,9031,20846,63276
stream_buffer,6006,11815,9031,20846,63276
stream_buffer,6007,11815,9031,20846,63276
stream_buffer,6008,11815,9031,20846,63276
stream_buffer,6009,12847,9093,21940,63276
stream_buffer,6010,171482,9029,9029,63276
stream_buffer,6011,12871,286639,299510,63276
stream_buffer,6012,12449,9663,22112,63276
stream_buffer,6013,11817,9031,20848,63276
stream_buffer,6014,11817,9031,20848,63276
stream_buffer,6015,11817,9031,20848,63276
stream_buffer,6016,11817,9031,20848,63276
stream_buffer,6017,11817,9031,20848,63276
stream_buffer,6018,11817,9031,20848,63276
stream_buffer,6019,11817,9029,20846,63276
stream_buffer,6020,11783,9460,21243,63276
stream_buffer,6021,214954,189110,404064,63276
stream_buffer,6022,12415,9016,21431,63276
stream_buffer,6023,11783,9016,20799,63276
stream_buffer,6024,11783,9016,20799,63276
stream_buffer,6025,11783,9016,20799,63276
stream_buffer,6026,11783,9016,20799,63276
stream_buffer,6027,11783,9016,20799,63276
stream_buffer,6028,152258,193324,345582,63276
stream_buffer,6029,12415,9018,21433,63276
stream_buffer,6030,11841,9049,20890,63276
stream_buffer,6031,11817,9029,20846,63276
stream_buffer,6032,11817,9029,20846,63276
stream_buffer,6033,11817,9029,20846,63276
stream_buffer,6034,13113,9029,22142,63276
stream_buffer,6035,171436,9029,9029,63276
stream_buffer,6036,12871,286728,299599,63276
stream_buffer,6037,12449,9663,22112,63276
stream_buffer,6038,11817,9031,20848,63276
stream_buffer,6039,11817,9031,20848,63276
stream_buffer,6040,11817,9031,20848,63276
stream_buffer,6041,11849,9092,20941,63276
stream_buffer,6042,11815,9029,20844,63276
stream_buffer,6043,11815,9029,20844,63276
stream_buffer,6044,11815,9029,20844,63276
stream_buffer,6045,11815,9407,21222,63276
stream_buffer,6046,215119,188985,404104,63276
stream_buffer,6047,12447,9031,21478,63276
stream_buffer,6048,11815,9031,20846,63276
stream_buffer,6049,11815,9031,20846,63276
stream_buffer,6050,11815,9031,20846,63276
stream_buffer,6051,11815,9031,20846,63276
stream_buffer,6052,11839,9093,20932,63276
stream_buffer,6053,152415,193225,345640,63276
stream_buffer,6054,12450,9029,21479,63276
stream_buffer,6055,11817,9029,20846,63276
stream_buffer,6056,11817,9029,20846,63276
stream_buffer,6057,11817,9029,20846,63276
stream_buffer,6058,11817,9029,20846,63276
stream_buffer,6059,12819,9029,21848,63276
stream_buffer,6060,171452,9029,9029,63276
stream_buffer,6061,12871,286574,299445,63276
stream_buffer,6062,12449,9661,22110,63276
stream_buffer,6063,11783,9016,20799,63276
stream_buffer,6064,11783,9016,20799,63276
stream_buffer,6065,11783,9016,20799,63276
stream_buffer,6066,11783,9016,20799,63276
stream_buffer,6067,11783,9016,20799,63276
stream_buffer,6068,11783,9016,20799,63276
stream_buffer,6069,11783,9016,20799,63276
stream_buffer,6070,11783,9406,21189,63276
stream_buffer,6071,214740,189428,404168,63276
stream_buffer,6072,12415,9018,21433,63276
stream_buffer,6073,11841,9049,20890,63276
stream_buffer,6074,11817,9029,20846,63276
stream_buffer,6075,11817,9029,20846,63276
stream_buffer,6076,11817,9029,20846,63276
stream_buffer,6077,11817,9029,20846,63276
stream_buffer,6078,152349,193291,345640,63276
stream_buffer,6079,12450,9031,21481,63276
stream_buffer,6080,11817,9031,20848,63276
stream_buffer,6081,11817,9031,20848,63276
stream_buffer,6082,11817,9031,20848,63276
stream_buffer,6083,11817,9031,20848,63276
stream_buffer,6084,12799,9092,21891,63276
stream_buffer,6085,171452,9029,9029,63276
stream_buffer,6086,12869,286706,299575,63276
stream_buffer,6087,12447,9663,22110,63276
stream_buffer,6088,11815,9031,20846,63276
stream_buffer,6089,11815,9031,20846,63276
stream_buffer,6090,11815,9031,20846,63276
stream_buffer,6091,11815,9031,20846,63276
stream_buffer,6092,11815,9031,20846,63276
stream_buffer,6093,11815,9031,20846,63276
stream_buffer,6094,11815,9031,20846,63276
stream_buffer,6095,11839,9475,21314,63276
stream_buffer,6096,215085,188995,404080,63276
stream_buffer,6097,12449,9029,21478,63276
stream_buffer,6098,11817,9029,20846,63276
stream_buffer,6099,11817,9029,20846,63276
stream_buffer,6100,11817,9029,20846,63276
stream_buffer,6101,11817,9029,20846,63276
stream_buffer,6102,11817,9029,20846,63276
stream_buffer,6103,152345,193252,345597,63276
stream_buffer,6104,12449,9031,21480,63276
stream_buffer,6105,11817,9029,20846,63276
stream_buffer,6106,11783,9016,20799,63276
stream_buffer,6107,11783,9016,20799,63276
stream_buffer,6108,11783,9016,20799,63276
stream_buffer,6109,13252,9016,22268,63276
stream_buffer,6110,171478,9016,9016,63276
stream_buffer,6111,12835,286661,299496,63276
stream_buffer,6112,12415,9650,22065,63276
stream_buffer,6113,11783,9018,20801,63276
stream_buffer,6114,11783,9018,20801,63276
stream_buffer,6115,11783,9018,20801,63276
stream_buffer,6116,11841,9049,20890,63276
stream_buffer,6117,11817,9029,20846,63276
stream_buffer,6118,11817,9029,20846,63276
stream_buffer,6119,11817,9029,20846,63276
stream_buffer,6120,11817,9374,21191,63276
stream_buffer,6121,214953,189125,404078,63276
stream_buffer,6122,12449,9031,21480,63276
stream_buffer,6123,11817,9031,20848,63276
stream_buffer,6124,11817,9031,20848,63276
stream_buffer,6125,11817,9031,20848,63276
stream_buffer,6126,11817,9031,20848,63276
stream_buffer,6127,11849,9092,20941,63276
stream_buffer,6128,152463,193147,345610,63276
stream_buffer,6129,12448,9029,21477,63276
stream_buffer,6130,11815,9029,20844,63276
stream_buffer,6131,11815,9029,20844,63276
stream_buffer,6132,11815,9029,20844,63276
stream_buffer,6133,11815,9029,20844,63276
stream_buffer,6134,12730,9029,21759,63276
stream_buffer,6135,171494,9029,9029,63276
stream_buffer,6136,12869,286671,299540,63276
stream_buffer,6137,12447,9663,22110,63276
stream_buffer,6138,11839,9093,20932,63276
stream_buffer,6139,11817,9029,20846,63276
stream_buffer,6140,11817,9029,20846,63276
stream_buffer,6141,11817,9029,20846,63276
stream_buffer,6142,11817,9029,20846,63276
stream_buffer,6143,11817,9029,20846,63276
stream_buffer,6144,11817,9029,20846,63276
stream_buffer,6145,11817,9382,21199,63276
stream_buffer,6146,215037,189081,404118,63276
stream_buffer,6147,12449,9031,21480,63276
stream_buffer,6148,11817,9029,20846,63276
stream_buffer,6149,11783,9016,20799,63276
stream_buffer,6150,11783,9016,20799,63276
stream_buffer,6151,11783,9016,20799,63276
stream_buffer,6152,11783,9016,20799,63276
stream_buffer,6153,152288,193243,345531,63276
stream_buffer,6154,12415,9018,21433,63276
stream_buffer,6155,11783,9018,20801,63276
stream_buffer,6156,11783,9018,20801,63276
stream_buffer,6157,11783,9018,20801,63276
stream_buffer,6158,11783,9018,20801,63276
stream_buffer,6159,13490,9049,22539,63276
stream_buffer,6160,171431,9029,9029,63276
stream_buffer,6161,12871,286706,299577,63276
stream_buffer,6162,12449,9663,22112,63276
stream_buffer,6163,11817,9031,20848,63276
stream_buffer,6164,11817,9031,20848,63276
stream_buffer,6165,11817,9031,20848,63276
stream_buffer,6166,11817,9031,20848,63276
stream_buffer,6167,11817,9031,20848,63276
stream_buffer,6168,11817,9031,20848,63276
stream_buffer,6169,11817,9031,20848,63276
stream_buffer,6170,11849,9458,21307,63276
stream_buffer,6171,215073,188989,404062,63276
stream_buffer,6172,12447,9029,21476,63276
stream_buffer,6173,11815,9029,20844,63276
stream_buffer,6174,11815,9029,20844,63276
stream_buffer,6175,11815,9029,20844,63276
stream_buffer,6176,11815,9029,20844,63276
stream_buffer,6177,11815,9029,20844,63276
stream_buffer,6178,152345,193306,345651,63276
stream_buffer,6179,12447,9031,21478,63276
stream_buffer,6180,11815,9031,20846,63276
stream_buffer,6181,11839,9093,20932,63276
stream_buffer,6182,11817,9029,20846,63276
stream_buffer,6183,11817,9029,20846,63276
stream_buffer,6184,13116,9029,22145,63276
stream_buffer,6185,171473,9029,9029,63276
stream_buffer,6186,12871,286543,299414,63276
stream_buffer,6187,12449,9663,22112,63276
stream_buffer,6188,11817,9031,20848,63276
stream_buffer,6189,11817,9031,20848,63276
stream_buffer,6190,11817,9031,20848,63276
stream_buffer,6191,11817,9029,20846,63276
stream_buffer,6192,11783,9016,20799,63276
stream_buffer,6193,11783,9016,20799,63276
stream_buffer,6194,11783,9016,20799,63276
stream_buffer,6195,11783,9421,21204,63276
stream_buffer,6196,214812,189356,404168,63276
stream_buffer,6197,12415,9018,21433,63276
stream_buffer,6198,11783,9018,20801,63276
stream_buffer,6199,11783,9018,20801,63276
stream_buffer,6200,11783,9018,20801,63276
stream_buffer,6201,11783,9018,20801,63276
stream_buffer,6202,11841,9049,20890,63276
stream_buffer,6203,152287,193334,345621,63276
stream_buffer,6204,12450,9029,21479,63276
stream_buffer,6205,11817,9029,20846,63276
stream_buffer,6206,11817,9029,20846,63276
stream_buffer,6207,11817,9029,20846,63276
stream_buffer,6208,11817,9029,20846,63276
stream_buffer,6209,12810,9029,21839,63276
stream_buffer,6210,171440,9029,9029,63276
stream_buffer,6211,12871,286728,299599,63276
stream_buffer,6212,12449,9663,22112,63276
stream_buffer,6213,11849,9092,20941,63276
stream_buffer,6214,11815,9029,20844,63276
stream_buffer,6215,11815,9029,20844,63276
stream_buffer,6216,11815,9029,20844,63276
stream_buffer,6217,11815,9029,20844,63276
stream_buffer,6218,11815,9029,20844,63276
stream_buffer,6219,11815,9029,20844,63276
stream_buffer,6220,11815,9403,21218,63276
stream_buffer,6221,215027,189078,404105,63276
stream_buffer,6222,12447,9031,21478,63276
stream_buffer,6223,11815,9031,20846,63276
stream_buffer,6224,11839,9093,20932,63276
stream_buffer,6225,11817,9029,20846,63276
stream_buffer,6226,11817,9029,20846,63276
stream_buffer,6227,11817,9029,20846,63276
stream_buffer,6228,152407,295020,447427,63276
stream_buffer,6229,12450,12754,25204,63276
stream_buffer,6230,11817,9663,21480,63276
stream_buffer,6231,11817,12635,24452,63276
stream_buffer,6232,11817,9663,21480,63276
stream_buffer,6233,11817,9031,20848,63276
stream_buffer,6234,12858,9029,21887,63276
stream_buffer,6235,20392,9016,29408,63276
stream_buffer,6236,11783,11369,23152,63276
stream_buffer,6237,11783,9016,20799,63276
stream_buffer,6238,11783,9016,20799,63276
stream_buffer,6239,70699,9016,79715,63276
stream_buffer,6240,11783,9016,20799,63276
stream_buffer,6241,221080,237804,458884,63276
stream_buffer,6242,12562,9018,21580,63276
stream_buffer,6243,11783,9018,20801,63276
stream_buffer,6244,11783,9018,20801,63276
stream_buffer,6245,11841,9049,20890,63276
stream_buffer,6246,11817,9029,20846,63276
stream_buffer,6247,11817,9029,20846,63276
stream_buffer,6248,11817,9029,20846,63276
stream_buffer,6249,11817,16846,28663,63276
stream_buffer,6250,217864,9029,9029,63276
stream_buffer,6251,12871,289188,302059,63276
stream_buffer,6252,12449,9663,22112,63276
stream_buffer,6253,13014,9031,22045,63276
stream_buffer,6254,11817,9031,20848,63276
stream_buffer,6255,11817,9031,20848,63276
stream_buffer,6256,11849,9092,20941,63276
stream_buffer,6257,11815,9029,20844,63276
stream_buffer,6258,11815,9029,20844,63276
stream_buffer,6259,11815,11424,23239,63276
stream_buffer,6260,11815,9029,20844,63276
stream_buffer,6261,216171,265917,482088,63276
stream_buffer,6262,12447,9663,22110,63276
stream_buffer,6263,11815,9031,20846,63276
stream_buffer,6264,11815,9031,20846,63276
stream_buffer,6265,11815,9031,20846,63276
stream_buffer,6266,14083,9031,23114,63276
stream_buffer,6267,11839,9093,20932,63276
stream_buffer,6268,11817,9029,20846,63276
stream_buffer,6269,11817,10791,22608,63276
stream_buffer,6270,11817,9029,20846,63276
stream_buffer,6271,244578,9029,9029,63276
stream_buffer,6272,12871,291312,304183,63276
stream_buffer,6273,12449,9663,22112,63276
stream_buffer,6274,11817,9031,20848,63276
stream_buffer,6275,11817,9031,20848,63276
stream_buffer,6276,14213,9031,23244,63276
stream_buffer,6277,11817,9029,20846,63276
stream_buffer,6278,11783,9016,20799,63276
stream_buffer,6279,11783,9016,20799,63276
stream_buffer,6280,11783,9016,20799,63276
stream_buffer,6281,13099,9016,22115,63276
stream_buffer,6282,242540,9016,9016,63276
stream_buffer,6283,12835,317727,330562,63276
stream_buffer,6284,12415,12622,25037,63276
stream_buffer,6285,11783,9650,21433,63276
stream_buffer,6286,13927,9018,22945,63276
stream_buffer,6287,11783,9106,20889,63276
stream_buffer,6288,11841,9049,20890,63276
stream_buffer,6289,11817,9029,20846,63276
stream_buffer,6290,11817,9029,20846,63276
stream_buffer,6291,11979,9029,21008,63276
stream_buffer,6292,11817,9029,20846,63276
stream_buffer,6293,11817,9029,20846,63276
stream_buffer,6294,232699,226656,459355,63276
stream_buffer,6295,12449,9031,21480,63276
stream_buffer,6296,13793,9031,22824,63276
stream_buffer,6297,11817,9031,20848,63276
stream_buffer,6298,11817,9031,20848,63276
stream_buffer,6299,11849,9092,20941,63276
stream_buffer,6300,11815,9029,20844,63276
stream_buffer,6301,12979,9029,22008,63276
stream_buffer,6302,11815,9029,20844,63276
stream_buffer,6303,36417,271399,307816,63276
stream_buffer,6304,12447,9663,22110,63276
stream_buffer,6305,11815,12634,24449,63276
stream_buffer,6306,11815,9663,21478,63276
stream_buffer,6307,11815,9031,20846,63276
stream_buffer,6308,13819,10508,24327,63276
stream_buffer,6309,11815,9031,20846,63276
stream_buffer,6310,11839,11447,23286,63276
stream_buffer,6311,11817,9029,20846,63276
stream_buffer,6312,11817,9029,20846,63276
stream_buffer,6313,51028,9029,60057,63276
stream_buffer,6314,11817,9029,20846,63276
stream_buffer,6315,223971,236096,460067,63276
stream_buffer,6316,12797,9031,21828,63276
stream_buffer,6317,11817,9031,20848,63276
stream_buffer,6318,11817,9031,20848,63276
stream_buffer,6319,11817,9031,20848,63276
stream_buffer,6320,11817,9029,20846,63276
stream_buffer,6321,11783,9016,20799,63276
stream_buffer,6322,11783,9016,20799,63276
stream_buffer,6323,11783,16626,28409,63276
stream_buffer,6324,198614,268913,467527,63276
stream_buffer,6325,12415,9650,22065,63276
stream_buffer,6326,11783,11412,23195,63276
stream_buffer,6327,11783,9018,20801,63276
stream_buffer,6328,13275,9018,22293,63276
stream_buffer,6329,13967,9018,22985,63276
stream_buffer,6330,11783,9018,20801,63276
stream_buffer,6331,11841,9049,20890,63276
stream_buffer,6332,11817,9029,20846,63276
stream_buffer,6333,11817,9029,20846,63276
stream_buffer,6334,218335,265149,483484,63276
stream_buffer,6335,12449,9663,22112,63276
stream_buffer,6336,11817,9031,20848,63276
stream_buffer,6337,11817,9031,20848,63276
stream_buffer,6338,11817,9031,20848,63276
stream_buffer,6339,11911,9031,20942,63276
stream_buffer,6340,11817,9031,20848,63276
stream_buffer,6341,11817,9031,20848,63276
stream_buffer,6342,11849,9092,20941,63276
stream_buffer,6343,11815,9029,20844,63276
stream_buffer,6344,216219,203971,420190,63276
stream_buffer,6345,14842,9029,23871,63276
stream_buffer,6346,11815,9029,20844,63276
stream_buffer,6347,11815,9029,20844,63276
stream_buffer,6348,11815,9029,20844,63276
stream_buffer,6349,11815,9029,20844,63276
stream_buffer,6350,13511,9029,22540,63276
stream_buffer,6351,11815,9029,20844,63276
stream_buffer,6352,12869,276464,289333,63276
stream_buffer,6353,12471,10931,23402,63276
stream_buffer,6354,11817,9029,20846,63276
stream_buffer,6355,11817,11171,22988,63276
stream_buffer,6356,11817,9029,20846,63276
stream_buffer,6357,11817,9029,20846,63276
stream_buffer,6358,14171,9029,23200,63276
stream_buffer,6359,11817,9029,20846,63276
stream_buffer,6360,11817,9029,20846,63276
stream_buffer,6361,11817,9029,20846,63276
stream_buffer,6362,216047,295220,511267,63276
stream_buffer,6363,14595,12880,27475,63276
stream_buffer,6364,11783,9648,21431,63276
stream_buffer,6365,11783,11410,23193,63276
stream_buffer,6366,11783,9016,20799,63276
stream_buffer,6367,11783,9016,20799,63276
stream_buffer,6368,13471,9016,22487,63276
stream_buffer,6369,11783,9016,20799,63276
stream_buffer,6370,11783,9016,20799,63276
stream_buffer,6371,11783,9016,20799,63276
stream_buffer,6372,11783,9016,20799,63276
stream_buffer,6373,234824,265109,499933,63276
stream_buffer,6374,12473,9681,22154,63276
stream_buffer,6375,11817,9029,20846,63276
stream_buffer,6376,11817,9029,20846,63276
stream_buffer,6377,11817,9029,20846,63276
stream_buffer,6378,11927,9029,20956,63276
stream_buffer,6379,11817,9029,20846,63276
stream_buffer,6380,11817,9029,20846,63276
stream_buffer,6381,11817,9029,20846,63276
stream_buffer,6382,11817,9029,20846,63276
stream_buffer,6383,216267,203984,420251,63276
stream_buffer,6384,14844,9031,23875,63276
stream_buffer,6385,11849,9092,20941,63276
stream_buffer,6386,11815,9029,20844,63276
stream_buffer,6387,11815,9029,20844,63276
stream_buffer,6388,11815,9029,20844,63276
stream_buffer,6389,13447,9029,22476,63276
stream_buffer,6390,11815,9029,20844,63276
stream_buffer,6391,12869,276434,289303,63276
stream_buffer,6392,12447,10853,23300,63276
stream_buffer,6393,11815,9031,20846,63276
stream_buffer,6394,11815,11217,23032,63276
stream_buffer,6395,11815,9031,20846,63276
stream_buffer,6396,11839,9093,20932,63276
stream_buffer,6397,14171,9029,23200,63276
stream_buffer,6398,11817,9029,20846,63276
stream_buffer,6399,11817,9029,20846,63276
stream_buffer,6400,11817,9029,20846,63276
stream_buffer,6401,216059,295167,511226,63276
stream_buffer,6402,14593,12866,27459,63276
stream_buffer,6403,11817,9663,21480,63276
stream_buffer,6404,11817,11426,23243,63276
stream_buffer,6405,11817,9031,20848,63276
stream_buffer,6406,11817,9029,20846,63276
stream_buffer,6407,13263,9016,22279,63276
stream_buffer,6408,11783,9016,20799,63276
stream_buffer,6409,11783,9016,20799,63276
stream_buffer,6410,11783,9016,20799,63276
stream_buffer,6411,11783,9016,20799,63276
stream_buffer,6412,234914,264786,499700,63276
stream_buffer,6413,12415,9650,22065,63276
stream_buffer,6414,11783,9018,20801,63276
stream_buffer,6415,11783,9018,20801,63276
stream_buffer,6416,11783,9018,20801,63276
stream_buffer,6417,11929,9049,20978,63276
stream_buffer,6418,11817,9029,20846,63276
stream_buffer,6419,11817,9029,20846,63276
stream_buffer,6420,11817,9029,20846,63276
stream_buffer,6421,11817,9029,20846,63276
stream_buffer,6422,216579,203991,420570,63276
stream_buffer,6423,14844,9031,23875,63276
stream_buffer,6424,11817,9031,20848,63276
stream_buffer,6425,11817,9031,20848,63276
stream_buffer,6426,11817,9031,20848,63276
stream_buffer,6427,11817,9031,20848,63276
stream_buffer,6428,13481,9092,22573,63276
stream_buffer,6429,11815,9029,20844,63276
stream_buffer,6430,12869,276461,289330,63276
stream_buffer,6431,12447,10846,23293,63276
stream_buffer,6432,11815,9031,20846,63276
stream_buffer,6433,11815,11218,23033,63276
stream_buffer,6434,11815,9031,20846,63276
stream_buffer,6435,11815,9031,20846,63276
stream_buffer,6436,14169,9031,23200,63276
stream_buffer,6437,11815,9031,20846,63276
stream_buffer,6438,11815,9031,20846,63276
stream_buffer,6439,11839,9093,20932,63276
stream_buffer,6440,216051,295302,511353,63276
stream_buffer,6441,14635,12908,27543,63276
stream_buffer,6442,11817,9663,21480,63276
stream_buffer,6443,11817,11426,23243,63276
stream_buffer,6444,11817,9031,20848,63276
stream_buffer,6445,11817,9031,20848,63276
stream_buffer,6446,13277,9031,22308,63276
stream_buffer,6447,11817,9031,20848,63276
stream_buffer,6448,11817,9031,20848,63276
stream_buffer,6449,11817,9029,20846,63276
stream_buffer,6450,11783,9016,20799,63276
stream_buffer,6451,234816,264570,499386,63276
stream_buffer,6452,12415,9650,22065,63276
stream_buffer,6453,11783,9018,20801,63276
stream_buffer,6454,11783,9018,20801,63276
stream_buffer,6455,11783,9018,20801,63276
stream_buffer,6456,11877,9018,20895,63276
stream_buffer,6457,11783,9018,20801,63276
stream_buffer,6458,11783,9018,20801,63276
stream_buffer,6459,11783,9018,20801,63276
stream_buffer,6460,11841,9049,20890,63276
stream_buffer,6461,216901,204587,421488,63276
stream_buffer,6462,14844,9029,23873,63276
stream_buffer,6463,11817,9029,20846,63276
stream_buffer,6464,11817,9029,20846,63276
stream_buffer,6465,11817,9029,20846,63276
stream_buffer,6466,11817,9029,20846,63276
stream_buffer,6467,13297,9029,22326,63276
stream_buffer,6468,11817,9029,20846,63276
stream_buffer,6469,12871,276438,289309,63276
stream_buffer,6470,12449,10852,23301,63276
stream_buffer,6471,11849,9092,20941,63276
stream_buffer,6472,11815,11175,22990,63276
stream_buffer,6473,11815,9029,20844,63276
stream_buffer,6474,11815,9029,20844,63276
stream_buffer,6475,14169,9029,23198,63276
stream_buffer,6476,11815,9029,20844,63276
stream_buffer,6477,11815,9029,20844,63276
stream_buffer,6478,11815,9029,20844,63276
stream_buffer,6479,216057,295317,511374,63276
stream_buffer,6480,14593,12893,27486,63276
stream_buffer,6481,11815,9664,21479,63276
stream_buffer,6482,11839,11488,23327,63276
stream_buffer,6483,11817,9029,20846,63276
stream_buffer,6484,11817,9029,20846,63276
stream_buffer,6485,13259,9029,22288,63276
stream_buffer,6486,11817,9029,20846,63276
stream_buffer,6487,11817,9029,20846,63276
stream_buffer,6488,11817,9029,20846,63276
stream_buffer,6489,11817,9029,20846,63276
stream_buffer,6490,233956,173900,407856,63276
stream_buffer,6491,12449,9663,22112,63276
stream_buffer,6492,11817,9029,20846,63276
stream_buffer,6493,11783,9016,20799,63276
stream_buffer,6494,11783,9016,20799,63276
stream_buffer,6495,11922,9016,20938,63276
stream_buffer,6496,11783,9016,20799,63276
stream_buffer,6497,15229,194397,209626,63276
stream_buffer,6498,12415,9018,21433,63276
stream_buffer,6499,11783,9018,20801,63276
stream_buffer,6500,11783,9018,20801,63276
stream_buffer,6501,11783,9018,20801,63276
stream_buffer,6502,11940,9018,20958,63276
stream_buffer,6503,11841,9049,20890,63276
stream_buffer,6504,12871,196593,209464,63276
stream_buffer,6505,12449,9029,21478,63276
stream_buffer,6506,11817,9029,20846,63276
stream_buffer,6507,11817,9029,20846,63276
stream_buffer,6508,11817,9029,20846,63276
stream_buffer,6509,11817,9029,20846,63276
stream_buffer,6510,11817,9029,20846,63276
stream_buffer,6511,152111,193310,345421,63276
stream_buffer,6512,12449,9031,21480,63276
stream_buffer,6513,11817,9031,20848,63276
stream_buffer,6514,11849,9092,20941,63276
stream_buffer,6515,11815,9029,20844,63276
stream_buffer,6516,11815,9029,20844,63276
stream_buffer,6517,11833,9029,20862,63276
stream_buffer,6518,171582,9029,9029,63276
stream_buffer,6519,12869,287644,300513,63276
stream_buffer,6520,12447,9664,22111,63276
stream_buffer,6521,11815,9031,20846,63276
stream_buffer,6522,11815,9031,20846,63276
stream_buffer,6523,11880,9031,20911,63276
stream_buffer,6524,11815,9031,20846,63276
stream_buffer,6525,11839,9093,20932,63276
stream_buffer,6526,11817,9029,20846,63276
stream_buffer,6527,11817,9029,20846,63276
stream_buffer,6528,11817,9857,21674,63276
stream_buffer,6529,216337,186807,403144,63276
stream_buffer,6530,12449,9031,21480,63276
stream_buffer,6531,11817,9031,20848,63276
stream_buffer,6532,11817,9031,20848,63276
stream_buffer,6533,11817,9031,20848,63276
stream_buffer,6534,11817,9031,20848,63276
stream_buffer,6535,11817,9029,20846,63276
stream_buffer,6536,152362,193110,345472,63276
stream_buffer,6537,12415,9016,21431,63276
stream_buffer,6538,11783,9016,20799,63276
stream_buffer,6539,11783,9016,20799,63276
stream_buffer,6540,11783,9016,20799,63276
stream_buffer,6541,11783,9016,20799,63276
stream_buffer,6542,11801,9016,20817,63276
stream_buffer,6543,171590,9016,9016,63276
stream_buffer,6544,12835,287570,300405,63276
stream_buffer,6545,12415,9651,22066,63276
stream_buffer,6546,11841,9049,20890,63276
stream_buffer,6547,11817,9029,20846,63276
stream_buffer,6548,11852,9029,20881,63276
stream_buffer,6549,11817,9029,20846,63276
stream_buffer,6550,11817,9029,20846,63276
stream_buffer,6551,11817,9029,20846,63276
stream_buffer,6552,11817,9029,20846,63276
stream_buffer,6553,11817,9920,21737,63276
stream_buffer,6554,216367,186806,403173,63276
stream_buffer,6555,12449,9031,21480,63276
stream_buffer,6556,11817,9031,20848,63276
stream_buffer,6557,11849,9092,20941,63276
stream_buffer,6558,11815,9029,20844,63276
stream_buffer,6559,11815,9029,20844,63276
stream_buffer,6560,11815,9029,20844,63276
stream_buffer,6561,152411,193289,345700,63276
stream_buffer,6562,12447,9031,21478,63276
stream_buffer,6563,11815,9031,20846,63276
stream_buffer,6564,11815,9031,20846,63276
stream_buffer,6565,11815,9031,20846,63276
stream_buffer,6566,11815,9031,20846,63276
stream_buffer,6567,11823,9031,20854,63276
stream_buffer,6568,171678,9093,9093,63276
stream_buffer,6569,12871,287522,300393,63276
stream_buffer,6570,12449,9664,22113,63276
stream_buffer,6571,11817,9031,20848,63276
stream_buffer,6572,11817,9031,20848,63276
stream_buffer,6573,11956,9031,20987,63276
stream_buffer,6574,11817,9031,20848,63276
stream_buffer,6575,11817,9031,20848,63276
stream_buffer,6576,11817,9031,20848,63276
stream_buffer,6577,11817,9031,20848,63276
stream_buffer,6578,11817,9910,21727,63276
stream_buffer,6579,216344,186956,403300,63276
stream_buffer,6580,12415,9016,21431,63276
stream_buffer,6581,11783,9016,20799,63276
stream_buffer,6582,11783,9016,20799,63276
stream_buffer,6583,11783,9016,20799,63276
stream_buffer,6584,11783,9016,20799,63276
stream_buffer,6585,11783,9016,20799,63276
stream_buffer,6586,152292,193190,345482,63276
stream_buffer,6587,12415,9018,21433,63276
stream_buffer,6588,11783,9018,20801,63276
stream_buffer,6589,11841,9049,20890,63276
stream_buffer,6590,11817,9029,20846,63276
stream_buffer,6591,11817,9029,20846,63276
stream_buffer,6592,11827,9029,20856,63276
stream_buffer,6593,171670,9029,9029,63276
stream_buffer,6594,12871,287662,300533,63276
stream_buffer,6595,12449,9663,22112,63276
stream_buffer,6596,11817,9031,20848,63276
stream_buffer,6597,11817,9031,20848,63276
stream_buffer,6598,11935,9031,20966,63276
stream_buffer,6599,11817,9031,20848,63276
stream_buffer,6600,11849,9092,20941,63276
stream_buffer,6601,11815,9029,20844,63276
stream_buffer,6602,11815,9029,20844,63276
stream_buffer,6603,11815,9850,21665,63276
stream_buffer,6604,216331,186811,403142,63276
stream_buffer,6605,12447,9029,21476,63276
stream_buffer,6606,11815,9029,20844,63276
stream_buffer,6607,11815,9029,20844,63276
stream_buffer,6608,11815,9029,20844,63276
stream_buffer,6609,11815,9029,20844,63276
stream_buffer,6610,11815,9029,20844,63276
stream_buffer,6611,152370,193400,345770,63276
stream_buffer,6612,12449,9029,21478,63276
stream_buffer,6613,11817,9029,20846,63276
stream_buffer,6614,11817,9029,20846,63276
stream_buffer,6615,11817,9029,20846,63276
stream_buffer,6616,11817,9029,20846,63276
stream_buffer,6617,11819,9029,20848,63276
stream_buffer,6618,171580,9029,9029,63276
stream_buffer,6619,12871,287485,300356,63276
stream_buffer,6620,12449,9664,22113,63276
stream_buffer,6621,11817,9029,20846,63276
stream_buffer,6622,11783,9016,20799,63276
stream_buffer,6623,11871,9016,20887,63276
stream_buffer,6624,11783,9016,20799,63276
stream_buffer,6625,11783,9016,20799,63276
stream_buffer,6626,11783,9016,20799,63276
stream_buffer,6627,11783,9016,20799,63276
stream_buffer,6628,11783,10153,21936,63276
stream_buffer,6629,216644,186629,403273,63276
stream_buffer,6630,12415,9018,21433,63276
stream_buffer,6631,11783,9018,20801,63276
stream_buffer,6632,11841,9049,20890,63276
stream_buffer,6633,11817,9029,20846,63276
stream_buffer,6634,11817,9029,20846,63276
stream_buffer,6635,11817,9029,20846,63276
stream_buffer,6636,152351,193364,345715,63276
stream_buffer,6637,12449,9031,21480,63276
stream_buffer,6638,11817,9031,20848,63276
stream_buffer,6639,11817,9031,20848,63276
stream_buffer,6640,11817,9031,20848,63276
stream_buffer,6641,11817,9031,20848,63276
stream_buffer,6642,11819,9031,20850,63276
stream_buffer,6643,171684,9092,9092,63276
stream_buffer,6644,12869,287506,300375,63276
stream_buffer,6645,12447,9661,22108,63276
stream_buffer,6646,11815,9029,20844,63276
stream_buffer,6647,11815,9029,20844,63276
stream_buffer,6648,11955,9029,20984,63276
stream_buffer,6649,11815,9029,20844,63276
stream_buffer,6650,11815,9029,20844,63276
stream_buffer,6651,11815,9029,20844,63276
stream_buffer,6652,11815,9029,20844,63276
stream_buffer,6653,11815,9943,21758,63276
stream_buffer,6654,216424,186861,403285,63276
stream_buffer,6655,12449,9029,21478,63276
stream_buffer,6656,11817,9029,20846,63276
stream_buffer,6657,11817,9029,20846,63276
stream_buffer,6658,11817,9029,20846,63276
stream_buffer,6659,11817,9029,20846,63276
stream_buffer,6660,11817,9029,20846,63276
stream_buffer,6661,152407,193085,345492,63276
stream_buffer,6662,12449,9031,21480,63276
stream_buffer,6663,11817,9031,20848,63276
stream_buffer,6664,11817,9029,20846,63276
stream_buffer,6665,11783,9016,20799,63276
stream_buffer,6666,11783,9016,20799,63276
stream_buffer,6667,11795,9016,20811,63276
stream_buffer,6668,171564,9016,9016,63276
stream_buffer,6669,12835,287588,300423,63276
stream_buffer,6670,12415,9650,22065,63276
stream_buffer,6671,11783,9018,20801,63276
stream_buffer,6672,11783,9018,20801,63276
stream_buffer,6673,11814,9018,20832,63276
stream_buffer,6674,11783,9018,20801,63276
stream_buffer,6675,11841,9049,20890,63276
stream_buffer,6676,11817,9029,20846,63276
stream_buffer,6677,11817,9029,20846,63276
stream_buffer,6678,11817,10167,21984,63276
stream_buffer,6679,216569,186598,403167,63276
stream_buffer,6680,12449,9029,21478,63276
stream_buffer,6681,11817,9029,20846,63276
stream_buffer,6682,11817,9029,20846,63276
stream_buffer,6683,11817,9029,20846,63276
stream_buffer,6684,11817,9029,20846,63276
stream_buffer,6685,11817,9029,20846,63276
stream_buffer,6686,152372,193401,345773,63276
stream_buffer,6687,12447,9029,21476,63276
stream_buffer,6688,11815,9029,20844,63276
stream_buffer,6689,11815,9029,20844,63276
stream_buffer,6690,11815,9029,20844,63276
stream_buffer,6691,11815,9029,20844,63276
stream_buffer,6692,11823,9029,20852,63276
stream_buffer,6693,171582,9029,9029,63276
stream_buffer,6694,12869,287639,300508,63276
stream_buffer,6695,12447,9663,22110,63276
stream_buffer,6696,11815,9031,20846,63276
stream_buffer,6697,11839,9093,20932,63276
stream_buffer,6698,11937,9029,20966,63276
stream_buffer,6699,11817,9029,20846,63276
stream_buffer,6700,11817,9029,20846,63276
stream_buffer,6701,11817,9029,20846,63276
stream_buffer,6702,11817,9029,20846,63276
stream_buffer,6703,11817,9872,21689,63276
stream_buffer,6704,216349,186818,403167,63276
stream_buffer,6705,12449,9031,21480,63276
stream_buffer,6706,11817,9031,20848,63276
stream_buffer,6707,11817,9029,20846,63276
stream_buffer,6708,11783,9016,20799,63276
stream_buffer,6709,11783,9016,20799,63276
stream_buffer,6710,11783,9016,20799,63276
stream_buffer,6711,152248,193228,345476,63276
stream_buffer,6712,12415,9018,21433,63276
stream_buffer,6713,11783,9018,20801,63276
stream_buffer,6714,11783,9018,20801,63276
stream_buffer,6715,11783,9018,20801,63276
stream_buffer,6716,11783,9018,20801,63276
stream_buffer,6717,11812,9018,20830,63276
stream_buffer,6718,171666,9049,9049,63276
stream_buffer,6719,12871,287547,300418,63276
stream_buffer,6720,12449,9662,22111,63276
stream_buffer,6721,11817,9029,20846,63276
stream_buffer,6722,11817,9029,20846,63276
stream_buffer,6723,11868,9029,20897,63276
stream_buffer,6724,11817,9029,20846,63276
stream_buffer,6725,11817,9029,20846,63276
stream_buffer,6726,11817,9029,20846,63276
stream_buffer,6727,11817,9029,20846,63276
stream_buffer,6728,11817,9902,21719,63276
stream_buffer,6729,216414,187144,403558,63276
stream_buffer,6730,12447,9029,21476,63276
stream_buffer,6731,11815,9029,20844,63276
stream_buffer,6732,11815,9029,20844,63276
stream_buffer,6733,11815,9029,20844,63276
stream_buffer,6734,11815,9029,20844,63276
stream_buffer,6735,11815,9029,20844,63276
stream_buffer,6736,152019,193311,345330,63276
stream_buffer,6737,12447,9031,21478,63276
stream_buffer,6738,11815,9031,20846,63276
stream_buffer,6739,11815,9031,20846,63276
stream_buffer,6740,11839,9093,20932,63276
stream_buffer,6741,11817,9029,20846,63276
stream_buffer,6742,11836,9029,20865,63276
stream_buffer,6743,171604,9029,9029,63276
stream_buffer,6744,12871,287493,300364,63276
stream_buffer,6745,12449,9664,22113,63276
stream_buffer,6746,11817,9031,20848,63276
stream_buffer,6747,11817,9031,20848,63276
stream_buffer,6748,11888,9031,20919,63276
stream_buffer,6749,11817,9031,20848,63276
stream_buffer,6750,11817,9029,20846,63276
stream_buffer,6751,11783,9016,20799,63276
stream_buffer,6752,11783,9016,20799,63276
stream_buffer,6753,11783,10215,21998,63276
stream_buffer,6754,216704,186529,403233,63276
stream_buffer,6755,12415,9016,21431,63276
stream_buffer,6756,11783,9016,20799,63276
stream_buffer,6757,11783,9016,20799,63276
stream_buffer,6758,11783,9016,20799,63276
stream_buffer,6759,11783,9016,20799,63276
stream_buffer,6760,11783,9016,20799,63276
stream_buffer,6761,152332,193399,345731,63276
stream_buffer,6762,12449,9029,21478,63276
stream_buffer,6763,11817,9029,20846,63276
stream_buffer,6764,11817,9029,20846,63276
stream_buffer,6765,11817,9029,20846,63276
stream_buffer,6766,11817,9029,20846,63276
stream_buffer,6767,11819,9029,20848,63276
stream_buffer,6768,171592,9029,9029,63276
stream_buffer,6769,12871,287630,300501,63276
stream_buffer,6770,12449,9663,22112,63276
stream_buffer,6771,11817,9031,20848,63276
stream_buffer,6772,11849,9092,20941,63276
stream_buffer,6773,11944,9029,20973,63276
stream_buffer,6774,11815,9029,20844,63276
stream_buffer,6775,11815,9029,20844,63276
stream_buffer,6776,11815,9029,20844,63276
stream_buffer,6777,11815,9029,20844,63276
stream_buffer,6778,11815,9861,21676,63276
stream_buffer,6779,216345,186818,403163,63276
stream_buffer,6780,12447,9031,21478,63276
stream_buffer,6781,11815,9031,20846,63276
stream_buffer,6782,11815,9031,20846,63276
stream_buffer,6783,11839,9093,20932,63276
stream_buffer,6784,11817,9029,20846,63276
stream_buffer,6785,11817,9029,20846,63276
stream_buffer,6786,152483,193197,345680,63276
stream_buffer,6787,12449,9031,21480,63276
stream_buffer,6788,11817,9031,20848,63276
stream_buffer,6789,11817,9031,20848,63276
stream_buffer,6790,11817,9031,20848,63276
stream_buffer,6791,11817,9031,20848,63276
stream_buffer,6792,11819,9031,20850,63276
stream_buffer,6793,171620,9029,9029,63276
stream_buffer,6794,12835,287448,300283,63276
stream_buffer,6795,12415,9648,22063,63276
stream_buffer,6796,11783,9016,20799,63276
stream_buffer,6797,11783,9016,20799,63276
stream_buffer,6798,11860,9016,20876,63276
stream_buffer,6799,11783,9016,20799,63276
stream_buffer,6800,11783,9016,20799,63276
stream_buffer,6801,11783,9016,20799,63276
stream_buffer,6802,11783,9016,20799,63276
stream_buffer,6803,11783,10137,21920,63276
stream_buffer,6804,216628,186735,403363,63276
stream_buffer,6805,12449,9029,21478,63276
stream_buffer,6806,11817,9029,20846,63276
stream_buffer,6807,11817,9029,20846,63276
stream_buffer,6808,11817,9029,20846,63276
stream_buffer,6809,11817,9029,20846,63276
stream_buffer,6810,11817,9029,20846,63276
stream_buffer,6811,152413,193288,345701,63276
stream_buffer,6812,12449,9031,21480,63276
stream_buffer,6813,11817,9031,20848,63276
stream_buffer,6814,11817,9031,20848,63276
stream_buffer,6815,11849,9092,20941,63276
stream_buffer,6816,11815,9029,20844,63276
stream_buffer,6817,11820,9029,20849,63276
stream_buffer,6818,171544,9029,9029,63276
stream_buffer,6819,12869,287649,300518,63276
stream_buffer,6820,12447,9663,22110,63276
stream_buffer,6821,11815,9031,20846,63276
stream_buffer,6822,11815,9031,20846,63276
stream_buffer,6823,11912,9031,20943,63276
stream_buffer,6824,11815,9031,20846,63276
stream_buffer,6825,11815,9031,20846,63276
stream_buffer,6826,11839,9093,20932,63276
stream_buffer,6827,11817,9029,20846,63276
stream_buffer,6828,11817,9844,21661,63276
stream_buffer,6829,216337,186822,403159,63276
stream_buffer,6830,12449,9029,21478,63276
stream_buffer,6831,11817,9029,20846,63276
stream_buffer,6832,11817,9029,20846,63276
stream_buffer,6833,11817,9029,20846,63276
stream_buffer,6834,11817,9029,20846,63276
stream_buffer,6835,11817,9029,20846,63276
stream_buffer,6836,152343,193174,345517,63276
stream_buffer,6837,12415,9016,21431,63276
stream_buffer,6838,11783,9016,20799,63276
stream_buffer,6839,11783,9016,20799,63276
stream_buffer,6840,11783,9016,20799,63276
stream_buffer,6841,11783,9016,20799,63276
stream_buffer,6842,11801,9016,20817,63276
stream_buffer,6843,171576,9016,9016,63276
stream_buffer,6844,12835,287598,300433,63276
stream_buffer,6845,12415,9650,22065,63276
stream_buffer,6846,11783,9018,20801,63276
stream_buffer,6847,11841,9049,20890,63276
stream_buffer,6848,11850,9029,20879,63276
stream_buffer,6849,11817,9029,20846,63276
stream_buffer,6850,11817,9029,20846,63276
stream_buffer,6851,11817,9029,20846,63276
stream_buffer,6852,11817,9029,20846,63276
stream_buffer,6853,11817,9934,21751,63276
stream_buffer,6854,216353,186806,403159,63276
stream_buffer,6855,12449,9031,21480,63276
stream_buffer,6856,11817,9031,20848,63276
stream_buffer,6857,11817,9031,20848,63276
stream_buffer,6858,11849,9092,20941,63276
stream_buffer,6859,11815,9029,20844,63276
stream_buffer,6860,11815,9029,20844,63276
stream_buffer,6861,152409,193267,345676,63276
stream_buffer,6862,12447,9029,21476,63276
stream_buffer,6863,11815,9029,20844,63276
stream_buffer,6864,11815,9029,20844,63276
stream_buffer,6865,11815,9029,20844,63276
stream_buffer,6866,11815,9029,20844,63276
stream_buffer,6867,11823,9029,20852,63276
stream_buffer,6868,171584,9029,9029,63276
stream_buffer,6869,12891,287694,300585,63276
stream_buffer,6870,12449,9662,22111,63276
stream_buffer,6871,11817,9029,20846,63276
stream_buffer,6872,11817,9029,20846,63276
stream_buffer,6873,11941,9029,20970,63276
stream_buffer,6874,11817,9029,20846,63276
stream_buffer,6875,11817,9029,20846,63276
stream_buffer,6876,11817,9029,20846,63276
stream_buffer,6877,11817,9029,20846,63276
stream_buffer,6878,11817,9917,21734,63276
stream_buffer,6879,216371,187021,403392,63276
stream_buffer,6880,12415,9016,21431,63276
stream_buffer,6881,11783,9016,20799,63276
stream_buffer,6882,11783,9016,20799,63276
stream_buffer,6883,11783,9016,20799,63276
stream_buffer,6884,11783,9016,20799,63276
stream_buffer,6885,11783,9016,20799,63276
stream_buffer,6886,152048,193256,345304,63276
stream_buffer,6887,12415,9018,21433,63276
stream_buffer,6888,11783,9018,20801,63276
stream_buffer,6889,11783,9018,20801,63276
stream_buffer,6890,11841,9049,20890,63276
stream_buffer,6891,11817,9029,20846,63276
stream_buffer,6892,11861,9029,20890,63276
stream_buffer,6893,171616,9029,9029,63276
stream_buffer,6894,12871,287605,300476,63276
stream_buffer,6895,12449,9664,22113,63276
stream_buffer,6896,11817,9031,20848,63276
stream_buffer,6897,11817,9031,20848,63276
stream_buffer,6898,11857,9031,20888,63276
stream_buffer,6899,11817,9031,20848,63276
stream_buffer,6900,11817,9031,20848,63276
stream_buffer,6901,11849,9092,20941,63276
stream_buffer,6902,11815,9029,20844,63276
stream_buffer,6903,11815,9850,21665,63276
stream_buffer,6904,216329,186811,403140,63276
stream_buffer,6905,12447,9029,21476,63276
stream_buffer,6906,11815,9029,20844,63276
stream_buffer,6907,11815,9029,20844,63276
stream_buffer,6908,11815,9029,20844,63276
stream_buffer,6909,11815,9029,20844,63276
stream_buffer,6910,11815,9029,20844,63276
stream_buffer,6911,152341,193360,345701,63276
stream_buffer,6912,12471,9093,21564,63276
stream_buffer,6913,11817,9029,20846,63276
stream_buffer,6914,11817,9029,20846,63276
stream_buffer,6915,11817,9029,20846,63276
stream_buffer,6916,11817,9029,20846,63276
stream_buffer,6917,11822,9029,20851,63276
stream_buffer,6918,171576,9029,9029,63276
stream_buffer,6919,12871,287479,300350,63276
stream_buffer,6920,12449,9664,22113,63276
stream_buffer,6921,11817,9031,20848,63276
stream_buffer,6922,11817,9029,20846,63276
stream_buffer,6923,11880,9016,20896,63276
stream_buffer,6924,11783,9016,20799,63276
stream_buffer,6925,11783,9016,20799,63276
stream_buffer,6926,11783,9016,20799,63276
stream_buffer,6927,11783,9016,20799,63276
stream_buffer,6928,11783,10195,21978,63276
stream_buffer,6929,216692,186570,403262,63276
stream_buffer,6930,12415,9018,21433,63276
stream_buffer,6931,11783,9018,20801,63276
stream_buffer,6932,11783,9018,20801,63276
stream_buffer,6933,11841,9049,20890,63276
stream_buffer,6934,11817,9029,20846,63276
stream_buffer,6935,11817,9029,20846,63276
stream_buffer,6936,152301,193359,345660,63276
stream_buffer,6937,12449,9029,21478,63276
stream_buffer,6938,11817,9029,20846,63276
stream_buffer,6939,11817,9029,20846,63276
stream_buffer,6940,11817,9029,20846,63276
stream_buffer,6941,11817,9029,20846,63276
stream_buffer,6942,11819,9029,20848,63276
stream_buffer,6943,171592,9029,9029,63276
stream_buffer,6944,12903,287688,300591,63276
stream_buffer,6945,12447,9662,22109,63276
stream_buffer,6946,11815,9029,20844,63276
stream_buffer,6947,11815,9029,20844,63276
stream_buffer,6948,11947,9029,20976,63276
stream_buffer,6949,11815,9029,20844,63276
stream_buffer,6950,11815,9029,20844,63276
stream_buffer,6951,11815,9029,20844,63276
stream_buffer,6952,11815,9029,20844,63276
stream_buffer,6953,11815,9919,21734,63276
stream_buffer,6954,216373,186791,403164,63276
stream_buffer,6955,12471,9093,21564,63276
stream_buffer,6956,11817,9029,20846,63276
stream_buffer,6957,11817,9029,20846,63276
stream_buffer,6958,11817,9029,20846,63276
stream_buffer,6959,11817,9029,20846,63276
stream_buffer,6960,11817,9029,20846,63276
stream_buffer,6961,152445,193130,345575,63276
stream_buffer,6962,12449,9031,21480,63276
stream_buffer,6963,11817,9031,20848,63276
stream_buffer,6964,11817,9031,20848,63276
stream_buffer,6965,11817,9029,20846,63276
stream_buffer,6966,11783,9016,20799,63276
stream_buffer,6967,11793,9016,20809,63276
stream_buffer,6968,171618,9016,9016,63276
stream_buffer,6969,12835,287578,300413,63276
stream_buffer,6970,12415,9651,22066,63276
stream_buffer,6971,11783,9018,20801,63276
stream_buffer,6972,11783,9018,20801,63276
stream_buffer,6973,11811,9018,20829,63276
stream_buffer,6974,11783,9018,20801,63276
stream_buffer,6975,11783,9018,20801,63276
stream_buffer,6976,11841,9049,20890,63276
stream_buffer,6977,11817,9029,20846,63276
stream_buffer,6978,11817,10205,22022,63276
stream_buffer,6979,216619,186591,403210,63276
stream_buffer,6980,12449,9029,21478,63276
stream_buffer,6981,11817,9029,20846,63276
stream_buffer,6982,11817,9029,20846,63276
stream_buffer,6983,11817,9029,20846,63276
stream_buffer,6984,11817,9029,20846,63276
stream_buffer,6985,11817,9029,20846,63276
stream_buffer,6986,152307,193389,345696,63276
stream_buffer,6987,12481,9092,21573,63276
stream_buffer,6988,11815,9029,20844,63276
stream_buffer,6989,11815,9029,20844,63276
stream_buffer,6990,11815,9029,20844,63276
stream_buffer,6991,11815,9029,20844,63276
stream_buffer,6992,11820,9029,20849,63276
stream_buffer,6993,171576,9029,9029,63276
stream_buffer,6994,12869,287611,300480,63276
stream_buffer,6995,12447,9663,22110,63276
stream_buffer,6996,11815,9031,20846,63276
stream_buffer,6997,11815,9031,20846,63276
stream_buffer,6998,11970,9093,21063,63276
stream_buffer,6999,11817,9029,20846,63276
stream_buffer,7000,11817,9029,20846,63276
stream_buffer,7001,11817,9029,20846,63276
stream_buffer,7002,11817,9029,20846,63276
stream_buffer,7003,11817,9822,21639,63276
stream_buffer,7004,216343,186836,403179,63276
stream_buffer,7005,12449,9031,21480,63276
stream_buffer,7006,11817,9031,20848,63276
stream_buffer,7007,11817,9031,20848,63276
stream_buffer,7008,11817,9029,20846,63276
stream_buffer,7009,11783,9016,20799,63276
stream_buffer,7010,11783,9016,20799,63276
stream_buffer,7011,152338,193135,345473,63276
stream_buffer,7012,12415,9016,21431,63276
stream_buffer,7013,11783,9016,20799,63276
stream_buffer,7014,11783,9016,20799,63276
stream_buffer,7015,11783,9016,20799,63276
stream_buffer,7016,11783,9016,20799,63276
stream_buffer,7017,11801,9016,20817,63276
stream_buffer,7018,171590,9016,9016,63276
stream_buffer,7019,12895,287610,300505,63276
stream_buffer,7020,12449,9661,22110,63276
stream_buffer,7021,11817,9029,20846,63276
stream_buffer,7022,11817,9029,20846,63276
stream_buffer,7023,11881,9029,20910,63276
stream_buffer,7024,11817,9029,20846,63276
stream_buffer,7025,11817,9029,20846,63276
stream_buffer,7026,11817,9029,20846,63276
stream_buffer,7027,11817,9029,20846,63276
stream_buffer,7028,11817,9948,21765,63276
stream_buffer,7029,216365,186800,403165,63276
stream_buffer,7030,12481,9092,21573,63276
stream_buffer,7031,11815,9029,20844,63276
stream_buffer,7032,11815,9029,20844,63276
stream_buffer,7033,11815,9029,20844,63276
stream_buffer,7034,11815,9029,20844,63276
stream_buffer,7035,11815,9029,20844,63276
stream_buffer,7036,152485,193215,345700,63276
stream_buffer,7037,12447,9031,21478,63276
stream_buffer,7038,11815,9031,20846,63276
stream_buffer,7039,11815,9031,20846,63276
stream_buffer,7040,11815,9031,20846,63276
stream_buffer,7041,11839,9093,20932,63276
stream_buffer,7042,11821,9029,20850,63276
stream_buffer,7043,171574,9029,9029,63276
stream_buffer,7044,12871,287540,300411,63276
stream_buffer,7045,12449,9663,22112,63276
stream_buffer,7046,11817,9031,20848,63276
stream_buffer,7047,11817,9031,20848,63276
stream_buffer,7048,11923,9031,20954,63276
stream_buffer,7049,11817,9031,20848,63276
stream_buffer,7050,11817,9031,20848,63276
stream_buffer,7051,11817,9029,20846,63276
stream_buffer,7052,11783,9016,20799,63276
stream_buffer,7053,11783,10215,21998,63276
stream_buffer,7054,216682,186524,403206,63276
stream_buffer,7055,12415,9016,21431,63276
stream_buffer,7056,11783,9016,20799,63276
stream_buffer,7057,11783,9016,20799,63276
stream_buffer,7058,11783,9016,20799,63276
stream_buffer,7059,11783,9016,20799,63276
stream_buffer,7060,11783,9016,20799,63276
stream_buffer,7061,152268,193336,345604,63276
stream_buffer,7062,12473,9049,21522,63276
stream_buffer,7063,11817,9029,20846,63276
stream_buffer,7064,11817,9029,20846,63276
stream_buffer,7065,11817,9029,20846,63276
stream_buffer,7066,11817,9029,20846,63276
stream_buffer,7067,11827,9029,20856,63276
stream_buffer,7068,171616,9029,9029,63276
stream_buffer,7069,12871,287635,300506,63276
stream_buffer,7070,12449,9663,22112,63276
stream_buffer,7071,11817,9031,20848,63276
stream_buffer,7072,11817,9031,20848,63276
stream_buffer,7073,11981,9092,21073,63276
stream_buffer,7074,11815,9029,20844,63276
stream_buffer,7075,11815,9029,20844,63276
stream_buffer,7076,11815,9029,20844,63276
stream_buffer,7077,11815,9029,20844,63276
stream_buffer,7078,11815,9867,21682,63276
stream_buffer,7079,216343,186822,403165,63276
stream_buffer,7080,12447,9031,21478,63276
stream_buffer,7081,11815,9031,20846,63276
stream_buffer,7082,11815,9031,20846,63276
stream_buffer,7083,11815,9031,20846,63276
stream_buffer,7084,11839,9093,20932,63276
stream_buffer,7085,11817,9029,20846,63276
stream_buffer,7086,152447,193234,345681,63276
stream_buffer,7087,12449,9029,21478,63276
stream_buffer,7088,11817,9029,20846,63276
stream_buffer,7089,11817,9029,20846,63276
stream_buffer,7090,11817,9029,20846,63276
stream_buffer,7091,11817,9029,20846,63276
stream_buffer,7092,11819,9029,20848,63276
stream_buffer,7093,171592,9029,9029,63276
stream_buffer,7094,12871,287494,300365,63276
stream_buffer,7095,12415,9648,22063,63276
stream_buffer,7096,11783,9016,20799,63276
stream_buffer,7097,11783,9016,20799,63276
stream_buffer,7098,11869,9016,20885,63276
stream_buffer,7099,11783,9016,20799,63276
stream_buffer,7100,11783,9016,20799,63276
stream_buffer,7101,11783,9016,20799,63276
stream_buffer,7102,11783,9016,20799,63276
stream_buffer,7103,11783,10210,21993,63276
stream_buffer,7104,216640,186592,403232,63276
stream_buffer,7105,12473,9049,21522,63276
stream_buffer,7106,11817,9029,20846,63276
stream_buffer,7107,11817,9029,20846,63276
stream_buffer,7108,11817,9029,20846,63276
stream_buffer,7109,11817,9029,20846,63276
stream_buffer,7110,11817,9029,20846,63276
stream_buffer,7111,152297,193391,345688,63276
stream_buffer,7112,12449,9031,21480,63276
stream_buffer,7113,11817,9031,20848,63276
stream_buffer,7114,11817,9031,20848,63276
stream_buffer,7115,11817,9031,20848,63276
stream_buffer,7116,11849,9092,20941,63276
stream_buffer,7117,11815,9029,20844,63276
stream_buffer,7118,171538,9029,9029,63276
stream_buffer,7119,12869,287643,300512,63276
stream_buffer,7120,12447,9663,22110,63276
stream_buffer,7121,11815,9031,20846,63276
stream_buffer,7122,11815,9031,20846,63276
stream_buffer,7123,11910,9031,20941,63276
stream_buffer,7124,11815,9031,20846,63276
stream_buffer,7125,11815,9031,20846,63276
stream_buffer,7126,11815,9031,20846,63276
stream_buffer,7127,11839,9093,20932,63276
stream_buffer,7128,11817,9826,21643,63276
stream_buffer,7129,216339,186832,403171,63276
stream_buffer,7130,12449,9029,21478,63276
stream_buffer,7131,11817,9029,20846,63276
stream_buffer,7132,11817,9029,20846,63276
stream_buffer,7133,11817,9029,20846,63276
stream_buffer,7134,11817,9029,20846,63276
stream_buffer,7135,11817,9029,20846,63276
stream_buffer,7136,152345,193150,345495,63276
stream_buffer,7137,12449,9029,21478,63276
stream_buffer,7138,11783,9016,20799,63276
stream_buffer,7139,11783,9016,20799,63276
stream_buffer,7140,11783,9016,20799,63276
stream_buffer,7141,11783,9016,20799,63276
stream_buffer,7142,11792,9016,20808,63276
stream_buffer,7143,171574,9016,9016,63276
stream_buffer,7144,12835,287596,300431,63276
stream_buffer,7145,12415,9650,22065,63276
stream_buffer,7146,11783,9018,20801,63276
stream_buffer,7147,11783,9018,20801,63276
stream_buffer,7148,11863,9049,20912,63276
stream_buffer,7149,11817,9029,20846,63276
stream_buffer,7150,11817,9029,20846,63276
stream_buffer,7151,11817,9029,20846,63276
stream_buffer,7152,11817,9029,20846,63276
stream_buffer,7153,11817,10230,22047,63276
stream_buffer,7154,216621,186629,403250,63276
stream_buffer,7155,12449,9031,21480,63276
stream_buffer,7156,11817,9031,20848,63276
stream_buffer,7157,11817,9031,20848,63276
stream_buffer,7158,11817,9031,20848,63276
stream_buffer,7159,11849,9092,20941,63276
stream_buffer,7160,11815,9029,20844,63276
stream_buffer,7161,152277,193463,345740,63276
stream_buffer,7162,12447,9029,21476,63276
stream_buffer,7163,11815,9029,20844,63276
stream_buffer,7164,11815,9029,20844,63276
stream_buffer,7165,11815,9029,20844,63276
stream_buffer,7166,11815,9029,20844,63276
stream_buffer,7167,11823,9029,20852,63276
stream_buffer,7168,171584,9029,9029,63276
stream_buffer,7169,12869,287632,300501,63276
stream_buffer,7170,12471,9725,22196,63276
stream_buffer,7171,11817,9029,20846,63276
stream_buffer,7172,11817,9029,20846,63276
stream_buffer,7173,11941,9029,20970,63276
stream_buffer,7174,11817,9029,20846,63276
stream_buffer,7175,11817,9029,20846,63276
stream_buffer,7176,11817,9029,20846,63276
stream_buffer,7177,11817,9029,20846,63276
stream_buffer,7178,11817,9857,21674,63276
stream_buffer,7179,216355,187045,403400,63276
stream_buffer,7180,12449,9029,21478,63276
stream_buffer,7181,11783,9016,20799,63276
stream_buffer,7182,11783,9016,20799,63276
stream_buffer,7183,11783,9016,20799,63276
stream_buffer,7184,11783,9016,20799,63276
stream_buffer,7185,11783,9016,20799,63276
stream_buffer,7186,152050,193281,345331,63276
stream_buffer,7187,12415,9018,21433,63276
stream_buffer,7188,11783,9018,20801,63276
stream_buffer,7189,11783,9018,20801,63276
stream_buffer,7190,11783,9018,20801,63276
stream_buffer,7191,11841,9049,20890,63276
stream_buffer,7192,11869,9029,20898,63276
stream_buffer,7193,171618,9029,9029,63276
stream_buffer,7194,12871,287611,300482,63276
stream_buffer,7195,12449,9663,22112,63276
stream_buffer,7196,11817,9031,20848,63276
stream_buffer,7197,11817,9031,20848,63276
stream_buffer,7198,11852,9031,20883,63276
stream_buffer,7199,11817,9031,20848,63276
stream_buffer,7200,11817,9031,20848,63276
stream_buffer,7201,11817,9031,20848,63276
stream_buffer,7202,11849,9092,20941,63276
stream_buffer,7203,11815,9860,21675,63276
stream_buffer,7204,216333,186805,403138,63276
stream_buffer,7205,12447,9029,21476,63276
stream_buffer,7206,11815,9029,20844,63276
stream_buffer,7207,11815,9029,20844,63276
stream_buffer,7208,11815,9029,20844,63276
stream_buffer,7209,11815,9029,20844,63276
stream_buffer,7210,11815,9029,20844,63276
stream_buffer,7211,152343,193356,345699,63276
stream_buffer,7212,12447,9031,21478,63276
stream_buffer,7213,11839,9093,20932,63276
stream_buffer,7214,11817,9029,20846,63276
stream_buffer,7215,11817,9029,20846,63276
stream_buffer,7216,11817,9029,20846,63276
stream_buffer,7217,11822,9029,20851,63276
stream_buffer,7218,171578,9029,9029,63276
stream_buffer,7219,12871,287496,300367,63276
stream_buffer,7220,12449,9664,22113,63276
stream_buffer,7221,11817,9031,20848,63276
stream_buffer,7222,11817,9031,20848,63276
stream_buffer,7223,11937,9029,20966,63276
stream_buffer,7224,11783,9016,20799,63276
stream_buffer,7225,11783,9016,20799,63276
stream_buffer,7226,11783,9016,20799,63276
stream_buffer,7227,11783,9016,20799,63276
stream_buffer,7228,11783,10178,21961,63276
stream_buffer,7229,216654,186634,403288,63276
stream_buffer,7230,12415,9018,21433,63276
stream_buffer,7231,11783,9018,20801,63276
stream_buffer,7232,11783,9018,20801,63276
stream_buffer,7233,11783,9018,20801,63276
stream_buffer,7234,11841,9049,20890,63276
stream_buffer,7235,11817,9029,20846,63276
stream_buffer,7236,152433,193292,345725,63276
stream_buffer,7237,12449,9029,21478,63276
stream_buffer,7238,11817,9029,20846,63276
stream_buffer,7239,11817,9029,20846,63276
stream_buffer,7240,11817,9029,20846,63276
stream_buffer,7241,11817,9029,20846,63276
stream_buffer,7242,11819,9029,20848,63276
stream_buffer,7243,171592,9029,9029,63276
stream_buffer,7244,12871,287622,300493,63276
stream_buffer,7245,12481,9724,22205,63276
stream_buffer,7246,11815,9029,20844,63276
stream_buffer,7247,11815,9029,20844,63276
stream_buffer,7248,11942,9029,20971,63276
stream_buffer,7249,11815,9029,20844,63276
stream_buffer,7250,11815,9029,20844,63276
stream_buffer,7251,11815,9029,20844,63276
stream_buffer,7252,11815,9029,20844,63276
stream_buffer,7253,11815,9857,21672,63276
stream_buffer,7254,216353,187089,403442,63276
stream_buffer,7255,12447,9031,21478,63276
stream_buffer,7256,11839,9093,20932,63276
stream_buffer,7257,11817,9029,20846,63276
stream_buffer,7258,11817,9029,20846,63276
stream_buffer,7259,11817,9029,20846,63276
stream_buffer,7260,11817,9029,20846,63276
stream_buffer,7261,151989,193341,345330,63276
stream_buffer,7262,12449,9031,21480,63276
stream_buffer,7263,11817,9031,20848,63276
stream_buffer,7264,11817,9031,20848,63276
stream_buffer,7265,11817,9031,20848,63276
stream_buffer,7266,11817,9029,20846,63276
stream_buffer,7267,11815,9016,20831,63276
stream_buffer,7268,171566,9016,9016,63276
stream_buffer,7269,12835,287564,300399,63276
stream_buffer,7270,12415,9651,22066,63276
stream_buffer,7271,11783,9018,20801,63276
stream_buffer,7272,11783,9018,20801,63276
stream_buffer,7273,11785,9018,20803,63276
stream_buffer,7274,11783,9018,20801,63276
stream_buffer,7275,11783,9018,20801,63276
stream_buffer,7276,11783,9018,20801,63276
stream_buffer,7277,11841,9049,20890,63276
stream_buffer,7278,11817,10249,22066,63276
stream_buffer,7279,216649,186528,403177,63276
stream_buffer,7280,12449,9029,21478,63276
stream_buffer,7281,11817,9029,20846,63276
stream_buffer,7282,11817,9029,20846,63276
stream_buffer,7283,11817,9029,20846,63276
stream_buffer,7284,11817,9029,20846,63276
stream_buffer,7285,11817,9029,20846,63276
stream_buffer,7286,152345,193326,345671,63276
stream_buffer,7287,12449,9031,21480,63276
stream_buffer,7288,11849,9092,20941,63276
stream_buffer,7289,11815,9029,20844,63276
stream_buffer,7290,11815,9029,20844,63276
stream_buffer,7291,11815,9029,20844,63276
stream_buffer,7292,11819,9029,20848,63276
stream_buffer,7293,171582,9029,9029,63276
stream_buffer,7294,12869,287631,300500,63276
stream_buffer,7295,12447,9663,22110,63276
stream_buffer,7296,11815,9031,20846,63276
stream_buffer,7297,11815,9031,20846,63276
stream_buffer,7298,11934,9031,20965,63276
stream_buffer,7299,11839,9093,20932,63276
stream_buffer,7300,11817,9029,20846,63276
stream_buffer,7301,11817,9029,20846,63276
stream_buffer,7302,11817,9029,20846,63276
stream_buffer,7303,11817,9856,21673,63276
stream_buffer,7304,216345,187066,403411,63276
stream_buffer,7305,12449,9031,21480,63276
stream_buffer,7306,11817,9031,20848,63276
stream_buffer,7307,11817,9031,20848,63276
stream_buffer,7308,11817,9031,20848,63276
stream_buffer,7309,11817,9029,20846,63276
stream_buffer,7310,11783,9016,20799,63276
stream_buffer,7311,151998,193527,345525,63276
stream_buffer,7312,12415,9016,21431,63276
stream_buffer,7313,11783,9016,20799,63276
stream_buffer,7314,11783,9016,20799,63276
stream_buffer,7315,11783,9016,20799,63276
stream_buffer,7316,11783,9016,20799,63276
stream_buffer,7317,11835,9016,20851,63276
stream_buffer,7318,171214,9016,9016,63276
stream_buffer,7319,12835,286710,299545,63276
stream_buffer,7320,12473,9681,22154,63276
stream_buffer,7321,11817,9029,20846,63276
stream_buffer,7322,11817,9029,20846,63276
stream_buffer,7323,11817,9029,20846,63276
stream_buffer,7324,11817,9029,20846,63276
stream_buffer,7325,11817,9029,20846,63276
stream_buffer,7326,11817,9029,20846,63276
stream_buffer,7327,11817,9029,20846,63276
stream_buffer,7328,11817,9375,21192,63276
stream_buffer,7329,214957,189142,404099,63276
stream_buffer,7330,12449,9031,21480,63276
stream_buffer,7331,11849,9092,20941,63276
stream_buffer,7332,11815,9029,20844,63276
stream_buffer,7333,11815,9029,20844,63276
stream_buffer,7334,11815,9029,20844,63276
stream_buffer,7335,11815,9029,20844,63276
stream_buffer,7336,152445,193202,345647,63276
stream_buffer,7337,12448,9031,21479,63276
stream_buffer,7338,11815,9031,20846,63276
stream_buffer,7339,11815,9031,20846,63276
stream_buffer,7340,11815,9031,20846,63276
stream_buffer,7341,11815,9031,20846,63276
stream_buffer,7342,12847,9093,21940,63276
stream_buffer,7343,171482,9029,9029,63276
stream_buffer,7344,12871,286639,299510,63276
stream_buffer,7345,12449,9663,22112,63276
stream_buffer,7346,11817,9031,20848,63276
stream_buffer,7347,11817,9031,20848,63276
stream_buffer,7348,11817,9031,20848,63276
stream_buffer,7349,11817,9031,20848,63276
stream_buffer,7350,11817,9031,20848,63276
stream_buffer,7351,11817,9031,20848,63276
stream_buffer,7352,11817,9029,20846,63276
stream_buffer,7353,11783,9460,21243,63276
stream_buffer,7354,214954,189110,404064,63276
stream_buffer,7355,12415,9016,21431,63276
stream_buffer,7356,11783,9016,20799,63276
stream_buffer,7357,11783,9016,20799,63276
stream_buffer,7358,11783,9016,20799,63276
stream_buffer,7359,11783,9016,20799,63276
stream_buffer,7360,11783,9016,20799,63276
stream_buffer,7361,152258,193324,345582,63276
stream_buffer,7362,12415,9018,21433,63276
stream_buffer,7363,11841,9049,20890,63276
stream_buffer,7364,11817,9029,20846,63276
stream_buffer,7365,11817,9029,20846,63276
stream_buffer,7366,11817,9029,20846,63276
stream_buffer,7367,13113,9029,22142,63276
stream_buffer,7368,171436,9029,9029,63276
stream_buffer,7369,12871,286728,299599,63276
stream_buffer,7370,12449,9663,22112,63276
stream_buffer,7371,11817,9031,20848,63276
stream_buffer,7372,11817,9031,20848,63276
stream_buffer,7373,11817,9031,20848,63276
stream_buffer,7374,11849,9092,20941,63276
stream_buffer,7375,11815,9029,20844,63276
stream_buffer,7376,11815,9029,20844,63276
stream_buffer,7377,11815,9029,20844,63276
stream_buffer,7378,11815,9407,21222,63276
stream_buffer,7379,215119,188985,404104,63276
stream_buffer,7380,12447,9031,21478,63276
stream_buffer,7381,11815,9031,20846,63276
stream_buffer,7382,11815,9031,20846,63276
stream_buffer,7383,11815,9031,20846,63276
stream_buffer,7384,11815,9031,20846,63276
stream_buffer,7385,11839,9093,20932,63276
stream_buffer,7386,152415,193225,345640,63276
stream_buffer,7387,12450,9029,21479,63276
stream_buffer,7388,11817,9029,20846,63276
stream_buffer,7389,11817,9029,20846,63276
stream_buffer,7390,11817,9029,20846,63276
stream_buffer,7391,11817,9029,20846,63276
stream_buffer,7392,12819,9029,21848,63276
stream_buffer,7393,171452,9029,9029,63276
stream_buffer,7394,12871,286574,299445,63276
stream_buffer,7395,12449,9661,22110,63276
stream_buffer,7396,11783,9016,20799,63276
stream_buffer,7397,11783,9016,20799,63276
stream_buffer,7398,11783,9016,20799,63276
stream_buffer,7399,11783,9016,20799,63276
stream_buffer,7400,11783,9016,20799,63276
stream_buffer,7401,11783,9016,20799,63276
stream_buffer,7402,11783,9016,20799,63276
stream_buffer,7403,11783,9406,21189,63276
stream_buffer,7404,214740,189428,404168,63276
stream_buffer,7405,12415,9018,21433,63276
stream_buffer,7406,11841,9049,20890,63276
stream_buffer,7407,11817,9029,20846,63276
stream_buffer,7408,11817,9029,20846,63276
stream_buffer,7409,11817,9029,20846,63276
stream_buffer,7410,11817,9029,20846,63276
stream_buffer,7411,152349,193291,345640,63276
stream_buffer,7412,12450,9031,21481,63276
stream_buffer,7413,11817,9031,20848,63276
stream_buffer,7414,11817,9031,20848,63276
stream_buffer,7415,11817,9031,20848,63276
stream_buffer,7416,11817,9031,20848,63276
stream_buffer,7417,12799,9092,21891,63276
stream_buffer,7418,171452,9029,9029,63276
stream_buffer,7419,12869,286706,299575,63276
stream_buffer,7420,12447,9663,22110,63276
stream_buffer,7421,11815,9031,20846,63276
stream_buffer,7422,11815,9031,20846,63276
stream_buffer,7423,11815,9031,20846,63276
stream_buffer,7424,11815,9031,20846,63276
stream_buffer,7425,11815,9031,20846,63276
stream_buffer,7426,11815,9031,20846,63276
stream_buffer,7427,11815,9031,20846,63276
stream_buffer,7428,11839,9475,21314,63276
stream_buffer,7429,215085,188995,404080,63276
stream_buffer,7430,12449,9029,21478,63276
stream_buffer,7431,11817,9029,20846,63276
stream_buffer,7432,11817,9029,20846,63276
stream_buffer,7433,11817,9029,20846,63276
stream_buffer,7434,11817,9029,20846,63276
stream_buffer,7435,11817,9029,20846,63276
stream_buffer,7436,152345,193252,345597,63276
stream_buffer,7437,12449,9031,21480,63276
stream_buffer,7438,11817,9029,20846,63276
stream_buffer,7439,11783,9016,20799,63276
stream_buffer,7440,11783,9016,20799,63276
stream_buffer,7441,11783,9016,20799,63276
stream_buffer,7442,13252,9016,22268,63276
stream_buffer,7443,171478,9016,9016,63276
stream_buffer,7444,12835,286661,299496,63276
stream_buffer,7445,12415,9650,22065,63276
stream_buffer,7446,11783,9018,20801,63276
stream_buffer,7447,11783,9018,20801,63276
stream_buffer,7448,11783,9018,20801,63276
stream_buffer,7449,11841,9049,20890,63276
stream_buffer,7450,11817,9029,20846,63276
stream_buffer,7451,11817,9029,20846,63276
stream_buffer,7452,11817,9029,20846,63276
stream_buffer,7453,11817,9374,21191,63276
stream_buffer,7454,214953,189125,404078,63276
stream_buffer,7455,12449,9031,21480,63276
stream_buffer,7456,11817,9031,20848,63276
stream_buffer,7457,11817,9031,20848,63276
stream_buffer,7458,11817,9031,20848,63276
stream_buffer,7459,11817,9031,20848,63276
stream_buffer,7460,11849,9092,20941,63276
stream_buffer,7461,152463,193147,345610,63276
stream_buffer,7462,12448,9029,21477,63276
stream_buffer,7463,11815,9029,20844,63276
stream_buffer,7464,11815,9029,20844,63276
stream_buffer,7465,11815,9029,20844,63276
stream_buffer,7466,11815,9029,20844,63276
stream_buffer,7467,12730,9029,21759,63276
stream_buffer,7468,171494,9029,9029,63276
stream_buffer,7469,12869,286671,299540,63276
stream_buffer,7470,12447,9663,22110,63276
stream_buffer,7471,11839,9093,20932,63276
stream_buffer,7472,11817,9029,20846,63276
stream_buffer,7473,11817,9029,20846,63276
stream_buffer,7474,11817,9029,20846,63276
stream_buffer,7475,11817,9029,20846,63276
stream_buffer,7476,11817,9029,20846,63276
stream_buffer,7477,11817,9029,20846,63276
stream_buffer,7478,11817,9382,21199,63276
stream_buffer,7479,215037,189081,404118,63276
stream_buffer,7480,12449,9031,21480,63276
stream_buffer,7481,11817,9029,20846,63276
stream_buffer,7482,11783,9016,20799,63276
stream_buffer,7483,11783,9016,20799,63276
stream_buffer,7484,11783,9016,20799,63276
stream_buffer,7485,11783,9016,20799,63276
stream_buffer,7486,152288,193243,345531,63276
stream_buffer,7487,12415,9018,21433,63276
stream_buffer,7488,11783,9018,20801,63276
stream_buffer,7489,11783,9018,20801,63276
stream_buffer,7490,11783,9018,20801,63276
stream_buffer,7491,11783,9018,20801,63276
stream_buffer,7492,13490,9049,22539,63276
stream_buffer,7493,171431,9029,9029,63276
stream_buffer,7494,12871,286706,299577,63276
stream_buffer,7495,12449,9663,22112,63276
stream_buffer,7496,11817,9031,20848,63276
stream_buffer,7497,11817,9031,20848,63276
stream_buffer,7498,11817,9031,20848,63276
stream_buffer,7499,11817,9031,20848,63276
stream_buffer,7500,11817,9031,20848,63276
stream_buffer,7501,11817,9031,20848,63276
stream_buffer,7502,11817,9031,20848,63276
stream_buffer,7503,11849,9458,21307,63276
stream_buffer,7504,215073,188989,404062,63276
stream_buffer,7505,12447,9029,21476,63276
stream_buffer,7506,11815,9029,20844,63276
stream_buffer,7507,11815,9029,20844,63276
stream_buffer,7508,11815,9029,20844,63276
stream_buffer,7509,11815,9029,20844,63276
stream_buffer,7510,11815,9029,20844,63276
stream_buffer,7511,152345,193306,345651,63276
stream_buffer,7512,12447,9031,21478,63276
stream_buffer,7513,11815,9031,20846,63276
stream_buffer,7514,11839,9093,20932,63276
stream_buffer,7515,11817,9029,20846,63276
stream_buffer,7516,11817,9029,20846,63276
stream_buffer,7517,13116,9029,22145,63276
stream_buffer,7518,171473,9029,9029,63276
stream_buffer,7519,12871,286543,299414,63276
stream_buffer,7520,12449,9663,22112,63276
stream_buffer,7521,11817,9031,20848,63276
stream_buffer,7522,11817,9031,20848,63276
stream_buffer,7523,11817,9031,20848,63276
stream_buffer,7524,11817,9029,20846,63276
stream_buffer,7525,11783,9016,20799,63276
stream_buffer,7526,11783,9016,20799,63276
stream_buffer,7527,11783,9016,20799,63276
stream_buffer,7528,11783,9421,21204,63276
stream_buffer,7529,214812,189356,404168,63276
stream_buffer,7530,12415,9018,21433,63276
stream_buffer,7531,11783,9018,20801,63276
stream_buffer,7532,11783,9018,20801,63276
stream_buffer,7533,11783,9018,20801,63276
stream_buffer,7534,11783,9018,20801,63276
stream_buffer,7535,11841,9049,20890,63276
stream_buffer,7536,152287,193334,345621,63276
stream_buffer,7537,12450,9029,21479,63276
stream_buffer,7538,11817,9029,20846,63276
stream_buffer,7539,11817,9029,20846,63276
stream_buffer,7540,11817,9029,20846,63276
stream_buffer,7541,11817,9029,20846,63276
stream_buffer,7542,12810,9029,21839,63276
stream_buffer,7543,171440,9029,9029,63276
stream_buffer,7544,12871,286728,299599,63276
stream_buffer,7545,12449,9663,22112,63276
stream_buffer,7546,11849,9092,20941,63276
stream_buffer,7547,11815,9029,20844,63276
stream_buffer,7548,11815,9029,20844,63276
stream_buffer,7549,11815,9029,20844,63276
stream_buffer,7550,11815,9029,20844,63276
stream_buffer,7551,11815,9029,20844,63276
stream_buffer,7552,11815,9029,20844,63276
stream_buffer,7553,11815,9403,21218,63276
stream_buffer,7554,215027,189078,404105,63276
stream_buffer,7555,12447,9031,21478,63276
stream_buffer,7556,11815,9031,20846,63276
stream_buffer,7557,11839,9093,20932,63276
stream_buffer,7558,11817,9029,20846,63276
stream_buffer,7559,11817,9029,20846,63276
stream_buffer,7560,11817,9029,20846,63276
stream_buffer,7561,152407,295020,447427,63276
stream_buffer,7562,12450,12754,25204,63276
stream_buffer,7563,11817,9663,21480,63276
stream_buffer,7564,11817,12635,24452,63276
stream_buffer,7565,11817,9663,21480,63276
stream_buffer,7566,11817,9031,20848,63276
stream_buffer,7567,12858,9029,21887,63276
stream_buffer,7568,20392,9016,29408,63276
stream_buffer,7569,11783,11369,23152,63276
stream_buffer,7570,11783,9016,20799,63276
stream_buffer,7571,11783,9016,20799,63276
stream_buffer,7572,70699,9016,79715,63276
stream_buffer,7573,11783,9016,20799,63276
stream_buffer,7574,221080,237804,458884,63276
stream_buffer,7575,12562,9018,21580,63276
stream_buffer,7576,11783,9018,20801,63276
stream_buffer,7577,11783,9018,20801,63276
stream_buffer,7578,11841,9049,20890,63276
stream_buffer,7579,11817,9029,20846,63276
stream_buffer,7580,11817,9029,20846,63276
stream_buffer,7581,11817,9029,20846,63276
stream_buffer,7582,11817,16846,28663,63276
stream_buffer,7583,217864,9029,9029,63276
stream_buffer,7584,12871,289188,302059,63276
stream_buffer,7585,12449,9663,22112,63276
stream_buffer,7586,13014,9031,22045,63276
stream_buffer,7587,11817,9031,20848,63276
stream_buffer,7588,11817,9031,20848,63276
stream_buffer,7589,11849,9092,20941,63276
stream_buffer,7590,11815,9029,20844,63276
stream_buffer,7591,11815,9029,20844,63276
stream_buffer,7592,11815,11424,23239,63276
stream_buffer,7593,11815,9029,20844,63276
stream_buffer,7594,216171,265917,482088,63276
stream_buffer,7595,12447,9663,22110,63276
stream_buffer,7596,11815,9031,20846,63276
stream_buffer,7597,11815,9031,20846,63276
stream_buffer,7598,11815,9031,20846,63276
stream_buffer,7599,14083,9031,23114,63276
stream_buffer,7600,11839,9093,20932,63276
stream_buffer,7601,11817,9029,20846,63276
stream_buffer,7602,11817,10791,22608,63276
stream_buffer,7603,11817,9029,20846,63276
stream_buffer,7604,244578,9029,9029,63276
stream_buffer,7605,12871,291312,304183,63276
stream_buffer,7606,12449,9663,22112,63276
stream_buffer,7607,11817,9031,20848,63276
stream_buffer,7608,11817,9031,20848,63276
stream_buffer,7609,14213,9031,23244,63276
stream_buffer,7610,11817,9029,20846,63276
stream_buffer,7611,11783,9016,20799,63276
stream_buffer,7612,11783,9016,20799,63276
stream_buffer,7613,11783,9016,20799,63276
stream_buffer,7614,13099,9016,22115,63276
stream_buffer,7615,242540,9016,9016,63276
stream_buffer,7616,12835,317727,330562,63276
stream_buffer,7617,12415,12622,25037,63276
stream_buffer,7618,11783,9650,21433,63276
stream_buffer,7619,13927,9018,22945,63276
stream_buffer,7620,11783,9106,20889,63276
stream_buffer,7621,11841,9049,20890,63276
stream_buffer,7622,11817,9029,20846,63276
stream_buffer,7623,11817,9029,20846,63276
stream_buffer,7624,11979,9029,21008,63276
stream_buffer,7625,11817,9029,20846,63276
stream_buffer,7626,11817,9029,20846,63276
stream_buffer,7627,232699,226656,459355,63276
stream_buffer,7628,12449,9031,21480,63276
stream_buffer,7629,13793,9031,22824,63276
stream_buffer,7630,11817,9031,20848,63276
stream_buffer,7631,11817,9031,20848,63276
stream_buffer,7632,11849,9092,20941,63276
stream_buffer,7633,11815,9029,20844,63276
stream_buffer,7634,12979,9029,22008,63276
stream_buffer,7635,11815,9029,20844,63276
stream_buffer,7636,36417,271399,307816,63276
stream_buffer,7637,12447,9663,22110,63276
stream_buffer,7638,11815,12634,24449,63276
stream_buffer,7639,11815,9663,21478,63276
stream_buffer,7640,11815,9031,20846,63276
stream_buffer,7641,13819,10508,24327,63276
stream_buffer,7642,11815,9031,20846,63276
stream_buffer,7643,11839,11447,23286,63276
stream_buffer,7644,11817,9029,20846,63276
stream_buffer,7645,11817,9029,20846,63276
stream_buffer,7646,51028,9029,60057,63276
stream_buffer,7647,11817,9029,20846,63276
stream_buffer,7648,223971,236096,460067,63276
stream_buffer,7649,12797,9031,21828,63276
stream_buffer,7650,11817,9031,20848,63276
stream_buffer,7651,11817,9031,20848,63276
stream_buffer,7652,11817,9031,20848,63276
stream_buffer,7653,11817,9029,20846,63276
stream_buffer,7654,11783,9016,20799,63276
stream_buffer,7655,11783,9016,20799,63276
stream_buffer,7656,11783,16626,28409,63276
stream_buffer,7657,198614,268913,467527,63276
stream_buffer,7658,12415,9650,22065,63276
stream_buffer,7659,11783,11412,23195,63276
stream_buffer,7660,11783,9018,20801,63276
stream_buffer,7661,13275,9018,22293,63276
stream_buffer,7662,13967,9018,22985,63276
stream_buffer,7663,11783,9018,20801,63276
stream_buffer,7664,11841,9049,20890,63276
stream_buffer,7665,11817,9029,20846,63276
stream_buffer,7666,11817,9029,20846,63276
stream_buffer,7667,218335,265149,483484,63276
stream_buffer,7668,12449,9663,22112,63276
stream_buffer,7669,11817,9031,20848,63276
stream_buffer,7670,11817,9031,20848,63276
stream_buffer,7671,11817,9031,20848,63276
stream_buffer,7672,11911,9031,20942,63276
stream_buffer,7673,11817,9031,20848,63276
stream_buffer,7674,11817,9031,20848,63276
stream_buffer,7675,11849,9092,20941,63276
stream_buffer,7676,11815,9029,20844,63276
stream_buffer,7677,216219,203971,420190,63276
stream_buffer,7678,14842,9029,23871,63276
stream_buffer,7679,11815,9029,20844,63276
stream_buffer,7680,11815,9029,20844,63276
stream_buffer,7681,11815,9029,20844,63276
stream_buffer,7682,11815,9029,20844,63276
stream_buffer,7683,13511,9029,22540,63276
stream_buffer,7684,11815,9029,20844,63276
stream_buffer,7685,12869,276464,289333,63276
stream_buffer,7686,12471,10931,23402,63276
stream_buffer,7687,11817,9029,20846,63276
stream_buffer,7688,11817,11171,22988,63276
stream_buffer,7689,11817,9029,20846,63276
stream_buffer,7690,11817,9029,20846,63276
stream_buffer,7691,14171,9029,23200,63276
stream_buffer,7692,11817,9029,20846,63276
stream_buffer,7693,11817,9029,20846,63276
stream_buffer,7694,11817,9029,20846,63276
stream_buffer,7695,216047,295220,511267,63276
stream_buffer,7696,14595,12880,27475,63276
stream_buffer,7697,11783,9648,21431,63276
stream_buffer,7698,11783,11410,23193,63276
stream_buffer,7699,11783,9016,20799,63276
stream_buffer,7700,11783,9016,20799,63276
stream_buffer,7701,13471,9016,22487,63276
stream_buffer,7702,11783,9016,20799,63276
stream_buffer,7703,11783,9016,20799,63276
stream_buffer,7704,11783,9016,20799,63276
stream_buffer,7705,11783,9016,20799,63276
stream_buffer,7706,234824,265109,499933,63276
stream_buffer,7707,12473,9681,22154,63276
stream_buffer,7708,11817,9029,20846,63276
stream_buffer,7709,11817,9029,20846,63276
stream_buffer,7710,11817,9029,20846,63276
stream_buffer,7711,11927,9029,20956,63276
stream_buffer,7712,11817,9029,20846,63276
stream_buffer,7713,11817,9029,20846,63276
stream_buffer,7714,11817,9029,20846,63276
stream_buffer,7715,11817,9029,20846,63276
stream_buffer,7716,216267,203984,420251,63276
stream_buffer,7717,14844,9031,23875,63276
stream_buffer,7718,11849,9092,20941,63276
stream_buffer,7719,11815,9029,20844,63276
stream_buffer,7720,11815,9029,20844,63276
stream_buffer,7721,11815,9029,20844,63276
stream_buffer,7722,13447,9029,22476,63276
stream_buffer,7723,11815,9029,20844,63276
stream_buffer,7724,12869,276434,289303,63276
stream_buffer,7725,12447,10853,23300,63276
stream_buffer,7726,11815,9031,20846,63276
stream_buffer,7727,11815,11217,23032,63276
stream_buffer,7728,11815,9031,20846,63276
stream_buffer,7729,11839,9093,20932,63276
stream_buffer,7730,14171,9029,23200,63276
stream_buffer,7731,11817,9029,20846,63276
stream_buffer,7732,11817,9029,20846,63276
stream_buffer,7733,11817,9029,20846,63276
stream_buffer,7734,216059,295167,511226,63276
stream_buffer,7735,14593,12866,27459,63276
stream_buffer,7736,11817,9663,21480,63276
stream_buffer,7737,11817,11426,23243,63276
stream_buffer,7738,11817,9031,20848,63276
stream_buffer,7739,11817,9029,20846,63276
stream_buffer,7740,13263,9016,22279,63276
stream_buffer,7741,11783,9016,20799,63276
stream_buffer,7742,11783,9016,20799,63276
stream_buffer,7743,11783,9016,20799,63276
stream_buffer,7744,11783,9016,20799,63276
stream_buffer,7745,234914,264786,499700,63276
stream_buffer,7746,12415,9650,22065,63276
stream_buffer,7747,11783,9018,20801,63276
stream_buffer,7748,11783,9018,20801,63276
stream_buffer,7749,11783,9018,20801,63276
stream_buffer,7750,11929,9049,20978,63276
stream_buffer,7751,11817,9029,20846,63276
stream_buffer,7752,11817,9029,20846,63276
stream_buffer,7753,11817,9029,20846,63276
stream_buffer,7754,11817,9029,20846,63276
stream_buffer,7755,216579,203991,420570,63276
stream_buffer,7756,14844,9031,23875,63276
stream_buffer,7757,11817,9031,20848,63276
stream_buffer,7758,11817,9031,20848,63276
stream_buffer,7759,11817,9031,20848,63276
stream_buffer,7760,11817,9031,20848,63276
stream_buffer,7761,13481,9092,22573,63276
stream_buffer,7762,11815,9029,20844,63276
stream_buffer,7763,12869,276461,289330,63276
stream_buffer,7764,12447,10846,23293,63276
stream_buffer,7765,11815,9031,20846,63276
stream_buffer,7766,11815,11218,23033,63276
stream_buffer,7767,11815,9031,20846,63276
stream_buffer,7768,11815,9031,20846,63276
stream_buffer,7769,14169,9031,23200,63276
stream_buffer,7770,11815,9031,20846,63276
stream_buffer,7771,11815,9031,20846,63276
stream_buffer,7772,11839,9093,20932,63276
stream_buffer,7773,216051,295302,511353,63276
stream_buffer,7774,14635,12908,27543,63276
stream_buffer,7775,11817,9663,21480,63276
stream_buffer,7776,11817,11426,23243,63276
stream_buffer,7777,11817,9031,20848,63276
stream_buffer,7778,11817,9031,20848,63276
stream_buffer,7779,13277,9031,22308,63276
stream_buffer,7780,11817,9031,20848,63276
stream_buffer,7781,11817,9031,20848,63276
stream_buffer,7782,11817,9029,20846,63276
stream_buffer,7783,11783,9016,20799,63276
stream_buffer,7784,234816,264570,499386,63276
stream_buffer,7785,12415,9650,22065,63276
stream_buffer,7786,11783,9018,20801,63276
stream_buffer,7787,11783,9018,20801,63276
stream_buffer,7788,11783,9018,20801,63276
stream_buffer,7789,11877,9018,20895,63276
stream_buffer,7790,11783,9018,20801,63276
stream_buffer,7791,11783,9018,20801,63276
stream_buffer,7792,11783,9018,20801,63276
stream_buffer,7793,11841,9049,20890,63276
stream_buffer,7794,216901,204587,421488,63276
stream_buffer,7795,14844,9029,23873,63276
stream_buffer,7796,11817,9029,20846,63276
stream_buffer,7797,11817,9029,20846,63276
stream_buffer,7798,11817,9029,20846,63276
stream_buffer,7799,11817,9029,20846,63276
stream_buffer,7800,13297,9029,22326,63276
stream_buffer,7801,11817,9029,20846,63276
stream_buffer,7802,12871,276438,289309,63276
stream_buffer,7803,12449,10852,23301,63276
stream_buffer,7804,11849,9092,20941,63276
stream_buffer,7805,11815,11175,22990,63276
stream_buffer,7806,11815,9029,20844,63276
stream_buffer,7807,11815,9029,20844,63276
stream_buffer,7808,14169,9029,23198,63276
stream_buffer,7809,11815,9029,20844,63276
stream_buffer,7810,11815,9029,20844,63276
stream_buffer,7811,11815,9029,20844,63276
stream_buffer,7812,216057,295317,511374,63276
stream_buffer,7813,14593,12893,27486,63276
stream_buffer,7814,11815,9664,21479,63276
stream_buffer,7815,11839,11488,23327,63276
stream_buffer,7816,11817,9029,20846,63276
stream_buffer,7817,11817,9029,20846,63276
stream_buffer,7818,13259,9029,22288,63276
stream_buffer,7819,11817,9029,20846,63276
stream_buffer,7820,11817,9029,20846,63276
stream_buffer,7821,11817,9029,20846,63276
stream_buffer,7822,11817,9029,20846,63276
stream_buffer,7823,233956,173900,407856,63276
stream_buffer,7824,12449,9663,22112,63276
stream_buffer,7825,11817,9029,20846,63276
stream_buffer,7826,11783,9016,20799,63276
stream_buffer,7827,11783,9016,20799,63276
stream_buffer,7828,11922,9016,20938,63276
stream_buffer,7829,11783,9016,20799,63276
stream_buffer,7830,15229,194397,209626,63276
stream_buffer,7831,12415,9018,21433,63276
stream_buffer,7832,11783,9018,20801,63276
stream_buffer,7833,11783,9018,20801,63276
stream_buffer,7834,11783,9018,20801,63276
stream_buffer,7835,11940,9018,20958,63276
stream_buffer,7836,11841,9049,20890,63276
stream_buffer,7837,12871,196593,209464,63276
stream_buffer,7838,12449,9029,21478,63276
stream_buffer,7839,11817,9029,20846,63276
stream_buffer,7840,11817,9029,20846,63276
stream_buffer,7841,11817,9029,20846,63276
stream_buffer,7842,11817,9029,20846,63276
stream_buffer,7843,11817,9029,20846,63276
stream_buffer,7844,152111,193310,345421,63276
stream_buffer,7845,12449,9031,21480,63276
stream_buffer,7846,11817,9031,20848,63276
stream_buffer,7847,11849,9092,20941,63276
stream_buffer,7848,11815,9029,20844,63276
stream_buffer,7849,11815,9029,20844,63276
stream_buffer,7850,11833,9029,20862,63276
stream_buffer,7851,171582,9029,9029,63276
stream_buffer,7852,12869,287644,300513,63276
stream_buffer,7853,12447,9664,22111,63276
stream_buffer,7854,11815,9031,20846,63276
stream_buffer,7855,11815,9031,20846,63276
stream_buffer,7856,11880,9031,20911,63276
stream_buffer,7857,11815,9031,20846,63276
stream_buffer,7858,11839,9093,20932,63276
stream_buffer,7859,11817,9029,20846,63276
stream_buffer,7860,11817,9029,20846,63276
stream_buffer,7861,11817,9857,21674,63276
stream_buffer,7862,216337,186807,403144,63276
stream_buffer,7863,12449,9031,21480,63276
stream_buffer,7864,11817,9031,20848,63276
stream_buffer,7865,11817,9031,20848,63276
stream_buffer,7866,11817,9031,20848,63276
stream_buffer,7867,11817,9031,20848,63276
stream_buffer,7868,11817,9029,20846,63276
stream_buffer,7869,152362,193110,345472,63276
stream_buffer,7870,12415,9016,21431,63276
stream_buffer,7871,11783,9016,20799,63276
stream_buffer,7872,11783,9016,20799,63276
stream_buffer,7873,11783,9016,20799,63276
stream_buffer,7874,11783,9016,20799,63276
stream_buffer,7875,11801,9016,20817,63276
stream_buffer,7876,171590,9016,9016,63276
stream_buffer,7877,12835,287570,300405,63276
stream_buffer,7878,12415,9651,22066,63276
stream_buffer,7879,11841,9049,20890,63276
stream_buffer,7880,11817,9029,20846,63276
stream_buffer,7881,11852,9029,20881,63276
stream_buffer,7882,11817,9029,20846,63276
stream_buffer,7883,11817,9029,20846,63276
stream_buffer,7884,11817,9029,20846,63276
stream_buffer,7885,11817,9029,20846,63276
stream_buffer,7886,11817,9920,21737,63276
stream_buffer,7887,216367,186806,403173,63276
stream_buffer,7888,12449,9031,21480,63276
stream_buffer,7889,11817,9031,20848,63276
stream_buffer,7890,11849,9092,20941,63276
stream_buffer,7891,11815,9029,20844,63276
stream_buffer,7892,11815,9029,20844,63276
stream_buffer,7893,11815,9029,20844,63276
stream_buffer,7894,152411,193289,345700,63276
stream_buffer,7895,12447,9031,21478,63276
stream_buffer,7896,11815,9031,20846,63276
stream_buffer,7897,11815,9031,20846,63276
stream_buffer,7898,11815,9031,20846,63276
stream_buffer,7899,11815,9031,20846,63276
stream_buffer,7900,11823,9031,20854,63276
stream_buffer,7901,171678,9093,9093,63276
stream_buffer,7902,12871,287522,300393,63276
stream_buffer,7903,12449,9664,22113,63276
stream_buffer,7904,11817,9031,20848,63276
stream_buffer,7905,11817,9031,20848,63276
stream_buffer,7906,11956,9031,20987,63276
stream_buffer,7907,11817,9031,20848,63276
stream_buffer,7908,11817,9031,20848,63276
stream_buffer,7909,11817,9031,20848,63276
stream_buffer,7910,11817,9031,20848,63276
stream_buffer,7911,11817,9910,21727,63276
stream_buffer,7912,216344,186956,403300,63276
stream_buffer,7913,12415,9016,21431,63276
stream_buffer,7914,11783,9016,20799,63276
stream_buffer,7915,11783,9016,20799,63276
stream_buffer,7916,11783,9016,20799,63276
stream_buffer,7917,11783,9016,20799,63276
stream_buffer,7918,11783,9016,20799,63276
stream_buffer,7919,152292,193190,345482,63276
stream_buffer,7920,12415,9018,21433,63276
stream_buffer,7921,11783,9018,20801,63276
stream_buffer,7922,11841,9049,20890,63276
stream_buffer,7923,11817,9029,20846,63276
stream_buffer,7924,11817,9029,20846,63276
stream_buffer,7925,11827,9029,20856,63276
stream_buffer,7926,171670,9029,9029,63276
stream_buffer,7927,12871,287662,300533,63276
stream_buffer,7928,12449,9663,22112,63276
stream_buffer,7929,11817,9031,20848,63276
stream_buffer,7930,11817,9031,20848,63276
stream_buffer,7931,11935,9031,20966,63276
stream_buffer,7932,11817,9031,20848,63276
stream_buffer,7933,11849,9092,20941,63276
stream_buffer,7934,11815,9029,20844,63276
stream_buffer,7935,11815,9029,20844,63276
stream_buffer,7936,11815,9850,21665,63276
stream_buffer,7937,216331,186811,403142,63276
stream_buffer,7938,12447,9029,21476,63276
stream_buffer,7939,11815,9029,20844,63276
stream_buffer,7940,11815,9029,20844,63276
stream_buffer,7941,11815,9029,20844,63276
stream_buffer,7942,11815,9029,20844,63276
stream_buffer,7943,11815,9029,20844,63276
stream_buffer,7944,152370,193400,345770,63276
stream_buffer,7945,12449,9029,21478,63276
stream_buffer,7946,11817,9029,20846,63276
stream_buffer,7947,11817,9029,20846,63276
stream_buffer,7948,11817,9029,20846,63276
stream_buffer,7949,11817,9029,20846,63276
stream_buffer,7950,11819,9029,20848,63276
stream_buffer,7951,171580,9029,9029,63276
stream_buffer,7952,12871,287485,300356,63276
stream_buffer,7953,12449,9664,22113,63276
stream_buffer,7954,11817,9029,20846,63276
stream_buffer,7955,11783,9016,20799,63276
stream_buffer,7956,11871,9016,20887,63276
stream_buffer,7957,11783,9016,20799,63276
stream_buffer,7958,11783,9016,20799,63276
stream_buffer,7959,11783,9016,20799,63276
stream_buffer,7960,11783,9016,20799,63276
stream_buffer,7961,11783,10153,21936,63276
stream_buffer,7962,216644,186629,403273,63276
stream_buffer,7963,12415,9018,21433,63276
stream_buffer,7964,11783,9018,20801,63276
stream_buffer,7965,11841,9049,20890,63276
stream_buffer,7966,11817,9029,20846,63276
stream_buffer,7967,11817,9029,20846,63276
stream_buffer,7968,11817,9029,20846,63276
stream_buffer,7969,152351,193364,345715,63276
stream_buffer,7970,12449,9031,21480,63276
stream_buffer,7971,11817,9031,20848,63276
stream_buffer,7972,11817,9031,20848,63276
stream_buffer,7973,11817,9031,20848,63276
stream_buffer,7974,11817,9031,20848,63276
stream_buffer,7975,11819,9031,20850,63276
stream_buffer,7976,171684,9092,9092,63276
stream_buffer,7977,12869,287506,300375,63276
stream_buffer,7978,12447,9661,22108,63276
stream_buffer,7979,11815,9029,20844,63276
stream_buffer,7980,11815,9029,20844,63276
stream_buffer,7981,11955,9029,20984,63276
stream_buffer,7982,11815,9029,20844,63276
stream_buffer,7983,11815,9029,20844,63276
stream_buffer,7984,11815,9029,20844,63276
stream_buffer,7985,11815,9029,20844,63276
stream_buffer,7986,11815,9943,21758,63276
stream_buffer,7987,216424,186861,403285,63276
stream_buffer,7988,12449,9029,21478,63276
stream_buffer,7989,11817,9029,20846,63276
stream_buffer,7990,11817,9029,20846,63276
stream_buffer,7991,11817,9029,20846,63276
stream_buffer,7992,11817,9029,20846,63276
stream_buffer,7993,11817,9029,20846,63276
stream_buffer,7994,152407,193085,345492,63276
stream_buffer,7995,12449,9031,21480,63276
stream_buffer,7996,11817,9031,20848,63276
stream_buffer,7997,11817,9029,20846,63276
stream_buffer,7998,11783,9016,20799,63276
stream_buffer,7999,11783,9016,20799,63276
stream_buffer,8000,11795,9016,20811,63276
stream_buffer,8001,171564,9016,9016,63276
stream_buffer,8002,12835,287588,300423,63276
stream_buffer,8003,12415,9650,22065,63276
stream_buffer,8004,11783,9018,20801,63276
stream_buffer,8005,11783,9018,20801,63276
stream_buffer,8006,11814,9018,20832,63276
stream_buffer,8007,11783,9018,20801,63276
stream_buffer,8008,11841,9049,20890,63276
stream_buffer,8009,11817,9029,20846,63276
stream_buffer,8010,11817,9029,20846,63276
stream_buffer,8011,11817,10167,21984,63276
stream_buffer,8012,216569,186598,403167,63276
stream_buffer,8013,12449,9029,21478,63276
stream_buffer,8014,11817,9029,20846,63276
stream_buffer,8015,11817,9029,20846,63276
stream_buffer,8016,11817,9029,20846,63276
stream_buffer,8017,11817,9029,20846,63276
stream_buffer,8018,11817,9029,20846,63276
stream_buffer,8019,152372,193401,345773,63276
stream_buffer,8020,12447,9029,21476,63276
stream_buffer,8021,11815,9029,20844,63276
stream_buffer,8022,11815,9029,20844,63276
stream_buffer,8023,11815,9029,20844,63276
stream_buffer,8024,11815,9029,20844,63276
stream_buffer,8025,11823,9029,20852,63276
stream_buffer,8026,171582,9029,9029,63276
stream_buffer,8027,12869,287639,300508,63276
stream_buffer,8028,12447,9663,22110,63276
stream_buffer,8029,11815,9031,20846,63276
stream_buffer,8030,11839,9093,20932,63276
stream_buffer,8031,11937,9029,20966,63276
stream_buffer,8032,11817,9029,20846,63276
stream_buffer,8033,11817,9029,20846,63276
stream_buffer,8034,11817,9029,20846,63276
stream_buffer,8035,11817,9029,20846,63276
stream_buffer,8036,11817,9872,21689,63276
stream_buffer,8037,216349,186818,403167,63276
stream_buffer,8038,12449,9031,21480,63276
stream_buffer,8039,11817,9031,20848,63276
stream_buffer,8040,11817,9029,20846,63276
stream_buffer,8041,11783,9016,20799,63276
stream_buffer,8042,11783,9016,20799,63276
stream_buffer,8043,11783,9016,20799,63276
stream_buffer,8044,152248,193228,345476,63276
stream_buffer,8045,12415,9018,21433,63276
stream_buffer,8046,11783,9018,20801,63276
stream_buffer,8047,11783,9018,20801,63276
stream_buffer,8048,11783,9018,20801,63276
stream_buffer,8049,11783,9018,20801,63276
stream_buffer,8050,11812,9018,20830,63276
stream_buffer,8051,171666,9049,9049,63276
stream_buffer,8052,12871,287547,300418,63276
stream_buffer,8053,12449,9662,22111,63276
stream_buffer,8054,11817,9029,20846,63276
stream_buffer,8055,11817,9029,20846,63276
stream_buffer,8056,11868,9029,20897,63276
stream_buffer,8057,11817,9029,20846,63276
stream_buffer,8058,11817,9029,20846,63276
stream_buffer,8059,11817,9029,20846,63276
stream_buffer,8060,11817,9029,20846,63276
stream_buffer,8061,11817,9902,21719,63276
stream_buffer,8062,216414,187144,403558,63276
stream_buffer,8063,12447,9029,21476,63276
stream_buffer,8064,11815,9029,20844,63276
stream_buffer,8065,11815,9029,20844,63276
stream_buffer,8066,11815,9029,20844,63276
stream_buffer,8067,11815,9029,20844,63276
stream_buffer,8068,11815,9029,20844,63276
stream_buffer,8069,152019,193311,345330,63276
stream_buffer,8070,12447,9031,21478,63276
stream_buffer,8071,11815,9031,20846,63276
stream_buffer,8072,11815,9031,20846,63276
stream_buffer,8073,11839,9093,20932,63276
stream_buffer,8074,11817,9029,20846,63276
stream_buffer,8075,11836,9029,20865,63276
stream_buffer,8076,171604,9029,9029,63276
stream_buffer,8077,12871,287493,300364,63276
stream_buffer,8078,12449,9664,22113,63276
stream_buffer,8079,11817,9031,20848,63276
stream_buffer,8080,11817,9031,20848,63276
stream_buffer,8081,11888,9031,20919,63276
stream_buffer,8082,11817,9031,20848,63276
stream_buffer,8083,11817,9029,20846,63276
stream_buffer,8084,11783,9016,20799,63276
stream_buffer,8085,11783,9016,20799,63276
stream_buffer,8086,11783,10215,21998,63276
stream_buffer,8087,216704,186529,403233,63276
stream_buffer,8088,12415,9016,21431,63276
stream_buffer,8089,11783,9016,20799,63276
stream_buffer,8090,11783,9016,20799,63276
stream_buffer,8091,11783,9016,20799,63276
stream_buffer,8092,11783,9016,20799,63276
stream_buffer,8093,11783,9016,20799,63276
stream_buffer,8094,152332,193399,345731,63276
stream_buffer,8095,12449,9029,21478,63276
stream_buffer,8096,11817,9029,20846,63276
stream_buffer,8097,11817,9029,20846,63276
stream_buffer,8098,11817,9029,20846,63276
stream_buffer,8099,11817,9029,20846,63276
stream_buffer,8100,11819,9029,20848,63276
stream_buffer,8101,171592,9029,9029,63276
stream_buffer,8102,12871,287630,300501,63276
stream_buffer,8103,12449,9663,22112,63276
stream_buffer,8104,11817,9031,20848,63276
stream_buffer,8105,11849,9092,20941,63276
stream_buffer,8106,11944,9029,20973,63276
stream_buffer,8107,11815,9029,20844,63276
stream_buffer,8108,11815,9029,20844,63276
stream_buffer,8109,11815,9029,20844,63276
stream_buffer,8110,11815,9029,20844,63276
stream_buffer,8111,11815,9861,21676,63276
stream_buffer,8112,216345,186818,403163,63276
stream_buffer,8113,12447,9031,21478,63276
stream_buffer,8114,11815,9031,20846,63276
stream_buffer,8115,11815,9031,20846,63276
stream_buffer,8116,11839,9093,20932,63276
stream_buffer,8117,11817,9029,20846,63276
stream_buffer,8118,11817,9029,20846,63276
stream_buffer,8119,152483,193197,345680,63276
stream_buffer,8120,12449,9031,21480,63276
stream_buffer,8121,11817,9031,20848,63276
stream_buffer,8122,11817,9031,20848,63276
stream_buffer,8123,11817,9031,20848,63276
stream_buffer,8124,11817,9031,20848,63276
stream_buffer,8125,11819,9031,20850,63276
stream_buffer,8126,171620,9029,9029,63276
stream_buffer,8127,12835,287448,300283,63276
stream_buffer,8128,12415,9648,22063,63276
stream_buffer,8129,11783,9016,20799,63276
stream_buffer,8130,11783,9016,20799,63276
stream_buffer,8131,11860,9016,20876,63276
stream_buffer,8132,11783,9016,20799,63276
stream_buffer,8133,11783,9016,20799,63276
stream_buffer,8134,11783,9016,20799,63276
stream_buffer,8135,11783,9016,20799,63276
stream_buffer,8136,11783,10137,21920,63276
stream_buffer,8137,216628,186735,403363,63276
stream_buffer,8138,12449,9029,21478,63276
stream_buffer,8139,11817,9029,20846,63276
stream_buffer,8140,11817,9029,20846,63276
stream_buffer,8141,11817,9029,20846,63276
stream_buffer,8142,11817,9029,20846,63276
stream_buffer,8143,11817,9029,20846,63276
stream_buffer,8144,152413,193288,345701,63276
stream_buffer,8145,12449,9031,21480,63276
stream_buffer,8146,11817,9031,20848,63276
stream_buffer,8147,11817,9031,20848,63276
stream_buffer,8148,11849,9092,20941,63276
stream_buffer,8149,11815,9029,20844,63276
stream_buffer,8150,11820,9029,20849,63276
stream_buffer,8151,171544,9029,9029,63276
stream_buffer,8152,12869,287649,300518,63276
stream_buffer,8153,12447,9663,22110,63276
stream_buffer,8154,11815,9031,20846,63276
stream_buffer,8155,11815,9031,20846,63276
stream_buffer,8156,11912,9031,20943,63276
stream_buffer,8157,11815,9031,20846,63276
stream_buffer,8158,11815,9031,20846,63276
stream_buffer,8159,11839,9093,20932,63276
stream_buffer,8160,11817,9029,20846,63276
stream_buffer,8161,11817,9844,21661,63276
stream_buffer,8162,216337,186822,403159,63276
stream_buffer,8163,12449,9029,21478,63276
stream_buffer,8164,11817,9029,20846,63276
stream_buffer,8165,11817,9029,20846,63276
stream_buffer,8166,11817,9029,20846,63276
stream_buffer,8167,11817,9029,20846,63276
stream_buffer,8168,11817,9029,20846,63276
stream_buffer,8169,152343,193174,345517,63276
stream_buffer,8170,12415,9016,21431,63276
stream_buffer,8171,11783,9016,20799,63276
stream_buffer,8172,11783,9016,20799,63276
stream_buffer,8173,11783,9016,20799,63276
stream_buffer,8174,11783,9016,20799,63276
stream_buffer,8175,11801,9016,20817,63276
stream_buffer,8176,171576,9016,9016,63276
stream_buffer,8177,12835,287598,300433,63276
stream_buffer,8178,12415,9650,22065,63276
stream_buffer,8179,11783,9018,20801,63276
stream_buffer,8180,11841,9049,20890,63276
stream_buffer,8181,11850,9029,20879,63276
stream_buffer,8182,11817,9029,20846,63276
stream_buffer,8183,11817,9029,20846,63276
stream_buffer,8184,11817,9029,20846,63276
stream_buffer,8185,11817,9029,20846,63276
stream_buffer,8186,11817,9934,21751,63276
stream_buffer,8187,216353,186806,403159,63276
stream_buffer,8188,12449,9031,21480,63276
stream_buffer,8189,11817,9031,20848,63276
stream_buffer,8190,11817,9031,20848,63276
stream_buffer,8191,11849,9092,20941,63276
stream_buffer,8192,11815,9029,20844,63276
stream_buffer,8193,11815,9029,20844,63276
stream_buffer,8194,152409,193267,345676,63276
stream_buffer,8195,12447,9029,21476,63276
stream_buffer,8196,11815,9029,20844,63276
stream_buffer,8197,11815,9029,20844,63276
stream_buffer,8198,11815,9029,20844,63276
stream_buffer,8199,11815,9029,20844,63276
stream_buffer,8200,11823,9029,20852,63276
stream_buffer,8201,171584,9029,9029,63276
stream_buffer,8202,12891,287694,300585,63276
stream_buffer,8203,12449,9662,22111,63276
stream_buffer,8204,11817,9029,20846,63276
stream_buffer,8205,11817,9029,20846,63276
stream_buffer,8206,11941,9029,20970,63276
stream_buffer,8207,11817,9029,20846,63276
stream_buffer,8208,11817,9029,20846,63276
stream_buffer,8209,11817,9029,20846,63276
stream_buffer,8210,11817,9029,20846,63276
stream_buffer,8211,11817,9917,21734,63276
stream_buffer,8212,216371,187021,403392,63276
stream_buffer,8213,12415,9016,21431,63276
stream_buffer,8214,11783,9016,20799,63276
stream_buffer,8215,11783,9016,20799,63276
stream_buffer,8216,11783,9016,20799,63276
stream_buffer,8217,11783,9016,20799,63276
stream_buffer,8218,11783,9016,20799,63276
stream_buffer,8219,152048,193256,345304,63276
stream_buffer,8220,12415,9018,21433,63276
stream_buffer,8221,11783,9018,20801,63276
stream_buffer,8222,11783,9018,20801,63276
stream_buffer,8223,11841,9049,20890,63276
stream_buffer,8224,11817,9029,20846,63276
stream_buffer,8225,11861,9029,20890,63276
stream_buffer,8226,171616,9029,9029,63276
stream_buffer,8227,12871,287605,300476,63276
stream_buffer,8228,12449,9664,22113,63276
stream_buffer,8229,11817,9031,20848,63276
stream_buffer,8230,11817,9031,20848,63276
stream_buffer,8231,11857,9031,20888,63276
stream_buffer,8232,11817,9031,20848,63276
stream_buffer,8233,11817,9031,20848,63276
stream_buffer,8234,11849,9092,20941,63276
stream_buffer,8235,11815,9029,20844,63276
stream_buffer,8236,11815,9850,21665,63276
stream_buffer,8237,216329,186811,403140,63276
stream_buffer,8238,12447,9029,21476,63276
stream_buffer,8239,11815,9029,20844,63276
stream_buffer,8240,11815,9029,20844,63276
stream_buffer,8241,11815,9029,20844,63276
stream_buffer,8242,11815,9029,20844,63276
stream_buffer,8243,11815,9029,20844,63276
stream_buffer,8244,152341,193360,345701,63276
stream_buffer,8245,12471,9093,21564,63276
stream_buffer,8246,11817,9029,20846,63276
stream_buffer,8247,11817,9029,20846,63276
stream_buffer,8248,11817,9029,20846,63276
stream_buffer,8249,11817,9029,20846,63276
stream_buffer,8250,11822,9029,20851,63276
stream_buffer,8251,171576,9029,9029,63276
stream_buffer,8252,12871,287479,300350,63276
stream_buffer,8253,12449,9664,22113,63276
stream_buffer,8254,11817,9031,20848,63276
stream_buffer,8255,11817,9029,20846,63276
stream_buffer,8256,11880,9016,20896,63276
stream_buffer,8257,11783,9016,20799,63276
stream_buffer,8258,11783,9016,20799,63276
stream_buffer,8259,11783,9016,20799,63276
stream_buffer,8260,11783,9016,20799,63276
stream_buffer,8261,11783,10195,21978,63276
stream_buffer,8262,216692,186570,403262,63276
stream_buffer,8263,12415,9018,21433,63276
stream_buffer,8264,11783,9018,20801,63276
stream_buffer,8265,11783,9018,20801,63276
stream_buffer,8266,11841,9049,20890,63276
stream_buffer,8267,11817,9029,20846,63276
stream_buffer,8268,11817,9029,20846,63276
stream_buffer,8269,152301,193359,345660,63276
stream_buffer,8270,12449,9029,21478,63276
stream_buffer,8271,11817,9029,20846,63276
stream_buffer,8272,11817,9029,20846,63276
stream_buffer,8273,11817,9029,20846,63276
stream_buffer,8274,11817,9029,20846,63276
stream_buffer,8275,11819,9029,20848,63276
stream_buffer,8276,171592,9029,9029,63276
stream_buffer,8277,12903,287688,300591,63276
stream_buffer,8278,12447,9662,22109,63276
stream_buffer,8279,11815,9029,20844,63276
stream_buffer,8280,11815,9029,20844,63276
stream_buffer,8281,11947,9029,20976,63276
stream_buffer,8282,11815,9029,20844,63276
stream_buffer,8283,11815,9029,20844,63276
stream_buffer,8284,11815,9029,20844,63276
stream_buffer,8285,11815,9029,20844,63276
stream_buffer,8286,11815,9919,21734,63276
stream_buffer,8287,216373,186791,403164,63276
stream_buffer,8288,12471,9093,21564,63276
stream_buffer,8289,11817,9029,20846,63276
stream_buffer,8290,11817,9029,20846,63276
stream_buffer,8291,11817,9029,20846,63276
stream_buffer,8292,11817,9029,20846,63276
stream_buffer,8293,11817,9029,20846,63276
stream_buffer,8294,152445,193130,345575,63276
stream_buffer,8295,12449,9031,21480,63276
stream_buffer,8296,11817,9031,20848,63276
stream_buffer,8297,11817,9031,20848,63276
stream_buffer,8298,11817,9029,20846,63276
stream_buffer,8299,11783,9016,20799,63276
stream_buffer,8300,11793,9016,20809,63276
stream_buffer,8301,171618,9016,9016,63276
stream_buffer,8302,12835,287578,300413,63276
stream_buffer,8303,12415,9651,22066,63276
stream_buffer,8304,11783,9018,20801,63276
stream_buffer,8305,11783,9018,20801,63276
stream_buffer,8306,11811,9018,20829,63276
stream_buffer,8307,11783,9018,20801,63276
stream_buffer,8308,11783,9018,20801,63276
stream_buffer,8309,11841,9049,20890,63276
stream_buffer,8310,11817,9029,20846,63276
stream_buffer,8311,11817,10205,22022,63276
stream_buffer,8312,216619,186591,403210,63276
stream_buffer,8313,12449,9029,21478,63276
stream_buffer,8314,11817,9029,20846,63276
stream_buffer,8315,11817,9029,20846,63276
stream_buffer,8316,11817,9029,20846,63276
stream_buffer,8317,11817,9029,20846,63276
stream_buffer,8318,11817,9029,20846,63276
stream_buffer,8319,152307,193389,345696,63276
stream_buffer,8320,12481,9092,21573,63276
stream_buffer,8321,11815,9029,20844,63276
stream_buffer,8322,11815,9029,20844,63276
stream_buffer,8323,11815,9029,20844,63276
stream_buffer,8324,11815,9029,20844,63276
stream_buffer,8325,11820,9029,20849,63276
stream_buffer,8326,171576,9029,9029,63276
stream_buffer,8327,12869,287611,300480,63276
stream_buffer,8328,12447,9663,22110,63276
stream_buffer,8329,11815,9031,20846,63276
stream_buffer,8330,11815,9031,20846,63276
stream_buffer,8331,11970,9093,21063,63276
stream_buffer,8332,11817,9029,20846,63276
stream_buffer,8333,11817,9029,20846,63276
stream_buffer,8334,11817,9029,20846,63276
stream_buffer,8335,11817,9029,20846,63276
stream_buffer,8336,11817,9822,21639,63276
stream_buffer,8337,216343,186836,403179,63276
stream_buffer,8338,12449,9031,21480,63276
stream_buffer,8339,11817,9031,20848,63276
stream_buffer,8340,11817,9031,20848,63276
stream_buffer,8341,11817,9029,20846,63276
stream_buffer,8342,11783,9016,20799,63276
stream_buffer,8343,11783,9016,20799,63276
stream_buffer,8344,152338,193135,345473,63276
stream_buffer,8345,12415,9016,21431,63276
stream_buffer,8346,11783,9016,20799,63276
stream_buffer,8347,11783,9016,20799,63276
stream_buffer,8348,11783,9016,20799,63276
stream_buffer,8349,11783,9016,20799,63276
stream_buffer,8350,11801,9016,20817,63276
stream_buffer,8351,171590,9016,9016,63276
stream_buffer,8352,12895,287610,300505,63276
stream_buffer,8353,12449,9661,22110,63276
stream_buffer,8354,11817,9029,20846,63276
stream_buffer,8355,11817,9029,20846,63276
stream_buffer,8356,11881,9029,20910,63276
stream_buffer,8357,11817,9029,20846,63276
stream_buffer,8358,11817,9029,20846,63276
stream_buffer,8359,11817,9029,20846,63276
stream_buffer,8360,11817,9029,20846,63276
stream_buffer,8361,11817,9948,21765,63276
stream_buffer,8362,216365,186800,403165,63276
stream_buffer,8363,12481,9092,21573,63276
stream_buffer,8364,11815,9029,20844,63276
stream_buffer,8365,11815,9029,20844,63276
stream_buffer,8366,11815,9029,20844,63276
stream_buffer,8367,11815,9029,20844,63276
stream_buffer,8368,11815,9029,20844,63276
stream_buffer,8369,152485,193215,345700,63276
stream_buffer,8370,12447,9031,21478,63276
stream_buffer,8371,11815,9031,20846,63276
stream_buffer,8372,11815,9031,20846,63276
stream_buffer,8373,11815,9031,20846,63276
stream_buffer,8374,11839,9093,20932,63276
stream_buffer,8375,11821,9029,20850,63276
stream_buffer,8376,171574,9029,9029,63276
stream_buffer,8377,12871,287540,300411,63276
stream_buffer,8378,12449,9663,22112,63276
stream_buffer,8379,11817,9031,20848,63276
stream_buffer,8380,11817,9031,20848,63276
stream_buffer,8381,11923,9031,20954,63276
stream_buffer,8382,11817,9031,20848,63276
stream_buffer,8383,11817,9031,20848,63276
stream_buffer,8384,11817,9029,20846,63276
stream_buffer,8385,11783,9016,20799,63276
stream_buffer,8386,11783,10215,21998,63276
stream_buffer,8387,216682,186524,403206,63276
stream_buffer,8388,12415,9016,21431,63276
stream_buffer,8389,11783,9016,20799,63276
stream_buffer,8390,11783,9016,20799,63276
stream_buffer,8391,11783,9016,20799,63276
stream_buffer,8392,11783,9016,20799,63276
stream_buffer,8393,11783,9016,20799,63276
stream_buffer,8394,152268,193336,345604,63276
stream_buffer,8395,12473,9049,21522,63276
stream_buffer,8396,11817,9029,20846,63276
stream_buffer,8397,11817,9029,20846,63276
stream_buffer,8398,11817,9029,20846,63276
stream_buffer,8399,11817,9029,20846,63276
stream_buffer,8400,11827,9029,20856,63276
stream_buffer,8401,171616,9029,9029,63276
stream_buffer,8402,12871,287635,300506,63276
stream_buffer,8403,12449,9663,22112,63276
stream_buffer,8404,11817,9031,20848,63276
stream_buffer,8405,11817,9031,20848,63276
stream_buffer,8406,11981,9092,21073,63276
stream_buffer,8407,11815,9029,20844,63276
stream_buffer,8408,11815,9029,20844,63276
stream_buffer,8409,11815,9029,20844,63276
stream_buffer,8410,11815,9029,20844,63276
stream_buffer,8411,11815,9867,21682,63276
stream_buffer,8412,216343,186822,403165,63276
stream_buffer,8413,12447,9031,21478,63276
stream_buffer,8414,11815,9031,20846,63276
stream_buffer,8415,11815,9031,20846,63276
stream_buffer,8416,11815,9031,20846,63276
stream_buffer,8417,11839,9093,20932,63276
stream_buffer,8418,11817,9029,20846,63276
stream_buffer,8419,152447,193234,345681,63276
stream_buffer,8420,12449,9029,21478,63276
stream_buffer,8421,11817,9029,20846,63276
stream_buffer,8422,11817,9029,20846,63276
stream_buffer,8423,11817,9029,20846,63276
stream_buffer,8424,11817,9029,20846,63276
stream_buffer,8425,11819,9029,20848,63276
stream_buffer,8426,171592,9029,9029,63276
stream_buffer,8427,12871,287494,300365,63276
stream_buffer,8428,12415,9648,22063,63276
stream_buffer,8429,11783,9016,20799,63276
stream_buffer,8430,11783,9016,20799,63276
stream_buffer,8431,11869,9016,20885,63276
stream_buffer,8432,11783,9016,20799,63276
stream_buffer,8433,11783,9016,20799,63276
stream_buffer,8434,11783,9016,20799,63276
stream_buffer,8435,11783,9016,20799,63276
stream_buffer,8436,11783,10210,21993,63276
stream_buffer,8437,216640,186592,403232,63276
stream_buffer,8438,12473,9049,21522,63276
stream_buffer,8439,11817,9029,20846,63276
stream_buffer,8440,11817,9029,20846,63276
stream_buffer,8441,11817,9029,20846,63276
stream_buffer,8442,11817,9029,20846,63276
stream_buffer,8443,11817,9029,20846,63276
stream_buffer,8444,152297,193391,345688,63276
stream_buffer,8445,12449,9031,21480,63276
stream_buffer,8446,11817,9031,20848,63276
stream_buffer,8447,11817,9031,20848,63276
stream_buffer,8448,11817,9031,20848,63276
stream_buffer,8449,11849,9092,20941,63276
stream_buffer,8450,11815,9029,20844,63276
stream_buffer,8451,171538,9029,9029,63276
stream_buffer,8452,12869,287643,300512,63276
stream_buffer,8453,12447,9663,22110,63276
stream_buffer,8454,11815,9031,20846,63276
stream_buffer,8455,11815,9031,20846,63276
stream_buffer,8456,11910,9031,20941,63276
stream_buffer,8457,11815,9031,20846,63276
stream_buffer,8458,11815,9031,20846,63276
stream_buffer,8459,11815,9031,20846,63276
stream_buffer,8460,11839,9093,20932,63276
stream_buffer,8461,11817,9826,21643,63276
stream_buffer,8462,216339,186832,403171,63276
stream_buffer,8463,12449,9029,21478,63276
stream_buffer,8464,11817,9029,20846,63276
stream_buffer,8465,11817,9029,20846,63276
stream_buffer,8466,11817,9029,20846,63276
stream_buffer,8467,11817,9029,20846,63276
stream_buffer,8468,11817,9029,20846,63276
stream_buffer,8469,152345,193150,345495,63276
stream_buffer,8470,12449,9029,21478,63276
stream_buffer,8471,11783,9016,20799,63276
stream_buffer,8472,11783,9016,20799,63276
stream_buffer,8473,11783,9016,20799,63276
stream_buffer,8474,11783,9016,20799,63276
stream_buffer,8475,11792,9016,20808,63276
stream_buffer,8476,171574,9016,9016,63276
stream_buffer,8477,12835,287596,300431,63276
stream_buffer,8478,12415,9650,22065,63276
stream_buffer,8479,11783,9018,20801,63276
stream_buffer,8480,11783,9018,20801,63276
stream_buffer,8481,11863,9049,20912,63276
stream_buffer,8482,11817,9029,20846,63276
stream_buffer,8483,11817,9029,20846,63276
stream_buffer,8484,11817,9029,20846,63276
stream_buffer,8485,11817,9029,20846,63276
stream_buffer,8486,11817,10230,22047,63276
stream_buffer,8487,216621,186629,403250,63276
stream_buffer,8488,12449,9031,21480,63276
stream_buffer,8489,11817,9031,20848,63276
stream_buffer,8490,11817,9031,20848,63276
stream_buffer,8491,11817,9031,20848,63276
stream_buffer,8492,11849,9092,20941,63276
stream_buffer,8493,11815,9029,20844,63276
stream_buffer,8494,152277,193463,345740,63276
stream_buffer,8495,12447,9029,21476,63276
stream_buffer,8496,11815,9029,20844,63276
stream_buffer,8497,11815,9029,20844,63276
stream_buffer,8498,11815,9029,20844,63276
stream_buffer,8499,11815,9029,20844,63276
stream_buffer,8500,11823,9029,20852,63276
stream_buffer,8501,171584,9029,9029,63276
stream_buffer,8502,12869,287632,300501,63276
stream_buffer,8503,12471,9725,22196,63276
stream_buffer,8504,11817,9029,20846,63276
stream_buffer,8505,11817,9029,20846,63276
stream_buffer,8506,11941,9029,20970,63276
stream_buffer,8507,11817,9029,20846,63276
stream_buffer,8508,11817,9029,20846,63276
stream_buffer,8509,11817,9029,20846,63276
stream_buffer,8510,11817,9029,20846,63276
stream_buffer,8511,11817,9857,21674,63276
stream_buffer,8512,216355,187045,403400,63276
stream_buffer,8513,12449,9029,21478,63276
stream_buffer,8514,11783,9016,20799,63276
stream_buffer,8515,11783,9016,20799,63276
stream_buffer,8516,11783,9016,20799,63276
stream_buffer,8517,11783,9016,20799,63276
stream_buffer,8518,11783,9016,20799,63276
stream_buffer,8519,152050,193281,345331,63276
stream_buffer,8520,12415,9018,21433,63276
stream_buffer,8521,11783,9018,20801,63276
stream_buffer,8522,11783,9018,20801,63276
stream_buffer,8523,11783,9018,20801,63276
stream_buffer,8524,11841,9049,20890,63276
stream_buffer,8525,11869,9029,20898,63276
stream_buffer,8526,171618,9029,9029,63276
stream_buffer,8527,12871,287611,300482,63276
stream_buffer,8528,12449,9663,22112,63276
stream_buffer,8529,11817,9031,20848,63276
stream_buffer,8530,11817,9031,20848,63276
stream_buffer,8531,11852,9031,20883,63276
stream_buffer,8532,11817,9031,20848,63276
stream_buffer,8533,11817,9031,20848,63276
stream_buffer,8534,11817,9031,20848,63276
stream_buffer,8535,11849,9092,20941,63276
stream_buffer,8536,11815,9860,21675,63276
stream_buffer,8537,216333,186805,403138,63276
stream_buffer,8538,12447,9029,21476,63276
stream_buffer,8539,11815,9029,20844,63276
stream_buffer,8540,11815,9029,20844,63276
stream_buffer,8541,11815,9029,20844,63276
stream_buffer,8542,11815,9029,20844,63276
stream_buffer,8543,11815,9029,20844,63276
stream_buffer,8544,152343,193356,345699,63276
stream_buffer,8545,12447,9031,21478,63276
stream_buffer,8546,11839,9093,20932,63276
stream_buffer,8547,11817,9029,20846,63276
stream_buffer,8548,11817,9029,20846,63276
stream_buffer,8549,11817,9029,20846,63276
stream_buffer,8550,11822,9029,20851,63276
stream_buffer,8551,171578,9029,9029,63276
stream_buffer,8552,12871,287496,300367,63276
stream_buffer,8553,12449,9664,22113,63276
stream_buffer,8554,11817,9031,20848,63276
stream_buffer,8555,11817,9031,20848,63276
stream_buffer,8556,11937,9029,20966,63276
stream_buffer,8557,11783,9016,20799,63276
stream_buffer,8558,11783,9016,20799,63276
stream_buffer,8559,11783,9016,20799,63276
stream_buffer,8560,11783,9016,20799,63276
stream_buffer,8561,11783,10178,21961,63276
stream_buffer,8562,216654,186634,403288,63276
stream_buffer,8563,12415,9018,21433,63276
stream_buffer,8564,11783,9018,20801,63276
stream_buffer,8565,11783,9018,20801,63276
stream_buffer,8566,11783,9018,20801,63276
stream_buffer,8567,11841,9049,20890,63276
stream_buffer,8568,11817,9029,20846,63276
stream_buffer,8569,152433,193292,345725,63276
stream_buffer,8570,12449,9029,21478,63276
stream_buffer,8571,11817,9029,20846,63276
stream_buffer,8572,11817,9029,20846,63276
stream_buffer,8573,11817,9029,20846,63276
stream_buffer,8574,11817,9029,20846,63276
stream_buffer,8575,11819,9029,20848,63276
stream_buffer,8576,171592,9029,9029,63276
stream_buffer,8577,12871,287622,300493,63276
stream_buffer,8578,12481,9724,22205,63276
stream_buffer,8579,11815,9029,20844,63276
stream_buffer,8580,11815,9029,20844,63276
stream_buffer,8581,11942,9029,20971,63276
stream_buffer,8582,11815,9029,20844,63276
stream_buffer,8583,11815,9029,20844,63276
stream_buffer,8584,11815,9029,20844,63276
stream_buffer,8585,11815,9029,20844,63276
stream_buffer,8586,11815,9857,21672,63276
stream_buffer,8587,216353,187089,403442,63276
stream_buffer,8588,12447,9031,21478,63276
stream_buffer,8589,11839,9093,20932,63276
stream_buffer,8590,11817,9029,20846,63276
stream_buffer,8591,11817,9029,20846,63276
stream_buffer,8592,11817,9029,20846,63276
stream_buffer,8593,11817,9029,20846,63276
stream_buffer,8594,151989,193341,345330,63276
stream_buffer,8595,12449,9031,21480,63276
stream_buffer,8596,11817,9031,20848,63276
stream_buffer,8597,11817,9031,20848,63276
stream_buffer,8598,11817,9031,20848,63276
stream_buffer,8599,11817,9029,20846,63276
stream_buffer,8600,11815,9016,20831,63276
stream_buffer,8601,171566,9016,9016,63276
stream_buffer,8602,12835,287564,300399,63276
stream_buffer,8603,12415,9651,22066,63276
stream_buffer,8604,11783,9018,20801,63276
stream_buffer,8605,11783,9018,20801,63276
stream_buffer,8606,11785,9018,20803,63276
stream_buffer,8607,11783,9018,20801,63276
stream_buffer,8608,11783,9018,20801,63276
stream_buffer,8609,11783,9018,20801,63276
stream_buffer,8610,11841,9049,20890,63276
stream_buffer,8611,11817,10249,22066,63276
stream_buffer,8612,216649,186528,403177,63276
stream_buffer,8613,12449,9029,21478,63276
stream_buffer,8614,11817,9029,20846,63276
stream_buffer,8615,11817,9029,20846,63276
stream_buffer,8616,11817,9029,20846,63276
stream_buffer,8617,11817,9029,20846,63276
stream_buffer,8618,11817,9029,20846,63276
stream_buffer,8619,152345,193326,345671,63276
stream_buffer,8620,12449,9031,21480,63276
stream_buffer,8621,11849,9092,20941,63276
stream_buffer,8622,11815,9029,20844,63276
stream_buffer,8623,11815,9029,20844,63276
stream_buffer,8624,11815,9029,20844,63276
stream_buffer,8625,11819,9029,20848,63276
stream_buffer,8626,171582,9029,9029,63276
stream_buffer,8627,12869,287631,300500,63276
stream_buffer,8628,12447,9663,22110,63276
stream_buffer,8629,11815,9031,20846,63276
stream_buffer,8630,11815,9031,20846,63276
stream_buffer,8631,11934,9031,20965,63276
stream_buffer,8632,11839,9093,20932,63276
stream_buffer,8633,11817,9029,20846,63276
stream_buffer,8634,11817,9029,20846,63276
stream_buffer,8635,11817,9029,20846,63276
stream_buffer,8636,11817,9856,21673,63276
stream_buffer,8637,216345,187066,403411,63276
stream_buffer,8638,12449,9031,21480,63276
stream_buffer,8639,11817,9031,20848,63276
stream_buffer,8640,11817,9031,20848,63276
stream_buffer,8641,11817,9031,20848,63276
stream_buffer,8642,11817,9029,20846,63276
stream_buffer,8643,11783,9016,20799,63276
stream_buffer,8644,151998,193527,345525,63276
stream_buffer,8645,12415,9016,21431,63276
stream_buffer,8646,11783,9016,20799,63276
stream_buffer,8647,11783,9016,20799,63276
stream_buffer,8648,11783,9016,20799,63276
stream_buffer,8649,11783,9016,20799,63276
stream_buffer,8650,11835,9016,20851,63276
stream_buffer,8651,171214,9016,9016,63276
stream_buffer,8652,12835,286710,299545,63276
stream_buffer,8653,12473,9681,22154,63276
stream_buffer,8654,11817,9029,20846,63276
stream_buffer,8655,11817,9029,20846,63276
stream_buffer,8656,11817,9029,20846,63276
stream_buffer,8657,11817,9029,20846,63276
stream_buffer,8658,11817,9029,20846,63276
stream_buffer,8659,11817,9029,20846,63276
stream_buffer,8660,11817,9029,20846,63276
stream_buffer,8661,11817,9375,21192,63276
stream_buffer,8662,214957,189142,404099,63276
stream_buffer,8663,12449,9031,21480,63276
stream_buffer,8664,11849,9092,20941,63276
stream_buffer,8665,11815,9029,20844,63276
stream_buffer,8666,11815,9029,20844,63276
stream_buffer,8667,11815,9029,20844,63276
stream_buffer,8668,11815,9029,20844,63276
stream_buffer,8669,152445,193202,345647,63276
stream_buffer,8670,12448,9031,21479,63276
stream_buffer,8671,11815,9031,20846,63276
stream_buffer,8672,11815,9031,20846,63276
stream_buffer,8673,11815,9031,20846,63276
stream_buffer,8674,11815,9031,20846,63276
stream_buffer,8675,12847,9093,21940,63276
stream_buffer,8676,171482,9029,9029,63276
stream_buffer,8677,12871,286639,299510,63276
stream_buffer,8678,12449,9663,22112,63276
stream_buffer,8679,11817,9031,20848,63276
stream_buffer,8680,11817,9031,20848,63276
stream_buffer,8681,11817,9031,20848,63276
stream_buffer,8682,11817,9031,20848,63276
stream_buffer,8683,11817,9031,20848,63276
stream_buffer,8684,11817,9031,20848,63276
stream_buffer,8685,11817,9029,20846,63276
stream_buffer,8686,11783,9460,21243,63276
stream_buffer,8687,214954,189110,404064,63276
stream_buffer,8688,12415,9016,21431,63276
stream_buffer,8689,11783,9016,20799,63276
stream_buffer,8690,11783,9016,20799,63276
stream_buffer,8691,11783,9016,20799,63276
stream_buffer,8692,11783,9016,20799,63276
stream_buffer,8693,11783,9016,20799,63276
stream_buffer,8694,152258,193324,345582,63276
stream_buffer,8695,12415,9018,21433,63276
stream_buffer,8696,11841,9049,20890,63276
stream_buffer,8697,11817,9029,20846,63276
stream_buffer,8698,11817,9029,20846,63276
stream_buffer,8699,11817,9029,20846,63276
stream_buffer,8700,13113,9029,22142,63276
stream_buffer,8701,171436,9029,9029,63276
stream_buffer,8702,12871,286728,299599,63276
stream_buffer,8703,12449,9663,22112,63276
stream_buffer,8704,11817,9031,20848,63276
stream_buffer,8705,11817,9031,20848,63276
stream_buffer,8706,11817,9031,20848,63276
stream_buffer,8707,11849,9092,20941,63276
stream_buffer,8708,11815,9029,20844,63276
stream_buffer,8709,11815,9029,20844,63276
stream_buffer,8710,11815,9029,20844,63276
stream_buffer,8711,11815,9407,21222,63276
stream_buffer,8712,215119,188985,404104,63276
stream_buffer,8713,12447,9031,21478,63276
stream_buffer,8714,11815,9031,20846,63276
stream_buffer,8715,11815,9031,20846,63276
stream_buffer,8716,11815,9031,20846,63276
stream_buffer,8717,11815,9031,20846,63276
stream_buffer,8718,11839,9093,20932,63276
stream_buffer,8719,152415,193225,345640,63276
stream_buffer,8720,12450,9029,21479,63276
stream_buffer,8721,11817,9029,20846,63276
stream_buffer,8722,11817,9029,20846,63276
stream_buffer,8723,11817,9029,20846,63276
stream_buffer,8724,11817,9029,20846,63276
stream_buffer,8725,12819,9029,21848,63276
stream_buffer,8726,171452,9029,9029,63276
stream_buffer,8727,12871,286574,299445,63276
stream_buffer,8728,12449,9661,22110,63276
stream_buffer,8729,11783,9016,20799,63276
stream_buffer,8730,11783,9016,20799,63276
stream_buffer,8731,11783,9016,20799,63276
stream_buffer,8732,11783,9016,20799,63276
stream_buffer,8733,11783,9016,20799,63276
stream_buffer,8734,11783,9016,20799,63276
stream_buffer,8735,11783,9016,20799,63276
stream_buffer,8736,11783,9406,21189,63276
stream_buffer,8737,214740,189428,404168,63276
stream_buffer,8738,12415,9018,21433,63276
stream_buffer,8739,11841,9049,20890,63276
stream_buffer,8740,11817,9029,20846,63276
stream_buffer,8741,11817,9029,20846,63276
stream_buffer,8742,11817,9029,20846,63276
stream_buffer,8743,11817,9029,20846,63276
stream_buffer,8744,152349,193291,345640,63276
stream_buffer,8745,12450,9031,21481,63276
stream_buffer,8746,11817,9031,20848,63276
stream_buffer,8747,11817,9031,20848,63276
stream_buffer,8748,11817,9031,20848,63276
stream_buffer,8749,11817,9031,20848,63276
stream_buffer,8750,12799,9092,21891,63276
stream_buffer,8751,171452,9029,9029,63276
stream_buffer,8752,12869,286706,299575,63276
stream_buffer,8753,12447,9663,22110,63276
stream_buffer,8754,11815,9031,20846,63276
stream_buffer,8755,11815,9031,20846,63276
stream_buffer,8756,11815,9031,20846,63276
stream_buffer,8757,11815,9031,20846,63276
stream_buffer,8758,11815,9031,20846,63276
stream_buffer,8759,11815,9031,20846,63276
stream_buffer,8760,11815,9031,20846,63276
stream_buffer,8761,11839,9475,21314,63276
stream_buffer,8762,215085,188995,404080,63276
stream_buffer,8763,12449,9029,21478,63276
stream_buffer,8764,11817,9029,20846,63276
stream_buffer,8765,11817,9029,20846,63276
stream_buffer,8766,11817,9029,20846,63276
stream_buffer,8767,11817,9029,20846,63276
stream_buffer,8768,11817,9029,20846,63276
stream_buffer,8769,152345,193252,345597,63276
stream_buffer,8770,12449,9031,21480,63276
stream_buffer,8771,11817,9029,20846,63276
stream_buffer,8772,11783,9016,20799,63276
stream_buffer,8773,11783,9016,20799,63276
stream_buffer,8774,11783,9016,20799,63276
stream_buffer,8775,13252,9016,22268,63276
stream_buffer,8776,171478,9016,9016,63276
stream_buffer,8777,12835,286661,299496,63276
stream_buffer,8778,12415,9650,22065,63276
stream_buffer,8779,11783,9018,20801,63276
stream_buffer,8780,11783,9018,20801,63276
stream_buffer,8781,11783,9018,20801,63276
stream_buffer,8782,11841,9049,20890,63276
stream_buffer,8783,11817,9029,20846,63276
stream_buffer,8784,11817,9029,20846,63276
stream_buffer,8785,11817,9029,20846,63276
stream_buffer,8786,11817,9374,21191,63276
stream_buffer,8787,214953,189125,404078,63276
stream_buffer,8788,12449,9031,21480,63276
stream_buffer,8789,11817,9031,20848,63276
stream_buffer,8790,11817,9031,20848,63276
stream_buffer,8791,11817,9031,20848,63276
stream_buffer,8792,11817,9031,20848,63276
stream_buffer,8793,11849,9092,20941,63276
stream_buffer,8794,152463,193147,345610,63276
stream_buffer,8795,12448,9029,21477,63276
stream_buffer,8796,11815,9029,20844,63276
stream_buffer,8797,11815,9029,20844,63276
stream_buffer,8798,11815,9029,20844,63276
stream_buffer,8799,11815,9029,20844,63276
stream_buffer,8800,12730,9029,21759,63276
stream_buffer,8801,171494,9029,9029,63276
stream_buffer,8802,12869,286671,299540,63276
stream_buffer,8803,12447,9663,22110,63276
stream_buffer,8804,11839,9093,20932,63276
stream_buffer,8805,11817,9029,20846,63276
stream_buffer,8806,11817,9029,20846,63276
stream_buffer,8807,11817,9029,20846,63276
stream_buffer,8808,11817,9029,20846,63276
stream_buffer,8809,11817,9029,20846,63276
stream_buffer,8810,11817,9029,20846,63276
stream_buffer,8811,11817,9382,21199,63276
stream_buffer,8812,215037,189081,404118,63276
stream_buffer,8813,12449,9031,21480,63276
stream_buffer,8814,11817,9029,20846,63276
stream_buffer,8815,11783,9016,20799,63276
stream_buffer,8816,11783,9016,20799,63276
stream_buffer,8817,11783,9016,20799,63276
stream_buffer,8818,11783,9016,20799,63276
stream_buffer,8819,152288,193243,345531,63276
stream_buffer,8820,12415,9018,21433,63276
stream_buffer,8821,11783,9018,20801,63276
stream_buffer,8822,11783,9018,20801,63276
stream_buffer,8823,11783,9018,20801,63276
stream_buffer,8824,11783,9018,20801,63276
stream_buffer,8825,13490,9049,22539,63276
stream_buffer,8826,171431,9029,9029,63276
stream_buffer,8827,12871,286706,299577,63276
stream_buffer,8828,12449,9663,22112,63276
stream_buffer,8829,11817,9031,20848,63276
stream_buffer,8830,11817,9031,20848,63276
stream_buffer,8831,11817,9031,20848,63276
stream_buffer,8832,11817,9031,20848,63276
stream_buffer,8833,11817,9031,20848,63276
stream_buffer,8834,11817,9031,20848,63276
stream_buffer,8835,11817,9031,20848,63276
stream_buffer,8836,11849,9458,21307,63276
stream_buffer,8837,215073,188989,404062,63276
stream_buffer,8838,12447,9029,21476,63276
stream_buffer,8839,11815,9029,20844,63276
stream_buffer,8840,11815,9029,20844,63276
stream_buffer,8841,11815,9029,20844,63276
stream_buffer,8842,11815,9029,20844,63276
stream_buffer,8843,11815,9029,20844,63276
stream_buffer,8844,152345,193306,345651,63276
stream_buffer,8845,12447,9031,21478,63276
stream_buffer,8846,11815,9031,20846,63276
stream_buffer,8847,11839,9093,20932,63276
stream_buffer,8848,11817,9029,20846,63276
stream_buffer,8849,11817,9029,20846,63276
stream_buffer,8850,13116,9029,22145,63276
stream_buffer,8851,171473,9029,9029,63276
stream_buffer,8852,12871,286543,299414,63276
stream_buffer,8853,12449,9663,22112,63276
stream_buffer,8854,11817,9031,20848,63276
stream_buffer,8855,11817,9031,20848,63276
stream_buffer,8856,11817,9031,20848,63276
stream_buffer,8857,11817,9029,20846,63276
stream_buffer,8858,11783,9016,20799,63276
stream_buffer,8859,11783,9016,20799,63276
stream_buffer,8860,11783,9016,20799,63276
stream_buffer,8861,11783,9421,21204,63276
stream_buffer,8862,214812,189356,404168,63276
stream_buffer,8863,12415,9018,21433,63276
stream_buffer,8864,11783,9018,20801,63276
stream_buffer,8865,11783,9018,20801,63276
stream_buffer,8866,11783,9018,20801,63276
stream_buffer,8867,11783,9018,20801,63276
stream_buffer,8868,11841,9049,20890,63276
stream_buffer,8869,152287,193334,345621,63276
stream_buffer,8870,12450,9029,21479,63276
stream_buffer,8871,11817,9029,20846,63276
stream_buffer,8872,11817,9029,20846,63276
stream_buffer,8873,11817,9029,20846,63276
stream_buffer,8874,11817,9029,20846,63276
stream_buffer,8875,12810,9029,21839,63276
stream_buffer,8876,171440,9029,9029,63276
stream_buffer,8877,12871,286728,299599,63276
stream_buffer,8878,12449,9663,22112,63276
stream_buffer,8879,11849,9092,20941,63276
stream_buffer,8880,11815,9029,20844,63276
stream_buffer,8881,11815,9029,20844,63276
stream_buffer,8882,11815,9029,20844,63276
stream_buffer,8883,11815,9029,20844,63276
stream_buffer,8884,11815,9029,20844,63276
stream_buffer,8885,11815,9029,20844,63276
stream_buffer,8886,11815,9403,21218,63276
stream_buffer,8887,215027,189078,404105,63276
stream_buffer,8888,12447,9031,21478,63276
stream_buffer,8889,11815,9031,20846,63276
stream_buffer,8890,11839,9093,20932,63276
stream_buffer,8891,11817,9029,20846,63276
stream_buffer,8892,11817,9029,20846,63276
stream_buffer,8893,11817,9029,20846,63276
stream_buffer,8894,152407,295020,447427,63276
stream_buffer,8895,12450,12754,25204,63276
stream_buffer,8896,11817,9663,21480,63276
stream_buffer,8897,11817,12635,24452,63276
stream_buffer,8898,11817,9663,21480,63276
stream_buffer,8899,11817,9031,20848,63276
stream_buffer,8900,12858,9029,21887,63276
stream_buffer,8901,20392,9016,29408,63276
stream_buffer,8902,11783,11369,23152,63276
stream_buffer,8903,11783,9016,20799,63276
stream_buffer,8904,11783,9016,20799,63276
stream_buffer,8905,70699,9016,79715,63276
stream_buffer,8906,11783,9016,20799,63276
stream_buffer,8907,221080,237804,458884,63276
stream_buffer,8908,12562,9018,21580,63276
stream_buffer,8909,11783,9018,20801,63276
stream_buffer,8910,11783,9018,20801,63276
stream_buffer,8911,11841,9049,20890,63276
stream_buffer,8912,11817,9029,20846,63276
stream_buffer,8913,11817,9029,20846,63276
stream_buffer,8914,11817,9029,20846,63276
stream_buffer,8915,11817,16846,28663,63276
stream_buffer,8916,217864,9029,9029,63276
stream_buffer,8917,12871,289188,302059,63276
stream_buffer,8918,12449,9663,22112,63276
stream_buffer,8919,13014,9031,22045,63276
stream_buffer,8920,11817,9031,20848,63276
stream_buffer,8921,11817,9031,20848,63276
stream_buffer,8922,11849,9092,20941,63276
stream_buffer,8923,11815,9029,20844,63276
stream_buffer,8924,11815,9029,20844,63276
stream_buffer,8925,11815,11424,23239,63276
stream_buffer,8926,11815,9029,20844,63276
stream_buffer,8927,216171,265917,482088,63276
stream_buffer,8928,12447,9663,22110,63276
stream_buffer,8929,11815,9031,20846,63276
stream_buffer,8930,11815,9031,20846,63276
stream_buffer,8931,11815,9031,20846,63276
stream_buffer,8932,14083,9031,23114,63276
stream_buffer,8933,11839,9093,20932,63276
stream_buffer,8934,11817,9029,20846,63276
stream_buffer,8935,11817,10791,22608,63276
stream_buffer,8936,11817,9029,20846,63276
stream_buffer,8937,244578,9029,9029,63276
stream_buffer,8938,12871,291312,304183,63276
stream_buffer,8939,12449,9663,22112,63276
stream_buffer,8940,11817,9031,20848,63276
stream_buffer,8941,11817,9031,20848,63276
stream_buffer,8942,14213,9031,23244,63276
stream_buffer,8943,11817,9029,20846,63276
stream_buffer,8944,11783,9016,20799,63276
stream_buffer,8945,11783,9016,20799,63276
stream_buffer,8946,11783,9016,20799,63276
stream_buffer,8947,13099,9016,22115,63276
stream_buffer,8948,242540,9016,9016,63276
stream_buffer,8949,12835,317727,330562,63276
stream_buffer,8950,12415,12622,25037,63276
stream_buffer,8951,11783,9650,21433,63276
stream_buffer,8952,13927,9018,22945,63276
stream_buffer,8953,11783,9106,20889,63276
stream_buffer,8954,11841,9049,20890,63276
stream_buffer,8955,11817,9029,20846,63276
stream_buffer,8956,11817,9029,20846,63276
stream_buffer,8957,11979,9029,21008,63276
stream_buffer,8958,11817,9029,20846,63276
stream_buffer,8959,11817,9029,20846,63276
stream_buffer,8960,232699,226656,459355,63276
stream_buffer,8961,12449,9031,21480,63276
stream_buffer,8962,13793,9031,22824,63276
stream_buffer,8963,11817,9031,20848,63276
stream_buffer,8964,11817,9031,20848,63276
stream_buffer,8965,11849,9092,20941,63276
stream_buffer,8966,11815,9029,20844,63276
stream_buffer,8967,12979,9029,22008,63276
stream_buffer,8968,11815,9029,20844,63276
stream_buffer,8969,36417,271399,307816,63276
stream_buffer,8970,12447,9663,22110,63276
stream_buffer,8971,11815,12634,24449,63276
stream_buffer,8972,11815,9663,21478,63276
stream_buffer,8973,11815,9031,20846,63276
stream_buffer,8974,13819,10508,24327,63276
stream_buffer,8975,11815,9031,20846,63276
stream_buffer,8976,11839,11447,23286,63276
stream_buffer,8977,11817,9029,20846,63276
stream_buffer,8978,11817,9029,20846,63276
stream_buffer,8979,51028,9029,60057,63276
stream_buffer,8980,11817,9029,20846,63276
stream_buffer,8981,223971,236096,460067,63276
stream_buffer,8982,12797,9031,21828,63276
stream_buffer,8983,11817,9031,20848,63276
stream_buffer,8984,11817,9031,20848,63276
stream_buffer,8985,11817,9031,20848,63276
stream_buffer,8986,11817,9029,20846,63276
stream_buffer,8987,11783,9016,20799,63276
stream_buffer,8988,11783,9016,20799,63276
stream_buffer,8989,11783,16626,28409,63276
stream_buffer,8990,198614,268913,467527,63276
stream_buffer,8991,12415,9650,22065,63276
stream_buffer,8992,11783,11412,23195,63276
stream_buffer,8993,11783,9018,20801,63276
stream_buffer,8994,13275,9018,22293,63276
stream_buffer,8995,13967,9018,22985,63276
stream_buffer,8996,11783,9018,20801,63276
stream_buffer,8997,11841,9049,20890,63276
stream_buffer,8998,11817,9029,20846,63276
stream_buffer,8999,11817,9029,20846,63276
stream_buffer,9000,218335,265149,483484,63276
stream_buffer,9001,12449,9663,22112,63276
stream_buffer,9002,11817,9031,20848,63276
stream_buffer,9003,11817,9031,20848,63276
stream_buffer,9004,11817,9031,20848,63276
stream_buffer,9005,11911,9031,20942,63276
stream_buffer,9006,11817,9031,20848,63276
stream_buffer,9007,11817,9031,20848,63276
stream_buffer,9008,11849,9092,20941,63276
stream_buffer,9009,11815,9029,20844,63276
stream_buffer,9010,216219,203971,420190,63276
stream_buffer,9011,14842,9029,23871,63276
stream_buffer,9012,11815,9029,20844,63276
stream_buffer,9013,11815,9029,20844,63276
stream_buffer,9014,11815,9029,20844,63276
stream_buffer,9015,11815,9029,20844,63276
stream_buffer,9016,13511,9029,22540,63276
stream_buffer,9017,11815,9029,20844,63276
stream_buffer,9018,12869,276464,289333,63276
stream_buffer,9019,12471,10931,23402,63276
stream_buffer,9020,11817,9029,20846,63276
stream_buffer,9021,11817,11171,22988,63276
stream_buffer,9022,11817,9029,20846,63276
stream_buffer,9023,11817,9029,20846,63276
stream_buffer,9024,14171,9029,23200,63276
stream_buffer,9025,11817,9029,20846,63276
stream_buffer,9026,11817,9029,20846,63276
stream_buffer,9027,11817,9029,20846,63276
stream_buffer,9028,216047,295220,511267,63276
stream_buffer,9029,14595,12880,27475,63276
stream_buffer,9030,11783,9648,21431,63276
stream_buffer,9031,11783,11410,23193,63276
stream_buffer,9032,11783,9016,20799,63276
stream_buffer,9033,11783,9016,20799,63276
stream_buffer,9034,13471,9016,22487,63276
stream_buffer,9035,11783,9016,20799,63276
stream_buffer,9036,11783,9016,20799,63276
stream_buffer,9037,11783,9016,20799,63276
stream_buffer,9038,11783,9016,20799,63276
stream_buffer,9039,234824,265109,499933,63276
stream_buffer,9040,12473,9681,22154,63276
stream_buffer,9041,11817,9029,20846,63276
stream_buffer,9042,11817,9029,20846,63276
stream_buffer,9043,11817,9029,20846,63276
stream_buffer,9044,11927,9029,20956,63276
stream_buffer,9045,11817,9029,20846,63276
stream_buffer,9046,11817,9029,20846,63276
stream_buffer,9047,11817,9029,20846,63276
stream_buffer,9048,11817,9029,20846,63276
stream_buffer,9049,216267,203984,420251,63276
stream_buffer,9050,14844,9031,23875,63276
stream_buffer,9051,11849,9092,20941,63276
stream_buffer,9052,11815,9029,20844,63276
stream_buffer,9053,11815,9029,20844,63276
stream_buffer,9054,11815,9029,20844,63276
stream_buffer,9055,13447,9029,22476,63276
stream_buffer,9056,11815,9029,20844,63276
stream_buffer,9057,12869,276434,289303,63276
stream_buffer,9058,12447,10853,23300,63276
stream_buffer,9059,11815,9031,20846,63276
stream_buffer,9060,11815,11217,23032,63276
stream_buffer,9061,11815,9031,20846,63276
stream_buffer,9062,11839,9093,20932,63276
stream_buffer,9063,14171,9029,23200,63276
stream_buffer,9064,11817,9029,20846,63276
stream_buffer,9065,11817,9029,20846,63276
stream_buffer,9066,11817,9029,20846,63276
stream_buffer,9067,216059,295167,511226,63276
stream_buffer,9068,14593,12866,27459,63276
stream_buffer,9069,11817,9663,21480,63276
stream_buffer,9070,11817,11426,23243,63276
stream_buffer,9071,11817,9031,20848,63276
stream_buffer,9072,11817,9029,20846,63276
stream_buffer,9073,13263,9016,22279,63276
stream_buffer,9074,11783,9016,20799,63276
stream_buffer,9075,11783,9016,20799,63276
stream_buffer,9076,11783,9016,20799,63276
stream_buffer,9077,11783,9016,20799,63276
stream_buffer,9078,234914,264786,499700,63276
stream_buffer,9079,12415,9650,22065,63276
stream_buffer,9080,11783,9018,20801,63276
stream_buffer,9081,11783,9018,20801,63276
stream_buffer,9082,11783,9018,20801,63276
stream_buffer,9083,11929,9049,20978,63276
stream_buffer,9084,11817,9029,20846,63276
stream_buffer,9085,11817,9029,20846,63276
stream_buffer,9086,11817,9029,20846,63276
stream_buffer,9087,11817,9029,20846,63276
stream_buffer,9088,216579,203991,420570,63276
stream_buffer,9089,14844,9031,23875,63276
stream_buffer,9090,11817,9031,20848,63276
stream_buffer,9091,11817,9031,20848,63276
stream_buffer,9092,11817,9031,20848,63276
stream_buffer,9093,11817,9031,20848,63276
stream_buffer,9094,13481,9092,22573,63276
stream_buffer,9095,11815,9029,20844,63276
stream_buffer,9096,12869,276461,289330,63276
stream_buffer,9097,12447,10846,23293,63276
stream_buffer,9098,11815,9031,20846,63276
stream_buffer,9099,11815,11218,23033,63276
stream_buffer,9100,11815,9031,20846,63276
stream_buffer,9101,11815,9031,20846,63276
stream_buffer,9102,14169,9031,23200,63276
stream_buffer,9103,11815,9031,20846,63276
stream_buffer,9104,11815,9031,20846,63276
stream_buffer,9105,11839,9093,20932,63276
stream_buffer,9106,216051,295302,511353,63276
stream_buffer,9107,14635,12908,27543,63276
stream_buffer,9108,11817,9663,21480,63276
stream_buffer,9109,11817,11426,23243,63276
stream_buffer,9110,11817,9031,20848,63276
stream_buffer,9111,11817,9031,20848,63276
stream_buffer,9112,13277,9031,22308,63276
stream_buffer,9113,11817,9031,20848,63276
stream_buffer,9114,11817,9031,20848,63276
stream_buffer,9115,11817,9029,20846,63276
stream_buffer,9116,11783,9016,20799,63276
stream_buffer,9117,234816,264570,499386,63276
stream_buffer,9118,12415,9650,22065,63276
stream_buffer,9119,11783,9018,20801,63276
stream_buffer,9120,11783,9018,20801,63276
stream_buffer,9121,11783,9018,20801,63276
stream_buffer,9122,11877,9018,20895,63276
stream_buffer,9123,11783,9018,20801,63276
stream_buffer,9124,11783,9018,20801,63276
stream_buffer,9125,11783,9018,20801,63276
stream_buffer,9126,11841,9049,20890,63276
stream_buffer,9127,216901,204587,421488,63276
stream_buffer,9128,14844,9029,23873,63276
stream_buffer,9129,11817,9029,20846,63276
stream_buffer,9130,11817,9029,20846,63276
stream_buffer,9131,11817,9029,20846,63276
stream_buffer,9132,11817,9029,20846,63276
stream_buffer,9133,13297,9029,22326,63276
stream_buffer,9134,11817,9029,20846,63276
stream_buffer,9135,12871,276438,289309,63276
stream_buffer,9136,12449,10852,23301,63276
stream_buffer,9137,11849,9092,20941,63276
stream_buffer,9138,11815,11175,22990,63276
stream_buffer,9139,11815,9029,20844,63276
stream_buffer,9140,11815,9029,20844,63276
stream_buffer,9141,14169,9029,23198,63276
stream_buffer,9142,11815,9029,20844,63276
stream_buffer,9143,11815,9029,20844,63276
stream_buffer,9144,11815,9029,20844,63276
stream_buffer,9145,216057,295317,511374,63276
stream_buffer,9146,14593,12893,27486,63276
stream_buffer,9147,11815,9664,21479,63276
stream_buffer,9148,11839,11488,23327,63276
stream_buffer,9149,11817,9029,20846,63276
stream_buffer,9150,11817,9029,20846,63276
stream_buffer,9151,13259,9029,22288,63276
stream_buffer,9152,11817,9029,20846,63276
stream_buffer,9153,11817,9029,20846,63276
stream_buffer,9154,11817,9029,20846,63276
stream_buffer,9155,11817,9029,20846,63276
stream_buffer,9156,233956,173900,407856,63276
stream_buffer,9157,12449,9663,22112,63276
stream_buffer,9158,11817,9029,20846,63276
stream_buffer,9159,11783,9016,20799,63276
stream_buffer,9160,11783,9016,20799,63276
stream_buffer,9161,11922,9016,20938,63276
stream_buffer,9162,11783,9016,20799,63276
stream_buffer,9163,15229,194397,209626,63276
stream_buffer,9164,12415,9018,21433,63276
stream_buffer,9165,11783,9018,20801,63276
stream_buffer,9166,11783,9018,20801,63276
stream_buffer,9167,11783,9018,20801,63276
stream_buffer,9168,11940,9018,20958,63276
stream_buffer,9169,11841,9049,20890,63276
stream_buffer,9170,12871,196593,209464,63276
stream_buffer,9171,12449,9029,21478,63276
stream_buffer,9172,11817,9029,20846,63276
stream_buffer,9173,11817,9029,20846,63276
stream_buffer,9174,11817,9029,20846,63276
stream_buffer,9175,11817,9029,20846,63276
stream_buffer,9176,11817,9029,20846,63276
stream_buffer,9177,152111,193310,345421,63276
stream_buffer,9178,12449,9031,21480,63276
stream_buffer,9179,11817,9031,20848,63276
stream_buffer,9180,11849,9092,20941,63276
stream_buffer,9181,11815,9029,20844,63276
stream_buffer,9182,11815,9029,20844,63276
stream_buffer,9183,11833,9029,20862,63276
stream_buffer,9184,171582,9029,9029,63276
stream_buffer,9185,12869,287644,300513,63276
stream_buffer,9186,12447,9664,22111,63276
stream_buffer,9187,11815,9031,20846,63276
stream_buffer,9188,11815,9031,20846,63276
stream_buffer,9189,11880,9031,20911,63276
stream_buffer,9190,11815,9031,20846,63276
stream_buffer,9191,11839,9093,20932,63276
stream_buffer,9192,11817,9029,20846,63276
stream_buffer,9193,11817,9029,20846,63276
stream_buffer,9194,11817,9857,21674,63276
stream_buffer,9195,216337,186807,403144,63276
stream_buffer,9196,12449,9031,21480,63276
stream_buffer,9197,11817,9031,20848,63276
stream_buffer,9198,11817,9031,20848,63276
stream_buffer,9199,11817,9031,20848,63276
stream_buffer,9200,11817,9031,20848,63276
stream_buffer,9201,11817,9029,20846,63276
stream_buffer,9202,152362,193110,345472,63276
stream_buffer,9203,12415,9016,21431,63276
stream_buffer,9204,11783,9016,20799,63276
stream_buffer,9205,11783,9016,20799,63276
stream_buffer,9206,11783,9016,20799,63276
stream_buffer,9207,11783,9016,20799,63276
stream_buffer,9208,11801,9016,20817,63276
stream_buffer,9209,171590,9016,9016,63276
stream_buffer,9210,12835,287570,300405,63276
stream_buffer,9211,12415,9651,22066,63276
stream_buffer,9212,11841,9049,20890,63276
stream_buffer,9213,11817,9029,20846,63276
stream_buffer,9214,11852,9029,20881,63276
stream_buffer,9215,11817,9029,20846,63276
stream_buffer,9216,11817,9029,20846,63276
stream_buffer,9217,11817,9029,20846,63276
stream_buffer,9218,11817,9029,20846,63276
stream_buffer,9219,11817,9920,21737,63276
stream_buffer,9220,216367,186806,403173,63276
stream_buffer,9221,12449,9031,21480,63276
stream_buffer,9222,11817,9031,20848,63276
stream_buffer,9223,11849,9092,20941,63276
stream_buffer,9224,11815,9029,20844,63276
stream_buffer,9225,11815,9029,20844,63276
stream_buffer,9226,11815,9029,20844,63276
stream_buffer,9227,152411,193289,345700,63276
stream_buffer,9228,12447,9031,21478,63276
stream_buffer,9229,11815,9031,20846,63276
stream_buffer,9230,11815,9031,20846,63276
stream_buffer,9231,11815,9031,20846,63276
stream_buffer,9232,11815,9031,20846,63276
stream_buffer,9233,11823,9031,20854,63276
stream_buffer,9234,171678,9093,9093,63276
stream_buffer,9235,12871,287522,300393,63276
stream_buffer,9236,12449,9664,22113,63276
stream_buffer,9237,11817,9031,20848,63276
stream_buffer,9238,11817,9031,20848,63276
stream_buffer,9239,11956,9031,20987,63276
stream_buffer,9240,11817,9031,20848,63276
stream_buffer,9241,11817,9031,20848,63276
stream_buffer,9242,11817,9031,20848,63276
stream_buffer,9243,11817,9031,20848,63276
stream_buffer,9244,11817,9910,21727,63276
stream_buffer,9245,216344,186956,403300,63276
stream_buffer,9246,12415,9016,21431,63276
stream_buffer,9247,11783,9016,20799,63276
stream_buffer,9248,11783,9016,20799,63276
stream_buffer,9249,11783,9016,20799,63276
stream_buffer,9250,11783,9016,20799,63276
stream_buffer,9251,11783,9016,20799,63276
stream_buffer,9252,152292,193190,345482,63276
stream_buffer,9253,12415,9018,21433,63276
stream_buffer,9254,11783,9018,20801,63276
stream_buffer,9255,11841,9049,20890,63276
stream_buffer,9256,11817,9029,20846,63276
stream_buffer,9257,11817,9029,20846,63276
stream_buffer,9258,11827,9029,20856,63276
stream_buffer,9259,171670,9029,9029,63276
stream_buffer,9260,12871,287662,300533,63276
stream_buffer,9261,12449,9663,22112,63276
stream_buffer,9262,11817,9031,20848,63276
stream_buffer,9263,11817,9031,20848,63276
stream_buffer,9264,11935,9031,20966,63276
stream_buffer,9265,11817,9031,20848,63276
stream_buffer,9266,11849,9092,20941,63276
stream_buffer,9267,11815,9029,20844,63276
stream_buffer,9268,11815,9029,20844,63276
stream_buffer,9269,11815,9850,21665,63276
stream_buffer,9270,216331,186811,403142,63276
stream_buffer,9271,12447,9029,21476,63276
stream_buffer,9272,11815,9029,20844,63276
stream_buffer,9273,11815,9029,20844,63276
stream_buffer,9274,11815,9029,20844,63276
stream_buffer,9275,11815,9029,20844,63276
stream_buffer,9276,11815,9029,20844,63276
stream_buffer,9277,152370,193400,345770,63276
stream_buffer,9278,12449,9029,21478,63276
stream_buffer,9279,11817,9029,20846,63276
stream_buffer,9280,11817,9029,20846,63276
stream_buffer,9281,11817,9029,20846,63276
stream_buffer,9282,11817,9029,20846,63276
stream_buffer,9283,11819,9029,20848,63276
stream_buffer,9284,171580,9029,9029,63276
stream_buffer,9285,12871,287485,300356,63276
stream_buffer,9286,12449,9664,22113,63276
stream_buffer,9287,11817,9029,20846,63276
stream_buffer,9288,11783,9016,20799,63276
stream_buffer,9289,11871,9016,20887,63276
stream_buffer,9290,11783,9016,20799,63276
stream_buffer,9291,11783,9016,20799,63276
stream_buffer,9292,11783,9016,20799,63276
stream_buffer,9293,11783,9016,20799,63276
stream_buffer,9294,11783,10153,21936,63276
stream_buffer,9295,216644,186629,403273,63276
stream_buffer,9296,12415,9018,21433,63276
stream_buffer,9297,11783,9018,20801,63276
stream_buffer,9298,11841,9049,20890,63276
stream_buffer,9299,11817,9029,20846,63276
stream_buffer,9300,11817,9029,20846,63276
stream_buffer,9301,11817,9029,20846,63276
stream_buffer,9302,152351,193364,345715,63276
stream_buffer,9303,12449,9031,21480,63276
stream_buffer,9304,11817,9031,20848,63276
stream_buffer,9305,11817,9031,20848,63276
stream_buffer,9306,11817,9031,20848,63276
stream_buffer,9307,11817,9031,20848,63276
stream_buffer,9308,11819,9031,20850,63276
stream_buffer,9309,171684,9092,9092,63276
stream_buffer,9310,12869,287506,300375,63276
stream_buffer,9311,12447,9661,22108,63276
stream_buffer,9312,11815,9029,20844,63276
stream_buffer,9313,11815,9029,20844,63276
stream_buffer,9314,11955,9029,20984,63276
stream_buffer,9315,11815,9029,20844,63276
stream_buffer,9316,11815,9029,20844,63276
stream_buffer,9317,11815,9029,20844,63276
stream_buffer,9318,11815,9029,20844,63276
stream_buffer,9319,11815,9943,21758,63276
stream_buffer,9320,216424,186861,403285,63276
stream_buffer,9321,12449,9029,21478,63276
stream_buffer,9322,11817,9029,20846,63276
stream_buffer,9323,11817,9029,20846,63276
stream_buffer,9324,11817,9029,20846,63276
stream_buffer,9325,11817,9029,20846,63276
stream_buffer,9326,11817,9029,20846,63276
stream_buffer,9327,152407,193085,345492,63276
stream_buffer,9328,12449,9031,21480,63276
stream_buffer,9329,11817,9031,20848,63276
stream_buffer,9330,11817,9029,20846,63276
stream_buffer,9331,11783,9016,20799,63276
stream_buffer,9332,11783,9016,20799,63276
stream_buffer,9333,11795,9016,20811,63276
stream_buffer,9334,171564,9016,9016,63276
stream_buffer,9335,12835,287588,300423,63276
stream_buffer,9336,12415,9650,22065,63276
stream_buffer,9337,11783,9018,20801,63276
stream_buffer,9338,11783,9018,20801,63276
stream_buffer,9339,11814,9018,20832,63276
stream_buffer,9340,11783,9018,20801,63276
stream_buffer,9341,11841,9049,20890,63276
stream_buffer,9342,11817,9029,20846,63276
stream_buffer,9343,11817,9029,20846,63276
stream_buffer,9344,11817,10167,21984,63276
stream_buffer,9345,216569,186598,403167,63276
stream_buffer,9346,12449,9029,21478,63276
stream_buffer,9347,11817,9029,20846,63276
stream_buffer,9348,11817,9029,20846,63276
stream_buffer,9349,11817,9029,20846,63276
stream_buffer,9350,11817,9029,20846,63276
stream_buffer,9351,11817,9029,20846,63276
stream_buffer,9352,152372,193401,345773,63276
stream_buffer,9353,12447,9029,21476,63276
stream_buffer,9354,11815,9029,20844,63276
stream_buffer,9355,11815,9029,20844,63276
stream_buffer,9356,11815,9029,20844,63276
stream_buffer,9357,11815,9029,20844,63276
stream_buffer,9358,11823,9029,20852,63276
stream_buffer,9359,171582,9029,9029,63276
stream_buffer,9360,12869,287639,300508,63276
stream_buffer,9361,12447,9663,22110,63276
stream_buffer,9362,11815,9031,20846,63276
stream_buffer,9363,11839,9093,20932,63276
stream_buffer,9364,11937,9029,20966,63276
stream_buffer,9365,11817,9029,20846,63276
stream_buffer,9366,11817,9029,20846,63276
stream_buffer,9367,11817,9029,20846,63276
stream_buffer,9368,11817,9029,20846,63276
stream_buffer,9369,11817,9872,21689,63276
stream_buffer,9370,216349,186818,403167,63276
stream_buffer,9371,12449,9031,21480,63276
stream_buffer,9372,11817,9031,20848,63276
stream_buffer,9373,11817,9029,20846,63276
stream_buffer,9374,11783,9016,20799,63276
stream_buffer,9375,11783,9016,20799,63276
stream_buffer,9376,11783,9016,20799,63276
stream_buffer,9377,152248,193228,345476,63276
stream_buffer,9378,12415,9018,21433,63276
stream_buffer,9379,11783,9018,20801,63276
stream_buffer,9380,11783,9018,20801,63276
stream_buffer,9381,11783,9018,20801,63276
stream_buffer,9382,11783,9018,20801,63276
stream_buffer,9383,11812,9018,20830,63276
stream_buffer,9384,171666,9049,9049,63276
stream_buffer,9385,12871,287547,300418,63276
stream_buffer,9386,12449,9662,22111,63276
stream_buffer,9387,11817,9029,20846,63276
stream_buffer,9388,11817,9029,20846,63276
stream_buffer,9389,11868,9029,20897,63276
stream_buffer,9390,11817,9029,20846,63276
stream_buffer,9391,11817,9029,20846,63276
stream_buffer,9392,11817,9029,20846,63276
stream_buffer,9393,11817,9029,20846,63276
stream_buffer,9394,11817,9902,21719,63276
stream_buffer,9395,216414,187144,403558,63276
stream_buffer,9396,12447,9029,21476,63276
stream_buffer,9397,11815,9029,20844,63276
stream_buffer,9398,11815,9029,20844,63276
stream_buffer,9399,11815,9029,20844,63276
stream_buffer,9400,11815,9029,20844,63276
stream_buffer,9401,11815,9029,20844,63276
stream_buffer,9402,152019,193311,345330,63276
stream_buffer,9403,12447,9031,21478,63276
stream_buffer,9404,11815,9031,20846,63276
stream_buffer,9405,11815,9031,20846,63276
stream_buffer,9406,11839,9093,20932,63276
stream_buffer,9407,11817,9029,20846,63276
stream_buffer,9408,11836,9029,20865,63276
stream_buffer,9409,171604,9029,9029,63276
stream_buffer,9410,12871,287493,300364,63276
stream_buffer,9411,12449,9664,22113,63276
stream_buffer,9412,11817,9031,20848,63276
stream_buffer,9413,11817,9031,20848,63276
stream_buffer,9414,11888,9031,20919,63276
stream_buffer,9415,11817,9031,20848,63276
stream_buffer,9416,11817,9029,20846,63276
stream_buffer,9417,11783,9016,20799,63276
stream_buffer,9418,11783,9016,20799,63276
stream_buffer,9419,11783,10215,21998,63276
stream_buffer,9420,216704,186529,403233,63276
stream_buffer,9421,12415,9016,21431,63276
stream_buffer,9422,11783,9016,20799,63276
stream_buffer,9423,11783,9016,20799,63276
stream_buffer,9424,11783,9016,20799,63276
stream_buffer,9425,11783,9016,20799,63276
stream_buffer,9426,11783,9016,20799,63276
stream_buffer,9427,152332,193399,345731,63276
stream_buffer,9428,12449,9029,21478,63276
stream_buffer,9429,11817,9029,20846,63276
stream_buffer,9430,11817,9029,20846,63276
stream_buffer,9431,11817,9029,20846,63276
stream_buffer,9432,11817,9029,20846,63276
stream_buffer,9433,11819,9029,20848,63276
stream_buffer,9434,171592,9029,9029,63276
stream_buffer,9435,12871,287630,300501,63276
stream_buffer,9436,12449,9663,22112,63276
stream_buffer,9437,11817,9031,20848,63276
stream_buffer,9438,11849,9092,20941,63276
stream_buffer,9439,11944,9029,20973,63276
stream_buffer,9440,11815,9029,20844,63276
stream_buffer,9441,11815,9029,20844,63276
stream_buffer,9442,11815,9029,20844,63276
stream_buffer,9443,11815,9029,20844,63276
stream_buffer,9444,11815,9861,21676,63276
stream_buffer,9445,216345,186818,403163,63276
stream_buffer,9446,12447,9031,21478,63276
stream_buffer,9447,11815,9031,20846,63276
stream_buffer,9448,11815,9031,20846,63276
stream_buffer,9449,11839,9093,20932,63276
stream_buffer,9450,11817,9029,20846,63276
stream_buffer,9451,11817,9029,20846,63276
stream_buffer,9452,152483,193197,345680,63276
stream_buffer,9453,12449,9031,21480,63276
stream_buffer,9454,11817,9031,20848,63276
stream_buffer,9455,11817,9031,20848,63276
stream_buffer,9456,11817,9031,20848,63276
stream_buffer,9457,11817,9031,20848,63276
stream_buffer,9458,11819,9031,20850,63276
stream_buffer,9459,171620,9029,9029,63276
stream_buffer,9460,12835,287448,300283,63276
stream_buffer,9461,12415,9648,22063,63276
stream_buffer,9462,11783,9016,20799,63276
stream_buffer,9463,11783,9016,20799,63276
stream_buffer,9464,11860,9016,20876,63276
stream_buffer,9465,11783,9016,20799,63276
stream_buffer,9466,11783,9016,20799,63276
stream_buffer,9467,11783,9016,20799,63276
stream_buffer,9468,11783,9016,20799,63276
stream_buffer,9469,11783,10137,21920,63276
stream_buffer,9470,216628,186735,403363,63276
stream_buffer,9471,12449,9029,21478,63276
stream_buffer,9472,11817,9029,20846,63276
stream_buffer,9473,11817,9029,20846,63276
stream_buffer,9474,11817,9029,20846,63276
stream_buffer,9475,11817,9029,20846,63276
stream_buffer,9476,11817,9029,20846,63276
stream_buffer,9477,152413,193288,345701,63276
stream_buffer,9478,12449,9031,21480,63276
stream_buffer,9479,11817,9031,20848,63276
stream_buffer,9480,11817,9031,20848,63276
stream_buffer,9481,11849,9092,20941,63276
stream_buffer,9482,11815,9029,20844,63276
stream_buffer,9483,11820,9029,20849,63276
stream_buffer,9484,171544,9029,9029,63276
stream_buffer,9485,12869,287649,300518,63276
stream_buffer,9486,12447,9663,22110,63276
stream_buffer,9487,11815,9031,20846,63276
stream_buffer,9488,11815,9031,20846,63276
stream_buffer,9489,11912,9031,20943,63276
stream_buffer,9490,11815,9031,20846,63276
stream_buffer,9491,11815,9031,20846,63276
stream_buffer,9492,11839,9093,20932,63276
stream_buffer,9493,11817,9029,20846,63276
stream_buffer,9494,11817,9844,21661,63276
stream_buffer,9495,216337,186822,403159,63276
stream_buffer,9496,12449,9029,21478,63276
stream_buffer,9497,11817,9029,20846,63276
stream_buffer,9498,11817,9029,20846,63276
stream_buffer,9499,11817,9029,20846,63276
stream_buffer,9500,11817,9029,20846,63276
stream_buffer,9501,11817,9029,20846,63276
stream_buffer,9502,152343,193174,345517,63276
stream_buffer,9503,12415,9016,21431,63276
stream_buffer,9504,11783,9016,20799,63276
stream_buffer,9505,11783,9016,20799,63276
stream_buffer,9506,11783,9016,20799,63276
stream_buffer,9507,11783,9016,20799,63276
stream_buffer,9508,11801,9016,20817,63276
stream_buffer,9509,171576,9016,9016,63276
stream_buffer,9510,12835,287598,300433,63276
stream_buffer,9511,12415,9650,22065,63276
stream_buffer,9512,11783,9018,20801,63276
stream_buffer,9513,11841,9049,20890,63276
stream_buffer,9514,11850,9029,20879,63276
stream_buffer,9515,11817,9029,20846,63276
stream_buffer,9516,11817,9029,20846,63276
stream_buffer,9517,11817,9029,20846,63276
stream_buffer,9518,11817,9029,20846,63276
stream_buffer,9519,11817,9934,21751,63276
stream_buffer,9520,216353,186806,403159,63276
stream_buffer,9521,12449,9031,21480,63276
stream_buffer,9522,11817,9031,20848,63276
stream_buffer,9523,11817,9031,20848,63276
stream_buffer,9524,11849,9092,20941,63276
stream_buffer,9525,11815,9029,20844,63276
stream_buffer,9526,11815,9029,20844,63276
stream_buffer,9527,152409,193267,345676,63276
stream_buffer,9528,12447,9029,21476,63276
stream_buffer,9529,11815,9029,20844,63276
stream_buffer,9530,11815,9029,20844,63276
stream_buffer,9531,11815,9029,20844,63276
stream_buffer,9532,11815,9029,20844,63276
stream_buffer,9533,11823,9029,20852,63276
stream_buffer,9534,171584,9029,9029,63276
stream_buffer,9535,12891,287694,300585,63276
stream_buffer,9536,12449,9662,22111,63276
stream_buffer,9537,11817,9029,20846,63276
stream_buffer,9538,11817,9029,20846,63276
stream_buffer,9539,11941,9029,20970,63276
stream_buffer,9540,11817,9029,20846,63276
stream_buffer,9541,11817,9029,20846,63276
stream_buffer,9542,11817,9029,20846,63276
stream_buffer,9543,11817,9029,20846,63276
stream_buffer,9544,11817,9917,21734,63276
stream_buffer,9545,216371,187021,403392,63276
stream_buffer,9546,12415,9016,21431,63276
stream_buffer,9547,11783,9016,20799,63276
stream_buffer,9548,11783,9016,20799,63276
stream_buffer,9549,11783,9016,20799,63276
stream_buffer,9550,11783,9016,20799,63276
stream_buffer,9551,11783,9016,20799,63276
stream_buffer,9552,152048,193256,345304,63276
stream_buffer,9553,12415,9018,21433,63276
stream_buffer,9554,11783,9018,20801,63276
stream_buffer,9555,11783,9018,20801,63276
stream_buffer,9556,11841,9049,20890,63276
stream_buffer,9557,11817,9029,20846,63276
stream_buffer,9558,11861,9029,20890,63276
stream_buffer,9559,171616,9029,9029,63276
stream_buffer,9560,12871,287605,300476,63276
stream_buffer,9561,12449,9664,22113,63276
stream_buffer,9562,11817,9031,20848,63276
stream_buffer,9563,11817,9031,20848,63276
stream_buffer,9564,11857,9031,20888,63276
stream_buffer,9565,11817,9031,20848,63276
stream_buffer,9566,11817,9031,20848,63276
stream_buffer,9567,11849,9092,20941,63276
stream_buffer,9568,11815,9029,20844,63276
stream_buffer,9569,11815,9850,21665,63276
stream_buffer,9570,216329,186811,403140,63276
stream_buffer,9571,12447,9029,21476,63276
stream_buffer,9572,11815,9029,20844,63276
stream_buffer,9573,11815,9029,20844,63276
stream_buffer,9574,11815,9029,20844,63276
stream_buffer,9575,11815,9029,20844,63276
stream_buffer,9576,11815,9029,20844,63276
stream_buffer,9577,152341,193360,345701,63276
stream_buffer,9578,12471,9093,21564,63276
stream_buffer,9579,11817,9029,20846,63276
stream_buffer,9580,11817,9029,20846,63276
stream_buffer,9581,11817,9029,20846,63276
stream_buffer,9582,11817,9029,20846,63276
stream_buffer,9583,11822,9029,20851,63276
stream_buffer,9584,171576,9029,9029,63276
stream_buffer,9585,12871,287479,300350,63276
stream_buffer,9586,12449,9664,22113,63276
stream_buffer,9587,11817,9031,20848,63276
stream_buffer,9588,11817,9029,20846,63276
stream_buffer,9589,11880,9016,20896,63276
stream_buffer,9590,11783,9016,20799,63276
stream_buffer,9591,11783,9016,20799,63276
stream_buffer,9592,11783,9016,20799,63276
stream_buffer,9593,11783,9016,20799,63276
stream_buffer,9594,11783,10195,21978,63276
stream_buffer,9595,216692,186570,403262,63276
stream_buffer,9596,12415,9018,21433,63276
stream_buffer,9597,11783,9018,20801,63276
stream_buffer,9598,11783,9018,20801,63276
stream_buffer,9599,11841,9049,20890,63276
stream_buffer,9600,11817,9029,20846,63276
stream_buffer,9601,11817,9029,20846,63276
stream_buffer,9602,152301,193359,345660,63276
stream_buffer,9603,12449,9029,21478,63276
stream_buffer,9604,11817,9029,20846,63276
stream_buffer,9605,11817,9029,20846,63276
stream_buffer,9606,11817,9029,20846,63276
stream_buffer,9607,11817,9029,20846,63276
stream_buffer,9608,11819,9029,20848,63276
stream_buffer,9609,171592,9029,9029,63276
stream_buffer,9610,12903,287688,300591,63276
stream_buffer,9611,12447,9662,22109,63276
stream_buffer,9612,11815,9029,20844,63276
stream_buffer,9613,11815,9029,20844,63276
stream_buffer,9614,11947,9029,20976,63276
stream_buffer,9615,11815,9029,20844,63276
stream_buffer,9616,11815,9029,20844,63276
stream_buffer,9617,11815,9029,20844,63276
stream_buffer,9618,11815,9029,20844,63276
stream_buffer,9619,11815,9919,21734,63276
stream_buffer,9620,216373,186791,403164,63276
stream_buffer,9621,12471,9093,21564,63276
stream_buffer,9622,11817,9029,20846,63276
stream_buffer,9623,11817,9029,20846,63276
stream_buffer,9624,11817,9029,20846,63276
stream_buffer,9625,11817,9029,20846,63276
stream_buffer,9626,11817,9029,20846,63276
stream_buffer,9627,152445,193130,345575,63276
stream_buffer,9628,12449,9031,21480,63276
stream_buffer,9629,11817,9031,20848,63276
stream_buffer,9630,11817,9031,20848,63276
stream_buffer,9631,11817,9029,20846,63276
stream_buffer,9632,11783,9016,20799,63276
stream_buffer,9633,11793,9016,20809,63276
stream_buffer,9634,171618,9016,9016,63276
stream_buffer,9635,12835,287578,300413,63276
stream_buffer,9636,12415,9651,22066,63276
stream_buffer,9637,11783,9018,20801,63276
stream_buffer,9638,11783,9018,20801,63276
stream_buffer,9639,11811,9018,20829,63276
stream_buffer,9640,11783,9018,20801,63276
stream_buffer,9641,11783,9018,20801,63276
stream_buffer,9642,11841,9049,20890,63276
stream_buffer,9643,11817,9029,20846,63276
stream_buffer,9644,11817,10205,22022,63276
stream_buffer,9645,216619,186591,403210,63276
stream_buffer,9646,12449,9029,21478,63276
stream_buffer,9647,11817,9029,20846,63276
stream_buffer,9648,11817,9029,20846,63276
stream_buffer,9649,11817,9029,20846,63276
stream_buffer,9650,11817,9029,20846,63276
stream_buffer,9651,11817,9029,20846,63276
stream_buffer,9652,152307,193389,345696,63276
stream_buffer,9653,12481,9092,21573,63276
stream_buffer,9654,11815,9029,20844,63276
stream_buffer,9655,11815,9029,20844,63276
stream_buffer,9656,11815,9029,20844,63276
stream_buffer,9657,11815,9029,20844,63276
stream_buffer,9658,11820,9029,20849,63276
stream_buffer,9659,171576,9029,9029,63276
stream_buffer,9660,12869,287611,300480,63276
stream_buffer,9661,12447,9663,22110,63276
stream_buffer,9662,11815,9031,20846,63276
stream_buffer,9663,11815,9031,20846,63276
stream_buffer,9664,11970,9093,21063,63276
stream_buffer,9665,11817,9029,20846,63276
stream_buffer,9666,11817,9029,20846,63276
stream_buffer,9667,11817,9029,20846,63276
stream_buffer,9668,11817,9029,20846,63276
stream_buffer,9669,11817,9822,21639,63276
stream_buffer,9670,216343,186836,403179,63276
stream_buffer,9671,12449,9031,21480,63276
stream_buffer,9672,11817,9031,20848,63276
stream_buffer,9673,11817,9031,20848,63276
stream_buffer,9674,11817,9029,20846,63276
stream_buffer,9675,11783,9016,20799,63276
stream_buffer,9676,11783,9016,20799,63276
stream_buffer,9677,152338,193135,345473,63276
stream_buffer,9678,12415,9016,21431,63276
stream_buffer,9679,11783,9016,20799,63276
stream_buffer,9680,11783,9016,20799,63276
stream_buffer,9681,11783,9016,20799,63276
stream_buffer,9682,11783,9016,20799,63276
stream_buffer,9683,11801,9016,20817,63276
stream_buffer,9684,171590,9016,9016,63276
stream_buffer,9685,12895,287610,300505,63276
stream_buffer,9686,12449,9661,22110,63276
stream_buffer,9687,11817,9029,20846,63276
stream_buffer,9688,11817,9029,20846,63276
stream_buffer,9689,11881,9029,20910,63276
stream_buffer,9690,11817,9029,20846,63276
stream_buffer,9691,11817,9029,20846,63276
stream_buffer,9692,11817,9029,20846,63276
stream_buffer,9693,11817,9029,20846,63276
stream_buffer,9694,11817,9948,21765,63276
stream_buffer,9695,216365,186800,403165,63276
stream_buffer,9696,12481,9092,21573,63276
stream_buffer,9697,11815,9029,20844,63276
stream_buffer,9698,11815,9029,20844,63276
stream_buffer,9699,11815,9029,20844,63276
stream_buffer,9700,11815,9029,20844,63276
stream_buffer,9701,11815,9029,20844,63276
stream_buffer,9702,152485,193215,345700,63276
stream_buffer,9703,12447,9031,21478,63276
stream_buffer,9704,11815,9031,20846,63276
stream_buffer,9705,11815,9031,20846,63276
stream_buffer,9706,11815,9031,20846,63276
stream_buffer,9707,11839,9093,20932,63276
stream_buffer,9708,11821,9029,20850,63276
stream_buffer,9709,171574,9029,9029,63276
stream_buffer,9710,12871,287540,300411,63276
stream_buffer,9711,12449,9663,22112,63276
stream_buffer,9712,11817,9031,20848,63276
stream_buffer,9713,11817,9031,20848,63276
stream_buffer,9714,11923,9031,20954,63276
stream_buffer,9715,11817,9031,20848,63276
stream_buffer,9716,11817,9031,20848,63276
stream_buffer,9717,11817,9029,20846,63276
stream_buffer,9718,11783,9016,20799,63276
stream_buffer,9719,11783,10215,21998,63276
stream_buffer,9720,216682,186524,403206,63276
stream_buffer,9721,12415,9016,21431,63276
stream_buffer,9722,11783,9016,20799,63276
stream_buffer,9723,11783,9016,20799,63276
stream_buffer,9724,11783,9016,20799,63276
stream_buffer,9725,11783,9016,20799,63276
stream_buffer,9726,11783,9016,20799,63276
stream_buffer,9727,152268,193336,345604,63276
stream_buffer,9728,12473,9049,21522,63276
stream_buffer,9729,11817,9029,20846,63276
stream_buffer,9730,11817,9029,20846,63276
stream_buffer,9731,11817,9029,20846,63276
stream_buffer,9732,11817,9029,20846,63276
stream_buffer,9733,11827,9029,20856,63276
stream_buffer,9734,171616,9029,9029,63276
stream_buffer,9735,12871,287635,300506,63276
stream_buffer,9736,12449,9663,22112,63276
stream_buffer,9737,11817,9031,20848,63276
stream_buffer,9738,11817,9031,20848,63276
stream_buffer,9739,11981,9092,21073,63276
stream_buffer,9740,11815,9029,20844,63276
stream_buffer,9741,11815,9029,20844,63276
stream_buffer,9742,11815,9029,20844,63276
stream_buffer,9743,11815,9029,20844,63276
stream_buffer,9744,11815,9867,21682,63276
stream_buffer,9745,216343,186822,403165,63276
stream_buffer,9746,12447,9031,21478,63276
stream_buffer,9747,11815,9031,20846,63276
stream_buffer,9748,11815,9031,20846,63276
stream_buffer,9749,11815,9031,20846,63276
stream_buffer,9750,11839,9093,20932,63276
stream_buffer,9751,11817,9029,20846,63276
stream_buffer,9752,152447,193234,345681,63276
stream_buffer,9753,12449,9029,21478,63276
stream_buffer,9754,11817,9029,20846,63276
stream_buffer,9755,11817,9029,20846,63276
stream_buffer,9756,11817,9029,20846,63276
stream_buffer,9757,11817,9029,20846,63276
stream_buffer,9758,11819,9029,20848,63276
stream_buffer,9759,171592,9029,9029,63276
stream_buffer,9760,12871,287494,300365,63276
stream_buffer,9761,12415,9648,22063,63276
stream_buffer,9762,11783,9016,20799,63276
stream_buffer,9763,11783,9016,20799,63276
stream_buffer,9764,11869,9016,20885,63276
stream_buffer,9765,11783,9016,20799,63276
stream_buffer,9766,11783,9016,20799,63276
stream_buffer,9767,11783,9016,20799,63276
stream_buffer,9768,11783,9016,20799,63276
stream_buffer,9769,11783,10210,21993,63276
stream_buffer,9770,216640,186592,403232,63276
stream_buffer,9771,12473,9049,21522,63276
stream_buffer,9772,11817,9029,20846,63276
stream_buffer,9773,11817,9029,20846,63276
stream_buffer,9774,11817,9029,20846,63276
stream_buffer,9775,11817,9029,20846,63276
stream_buffer,9776,11817,9029,20846,63276
stream_buffer,9777,152297,193391,345688,63276
stream_buffer,9778,12449,9031,21480,63276
stream_buffer,9779,11817,9031,20848,63276
stream_buffer,9780,11817,9031,20848,63276
stream_buffer,9781,11817,9031,20848,63276
stream_buffer,9782,11849,9092,20941,63276
stream_buffer,9783,11815,9029,20844,63276
stream_buffer,9784,171538,9029,9029,63276
stream_buffer,9785,12869,287643,300512,63276
stream_buffer,9786,12447,9663,22110,63276
stream_buffer,9787,11815,9031,20846,63276
stream_buffer,9788,11815,9031,20846,63276
stream_buffer,9789,11910,9031,20941,63276
stream_buffer,9790,11815,9031,20846,63276
stream_buffer,9791,11815,9031,20846,63276
stream_buffer,9792,11815,9031,20846,63276
stream_buffer,9793,11839,9093,20932,63276
stream_buffer,9794,11817,9826,21643,63276
stream_buffer,9795,216339,186832,403171,63276
stream_buffer,9796,12449,9029,21478,63276
stream_buffer,9797,11817,9029,20846,63276
stream_buffer,9798,11817,9029,20846,63276
stream_buffer,9799,11817,9029,20846,63276
stream_buffer,9800,11817,9029,20846,63276
stream_buffer,9801,11817,9029,20846,63276
stream_buffer,9802,152345,193150,345495,63276
stream_buffer,9803,12449,9029,21478,63276
stream_buffer,9804,11783,9016,20799,63276
stream_buffer,9805,11783,9016,20799,63276
stream_buffer,9806,11783,9016,20799,63276
stream_buffer,9807,11783,9016,20799,63276
stream_buffer,9808,11792,9016,20808,63276
stream_buffer,9809,171574,9016,9016,63276
stream_buffer,9810,12835,287596,300431,63276
stream_buffer,9811,12415,9650,22065,63276
stream_buffer,9812,11783,9018,20801,63276
stream_buffer,9813,11783,9018,20801,63276
stream_buffer,9814,11863,9049,20912,63276
stream_buffer,9815,11817,9029,20846,63276
stream_buffer,9816,11817,9029,20846,63276
stream_buffer,9817,11817,9029,20846,63276
stream_buffer,9818,11817,9029,20846,63276
stream_buffer,9819,11817,10230,22047,63276
stream_buffer,9820,216621,186629,403250,63276
stream_buffer,9821,12449,9031,21480,63276
stream_buffer,9822,11817,9031,20848,63276
stream_buffer,9823,11817,9031,20848,63276
stream_buffer,9824,11817,9031,20848,63276
stream_buffer,9825,11849,9092,20941,63276
stream_buffer,9826,11815,9029,20844,63276
stream_buffer,9827,152277,193463,345740,63276
stream_buffer,9828,12447,9029,21476,63276
stream_buffer,9829,11815,9029,20844,63276
stream_buffer,9830,11815,9029,20844,63276
stream_buffer,9831,11815,9029,20844,63276
stream_buffer,9832,11815,9029,20844,63276
stream_buffer,9833,11823,9029,20852,63276
stream_buffer,9834,171584,9029,9029,63276
stream_buffer,9835,12869,287632,300501,63276
stream_buffer,9836,12471,9725,22196,63276
stream_buffer,9837,11817,9029,20846,63276
stream_buffer,9838,11817,9029,20846,63276
stream_buffer,9839,11941,9029,20970,63276
stream_buffer,9840,11817,9029,20846,63276
stream_buffer,9841,11817,9029,20846,63276
stream_buffer,9842,11817,9029,20846,63276
stream_buffer,9843,11817,9029,20846,63276
stream_buffer,9844,11817,9857,21674,63276
stream_buffer,9845,216355,187045,403400,63276
stream_buffer,9846,12449,9029,21478,63276
stream_buffer,9847,11783,9016,20799,63276
stream_buffer,9848,11783,9016,20799,63276
stream_buffer,9849,11783,9016,20799,63276
stream_buffer,9850,11783,9016,20799,63276
stream_buffer,9851,11783,9016,20799,63276
stream_buffer,9852,152050,193281,345331,63276
stream_buffer,9853,12415,9018,21433,63276
stream_buffer,9854,11783,9018,20801,63276
stream_buffer,9855,11783,9018,20801,63276
stream_buffer,9856,11783,9018,20801,63276
stream_buffer,9857,11841,9049,20890,63276
stream_buffer,9858,11869,9029,20898,63276
stream_buffer,9859,171618,9029,9029,63276
stream_buffer,9860,12871,287611,300482,63276
stream_buffer,9861,12449,9663,22112,63276
stream_buffer,9862,11817,9031,20848,63276
stream_buffer,9863,11817,9031,20848,63276
stream_buffer,9864,11852,9031,20883,63276
stream_buffer,9865,11817,9031,20848,63276
stream_buffer,9866,11817,9031,20848,63276
stream_buffer,9867,11817,9031,20848,63276
stream_buffer,9868,11849,9092,20941,63276
stream_buffer,9869,11815,9860,21675,63276
stream_buffer,9870,216333,186805,403138,63276
stream_buffer,9871,12447,9029,21476,63276
stream_buffer,9872,11815,9029,20844,63276
stream_buffer,9873,11815,9029,20844,63276
stream_buffer,9874,11815,9029,20844,63276
stream_buffer,9875,11815,9029,20844,63276
stream_buffer,9876,11815,9029,20844,63276
stream_buffer,9877,152343,193356,345699,63276
stream_buffer,9878,12447,9031,21478,63276
stream_buffer,9879,11839,9093,20932,63276
stream_buffer,9880,11817,9029,20846,63276
stream_buffer,9881,11817,9029,20846,63276
stream_buffer,9882,11817,9029,20846,63276
stream_buffer,9883,11822,9029,20851,63276
stream_buffer,9884,171578,9029,9029,63276
stream_buffer,9885,12871,287496,300367,63276
stream_buffer,9886,12449,9664,22113,63276
stream_buffer,9887,11817,9031,20848,63276
stream_buffer,9888,11817,9031,20848,63276
stream_buffer,9889,11937,9029,20966,63276
stream_buffer,9890,11783,9016,20799,63276
stream_buffer,9891,11783,9016,20799,63276
stream_buffer,9892,11783,9016,20799,63276
stream_buffer,9893,11783,9016,20799,63276
stream_buffer,9894,11783,10178,21961,63276
stream_buffer,9895,216654,186634,403288,63276
stream_buffer,9896,12415,9018,21433,63276
stream_buffer,9897,11783,9018,20801,63276
stream_buffer,9898,11783,9018,20801,63276
stream_buffer,9899,11783,9018,20801,63276
stream_buffer,9900,11841,9049,20890,63276
stream_buffer,9901,11817,9029,20846,63276
stream_buffer,9902,152433,193292,345725,63276
stream_buffer,9903,12449,9029,21478,63276
stream_buffer,9904,11817,9029,20846,63276
stream_buffer,9905,11817,9029,20846,63276
stream_buffer,9906,11817,9029,20846,63276
stream_buffer,9907,11817,9029,20846,63276
stream_buffer,9908,11819,9029,20848,63276
stream_buffer,9909,171592,9029,9029,63276
stream_buffer,9910,12871,287622,300493,63276
stream_buffer,9911,12481,9724,22205,63276
stream_buffer,9912,11815,9029,20844,63276
stream_buffer,9913,11815,9029,20844,63276
stream_buffer,9914,11942,9029,20971,63276
stream_buffer,9915,11815,9029,20844,63276
stream_buffer,9916,11815,9029,20844,63276
stream_buffer,9917,11815,9029,20844,63276
stream_buffer,9918,11815,9029,20844,63276
stream_buffer,9919,11815,9857,21672,63276
stream_buffer,9920,216353,187089,403442,63276
stream_buffer,9921,12447,9031,21478,63276
stream_buffer,9922,11839,9093,20932,63276
stream_buffer,9923,11817,9029,20846,63276
stream_buffer,9924,11817,9029,20846,63276
stream_buffer,9925,11817,9029,20846,63276
stream_buffer,9926,11817,9029,20846,63276
stream_buffer,9927,151989,193341,345330,63276
stream_buffer,9928,12449,9031,21480,63276
stream_buffer,9929,11817,9031,20848,63276
stream_buffer,9930,11817,9031,20848,63276
stream_buffer,9931,11817,9031,20848,63276
stream_buffer,9932,11817,9029,20846,63276
stream_buffer,9933,11815,9016,20831,63276
stream_buffer,9934,171566,9016,9016,63276
stream_buffer,9935,12835,287564,300399,63276
stream_buffer,9936,12415,9651,22066,63276
stream_buffer,9937,11783,9018,20801,63276
stream_buffer,9938,11783,9018,20801,63276
stream_buffer,9939,11785,9018,20803,63276
stream_buffer,9940,11783,9018,20801,63276
stream_buffer,9941,11783,9018,20801,63276
stream_buffer,9942,11783,9018,20801,63276
stream_buffer,9943,11841,9049,20890,63276
stream_buffer,9944,11817,10249,22066,63276
stream_buffer,9945,216649,186528,403177,63276
stream_buffer,9946,12449,9029,21478,63276
stream_buffer,9947,11817,9029,20846,63276
stream_buffer,9948,11817,9029,20846,63276
stream_buffer,9949,11817,9029,20846,63276
stream_buffer,9950,11817,9029,20846,63276
stream_buffer,9951,11817,9029,20846,63276
stream_buffer,9952,152345,193326,345671,63276
stream_buffer,9953,12449,9031,21480,63276
stream_buffer,9954,11849,9092,20941,63276
stream_buffer,9955,11815,9029,20844,63276
stream_buffer,9956,11815,9029,20844,63276
stream_buffer,9957,11815,9029,20844,63276
stream_buffer,9958,11819,9029,20848,63276
stream_buffer,9959,171582,9029,9029,63276
stream_buffer,9960,12869,287631,300500,63276
stream_buffer,9961,12447,9663,22110,63276
stream_buffer,9962,11815,9031,20846,63276
stream_buffer,9963,11815,9031,20846,63276
stream_buffer,9964,11934,9031,20965,63276
stream_buffer,9965,11839,9093,20932,63276
stream_buffer,9966,11817,9029,20846,63276
stream_buffer,9967,11817,9029,20846,63276
stream_buffer,9968,11817,9029,20846,63276
stream_buffer,9969,11817,9856,21673,63276
stream_buffer,9970,216345,187066,403411,63276
stream_buffer,9971,12449,9031,21480,63276
stream_buffer,9972,11817,9031,20848,63276
stream_buffer,9973,11817,9031,20848,63276
stream_buffer,9974,11817,9031,20848,63276
stream_buffer,9975,11817,9029,20846,63276
stream_buffer,9976,11783,9016,20799,63276
stream_buffer,9977,151998,193527,345525,63276
stream_buffer,9978,12415,9016,21431,63276
stream_buffer,9979,11783,9016,20799,63276
stream_buffer,9980,11783,9016,20799,63276
stream_buffer,9981,11783,9016,20799,63276
stream_buffer,9982,11783,9016,20799,63276
stream_buffer,9983,11835,9016,20851,63276
stream_buffer,9984,171214,9016,9016,63276
stream_buffer,9985,12835,286710,299545,63276
stream_buffer,9986,12473,9681,22154,63276
stream_buffer,9987,11817,9029,20846,63276
stream_buffer,9988,11817,9029,20846,63276
stream_buffer,9989,11817,9029,20846,63276
stream_buffer,9990,11817,9029,20846,63276
stream_buffer,9991,11817,9029,20846,63276
stream_buffer,9992,11817,9029,20846,63276
stream_buffer,9993,11817,9029,20846,63276
stream_buffer,9994,11817,9375,21192,63276
stream_buffer,9995,214957,188591,403548,63276
stream_buffer,9996,12449,9031,21480,63276
stream_buffer,9997,11849,9092,20941,63276
stream_buffer,9998,11815,9029,20844,63276
stream_buffer,9999,11815,9029,20844,63276
