index, exec_time_us, loop_time_us, adc_time_us, heater_time_us, temp_get_time_us, e2e_time_us, temp_c, free_heap, cpu_core0, cpu_core1, cpu_overall, temp_mutex_wait, metrics_mutex_wait
    0,     94999861,        10000,         435,             28,                8,      111863,  27.61,    210048,      0.35,      6.44,        3.40,               4,                 16
    1,             ,        10000,         125,             24,                8,      111429,  27.58,    210048,      0.37,      6.45,        3.41,               4,                  5
    2,             ,        10000,         125,             26,                8,      111871,  27.79,    210048,      0.45,      7.84,        4.14,               5,                  4
    3,             ,        10000,         125,             20,                8,      111871,  27.55,    210048,      0.75,      6.45,        3.60,               4,                  5
    4,             ,        10000,         125,             20,                8,      111579,  27.67,    210048,      0.35,      6.44,        3.40,               4,                  5
    5,             ,        10000,         125,             20,                8,      111871,  27.55,    210048,      0.37,      6.45,        3.41,               4,                  5
    6,             ,        10449,         125,             20,                8,            ,  27.70,    210048,      0.35,      6.44,        3.40,               4,                  5
    7,             ,         9552,         125,             28,               10,            ,  27.55,    210048,      0.37,      6.45,        3.41,               4,                  4
    8,             ,         9999,         125,             20,                8,            ,  27.61,    210048,      0.35,      6.44,        3.40,               4,                  5
    9,             ,        10000,         125,             20,                8,            ,  27.52,    210048,      0.37,      6.45,        3.41,               4,                  5
   10,             ,        10000,         125,             20,                8,            ,  27.61,    210048,      0.35,      6.44,        3.40,               4,                  5
   11,             ,        10000,         125,             20,                8,            ,  27.55,    210048,      0.37,      7.87,        4.12,               4,                  5
   12,             ,        10000,         125,               ,                8,            ,  27.61,    210048,      0.45,      6.46,        3.45,               4,                  5
   13,             ,        10000,         125,               ,                8,            ,  27.70,    210048,      0.75,      6.45,        3.60,               4,                  4
   14,             ,        10000,         125,               ,                8,            ,  27.70,    210048,      0.35,      6.44,        3.40,               4,                  4
   15,             ,        10000,         125,               ,                8,            ,  27.61,    210048,      0.37,      6.45,        3.41,               4,                  5
   16,             ,        10000,         125,               ,                8,            ,  27.55,    210048,      0.35,      6.44,        3.40,               4,                  5
   17,             ,        10449,         125,               ,                8,            ,  27.55,    210048,      0.37,      6.45,        3.41,               4,                  5
   18,             ,         9552,         125,               ,               10,            ,  27.70,    210048,      0.35,      6.44,        3.40,               4,                  5
   19,             ,         9999,         125,               ,                8,            ,  27.61,    210048,      0.37,      6.45,        3.41,               4,                  5
   20,             ,        10000,         125,               ,                8,            ,  27.67,    210048,      0.35,      7.86,        4.10,               4,                  5
   21,             ,        10000,         125,               ,                8,            ,  27.55,    210048,      0.37,      6.45,        3.41,               4,                  5
   22,             ,        10000,         125,               ,                8,            ,  27.64,    210048,      0.45,      6.42,        3.43,               4,                  5
   23,             ,        10000,         125,               ,                8,            ,  27.55,    210048,      0.75,      6.45,        3.60,               4,                  5
   24,             ,        10000,         125,               ,                8,            ,  27.79,    210048,      0.35,      6.44,        3.40,               4,                  4
   25,             ,        10000,         125,               ,                8,            ,  27.55,    210048,      0.37,      6.45,        3.41,               4,                  5
   26,             ,        10000,         125,               ,                8,            ,  27.55,    210048,      0.35,      6.44,        3.40,               4,                  5
   27,             ,        10000,         125,               ,                8,            ,  27.67,    210048,      0.37,      6.45,        3.41,               4,                  5
   28,             ,        10449,         125,               ,                8,            ,  27.55,    210048,      0.35,      6.44,        3.40,               4,                  4
   29,             ,         9552,         125,               ,               10,            ,  27.55,    210048,      0.37,      7.87,        4.12,               4,                  5
   30,             ,         9999,         125,               ,                8,            ,  27.58,    210048,      0.35,      6.44,        3.40,               4,                  5
   31,             ,        10000,         125,               ,                8,            ,  27.61,    210048,      0.37,      6.45,        3.41,               4,                  5
   32,             ,        10000,         125,               ,                8,            ,  27.45,    210048,      0.45,      6.42,        3.43,               4,                  5
   33,             ,        10000,         125,               ,                8,            ,  27.55,    210048,      0.75,      6.45,        3.60,               4,                  5
   34,             ,        10000,         125,               ,                8,            ,  27.55,    210048,      0.35,      6.44,        3.40,               4,                  5
   35,             ,        10000,         125,               ,                8,            ,  27.82,    210048,      0.37,      6.45,        3.41,               4,                  4
   36,             ,        10000,         125,               ,                8,            ,  27.64,    210048,      0.35,      6.44,        3.40,               4,                  5
   37,             ,        10000,         125,               ,                8,            ,  27.55,    210048,      0.37,      6.45,        3.41,               4,                  5
   38,             ,        10000,         125,               ,                8,            ,  27.48,    210048,      0.35,      7.86,        4.10,               4,                  5
   39,             ,        10449,         125,               ,                8,            ,  27.58,    210048,      0.37,      6.45,        3.41,               4,                  5
   40,             ,         9552,         125,               ,               10,            ,  27.52,    210048,      0.35,      6.44,        3.40,               4,                  5
   41,             ,         9999,         125,               ,                8,            ,  27.45,    210048,      0.37,      6.45,        3.41,               4,                  5
   42,             ,        10000,         125,               ,                8,            ,  27.55,    210048,      0.45,      6.42,        3.43,               4,                  5
   43,             ,        10000,         125,               ,                8,            ,  27.58,    210048,      0.75,      6.45,        3.60,               4,                  5
   44,             ,        10000,         125,               ,                8,            ,  27.55,    210048,      0.35,      6.44,        3.40,               4,                  5
   45,             ,        10000,         125,               ,                8,            ,  27.55,    210048,      0.37,      6.45,        3.41,               4,                  5
   46,             ,        10000,         125,               ,                8,            ,  27.88,    210048,      0.35,      6.44,        3.40,               4,                  4
   47,             ,        10000,         125,               ,                8,            ,  27.48,    210048,      0.37,      7.87,        4.12,               4,                  5
   48,             ,        10000,         125,               ,                8,            ,  27.61,    210048,      0.35,      6.44,        3.40,               4,                  5
   49,             ,        10000,         125,               ,                8,            ,  27.58,    210048,      0.37,      6.45,        3.41,               4,                  5
   50,             ,        10449,         125,               ,                8,            ,  27.67,    210048,      0.35,      6.44,        3.40,               4,                  5
   51,             ,         9552,         125,               ,               10,            ,  29.09,    210048,      0.37,      6.45,        3.41,               4,                  5
   52,             ,         9999,         125,               ,                8,            ,  30.30,    210048,      0.45,      6.42,        3.43,               4,                  5
   53,             ,        10000,         125,               ,                8,            ,  31.36,    210048,      0.75,      6.45,        3.60,               4,                  5
   54,             ,        10000,         125,               ,                8,            ,  32.45,    210048,      0.35,      6.44,        3.40,               4,                  5
   55,             ,        10000,         125,               ,                8,            ,  33.45,    210048,      0.37,      6.45,        3.41,               4,                  5
   56,             ,        10000,         125,               ,                8,            ,  34.30,    210048,      0.35,      7.86,        4.10,               4,                  5
   57,             ,        10000,         125,               ,                8,            ,  35.58,    210048,      0.37,      6.45,        3.41,               4,                  4
   58,             ,        10000,         125,               ,                8,            ,  36.48,    210048,      0.35,      6.44,        3.40,               4,                  5
   59,             ,        10000,         125,               ,                8,            ,  37.58,    210048,      0.37,      6.45,        3.41,               4,                  5
   60,             ,        10000,         125,               ,                8,            ,  38.24,    210048,      0.35,      6.44,        3.40,               4,                  5
   61,             ,        10449,         125,               ,                8,            ,  39.39,    210048,      0.37,      6.45,        3.41,               4,                  5
   62,             ,         9552,         125,               ,               10,            ,  40.09,    210048,      0.45,      6.42,        3.43,               4,                  5
   63,             ,         9999,         125,               ,                8,            ,  41.21,    210048,      0.75,      6.45,        3.60,               4,                  5
   64,             ,        10000,         125,               ,                8,            ,  42.36,    210048,      0.35,      6.44,        3.40,               4,                  5
   65,             ,        10000,         125,               ,                8,            ,  42.73,    210048,      0.37,      7.87,        4.12,               4,                  5
   66,             ,        10000,         125,               ,                8,            ,  43.91,    210048,      0.35,      6.44,        3.40,               4,                  5
   67,             ,        10000,         125,               ,                8,            ,  44.85,    210048,      0.37,      6.45,        3.41,               4,                  5
   68,             ,        10000,         125,               ,                8,            ,  45.85,    210048,      0.35,      6.44,        3.40,               4,                  4
   69,             ,        10000,         125,               ,                8,            ,  46.70,    210048,      0.37,      6.45,        3.41,               4,                  5
   70,             ,        10000,         125,               ,                8,            ,  47.42,    210048,      0.35,      6.44,        3.40,               4,                  5
   71,             ,        10000,         125,               ,                8,            ,  48.06,    210048,      0.37,      6.45,        3.41,               4,                  5
   72,             ,        10449,         125,               ,                8,            ,  49.39,    210048,      0.45,      6.42,        3.43,               4,                  5
   73,             ,         9552,         125,               ,               10,            ,  50.03,    210048,      0.75,      6.45,        3.60,               4,                  5
   74,             ,         9999,         125,               ,                8,            ,  50.76,    210048,      0.35,      7.86,        4.10,               4,                  5
   75,             ,        10000,         125,               ,                8,            ,  51.45,    210048,      0.37,      6.45,        3.41,               4,                  5
   76,             ,        10000,         125,               ,                8,            ,  52.03,    210048,      0.35,      6.44,        3.40,               4,                  5
   77,             ,        10000,         125,               ,                8,            ,  52.76,    210048,      0.37,      6.45,        3.41,               4,                  5
   78,             ,        10000,         125,               ,                8,            ,  53.58,    210048,      0.35,      6.44,        3.40,               4,                  5
   79,             ,        10000,         125,               ,                8,            ,  54.45,    210048,      0.37,      6.45,        3.41,               4,                  4
   80,             ,        10000,         125,               ,                8,            ,  55.06,    210048,      0.35,      6.44,        3.40,               4,                  5
   81,             ,        10000,         125,               ,                8,            ,  54.55,    210048,      0.37,      6.45,        3.41,               4,                  5
   82,             ,        10000,         125,               ,                8,            ,  54.36,    210048,      0.45,      6.42,        3.43,               4,                  5
   83,             ,        10449,         125,               ,                8,            ,  53.97,    210048,      2.12,      7.76,        4.94,               4,                  4
   84,             ,         9552,         125,               ,               10,            ,  53.91,    210048,      0.00,      6.53,        3.26,               4,                  5
   85,             ,         9999,         125,               ,                8,            ,  53.58,    210048,      0.37,      6.45,        3.41,               4,                  5
   86,             ,        10000,         125,               ,                8,            ,  53.09,    210048,      0.35,      6.44,        3.40,               4,                  5
   87,             ,        10000,         125,               ,                8,            ,  52.85,    210048,      0.37,      6.45,        3.41,               4,                  5
   88,             ,        10000,         125,               ,                8,            ,  52.33,    210048,      0.35,      6.44,        3.40,               4,                  5
   89,             ,        10000,         125,               ,                8,            ,  52.03,    210048,      0.37,      6.45,        3.41,               4,                  5
   90,             ,        10000,         125,               ,                8,            ,  52.18,    210048,      0.35,      6.44,        3.40,               4,                  4
   91,             ,        10000,         125,               ,                8,            ,  51.79,    210048,      0.37,      6.45,        3.41,               4,                  5
   92,             ,        10000,         125,               ,                8,            ,  51.39,    210048,      0.45,      6.43,        3.44,               4,                  5
   93,             ,        10000,         125,               ,                8,            ,  51.45,    210048,      0.74,      7.86,        4.30,               4,                  5
   94,             ,        10449,         125,               ,                8,            ,  51.18,    210048,      0.35,      6.44,        3.40,               4,                  5
   95,             ,         9552,         125,               ,               10,            ,  51.15,    210048,      0.37,      6.45,        3.41,               4,                  5
   96,             ,         9999,         125,               ,                8,            ,  50.79,    210048,      0.35,      6.44,        3.40,               4,                  5
   97,             ,        10000,         125,               ,                8,            ,  50.36,    210048,      0.37,      6.45,        3.41,               4,                  5
   98,             ,        10000,         125,               ,                8,            ,  50.06,    210048,      0.35,      6.44,        3.40,               4,                  5
   99,             ,        10000,         125,               ,                8,            ,  50.03,    210048,      0.37,      6.45,        3.41,               4,                  5
  100,             ,        10000,         125,               ,                8,            ,  49.64,    210048,      0.35,      6.44,        3.40,               4,                  5
  101,             ,        10000,         125,               ,                8,            ,  49.48,    210048,      0.37,      6.45,        3.41,               5,                  4
  102,             ,        10000,         125,               ,                8,            ,  49.42,    210048,      0.45,      7.84,        4.14,               4,                  5
  103,             ,        10000,         125,               ,                8,            ,  48.85,    210048,      0.75,      6.45,        3.60,               4,                  5
  104,             ,        10000,         125,               ,                8,            ,  48.52,    210048,      0.35,      6.44,        3.40,               4,                  5
  105,             ,        10449,         125,               ,                8,            ,  48.61,    210048,      0.37,      6.45,        3.41,               4,                  5
  106,             ,         9552,         125,               ,               10,            ,  48.12,    210048,      0.35,      6.44,        3.40,               4,                  5
  107,             ,         9999,         125,               ,                8,            ,  47.70,    210048,      0.37,      6.45,        3.41,               4,                  5
  108,             ,        10000,         125,               ,                8,            ,  47.85,    210048,      0.35,      6.44,        3.40,               4,                  5
  109,             ,        10000,         125,               ,                8,            ,  47.15,    210048,      0.37,      6.45,        3.41,               4,                  5
  110,             ,        10000,         125,               ,                8,            ,  47.15,    210048,      0.35,      6.44,        3.40,               4,                  5
  111,             ,        10000,         125,               ,                8,            ,  47.03,    210048,      0.37,      7.87,        4.12,               4,                  5
  112,             ,        10000,         125,               ,                8,            ,  46.70,    210048,      0.45,      6.46,        3.45,               4,                  4
  113,             ,        10000,         125,               ,                8,            ,  46.61,    210048,      0.75,      6.45,        3.60,               4,                  5
  114,             ,        10000,         125,               ,                8,            ,  46.30,    210048,      0.35,      6.44,        3.40,               4,                  5
  115,             ,        10000,         125,               ,                8,            ,  45.97,    210048,      0.37,      6.45,        3.41,               4,                  4
  116,             ,        10449,         125,               ,                8,            ,  45.94,    210048,      0.35,      6.44,        3.40,               4,                  5
  117,             ,         9552,         125,               ,               10,            ,  45.70,    210048,      0.37,      6.45,        3.41,               4,                  5
  118,             ,         9999,         125,               ,                8,            ,  45.82,    210048,      0.35,      6.44,        3.40,               4,                  5
  119,             ,        10000,         125,               ,                8,            ,  45.48,    210048,      0.37,      6.45,        3.41,               4,                  5
  120,             ,        10000,         125,               ,                8,            ,  44.94,    210048,      0.35,      7.86,        4.10,               4,                  5
  121,             ,        10000,         125,               ,                8,            ,  44.88,    210048,      0.37,      6.45,        3.41,               4,                  5
  122,             ,        10000,         125,               ,                8,            ,  44.55,    210048,      0.45,      6.42,        3.43,               4,                  5
  123,             ,        10000,         125,               ,                8,            ,  44.76,    210048,      0.75,      6.45,        3.60,               4,                  4
  124,             ,        10000,         125,               ,                8,            ,  44.24,    210048,      0.35,      6.44,        3.40,               4,                  5
  125,             ,        10000,         125,               ,                8,            ,  44.24,    210048,      0.37,      6.45,        3.41,               4,                  5
  126,             ,        10000,         125,               ,                8,            ,  43.82,    210048,      0.35,      6.44,        3.40,               4,                  5
  127,             ,        10449,         125,               ,                8,            ,  43.88,    210048,      0.37,      6.45,        3.41,               4,                  5
  128,             ,         9552,         125,               ,               10,            ,  43.55,    210048,      0.35,      6.44,        3.40,               4,                  5
  129,             ,         9999,         125,               ,                8,            ,  43.55,    210048,      0.37,      7.87,        4.12,               4,                  5
  130,             ,        10000,         125,               ,                8,            ,  43.18,    210048,      0.35,      6.44,        3.40,               4,                  5
  131,             ,        10000,         125,               ,                8,            ,  42.73,    210048,      0.37,      6.45,        3.41,               4,                  5
  132,             ,        10000,         125,               ,                8,            ,  42.48,    210048,      0.45,      6.42,        3.43,               4,                  5
  133,             ,        10000,         125,               ,                8,            ,  42.61,    210048,      0.75,      6.45,        3.60,               4,                  5
  134,             ,        10000,         125,               ,                8,            ,  42.39,    210048,      0.35,      6.44,        3.40,               4,                  4
  135,             ,        10000,         125,               ,                8,            ,  42.21,    210048,      0.37,      6.45,        3.41,               4,                  5
  136,             ,        10000,         125,               ,                8,            ,  41.91,    210048,      0.35,      6.44,        3.40,               4,                  5
  137,             ,        10000,         125,               ,                8,            ,  41.76,    210048,      0.37,      6.45,        3.41,               4,                  5
  138,             ,        10449,         125,               ,                8,            ,  41.52,    210048,      0.35,      7.86,        4.10,               4,                  5
  139,             ,         9552,         125,               ,               10,            ,  41.42,    210048,      0.37,      6.45,        3.41,               4,                  5
  140,             ,         9999,         125,               ,                8,            ,  41.58,    210048,      0.35,      6.44,        3.40,               4,                  5
  141,             ,        10000,         125,               ,                8,            ,  41.21,    210048,      0.37,      6.45,        3.41,               4,                  5
  142,             ,        10000,         125,               ,                8,            ,  41.09,    210048,      0.45,      6.42,        3.43,               4,                  5
  143,             ,        10000,         125,               ,                8,            ,  40.73,    210048,      0.75,      6.45,        3.60,               4,                  5
  144,             ,        10000,         125,               ,                8,            ,  40.79,    210048,      0.35,      6.44,        3.40,               4,                  5
  145,             ,        10000,         125,               ,                8,            ,  40.58,    210048,      0.37,      6.45,        3.41,               4,                  4
  146,             ,        10000,         125,               ,                8,            ,  40.52,    210048,      0.35,      6.44,        3.40,               4,                  5
  147,             ,        10000,         125,               ,                8,            ,  40.52,    210048,      0.37,      7.87,        4.12,               4,                  5
  148,             ,        10000,         125,               ,                8,            ,  40.09,    210048,      0.35,      6.44,        3.40,               4,                  5
  149,             ,        10449,         125,               ,                8,            ,  40.12,    210048,      0.37,      6.45,        3.41,               4,                  5
  150,             ,         9552,         125,               ,               10,            ,  39.73,    210048,      0.35,      6.44,        3.40,               4,                  5
  151,             ,         9999,         125,               ,                8,            ,  39.61,    210048,      0.37,      6.45,        3.41,               4,                  5
  152,             ,        10000,         125,               ,                8,            ,  39.58,    210048,      0.45,      6.42,        3.43,               4,                  5
  153,             ,        10000,         125,               ,                8,            ,  39.42,    210048,      0.75,      6.45,        3.60,               4,                  5
  154,             ,        10000,         125,               ,                8,            ,  39.33,    210048,      0.35,      6.44,        3.40,               4,                  5
  155,             ,        10000,         125,               ,                8,            ,  39.27,    210048,      0.37,      6.45,        3.41,               4,                  5
  156,             ,        10000,         125,               ,                8,            ,  39.12,    210048,      0.35,      7.86,        4.10,               4,                  4
  157,             ,        10000,         125,               ,                8,            ,  39.00,    210048,      0.37,      6.45,        3.41,               4,                  5
  158,             ,        10000,         125,               ,                8,            ,  38.52,    210048,      0.35,      6.44,        3.40,               4,                  5
  159,             ,        10000,         125,               ,                8,            ,  38.61,    210048,      0.37,      6.45,        3.41,               4,                  5
  160,             ,        10449,         125,               ,                8,            ,  38.52,    210048,      0.35,      6.44,        3.40,               4,                  5
  161,             ,         9552,         125,               ,               10,            ,  38.30,    210048,      0.37,      6.45,        3.41,               4,                  5
  162,             ,         9999,         125,               ,                8,            ,  38.06,    210048,      0.45,      6.42,        3.43,               4,                  5
  163,             ,        10000,         125,               ,                8,            ,  38.24,    210048,      0.75,      6.45,        3.60,               4,                  5
  164,             ,        10000,         125,               ,                8,            ,  37.79,    210048,      0.35,      6.44,        3.40,               4,                  5
  165,             ,        10000,         125,               ,                8,            ,  37.79,    210048,      0.37,      7.87,        4.12,               4,                  5
  166,             ,        10000,         125,               ,                8,            ,  37.91,    210048,      0.35,      6.44,        3.40,               4,                  5
  167,             ,        10000,         125,               ,                8,            ,  37.73,    210048,      0.37,      6.45,        3.41,               4,                  4
  168,             ,        10000,         125,               ,                8,            ,  37.55,    210048,      0.35,      6.44,        3.40,               4,                  5
  169,             ,        10000,         125,               ,                8,            ,  37.55,    210048,      0.37,      6.45,        3.41,               4,                  5
  170,             ,        10000,         125,               ,                8,            ,  37.55,    210048,      0.35,      6.44,        3.40,               4,                  4
  171,             ,        10449,         125,               ,                8,            ,  37.12,    210048,      0.37,      6.45,        3.41,               4,                  5
  172,             ,         9552,         125,               ,               10,            ,  37.18,    210048,      0.45,      6.42,        3.43,               4,                  5
  173,             ,         9999,         125,               ,                8,            ,  37.06,    210048,      0.75,      6.45,        3.60,               4,                  5
  174,             ,        10000,         125,               ,                8,            ,  36.76,    210048,      0.35,      7.86,        4.10,               4,                  5
  175,             ,        10000,         125,               ,                8,            ,  36.76,    210048,      0.37,      6.45,        3.41,               4,                  5
  176,             ,        10000,         125,               ,                8,            ,  36.76,    210048,      0.35,      6.44,        3.40,               4,                  5
  177,             ,        10000,         125,               ,                8,            ,  36.67,    210048,      0.37,      6.45,        3.41,               4,                  5
  178,             ,        10000,         125,               ,                8,            ,  36.61,    210048,      0.35,      6.44,        3.40,               5,                  4
  179,             ,        10000,         125,               ,                8,            ,  36.33,    210048,      0.37,      6.45,        3.41,               4,                  5
  180,             ,        10000,         125,               ,                8,            ,  36.33,    210048,      0.35,      6.44,        3.40,               4,                  5
  181,             ,        10000,         125,               ,                8,            ,  35.91,    210048,      0.37,      6.45,        3.41,               4,                  5
  182,             ,        10449,         125,               ,                8,            ,  35.94,    210048,      0.45,      6.42,        3.43,               4,                  5
  183,             ,         9552,         125,               ,               10,            ,  35.94,    210048,      2.12,      7.76,        4.94,               4,                  5
  184,             ,         9999,         125,               ,                8,            ,  35.94,    210048,      0.00,      6.54,        3.27,               4,                  5
  185,             ,        10000,         125,               ,                8,            ,  35.61,    210048,      0.37,      6.45,        3.41,               4,                  5
  186,             ,        10000,         125,               ,                8,            ,  35.79,    210048,      0.35,      6.44,        3.40,               4,                  5
  187,             ,        10000,         125,               ,                8,            ,  35.64,    210048,      0.37,      6.45,        3.41,               4,                  5
  188,             ,        10000,         125,               ,                8,            ,  35.58,    210048,      0.35,      6.44,        3.40,               4,                  5
  189,             ,        10000,         125,               ,                8,            ,  35.48,    210048,      0.37,      6.45,        3.41,               4,                  4
  190,             ,        10000,         125,               ,                8,            ,  35.39,    210048,      0.35,      6.44,        3.40,               4,                  5
  191,             ,        10000,         125,               ,                8,            ,  35.27,    210048,      0.37,      6.45,        3.41,               4,                  5
  192,             ,        10000,         125,               ,                8,            ,  35.15,    210048,      0.45,      6.43,        3.44,               4,                  5
  193,             ,        10449,         125,               ,                8,            ,  34.91,    210048,      0.74,      7.86,        4.30,               4,                  5
  194,             ,         9552,         125,               ,               10,            ,  34.88,    210048,      0.35,      6.44,        3.40,               4,                  5
  195,             ,         9999,         125,               ,                8,            ,  34.91,    210048,      0.37,      6.45,        3.41,               4,                  5
  196,             ,        10000,         125,               ,                8,            ,  34.91,    210048,      0.35,      6.44,        3.40,               4,                  5
  197,             ,        10000,         125,               ,                8,            ,  34.97,    210048,      0.37,      6.45,        3.41,               4,                  5
  198,             ,        10000,         125,               ,                8,            ,  34.61,    210048,      0.35,      6.44,        3.40,               4,                  5
  199,             ,        10000,         125,               ,                8,            ,  34.48,    210048,      0.37,      6.45,        3.41,               4,                  5
  200,             ,        10000,         125,               ,                8,            ,  34.73,    210048,      0.35,      6.44,        3.40,               4,                  4
  201,             ,        10000,         125,               ,                8,            ,  35.64,    210048,      0.37,      6.45,        3.41,               4,                  5
  202,             ,        10000,         125,               ,                8,            ,  36.33,    210048,      0.45,      7.84,        4.14,               4,                  5
  203,             ,        10000,         125,               ,                8,            ,  37.61,    210048,      0.75,      6.45,        3.60,               4,                  4
  204,             ,        10449,         125,               ,                8,            ,  38.58,    210048,      0.35,      6.44,        3.40,               4,                  5
  205,             ,         9552,         125,               ,               10,            ,  39.33,    210048,      0.37,      6.45,        3.41,               4,                  5
  206,             ,         9999,         125,               ,                8,            ,  40.30,    210048,      0.35,      6.44,        3.40,               4,                  5
  207,             ,        10000,         125,               ,                8,            ,  41.15,    210048,      0.37,      6.45,        3.41,               4,                  4
  208,             ,        10000,         125,               ,                8,            ,  42.24,    210048,      0.35,      6.44,        3.40,               4,                  5
  209,             ,        10000,         125,               ,                8,            ,  42.73,    210048,      0.37,      6.45,        3.41,               4,                  5
  210,             ,        10000,         125,               ,                8,            ,  44.33,    210048,      0.35,      6.44,        3.40,               4,                  5
  211,             ,        10000,         125,               ,                8,            ,  45.12,    210048,      0.37,      7.87,        4.12,               5,                  4
  212,             ,        10000,         125,               ,                8,            ,  46.09,    210048,      0.45,      6.46,        3.45,               4,                  5
  213,             ,        10000,         125,               ,                8,            ,  46.55,    210048,      0.75,      6.45,        3.60,               4,                  5
  214,             ,        10000,         125,               ,                8,            ,  47.36,    210048,      0.35,      6.44,        3.40,               4,                  5
  215,             ,        10449,         125,               ,                8,            ,  48.48,    210048,      0.37,      6.45,        3.41,               4,                  5
  216,             ,         9552,         125,               ,               10,            ,  49.27,    210048,      0.35,      6.44,        3.40,               4,                  5
  217,             ,         9999,         125,               ,                8,            ,  50.03,    210048,      0.37,      6.45,        3.41,               4,                  4
  218,             ,        10000,         125,               ,                8,            ,  51.15,    210048,      0.35,      6.44,        3.40,               4,                  5
  219,             ,        10000,         125,               ,                8,            ,  51.39,    210048,      0.37,      6.45,        3.41,               4,                  5
  220,             ,        10000,         125,               ,                8,            ,  52.15,    210048,      0.35,      7.86,        4.10,               4,                  5
  221,             ,        10000,         125,               ,                8,            ,  52.82,    210048,      0.37,      6.45,        3.41,               4,                  4
  222,             ,        10000,         125,               ,                8,            ,  53.58,    210048,      0.45,      6.42,        3.43,               4,                  4
  223,             ,        10000,         125,               ,                8,            ,  54.24,    210048,      0.75,      6.45,        3.60,               4,                  5
  224,             ,        10000,         125,               ,                8,            ,  55.15,    210048,      0.35,      6.44,        3.40,               4,                  5
  225,             ,        10000,         125,               ,                8,            ,  55.79,    210048,      0.37,      6.45,        3.41,               4,                  5
  226,             ,        10449,         125,               ,                8,            ,  56.73,    210048,      0.35,      6.44,        3.40,               4,                  5
  227,             ,         9552,         125,               ,               10,            ,  57.24,    210048,      0.37,      6.45,        3.41,               4,                  5
  228,             ,         9999,         125,               ,                8,            ,  57.94,    210048,      0.35,      6.44,        3.40,               4,                  5
  229,             ,        10000,         125,               ,                8,            ,  58.79,    210048,      0.37,      7.87,        4.12,               4,                  5
  230,             ,        10000,         125,               ,                8,            ,  59.45,    210048,      0.35,      6.44,        3.40,               4,                  5
  231,             ,        10000,         125,               ,                8,            ,  59.09,    210048,      0.37,      6.45,        3.41,               4,                  5
  232,             ,        10000,         125,               ,                8,            ,  58.67,    210048,      0.45,      6.42,        3.43,               4,                  5
  233,             ,        10000,         125,               ,                8,            ,  58.55,    210048,      0.75,      6.45,        3.60,               5,                  4
  234,             ,        10000,         125,               ,                8,            ,  57.79,    210048,      0.35,      6.44,        3.40,               4,                  5
  235,             ,        10000,         125,               ,                8,            ,  57.52,    210048,      0.37,      6.45,        3.41,               4,                  5
  236,             ,        10000,         125,               ,                8,            ,  57.18,    210048,      0.35,      6.44,        3.40,               4,                  4
  237,             ,        10449,         125,               ,                8,            ,  56.85,    210048,      0.37,      6.45,        3.41,               4,                  5
  238,             ,         9552,         125,               ,               10,            ,  56.64,    210048,      0.35,      7.86,        4.10,               4,                  5
  239,             ,         9999,         125,               ,                8,            ,  56.36,    210048,      0.37,      6.45,        3.41,               4,                  5
  240,             ,        10000,         125,               ,                8,            ,  55.94,    210048,      0.35,      6.44,        3.40,               4,                  5
  241,             ,        10000,         125,               ,                8,            ,  55.76,    210048,      0.37,      6.45,        3.41,               4,                  5
  242,             ,        10000,         125,               ,                8,            ,  55.39,    210048,      0.45,      6.42,        3.43,               4,                  5
  243,             ,        10000,         125,               ,                8,            ,  55.09,    210048,      0.75,      6.45,        3.60,               4,                  5
  244,             ,        10000,         125,               ,                8,            ,  54.85,    210048,      0.35,      6.44,        3.40,               5,                  4
  245,             ,        10000,         125,               ,                8,            ,  54.33,    210048,      0.37,      6.45,        3.41,               4,                  5
  246,             ,        10000,         125,               ,                8,            ,  53.94,    210048,      0.35,      6.44,        3.40,               4,                  5
  247,             ,        10000,         125,               ,                8,            ,  53.48,    210048,      0.37,      7.87,        4.12,               4,                  5
  248,             ,        10449,         125,               ,                8,            ,  53.18,    210048,      0.35,      6.44,        3.40,               4,                  5
  249,             ,         9552,         125,               ,               10,            ,  53.18,    210048,      0.37,      6.45,        3.41,               4,                  5
  250,             ,         9999,         125,               ,                8,            ,  52.76,    210048,      0.35,      6.44,        3.40,               4,                  5
  251,             ,        10000,         125,               ,                8,            ,  52.48,    210048,      0.37,      6.45,        3.41,               4,                  5
  252,             ,        10000,         125,               ,                8,            ,  52.18,    210048,      0.45,      6.42,        3.43,               4,                  5
  253,             ,        10000,         125,               ,                8,            ,  51.45,    210048,      0.75,      6.45,        3.60,               4,                  5
  254,             ,        10000,         125,               ,                8,            ,  51.24,    210048,      0.35,      6.44,        3.40,               4,                  5
  255,             ,        10000,         125,               ,                8,            ,  51.58,    210048,      0.37,      6.45,        3.41,               4,                  4
  256,             ,        10000,         125,               ,                8,            ,  51.45,    210048,      0.35,      7.86,        4.10,               4,                  5
  257,             ,        10000,         125,               ,                8,            ,  51.18,    210048,      0.37,      6.45,        3.41,               4,                  5
  258,             ,        10000,         125,               ,                8,            ,  50.61,    210048,      0.35,      6.44,        3.40,               4,                  4
  259,             ,        10449,         125,               ,                8,            ,  50.88,    210048,      0.37,      6.45,        3.41,               4,                  5
  260,             ,         9552,         125,               ,               10,            ,  50.36,    210048,      0.35,      6.44,        3.40,               4,                  5
  261,             ,         9999,         125,               ,                8,            ,  50.21,    210048,      0.37,      6.45,        3.41,               4,                  5
  262,             ,        10000,         125,               ,                8,            ,  49.58,    210048,      0.45,      6.42,        3.43,               4,                  5
  263,             ,        10000,         125,               ,                8,            ,  49.70,    210048,      0.75,      6.45,        3.60,               4,                  5
  264,             ,        10000,         125,               ,                8,            ,  49.39,    210048,      0.35,      6.44,        3.40,               4,                  5
  265,             ,        10000,         125,               ,                8,            ,  49.15,    210048,      0.37,      7.87,        4.12,               4,                  5
  266,             ,        10000,         125,               ,                8,            ,  49.00,    210048,      0.35,      6.44,        3.40,               5,                  4
  267,             ,        10000,         125,               ,                8,            ,  48.42,    210048,      0.37,      6.45,        3.41,               4,                  5
  268,             ,        10000,         125,               ,                8,            ,  48.09,    210048,      0.35,      6.44,        3.40,               4,                  5
  269,             ,        10000,         125,               ,                8,            ,  48.30,    210048,      0.37,      6.45,        3.41,               4,                  5
  270,             ,        10449,         125,               ,                8,            ,  47.76,    210048,      0.35,      6.44,        3.40,               4,                  4
  271,             ,         9552,         125,               ,               10,            ,  47.33,    210048,      0.37,      6.45,        3.41,               4,                  5
  272,             ,         9999,         125,               ,                8,            ,  47.55,    210048,      0.45,      6.42,        3.43,               4,                  5
  273,             ,        10000,         125,               ,                8,            ,  47.15,    210048,      0.75,      6.45,        3.60,               4,                  5
  274,             ,        10000,         125,               ,                8,            ,  47.12,    210048,      0.35,      7.86,        4.10,               4,                  5
  275,             ,        10000,         125,               ,                8,            ,  46.61,    210048,      0.37,      6.45,        3.41,               4,                  5
  276,             ,        10000,         125,               ,                8,            ,  46.39,    210048,      0.35,      6.44,        3.40,               4,                  4
  277,             ,        10000,         125,               ,                8,            ,  46.58,    210048,      0.37,      6.45,        3.41,               4,                  4
  278,             ,        10000,         125,               ,                8,            ,  46.00,    210048,      0.35,      6.44,        3.40,               4,                  4
  279,             ,        10000,         125,               ,                8,            ,  46.06,    210048,      0.37,      6.45,        3.41,               4,                  4
  280,             ,        10000,         125,               ,                8,            ,  45.55,    210048,      0.35,      6.44,        3.40,               4,                  5
  281,             ,        10449,         125,               ,                8,            ,  45.24,    210048,      0.37,      6.45,        3.41,               4,                  5
  282,             ,         9552,         125,               ,               10,            ,  45.27,    210048,      0.45,      6.42,        3.43,               4,                  5
  283,             ,         9999,         125,               ,                8,            ,  45.00,    210048,      2.12,      7.76,        4.94,               4,                  5
  284,             ,        10000,         125,               ,                8,            ,  44.88,    210048,      0.00,      6.53,        3.26,               4,                  5
  285,             ,        10000,         125,               ,                8,            ,  44.58,    210048,      0.37,      6.45,        3.41,               4,                  5
  286,             ,        10000,         125,               ,                8,            ,  44.70,    210048,      0.35,      6.44,        3.40,               4,                  5
  287,             ,        10000,         125,               ,                8,            ,  44.27,    210048,      0.37,      6.45,        3.41,               4,                  5
  288,             ,        10000,         125,               ,                8,            ,  44.36,    210048,      0.35,      6.44,        3.40,               4,                  4
  289,             ,        10000,         125,               ,                8,            ,  43.91,    210048,      0.37,      6.45,        3.41,               4,                  5
  290,             ,        10000,         125,               ,                8,            ,  43.79,    210048,      0.35,      6.44,        3.40,               4,                  5
  291,             ,        10000,         125,               ,                8,            ,  43.58,    210048,      0.37,      6.45,        3.41,               4,                  5
  292,             ,        10449,         125,               ,                8,            ,  43.42,    210048,      0.45,      6.43,        3.44,               4,                  5
  293,             ,         9552,         125,               ,               10,            ,  43.18,    210048,      0.74,      7.87,        4.30,               4,                  5
  294,             ,         9999,         125,               ,                8,            ,  42.73,    210048,      0.35,      6.44,        3.40,               4,                  5
  295,             ,        10000,         125,               ,                8,            ,  42.55,    210048,      0.37,      6.45,        3.41,               4,                  5
  296,             ,        10000,         125,               ,                8,            ,  42.67,    210048,      0.35,      6.44,        3.40,               4,                  5
  297,             ,        10000,         125,               ,                8,            ,  42.21,    210048,      0.37,      6.45,        3.41,               4,                  4
  298,             ,        10000,         125,               ,                8,            ,  42.27,    210048,      0.35,      6.44,        3.40,               4,                  5
  299,             ,        10000,         125,               ,                8,            ,  41.97,    210048,      0.37,      6.45,        3.41,               5,                  4
  300,             ,        10000,         125,               ,                8,            ,  41.97,    210048,      0.35,      6.44,        3.40,               4,                  5
  301,             ,        10000,         125,               ,                8,            ,  41.52,    210048,      0.37,      6.45,        3.41,               4,                  5
  302,             ,        10000,         125,               ,                8,            ,  41.52,    210048,      0.45,      7.84,        4.14,               4,                  5
  303,             ,        10449,         125,               ,                8,            ,  41.24,    210048,      0.75,      6.45,        3.60,               4,                  5
  304,             ,         9552,         125,               ,               10,            ,  41.15,    210048,      0.35,      6.44,        3.40,               4,                  5
  305,             ,         9999,         125,               ,                8,            ,  41.15,    210048,      0.37,      6.45,        3.41,               4,                  5
  306,             ,        10000,         125,               ,                8,            ,  40.76,    210048,      0.35,      6.44,        3.40,               4,                  5
  307,             ,        10000,         125,               ,                8,            ,  40.85,    210048,      0.37,      6.45,        3.41,               4,                  5
  308,             ,        10000,         125,               ,                8,            ,  40.58,    210048,      0.35,      6.44,        3.40,               4,                  5
  309,             ,        10000,         125,               ,                8,            ,  40.39,    210048,      0.37,      6.45,        3.41,               4,                  5
  310,             ,        10000,         125,               ,                8,            ,  40.27,    210048,      0.35,      6.44,        3.40,               4,                  4
  311,             ,        10000,         125,               ,                8,            ,  39.94,    210048,      0.37,      7.87,        4.12,               4,                  4
  312,             ,        10000,         125,               ,                8,            ,  40.03,    210048,      0.45,      6.46,        3.45,               4,                  5
  313,             ,        10000,         125,               ,                8,            ,  39.58,    210048,      0.75,      6.45,        3.60,               4,                  5
  314,             ,        10449,         125,               ,                8,            ,  39.67,    210048,      0.35,      6.44,        3.40,               4,                  5
  315,             ,         9552,         125,               ,               10,            ,  39.67,    210048,      0.37,      6.45,        3.41,               4,                  4
  316,             ,         9999,         125,               ,                8,            ,  39.36,    210048,      0.35,      6.44,        3.40,               4,                  5
  317,             ,        10000,         125,               ,                8,            ,  39.30,    210048,      0.37,      6.45,        3.41,               4,                  5
  318,             ,        10000,         125,               ,                8,            ,  38.94,    210048,      0.35,      6.44,        3.40,               4,                  5
  319,             ,        10000,         125,               ,                8,            ,  38.94,    210048,      0.37,      6.45,        3.41,               4,                  5
  320,             ,        10000,         125,               ,                8,            ,  39.03,    210048,      0.35,      7.86,        4.10,               4,                  5
  321,             ,        10000,         125,               ,                8,            ,  38.76,    210048,      0.37,      6.45,        3.41,               4,                  4
  322,             ,        10000,         125,               ,                8,            ,  38.67,    210048,      0.45,      6.42,        3.43,               4,                  5
  323,             ,        10000,         125,               ,                8,            ,  38.52,    210048,      0.75,      6.45,        3.60,               4,                  5
  324,             ,        10000,         125,               ,                8,            ,  38.30,    210048,      0.35,      6.44,        3.40,               4,                  5
  325,             ,        10449,         125,               ,                8,            ,  38.27,    210048,      0.37,      6.45,        3.41,               4,                  5
  326,             ,         9552,         125,               ,               10,            ,  38.21,    210048,      0.35,      6.44,        3.40,               4,                  4
  327,             ,         9999,         125,               ,                8,            ,  37.82,    210048,      0.37,      6.45,        3.41,               4,                  5
  328,             ,        10000,         125,               ,                8,            ,  37.82,    210048,      0.35,      6.44,        3.40,               4,                  5
  329,             ,        10000,         125,               ,                8,            ,  37.91,    210048,      0.37,      7.87,        4.12,               4,                  5
  330,             ,        10000,         125,               ,                8,            ,  37.55,    210048,      0.35,      6.44,        3.40,               4,                  5
  331,             ,        10000,         125,               ,                8,            ,  37.52,    210048,      0.37,      6.45,        3.41,               4,                  5
  332,             ,        10000,         125,               ,                8,            ,  37.67,    210048,      0.45,      6.42,        3.43,               4,                  4
  333,             ,        10000,         125,               ,                8,            ,  37.12,    210048,      0.75,      6.45,        3.60,               4,                  5
  334,             ,        10000,         125,               ,                8,            ,  37.09,    210048,      0.35,      6.44,        3.40,               4,                  5
  335,             ,        10000,         125,               ,                8,            ,  37.06,    210048,      0.37,      6.45,        3.41,               4,                  5
  336,             ,        10449,         125,               ,                8,            ,  37.12,    210048,      0.35,      6.44,        3.40,               4,                  5
  337,             ,         9552,         125,               ,               10,            ,  36.76,    210048,      0.37,      6.45,        3.41,               4,                  5
  338,             ,         9999,         125,               ,                8,            ,  36.70,    210048,      0.35,      7.86,        4.10,               4,                  5
  339,             ,        10000,         125,               ,                8,            ,  36.76,    210048,      0.37,      6.45,        3.41,               4,                  5
  340,             ,        10000,         125,               ,                8,            ,  36.21,    210048,      0.35,      6.44,        3.40,               4,                  5
  341,             ,        10000,         125,               ,                8,            ,  36.33,    210048,      0.37,      6.45,        3.41,               4,                  5
  342,             ,        10000,         125,               ,                8,            ,  36.48,    210048,      0.45,      6.42,        3.43,               4,                  5
  343,             ,        10000,         125,               ,                8,            ,  36.36,    210048,      0.75,      6.45,        3.60,               5,                  4
  344,             ,        10000,         125,               ,                8,            ,  36.03,    210048,      0.35,      6.44,        3.40,               4,                  5
  345,             ,        10000,         125,               ,                8,            ,  36.00,    210048,      0.37,      6.45,        3.41,               4,                  4
  346,             ,        10000,         125,               ,                8,            ,  35.94,    210048,      0.35,      6.44,        3.40,               4,                  5
  347,             ,        10449,         125,               ,                8,            ,  36.03,    210048,      0.37,      7.87,        4.12,               4,                  5
  348,             ,         9552,         125,               ,               10,            ,  35.52,    210048,      0.35,      6.44,        3.40,               4,                  4
  349,             ,         9999,         125,               ,                8,            ,  35.73,    210048,      0.37,      6.45,        3.41,               4,                  5
  350,             ,        10000,         125,               ,                8,            ,  35.55,    210048,      0.35,      6.44,        3.40,               4,                  5
  351,             ,        10000,         125,               ,                8,            ,  36.70,    210048,      0.37,      6.45,        3.41,               4,                  5
  352,             ,        10000,         125,               ,                8,            ,  37.55,    210048,      0.45,      6.42,        3.43,               4,                  5
  353,             ,        10000,         125,               ,                8,            ,  38.64,    210048,      0.75,      6.45,        3.60,               4,                  5
  354,             ,        10000,         125,               ,                8,            ,  39.52,    210048,      0.35,      6.44,        3.40,               5,                  4
  355,             ,        10000,         125,               ,                8,            ,  40.42,    210048,      0.37,      6.45,        3.41,               4,                  5
  356,             ,        10000,         125,               ,                8,            ,  41.42,    210048,      0.35,      7.86,        4.10,               4,                  5
  357,             ,        10000,         125,               ,                8,            ,  42.24,    210048,      0.37,      6.45,        3.41,               4,                  5
  358,             ,        10449,         125,               ,                8,            ,  43.55,    210048,      0.35,      6.44,        3.40,               4,                  5
  359,             ,         9552,         125,               ,               10,            ,  44.36,    210048,      0.37,      6.45,        3.41,               4,                  5
  360,             ,         9999,         125,               ,                8,            ,  44.85,    210048,      0.35,      6.44,        3.40,               4,                  5
  361,             ,        10000,         125,               ,                8,            ,  45.94,    210048,      0.37,      6.45,        3.41,               4,                  5
  362,             ,        10000,         125,               ,                8,            ,  46.79,    210048,      0.45,      6.42,        3.43,               4,                  5
  363,             ,        10000,         125,               ,                8,            ,  47.85,    210048,      0.75,      6.45,        3.60,               4,                  5
  364,             ,        10000,         125,               ,                8,            ,  48.39,    210048,      0.35,      6.44,        3.40,               4,                  5
  365,             ,        10000,         125,               ,                8,            ,  49.52,    210048,      0.37,      7.87,        4.12,               4,                  4
  366,             ,        10000,         125,               ,                8,            ,  50.03,    210048,      0.35,      6.44,        3.40,               4,                  5
  367,             ,        10000,         125,               ,                8,            ,  50.94,    210048,      0.37,      6.45,        3.41,               4,                  5
  368,             ,        10000,         125,               ,                8,            ,  51.39,    210048,      0.35,      6.44,        3.40,               4,                  5
  369,             ,        10449,         125,               ,                8,            ,  52.18,    210048,      0.37,      6.45,        3.41,               4,                  4
  370,             ,         9552,         125,               ,               10,            ,  52.76,    210048,      0.35,      6.44,        3.40,               4,                  5
  371,             ,         9999,         125,               ,                8,            ,  53.61,    210048,      0.37,      6.45,        3.41,               4,                  5
  372,             ,        10000,         125,               ,                8,            ,  54.24,    210048,      0.45,      6.42,        3.43,               4,                  5
  373,             ,        10000,         125,               ,                8,            ,  55.12,    210048,      0.75,      6.45,        3.60,               4,                  5
  374,             ,        10000,         125,               ,                8,            ,  56.30,    210048,      0.35,      7.86,        4.10,               4,                  5
  375,             ,        10000,         125,               ,                8,            ,  57.06,    210048,      0.37,      6.45,        3.41,               4,                  5
  376,             ,        10000,         125,               ,                8,            ,  57.73,    210048,      0.35,      6.44,        3.40,               4,                  4
  377,             ,        10000,         125,               ,                8,            ,  58.36,    210048,      0.37,      6.45,        3.41,               4,                  5
  378,             ,        10000,         125,               ,                8,            ,  58.70,    210048,      0.35,      6.44,        3.40,               4,                  5
  379,             ,        10000,         125,               ,                8,            ,  59.36,    210048,      0.37,      6.45,        3.41,               4,                  5
  380,             ,        10449,         125,               ,                8,            ,  60.09,    210048,      0.35,      6.44,        3.40,               4,                  5
  381,             ,         9552,         125,               ,               10,            ,  59.73,    210048,      0.37,      6.45,        3.41,               4,                  5
  382,             ,         9999,         125,               ,                8,            ,  59.24,    210048,      0.45,      6.42,        3.43,               4,                  5
  383,             ,        10000,         125,               ,                8,            ,  59.06,    210048,      2.12,      7.76,        4.94,               4,                  5
  384,             ,        10000,         125,               ,                8,            ,  58.70,    210048,      0.00,      6.53,        3.26,               4,                  5
  385,             ,        10000,         125,               ,                8,            ,  58.24,    210048,      0.37,      6.45,        3.41,               4,                  4
  386,             ,        10000,         125,               ,                8,            ,  58.00,    210048,      0.35,      6.44,        3.40,               4,                  5
  387,             ,        10000,         125,               ,                8,            ,  57.67,    210048,      0.37,      6.45,        3.41,               5,                  4
  388,             ,        10000,         125,               ,                8,            ,  57.18,    210048,      0.35,      6.44,        3.40,               4,                  5
  389,             ,        10000,         125,               ,                8,            ,  56.85,    210048,      0.37,      6.45,        3.41,               4,                  5
  390,             ,        10000,         125,               ,                8,            ,  56.70,    210048,      0.35,      6.44,        3.40,               4,                  5
  391,             ,        10449,         125,               ,                8,            ,  56.12,    210048,      0.37,      6.45,        3.41,               4,                  5
  392,             ,         9552,         125,               ,               10,            ,  55.76,    210048,      0.45,      6.43,        3.44,               4,                  5
  393,             ,         9999,         125,               ,                8,            ,  55.45,    210048,      0.74,      7.86,        4.30,               4,                  4
  394,             ,        10000,         125,               ,                8,            ,  55.48,    210048,      0.35,      6.44,        3.40,               4,                  5
  395,             ,        10000,         125,               ,                8,            ,  55.06,    210048,      0.37,      6.45,        3.41,               4,                  5
  396,             ,        10000,         125,               ,                8,            ,  54.61,    210048,      0.35,      6.44,        3.40,               4,                  5
  397,             ,        10000,         125,               ,                8,            ,  54.36,    210048,      0.37,      6.45,        3.41,               4,                  5
  398,             ,        10000,         125,               ,                8,            ,  54.03,    210048,      0.35,      6.44,        3.40,               5,                  4
  399,             ,        10000,         125,               ,                8,            ,  53.58,    210048,      0.37,      6.45,        3.41,               4,                  5
  400,             ,        10000,         125,               ,                8,            ,  53.18,    210048,      0.35,      6.44,        3.40,               4,                  5
  401,             ,        10000,         125,               ,                8,            ,  52.79,    210048,      0.37,      6.45,        3.41,               4,                  5
  402,             ,        10449,         125,               ,                8,            ,  52.82,    210048,      0.45,      7.84,        4.14,               4,                  5
  403,             ,         9552,         125,               ,               10,            ,  52.48,    210048,      0.75,      6.45,        3.60,               4,                  5
  404,             ,         9999,         125,               ,                8,            ,  52.09,    210048,      0.35,      6.44,        3.40,               4,                  5
  405,             ,        10000,         125,               ,                8,            ,  51.82,    210048,      0.37,      6.45,        3.41,               4,                  5
  406,             ,        10000,         125,               ,                8,            ,  51.24,    210048,      0.35,      6.44,        3.40,               4,                  5
  407,             ,        10000,         125,               ,                8,            ,  51.33,    210048,      0.37,      6.45,        3.41,               4,                  5
  408,             ,        10000,         125,               ,                8,            ,  51.39,    210048,      0.35,      6.44,        3.40,               4,                  5
  409,             ,        10000,         125,               ,                8,            ,  51.18,    210048,      0.37,      6.45,        3.41,               4,                  4
  410,             ,        10000,         125,               ,                8,            ,  50.64,    210048,      0.35,      6.44,        3.40,               4,                  4
  411,             ,        10000,         125,               ,                8,            ,  50.76,    210048,      0.37,      7.87,        4.12,               4,                  5
  412,             ,        10000,         125,               ,                8,            ,  50.36,    210048,      0.45,      6.46,        3.45,               4,                  5
  413,             ,        10449,         125,               ,                8,            ,  50.03,    210048,      0.75,      6.45,        3.60,               4,                  5
  414,             ,         9552,         125,               ,               10,            ,  49.58,    210048,      0.35,      6.44,        3.40,               4,                  5
  415,             ,         9999,         125,               ,                8,            ,  49.73,    210048,      0.37,      6.45,        3.41,               4,                  5
  416,             ,        10000,         125,               ,                8,            ,  49.30,    210048,      0.35,      6.44,        3.40,               4,                  5
  417,             ,        10000,         125,               ,                8,            ,  48.88,    210048,      0.37,      6.45,        3.41,               4,                  5
  418,             ,        10000,         125,               ,                8,            ,  49.03,    210048,      0.35,      6.44,        3.40,               4,                  5
  419,             ,        10000,         125,               ,                8,            ,  48.73,    210048,      0.37,      6.45,        3.41,               4,                  5
  420,             ,        10000,         125,               ,                8,            ,  48.30,    210048,      0.35,      7.86,        4.10,               4,                  4
  421,             ,        10000,         125,               ,                8,            ,  48.15,    210048,      0.37,      6.45,        3.41,               4,                  4
  422,             ,        10000,         125,               ,                8,            ,  47.97,    210048,      0.45,      6.42,        3.43,               4,                  5
  423,             ,        10000,         125,               ,                8,            ,  47.42,    210048,      0.75,      6.45,        3.60,               4,                  5
  424,             ,        10449,         125,               ,                8,            ,  47.33,    210048,      0.35,      6.44,        3.40,               4,                  5
  425,             ,         9552,         125,               ,               10,            ,  47.15,    210048,      0.37,      6.45,        3.41,               4,                  4
  426,             ,         9999,         125,               ,                8,            ,  46.82,    210048,      0.35,      6.44,        3.40,               4,                  5
  427,             ,        10000,         125,               ,                8,            ,  46.55,    210048,      0.37,      6.45,        3.41,               4,                  4
  428,             ,        10000,         125,               ,                8,            ,  46.36,    210048,      0.35,      6.44,        3.40,               4,                  5
  429,             ,        10000,         125,               ,                8,            ,  46.42,    210048,      0.37,      7.87,        4.12,               4,                  5
  430,             ,        10000,         125,               ,                8,            ,  46.00,    210048,      0.35,      6.44,        3.40,               4,                  5
  431,             ,        10000,         125,               ,                8,            ,  45.85,    210048,      0.37,      6.45,        3.41,               4,                  4
  432,             ,        10000,         125,               ,                8,            ,  45.73,    210048,      0.45,      6.42,        3.43,               4,                  5
  433,             ,        10000,         125,               ,                8,            ,  45.33,    210048,      0.75,      6.45,        3.60,               4,                  5
  434,             ,        10000,         125,               ,                8,            ,  45.27,    210048,      0.35,      6.44,        3.40,               4,                  5
  435,             ,        10449,         125,               ,                8,            ,  44.94,    210048,      0.37,      6.45,        3.41,               4,                  5
  436,             ,         9552,         125,               ,               10,            ,  44.97,    210048,      0.35,      6.44,        3.40,               4,                  5
  437,             ,         9999,         125,               ,                8,            ,  44.67,    210048,      0.37,      6.45,        3.41,               4,                  5
  438,             ,        10000,         125,               ,                8,            ,  44.55,    210048,      0.35,      7.86,        4.10,               4,                  5
  439,             ,        10000,         125,               ,                8,            ,  44.15,    210048,      0.37,      6.45,        3.41,               4,                  5
  440,             ,        10000,         125,               ,                8,            ,  44.36,    210048,      0.35,      6.44,        3.40,               4,                  5
  441,             ,        10000,         125,               ,                8,            ,  43.97,    210048,      0.37,      6.45,        3.41,               4,                  5
  442,             ,        10000,         125,               ,                8,            ,  43.73,    210048,      0.45,      6.42,        3.43,               4,                  4
  443,             ,        10000,         125,               ,                8,            ,  43.48,    210048,      0.75,      6.45,        3.60,               4,                  4
  444,             ,        10000,         125,               ,                8,            ,  42.73,    210048,      0.35,      6.44,        3.40,               4,                  5
  445,             ,        10000,         125,               ,                8,            ,  42.73,    210048,      0.37,      6.45,        3.41,               4,                  5
  446,             ,        10449,         125,               ,                8,            ,  42.73,    210048,      0.35,      6.44,        3.40,               4,                  5
  447,             ,         9552,         125,               ,               10,            ,  42.58,    210048,      0.37,      7.87,        4.12,               4,                  5
  448,             ,         9999,         125,               ,                8,            ,  42.52,    210048,      0.35,      6.44,        3.40,               4,                  5
  449,             ,        10000,         125,               ,                8,            ,  42.21,    210048,      0.37,      6.45,        3.41,               4,                  5
  450,             ,        10000,         125,               ,                8,            ,  42.30,    210048,      0.35,      6.44,        3.40,               4,                  5
  451,             ,        10000,         125,               ,                8,            ,  41.91,    210048,      0.37,      6.45,        3.41,               4,                  5
  452,             ,        10000,         125,               ,                8,            ,  41.94,    210048,      0.45,      6.42,        3.43,               4,                  5
  453,             ,        10000,         125,               ,                8,            ,  41.70,    210048,      0.75,      6.45,        3.60,               5,                  4
  454,             ,        10000,         125,               ,                8,            ,  41.52,    210048,      0.35,      6.44,        3.40,               4,                  4
  455,             ,        10000,         125,               ,                8,            ,  41.12,    210048,      0.37,      6.45,        3.41,               4,                  5
  456,             ,        10000,         125,               ,                8,            ,  41.21,    210048,      0.35,      7.86,        4.10,               4,                  5
  457,             ,        10449,         125,               ,                8,            ,  41.21,    210048,      0.37,      6.45,        3.41,               4,                  5
  458,             ,         9552,         125,               ,               10,            ,  40.91,    210048,      0.35,      6.44,        3.40,               4,                  5
  459,             ,         9999,         125,               ,                8,            ,  40.64,    210048,      0.37,      6.45,        3.41,               4,                  5
  460,             ,        10000,         125,               ,                8,            ,  40.33,    210048,      0.35,      6.44,        3.40,               4,                  5
  461,             ,        10000,         125,               ,                8,            ,  40.45,    210048,      0.37,      6.45,        3.41,               4,                  5
  462,             ,        10000,         125,               ,                8,            ,  39.94,    210048,      0.45,      6.42,        3.43,               4,                  5
  463,             ,        10000,         125,               ,                8,            ,  40.06,    210048,      0.75,      6.45,        3.60,               4,                  5
  464,             ,        10000,         125,               ,                8,            ,  40.33,    210048,      0.35,      6.44,        3.40,               4,                  4
  465,             ,        10000,         125,               ,                8,            ,  39.64,    210048,      0.37,      7.87,        4.12,               4,                  5
  466,             ,        10000,         125,               ,                8,            ,  39.73,    210048,      0.35,      6.44,        3.40,               4,                  5
  467,             ,        10000,         125,               ,                8,            ,  39.79,    210048,      0.37,      6.45,        3.41,               4,                  5
  468,             ,        10449,         125,               ,                8,            ,  39.21,    210048,      0.35,      6.44,        3.40,               4,                  5
  469,             ,         9552,         125,               ,               10,            ,  39.21,    210048,      0.37,      6.45,        3.41,               4,                  5
  470,             ,         9999,         125,               ,                8,            ,  38.82,    210048,      0.35,      6.44,        3.40,               4,                  5
  471,             ,        10000,         125,               ,                8,            ,  39.03,    210048,      0.37,      6.45,        3.41,               4,                  5
  472,             ,        10000,         125,               ,                8,            ,  38.97,    210048,      0.45,      6.42,        3.43,               4,                  5
  473,             ,        10000,         125,               ,                8,            ,  38.64,    210048,      0.75,      6.45,        3.60,               4,                  5
  474,             ,        10000,         125,               ,                8,            ,  38.76,    210048,      0.35,      7.86,        4.10,               4,                  5
  475,             ,        10000,         125,               ,                8,            ,  38.79,    210048,      0.37,      6.45,        3.41,               5,                  4
  476,             ,        10000,         125,               ,                8,            ,  38.36,    210048,      0.35,      6.44,        3.40,               4,                  5
  477,             ,        10000,         125,               ,                8,            ,  38.36,    210048,      0.37,      6.45,        3.41,               4,                  5
  478,             ,        10000,         125,               ,                8,            ,  38.36,    210048,      0.35,      6.44,        3.40,               4,                  5
  479,             ,        10449,         125,               ,                8,            ,  37.94,    210048,      0.37,      6.45,        3.41,               4,                  5
  480,             ,         9552,         125,               ,               10,            ,  37.91,    210048,      0.35,      6.44,        3.40,               4,                  5
  481,             ,         9999,         125,               ,                8,            ,  37.94,    210048,      0.37,      6.45,        3.41,               4,                  5
  482,             ,        10000,         125,               ,                8,            ,  37.58,    210048,      0.45,      6.42,        3.43,               4,                  5
  483,             ,        10000,         125,               ,                8,            ,  37.58,    210048,      2.12,      7.76,        4.94,               4,                  5
  484,             ,        10000,         125,               ,                8,            ,  37.55,    210048,      0.00,      6.53,        3.26,               4,                  5
  485,             ,        10000,         125,               ,                8,            ,  37.21,    210048,      0.37,      6.45,        3.41,               4,                  5
  486,             ,        10000,         125,               ,                8,            ,  37.52,    210048,      0.35,      6.44,        3.40,               4,                  4
  487,             ,        10000,         125,               ,                8,            ,  37.21,    210048,      0.37,      6.45,        3.41,               4,                  5
  488,             ,        10000,         125,               ,                8,            ,  37.21,    210048,      0.35,      6.44,        3.40,               4,                  5
  489,             ,        10000,         125,               ,                8,            ,  36.79,    210048,      0.37,      6.45,        3.41,               4,                  5
  490,             ,        10449,         125,               ,                8,            ,  36.70,    210048,      0.35,      6.44,        3.40,               4,                  5
  491,             ,         9552,         125,               ,               10,            ,  36.76,    210048,      0.37,      6.45,        3.41,               4,                  5
  492,             ,         9999,         125,               ,                8,            ,  36.30,    210048,      0.45,      6.43,        3.44,               4,                  5
  493,             ,        10000,         125,               ,                8,            ,  36.42,    210048,      0.74,      7.86,        4.30,               4,                  5
  494,             ,        10000,         125,               ,                8,            ,  36.27,    210048,      0.35,      6.44,        3.40,               4,                  5
  495,             ,        10000,         125,               ,                8,            ,  36.64,    210048,      0.37,      6.45,        3.41,               4,                  5
  496,             ,        10000,         125,               ,                8,            ,  35.97,    210048,      0.35,      6.44,        3.40,               4,                  5
  497,             ,        10000,         125,               ,                8,            ,  36.21,    210048,      0.37,      6.45,        3.41,               4,                  4
  498,             ,        10000,         125,               ,                8,            ,  36.09,    210048,      0.35,      6.44,        3.40,               4,                  5
  499,             ,        10000,         125,               ,                8,            ,  36.09,    210048,      0.37,      6.45,        3.41,               4,                  5
  500,             ,        10449,         125,               ,                8,            ,  35.58,    210048,      0.35,      6.44,        3.40,               4,                  5
  501,             ,         9552,         125,               ,               10,            ,  36.91,    210048,      0.37,      6.45,        3.41,               4,                  5
  502,             ,         9999,         125,               ,                8,            ,  37.94,    210048,      0.45,      7.84,        4.14,               4,                  5
  503,             ,        10000,         125,               ,                8,            ,  38.64,    210048,      0.75,      6.45,        3.60,               4,                  5
  504,             ,        10000,         125,               ,                8,            ,  39.79,    210048,      0.35,      6.44,        3.40,               4,                  5
  505,             ,        10000,         125,               ,                8,            ,  40.39,    210048,      0.37,      6.45,        3.41,               4,                  5
  506,             ,        10000,         125,               ,                8,            ,  41.61,    210048,      0.35,      6.44,        3.40,               4,                  5
  507,             ,        10000,         125,               ,                8,            ,  42.36,    210048,      0.37,      6.45,        3.41,               4,                  5
  508,             ,        10000,         125,               ,                8,            ,  43.64,    210048,      0.35,      6.44,        3.40,               4,                  4
  509,             ,        10000,         125,               ,                8,            ,  44.27,    210048,      0.37,      6.45,        3.41,               4,                  5
  510,             ,        10000,         125,               ,                8,            ,  45.42,    210048,      0.35,      6.44,        3.40,               4,                  5
  511,             ,        10449,         125,               ,                8,            ,  46.00,    210048,      0.37,      7.87,        4.12,               4,                  5
  512,             ,         9552,         125,               ,               10,            ,  47.15,    210048,      0.45,      6.46,        3.45,               4,                  5
  513,             ,         9999,         125,               ,                8,            ,  47.73,    210048,      0.75,      6.45,        3.60,               4,                  5
  514,             ,        10000,         125,               ,                8,            ,  48.48,    210048,      0.35,      6.44,        3.40,               4,                  5
  515,             ,        10000,         125,               ,                8,            ,  49.67,    210048,      0.37,      6.45,        3.41,               4,                  5
  516,             ,        10000,         125,               ,                8,            ,  50.30,    210048,      0.35,      6.44,        3.40,               4,                  5
  517,             ,        10000,         125,               ,                8,            ,  51.09,    210048,      0.37,      6.45,        3.41,               4,                  5
  518,             ,        10000,         125,               ,                8,            ,  51.45,    210048,      0.35,      6.44,        3.40,               4,                  5
  519,             ,        10000,         125,               ,                8,            ,  52.21,    210048,      0.37,      6.45,        3.41,               5,                  4
  520,             ,        10000,         125,               ,                8,            ,  53.18,    210048,      0.35,      7.86,        4.10,               4,                  5
  521,             ,        10000,         125,               ,                8,            ,  53.94,    210048,      0.37,      6.45,        3.41,               4,                  5
  522,             ,        10449,         125,               ,                8,            ,  54.76,    210048,      0.45,      6.42,        3.43,               4,                  5
  523,             ,         9552,         125,               ,               10,            ,  55.39,    210048,      0.75,      6.45,        3.60,               4,                  5
  524,             ,         9999,         125,               ,                8,            ,  56.24,    210048,      0.35,      6.44,        3.40,               4,                  5
  525,             ,        10000,         125,               ,                8,            ,  57.03,    210048,      0.37,      6.45,        3.41,               4,                  5
  526,             ,        10000,         125,               ,                8,            ,  57.58,    210048,      0.35,      6.44,        3.40,               4,                  4
  527,             ,        10000,         125,               ,                8,            ,  58.33,    210048,      0.37,      6.45,        3.41,               4,                  5
  528,             ,        10000,         125,               ,                8,            ,  59.06,    210048,      0.35,      6.44,        3.40,               4,                  5
  529,             ,        10000,         125,               ,                8,            ,  59.70,    210048,      0.37,      7.87,        4.12,               4,                  5
  530,             ,        10000,         125,               ,                8,            ,  60.67,    210048,      0.35,      6.44,        3.40,               4,                  4
  531,             ,        10000,         125,               ,                8,            ,  60.24,    210048,      0.37,      6.45,        3.41,               4,                  5
  532,             ,        10000,         125,               ,                8,            ,  59.91,    210048,      0.45,      6.42,        3.43,               4,                  5
  533,             ,        10449,         125,               ,                8,            ,  59.09,    210048,      0.75,      6.45,        3.60,               4,                  5
  534,             ,         9552,         125,               ,               10,            ,  58.73,    210048,      0.35,      6.44,        3.40,               4,                  5
  535,             ,         9999,         125,               ,                8,            ,  58.36,    210048,      0.37,      6.45,        3.41,               4,                  5
  536,             ,        10000,         125,               ,                8,            ,  57.94,    210048,      0.35,      6.44,        3.40,               4,                  5
  537,             ,        10000,         125,               ,                8,            ,  57.64,    210048,      0.37,      6.45,        3.41,               4,                  5
  538,             ,        10000,         125,               ,                8,            ,  57.30,    210048,      0.35,      7.86,        4.10,               4,                  5
  539,             ,        10000,         125,               ,                8,            ,  57.00,    210048,      0.37,      6.45,        3.41,               4,                  5
  540,             ,        10000,         125,               ,                8,            ,  56.85,    210048,      0.35,      6.44,        3.40,               4,                  5
  541,             ,        10000,         125,               ,                8,            ,  56.79,    210048,      0.37,      6.45,        3.41,               4,                  4
  542,             ,        10000,         125,               ,                8,            ,  56.21,    210048,      0.45,      6.42,        3.43,               4,                  5
  543,             ,        10000,         125,               ,                8,            ,  55.94,    210048,      0.75,      6.45,        3.60,               4,                  5
  544,             ,        10449,         125,               ,                8,            ,  55.55,    210048,      0.35,      6.44,        3.40,               4,                  5
  545,             ,         9552,         125,               ,               10,            ,  55.06,    210048,      0.37,      6.45,        3.41,               4,                  4
  546,             ,         9999,         125,               ,                8,            ,  54.82,    210048,      0.35,      6.44,        3.40,               4,                  5
  547,             ,        10000,         125,               ,                8,            ,  54.33,    210048,      0.37,      7.87,        4.12,               4,                  5
  548,             ,        10000,         125,               ,                8,            ,  53.97,    210048,      0.35,      6.44,        3.40,               4,                  5
  549,             ,        10000,         125,               ,                8,            ,  53.64,    210048,      0.37,      6.45,        3.41,               4,                  5
  550,             ,        10000,         125,               ,                8,            ,  53.58,    210048,      0.35,      6.44,        3.40,               4,                  5
  551,             ,        10000,         125,               ,                8,            ,  53.18,    210048,      0.37,      6.45,        3.41,               4,                  5
  552,             ,        10000,         125,               ,                8,            ,  53.09,    210048,      0.45,      6.42,        3.43,               4,                  4
  553,             ,        10000,         125,               ,                8,            ,  52.39,    210048,      0.75,      6.45,        3.60,               4,                  4
  554,             ,        10000,         125,               ,                8,            ,  52.09,    210048,      0.35,      6.44,        3.40,               4,                  4
  555,             ,        10449,         125,               ,                8,            ,  51.79,    210048,      0.37,      6.45,        3.41,               4,                  5
  556,             ,         9552,         125,               ,               10,            ,  51.94,    210048,      0.35,      7.86,        4.10,               4,                  5
  557,             ,         9999,         125,               ,                8,            ,  51.42,    210048,      0.37,      6.45,        3.41,               4,                  5
  558,             ,        10000,         125,               ,                8,            ,  51.45,    210048,      0.35,      6.44,        3.40,               4,                  5
  559,             ,        10000,         125,               ,                8,            ,  51.18,    210048,      0.37,      6.45,        3.41,               4,                  5
  560,             ,        10000,         125,               ,                8,            ,  50.94,    210048,      0.35,      6.44,        3.40,               4,                  5
  561,             ,        10000,         125,               ,                8,            ,  50.76,    210048,      0.37,      6.45,        3.41,               4,                  5
  562,             ,        10000,         125,               ,                8,            ,  50.36,    210048,      0.45,      6.42,        3.43,               4,                  5
  563,             ,        10000,         125,               ,                8,            ,  50.24,    210048,      0.75,      6.45,        3.60,               4,                  4
  564,             ,        10000,         125,               ,                8,            ,  50.03,    210048,      0.35,      6.44,        3.40,               4,                  5
  565,             ,        10000,         125,               ,                8,            ,  49.70,    210048,      0.37,      7.87,        4.12,               4,                  5
  566,             ,        10449,         125,               ,                8,            ,  49.42,    210048,      0.35,      6.44,        3.40,               4,                  5
  567,             ,         9552,         125,               ,               10,            ,  49.27,    210048,      0.37,      6.45,        3.41,               4,                  5
  568,             ,         9999,         125,               ,                8,            ,  48.79,    210048,      0.35,      6.44,        3.40,               4,                  5
  569,             ,        10000,         125,               ,                8,            ,  48.55,    210048,      0.37,      6.45,        3.41,               4,                  5
  570,             ,        10000,         125,               ,                8,            ,  48.03,    210048,      0.35,      6.44,        3.40,               4,                  5
  571,             ,        10000,         125,               ,                8,            ,  48.09,    210048,      0.37,      6.45,        3.41,               4,                  5
  572,             ,        10000,         125,               ,                8,            ,  47.79,    210048,      0.45,      6.42,        3.43,               4,                  5
  573,             ,        10000,         125,               ,                8,            ,  47.85,    210048,      0.75,      6.45,        3.60,               4,                  5
  574,             ,        10000,         125,               ,                8,            ,  47.61,    210048,      0.35,      7.86,        4.10,               4,                  4
  575,             ,        10000,         125,               ,                8,            ,  47.15,    210048,      0.37,      6.45,        3.41,               4,                  5
  576,             ,        10000,         125,               ,                8,            ,  47.15,    210048,      0.35,      6.44,        3.40,               4,                  5
  577,             ,        10449,         125,               ,                8,            ,  46.70,    210048,      0.37,      6.45,        3.41,               4,                  4
  578,             ,         9552,         125,               ,               10,            ,  46.30,    210048,      0.35,      6.44,        3.40,               4,                  5
  579,             ,         9999,         125,               ,                8,            ,  46.33,    210048,      0.37,      6.45,        3.41,               4,                  5
  580,             ,        10000,         125,               ,                8,            ,  46.06,    210048,      0.35,      6.44,        3.40,               4,                  5
  581,             ,        10000,         125,               ,                8,            ,  45.94,    210048,      0.37,      6.45,        3.41,               4,                  5
  582,             ,        10000,         125,               ,                8,            ,  45.58,    210048,      0.45,      6.42,        3.43,               4,                  4
  583,             ,        10000,         125,               ,                8,            ,  45.39,    210048,      2.12,      7.76,        4.94,               4,                  5
  584,             ,        10000,         125,               ,                8,            ,  45.42,    210048,      0.00,      6.53,        3.26,               4,                  5
  585,             ,        10000,         125,               ,                8,            ,  45.12,    210048,      0.37,      6.45,        3.41,               4,                  4
  586,             ,        10000,         125,               ,                8,            ,  45.12,    210048,      0.35,      6.44,        3.40,               4,                  5
  587,             ,        10000,         125,               ,                8,            ,  44.64,    210048,      0.37,      6.45,        3.41,               4,                  4
  588,             ,        10449,         125,               ,                8,            ,  44.73,    210048,      0.35,      6.44,        3.40,               4,                  5
  589,             ,         9552,         125,               ,               10,            ,  44.33,    210048,      0.37,      6.45,        3.41,               4,                  5
  590,             ,         9999,         125,               ,                8,            ,  44.27,    210048,      0.35,      6.44,        3.40,               4,                  5
  591,             ,        10000,         125,               ,                8,            ,  43.97,    210048,      0.37,      6.45,        3.41,               4,                  5
  592,             ,        10000,         125,               ,                8,            ,  43.88,    210048,      0.45,      6.43,        3.44,               4,                  5
  593,             ,        10000,         125,               ,                8,            ,  43.55,    210048,      0.74,      7.86,        4.30,               4,                  5
  594,             ,        10000,         125,               ,                8,            ,  43.42,    210048,      0.35,      6.44,        3.40,               4,                  5
  595,             ,        10000,         125,               ,                8,            ,  43.15,    210048,      0.37,      6.45,        3.41,               4,                  5
  596,             ,        10000,         125,               ,                8,            ,  43.33,    210048,      0.35,      6.44,        3.40,               4,                  4
  597,             ,        10000,         125,               ,                8,            ,  42.64,    210048,      0.37,      6.45,        3.41,               4,                  5
  598,             ,        10000,         125,               ,                8,            ,  42.73,    210048,      0.35,      6.44,        3.40,               4,                  4
  599,             ,        10449,         125,               ,                8,            ,  42.33,    210048,      0.37,      6.45,        3.41,               4,                  5
  600,             ,         9552,         125,               ,               10,            ,  42.21,    210048,      0.35,      6.44,        3.40,               4,                  5
  601,             ,         9999,         125,               ,                8,            ,  41.94,    210048,      0.37,      6.45,        3.41,               4,                  5
  602,             ,        10000,         125,               ,                8,            ,  41.94,    210048,      0.45,      7.84,        4.14,               4,                  5
  603,             ,        10000,         125,               ,                8,            ,  41.55,    210048,      0.75,      6.45,        3.60,               4,                  5
  604,             ,        10000,         125,               ,                8,            ,  41.52,    210048,      0.35,      6.44,        3.40,               4,                  5
  605,             ,        10000,         125,               ,                8,            ,  41.24,    210048,      0.37,      6.45,        3.41,               4,                  5
  606,             ,        10000,         125,               ,                8,            ,  41.18,    210048,      0.35,      6.44,        3.40,               4,                  5
  607,             ,        10000,         125,               ,                8,            ,  41.30,    210048,      0.37,      6.45,        3.41,               4,                  4
  608,             ,        10000,         125,               ,                8,            ,  40.79,    210048,      0.35,      6.44,        3.40,               4,                  5
  609,             ,        10000,         125,               ,                8,            ,  40.88,    210048,      0.37,      6.45,        3.41,               4,                  5
  610,             ,        10449,         125,               ,                8,            ,  40.36,    210048,      0.35,      6.44,        3.40,               4,                  5
  611,             ,         9552,         125,               ,               10,            ,  40.52,    210048,      0.37,      7.87,        4.12,               4,                  5
  612,             ,         9999,         125,               ,                8,            ,  40.48,    210048,      0.45,      6.46,        3.45,               4,                  5
  613,             ,        10000,         125,               ,                8,            ,  40.03,    210048,      0.75,      6.45,        3.60,               4,                  5
  614,             ,        10000,         125,               ,                8,            ,  39.97,    210048,      0.35,      6.44,        3.40,               4,                  5
  615,             ,        10000,         125,               ,                8,            ,  39.79,    210048,      0.37,      6.45,        3.41,               4,                  5
  616,             ,        10000,         125,               ,                8,            ,  39.73,    210048,      0.35,      6.44,        3.40,               4,                  5
  617,             ,        10000,         125,               ,                8,            ,  39.70,    210048,      0.37,      6.45,        3.41,               4,                  5
  618,             ,        10000,         125,               ,                8,            ,  39.61,    210048,      0.35,      6.44,        3.40,               4,                  4
  619,             ,        10000,         125,               ,                8,            ,  39.21,    210048,      0.37,      6.45,        3.41,               4,                  5
  620,             ,        10000,         125,               ,                8,            ,  39.27,    210048,      0.35,      7.86,        4.10,               4,                  5
  621,             ,        10449,         125,               ,                8,            ,  38.94,    210048,      0.37,      6.45,        3.41,               4,                  5
  622,             ,         9552,         125,               ,               10,            ,  38.91,    210048,      0.45,      6.42,        3.43,               4,                  5
  623,             ,         9999,         125,               ,                8,            ,  38.36,    210048,      0.75,      6.45,        3.60,               4,                  5
  624,             ,        10000,         125,               ,                8,            ,  38.52,    210048,      0.35,      6.44,        3.40,               4,                  5
  625,             ,        10000,         125,               ,                8,            ,  38.52,    210048,      0.37,      6.45,        3.41,               4,                  5
  626,             ,        10000,         125,               ,                8,            ,  38.27,    210048,      0.35,      6.44,        3.40,               4,                  5
  627,             ,        10000,         125,               ,                8,            ,  38.36,    210048,      0.37,      6.45,        3.41,               4,                  5
  628,             ,        10000,         125,               ,                8,            ,  38.27,    210048,      0.35,      6.44,        3.40,               4,                  5
  629,             ,        10000,         125,               ,                8,            ,  37.97,    210048,      0.37,      7.87,        4.12,               4,                  4
  630,             ,        10000,         125,               ,                8,            ,  37.94,    210048,      0.35,      6.44,        3.40,               4,                  5
  631,             ,        10000,         125,               ,                8,            ,  37.82,    210048,      0.37,      6.45,        3.41,               4,                  5
  632,             ,        10449,         125,               ,                8,            ,  37.48,    210048,      0.45,      6.42,        3.43,               4,                  5
  633,             ,         9552,         125,               ,               10,            ,  37.55,    210048,      0.75,      6.45,        3.60,               4,                  5
  634,             ,         9999,         125,               ,                8,            ,  37.58,    210048,      0.35,      6.44,        3.40,               4,                  5
  635,             ,        10000,         125,               ,                8,            ,  37.67,    210048,      0.37,      6.45,        3.41,               4,                  5
  636,             ,        10000,         125,               ,                8,            ,  37.12,    210048,      0.35,      6.44,        3.40,               4,                  5
  637,             ,        10000,         125,               ,                8,            ,  37.06,    210048,      0.37,      6.45,        3.41,               4,                  5
  638,             ,        10000,         125,               ,                8,            ,  37.27,    210048,      0.35,      7.86,        4.10,               4,                  5
  639,             ,        10000,         125,               ,                8,            ,  36.79,    210048,      0.37,      6.45,        3.41,               4,                  5
  640,             ,        10000,         125,               ,                8,            ,  36.91,    210048,      0.35,      6.44,        3.40,               4,                  4
  641,             ,        10000,         125,               ,                8,            ,  36.82,    210048,      0.37,      6.45,        3.41,               4,                  5
  642,             ,        10000,         125,               ,                8,            ,  36.39,    210048,      0.45,      6.42,        3.43,               4,                  5
  643,             ,        10449,         125,               ,                8,            ,  36.33,    210048,      0.75,      6.45,        3.60,               4,                  5
  644,             ,         9552,         125,               ,               10,            ,  36.33,    210048,      0.35,      6.44,        3.40,               4,                  5
  645,             ,         9999,         125,               ,                8,            ,  36.39,    210048,      0.37,      6.45,        3.41,               4,                  5
  646,             ,        10000,         125,               ,                8,            ,  36.03,    210048,      0.35,      6.44,        3.40,               4,                  5
  647,             ,        10000,         125,               ,                8,            ,  36.03,    210048,      0.37,      7.87,        4.12,               4,                  5
  648,             ,        10000,         125,               ,                8,            ,  36.00,    210048,      0.35,      6.44,        3.40,               4,                  5
  649,             ,        10000,         125,               ,                8,            ,  36.09,    210048,      0.37,      6.45,        3.41,               4,                  5
  650,             ,        10000,         125,               ,                8,            ,  35.64,    210048,      0.35,      6.44,        3.40,               4,                  5
  651,             ,        10000,         125,               ,                8,            ,  36.97,    210048,      0.37,      6.45,        3.41,               5,                  4
  652,             ,        10000,         125,               ,                8,            ,  37.94,    210048,      0.45,      6.42,        3.43,               4,                  5
  653,             ,        10000,         125,               ,                8,            ,  38.64,    210048,      0.75,      6.45,        3.60,               4,                  5
  654,             ,        10449,         125,               ,                8,            ,  39.70,    210048,      0.35,      6.44,        3.40,               4,                  5
  655,             ,         9552,         125,               ,               10,            ,  40.82,    210048,      0.37,      6.45,        3.41,               4,                  5
  656,             ,         9999,         125,               ,                8,            ,  41.33,    210048,      0.35,      7.86,        4.10,               4,                  5
  657,             ,        10000,         125,               ,                8,            ,  42.48,    210048,      0.37,      6.45,        3.41,               4,                  5
  658,             ,        10000,         125,               ,                8,            ,  43.55,    210048,      0.35,      6.44,        3.40,               4,                  5
  659,             ,        10000,         125,               ,                8,            ,  44.48,    210048,      0.37,      6.45,        3.41,               4,                  5
  660,             ,        10000,         125,               ,                8,            ,  45.27,    210048,      0.35,      6.44,        3.40,               4,                  5
  661,             ,        10000,         125,               ,                8,            ,  46.00,    210048,      0.37,      6.45,        3.41,               4,                  5
  662,             ,        10000,         125,               ,                8,            ,  47.18,    210048,      0.45,      6.42,        3.43,               4,                  4
  663,             ,        10000,         125,               ,                8,            ,  47.85,    210048,      0.75,      6.45,        3.60,               4,                  5
  664,             ,        10000,         125,               ,                8,            ,  48.42,    210048,      0.35,      6.44,        3.40,               4,                  5
  665,             ,        10449,         125,               ,                8,            ,  49.58,    210048,      0.37,      7.87,        4.12,               4,                  5
  666,             ,         9552,         125,               ,               10,            ,  50.48,    210048,      0.35,      6.44,        3.40,               4,                  5
  667,             ,         9999,         125,               ,                8,            ,  51.18,    210048,      0.37,      6.45,        3.41,               4,                  5
  668,             ,        10000,         125,               ,                8,            ,  51.30,    210048,      0.35,      6.44,        3.40,               4,                  5
  669,             ,        10000,         125,               ,                8,            ,  52.21,    210048,      0.37,      6.45,        3.41,               4,                  5
  670,             ,        10000,         125,               ,                8,            ,  53.30,    210048,      0.35,      6.44,        3.40,               4,                  5
  671,             ,        10000,         125,               ,                8,            ,  53.82,    210048,      0.37,      6.45,        3.41,               4,                  4
  672,             ,        10000,         125,               ,                8,            ,  54.64,    210048,      0.45,      6.42,        3.43,               4,                  4
  673,             ,        10000,         125,               ,                8,            ,  55.73,    210048,      0.75,      6.45,        3.60,               4,                  4
  674,             ,        10000,         125,               ,                8,            ,  56.15,    210048,      0.35,      7.86,        4.10,               4,                  5
  675,             ,        10000,         125,               ,                8,            ,  56.91,    210048,      0.37,      6.45,        3.41,               4,                  5
  676,             ,        10449,         125,               ,                8,            ,  57.61,    210048,      0.35,      6.44,        3.40,               4,                  5
  677,             ,         9552,         125,               ,               10,            ,  58.36,    210048,      0.37,      6.45,        3.41,               4,                  5
  678,             ,         9999,         125,               ,                8,            ,  59.15,    210048,      0.35,      6.44,        3.40,               4,                  5
  679,             ,        10000,         125,               ,                8,            ,  59.76,    210048,      0.37,      6.45,        3.41,               4,                  5
  680,             ,        10000,         125,               ,                8,            ,  60.73,    210048,      0.35,      6.44,        3.40,               4,                  5
  681,             ,        10000,         125,               ,                8,            ,  60.15,    210048,      0.37,      6.45,        3.41,               4,                  5
  682,             ,        10000,         125,               ,                8,            ,  59.82,    210048,      0.45,      6.42,        3.43,               4,                  5
  683,             ,        10000,         125,               ,                8,            ,  59.30,    210048,      2.12,      7.76,        4.94,               4,                  5
  684,             ,        10000,         125,               ,                8,            ,  59.21,    210048,      0.00,      6.53,        3.26,               5,                  4
  685,             ,        10000,         125,               ,                8,            ,  58.36,    210048,      0.37,      6.45,        3.41,               4,                  5
  686,             ,        10000,         125,               ,                8,            ,  57.85,    210048,      0.35,      6.44,        3.40,               4,                  5
  687,             ,        10449,         125,               ,                8,            ,  57.58,    210048,      0.37,      6.45,        3.41,               4,                  5
  688,             ,         9552,         125,               ,               10,            ,  57.30,    210048,      0.35,      6.44,        3.40,               4,                  5
  689,             ,         9999,         125,               ,                8,            ,  57.33,    210048,      0.37,      6.45,        3.41,               4,                  5
  690,             ,        10000,         125,               ,                8,            ,  57.00,    210048,      0.35,      6.44,        3.40,               4,                  5
  691,             ,        10000,         125,               ,                8,            ,  56.73,    210048,      0.37,      6.45,        3.41,               4,                  5
  692,             ,        10000,         125,               ,                8,            ,  56.27,    210048,      0.45,      6.43,        3.44,               4,                  5
  693,             ,        10000,         125,               ,                8,            ,  55.91,    210048,      0.74,      7.86,        4.30,               4,                  5
  694,             ,        10000,         125,               ,                8,            ,  55.48,    210048,      0.35,      6.44,        3.40,               4,                  5
  695,             ,        10000,         125,               ,                8,            ,  55.36,    210048,      0.37,      6.45,        3.41,               4,                  4
  696,             ,        10000,         125,               ,                8,            ,  54.73,    210048,      0.35,      6.44,        3.40,               4,                  5
  697,             ,        10000,         125,               ,                8,            ,  54.36,    210048,      0.37,      6.45,        3.41,               4,                  5
  698,             ,        10449,         125,               ,                8,            ,  53.91,    210048,      0.35,      6.44,        3.40,               4,                  5
  699,             ,         9552,         125,               ,               10,            ,  53.58,    210048,      0.37,      6.45,        3.41,               4,                  5
  700,             ,         9999,         125,               ,                8,            ,  53.58,    210048,      0.35,      6.44,        3.40,               4,                  5
  701,             ,        10000,         125,               ,                8,            ,  53.30,    210048,      0.37,      6.45,        3.41,               4,                  5
  702,             ,        10000,         125,               ,                8,            ,  52.79,    210048,      0.45,      7.84,        4.14,               4,                  5
  703,             ,        10000,         125,               ,                8,            ,  52.48,    210048,      0.75,      6.45,        3.60,               4,                  5
  704,             ,        10000,         125,               ,                8,            ,  52.09,    210048,      0.35,      6.44,        3.40,               4,                  5
  705,             ,        10000,         125,               ,                8,            ,  51.64,    210048,      0.37,      6.45,        3.41,               4,                  5
  706,             ,        10000,         125,               ,                8,            ,  51.88,    210048,      0.35,      6.44,        3.40,               4,                  4
  707,             ,        10000,         125,               ,                8,            ,  51.42,    210048,      0.37,      6.45,        3.41,               4,                  5
  708,             ,        10000,         125,               ,                8,            ,  51.55,    210048,      0.35,      6.44,        3.40,               4,                  5
  709,             ,        10449,         125,               ,                8,            ,  51.03,    210048,      0.37,      6.45,        3.41,               4,                  5
  710,             ,         9552,         125,               ,               10,            ,  51.12,    210048,      0.35,      6.44,        3.40,               4,                  5
  711,             ,         9999,         125,               ,                8,            ,  50.73,    210048,      0.37,      7.87,        4.12,               4,                  5
  712,             ,        10000,         125,               ,                8,            ,  50.33,    210048,      0.45,      6.46,        3.45,               4,                  5
  713,             ,        10000,         125,               ,                8,            ,  49.94,    210048,      0.75,      6.45,        3.60,               4,                  5
  714,             ,        10000,         125,               ,                8,            ,  50.09,    210048,      0.35,      6.44,        3.40,               4,                  5
  715,             ,        10000,         125,               ,                8,            ,  49.58,    210048,      0.37,      6.45,        3.41,               4,                  5
  716,             ,        10000,         125,               ,                8,            ,  49.24,    210048,      0.35,      6.44,        3.40,               4,                  5
  717,             ,        10000,         125,               ,                8,            ,  49.42,    210048,      0.37,      6.45,        3.41,               4,                  4
  718,             ,        10000,         125,               ,                8,            ,  48.88,    210048,      0.35,      6.44,        3.40,               4,                  5
  719,             ,        10000,         125,               ,                8,            ,  48.55,    210048,      0.37,      6.45,        3.41,               4,                  5
  720,             ,        10449,         125,               ,                8,            ,  48.48,    210048,      0.35,      7.86,        4.10,               4,                  5
  721,             ,         9552,         125,               ,               10,            ,  48.21,    210048,      0.37,      6.45,        3.41,               4,                  5
  722,             ,         9999,         125,               ,                8,            ,  47.70,    210048,      0.45,      6.42,        3.43,               4,                  5
  723,             ,        10000,         125,               ,                8,            ,  47.76,    210048,      0.75,      6.45,        3.60,               4,                  4
  724,             ,        10000,         125,               ,                8,            ,  47.42,    210048,      0.35,      6.44,        3.40,               4,                  5
  725,             ,        10000,         125,               ,                8,            ,  47.15,    210048,      0.37,      6.45,        3.41,               4,                  5
  726,             ,        10000,         125,               ,                8,            ,  47.15,    210048,      0.35,      6.44,        3.40,               4,                  5
  727,             ,        10000,         125,               ,                8,            ,  46.70,    210048,      0.37,      6.45,        3.41,               4,                  5
  728,             ,        10000,         125,               ,                8,            ,  46.42,    210048,      0.35,      6.44,        3.40,               4,                  4
  729,             ,        10000,         125,               ,                8,            ,  46.42,    210048,      0.37,      7.87,        4.12,               4,                  5
  730,             ,        10000,         125,               ,                8,            ,  45.97,    210048,      0.35,      6.44,        3.40,               4,                  5
  731,             ,        10449,         125,               ,                8,            ,  46.00,    210048,      0.37,      6.45,        3.41,               4,                  5
  732,             ,         9552,         125,               ,               10,            ,  45.73,    210048,      0.45,      6.42,        3.43,               4,                  5
  733,             ,         9999,         125,               ,                8,            ,  45.61,    210048,      0.75,      6.45,        3.60,               4,                  5
  734,             ,        10000,         125,               ,                8,            ,  45.55,    210048,      0.35,      6.44,        3.40,               4,                  5
  735,             ,        10000,         125,               ,                8,            ,  44.94,    210048,      0.37,      6.45,        3.41,               4,                  5
  736,             ,        10000,         125,               ,                8,            ,  45.00,    210048,      0.35,      6.44,        3.40,               4,                  5
  737,             ,        10000,         125,               ,                8,            ,  44.64,    210048,      0.37,      6.45,        3.41,               4,                  5
  738,             ,        10000,         125,               ,                8,            ,  44.55,    210048,      0.35,      7.86,        4.10,               4,                  5
  739,             ,        10000,         125,               ,                8,            ,  44.39,    210048,      0.37,      6.45,        3.41,               4,                  4
  740,             ,        10000,         125,               ,                8,            ,  44.30,    210048,      0.35,      6.44,        3.40,               4,                  5
  741,             ,        10000,         125,               ,                8,            ,  43.88,    210048,      0.37,      6.45,        3.41,               4,                  5
  742,             ,        10449,         125,               ,                8,            ,  43.97,    210048,      0.45,      6.42,        3.43,               4,                  5
  743,             ,         9552,         125,               ,               10,            ,  43.55,    210048,      0.75,      6.45,        3.60,               4,                  5
  744,             ,         9999,         125,               ,                8,            ,  43.52,    210048,      0.35,      6.44,        3.40,               4,                  5
  745,             ,        10000,         125,               ,                8,            ,  42.73,    210048,      0.37,      6.45,        3.41,               4,                  5
  746,             ,        10000,         125,               ,                8,            ,  43.33,    210048,      0.35,      6.44,        3.40,               4,                  5
  747,             ,        10000,         125,               ,                8,            ,  42.55,    210048,      0.37,      7.87,        4.12,               4,                  5
  748,             ,        10000,         125,               ,                8,            ,  42.73,    210048,      0.35,      6.44,        3.40,               4,                  5
  749,             ,        10000,         125,               ,                8,            ,  42.18,    210048,      0.37,      6.45,        3.41,               4,                  5
  750,             ,        10000,         125,               ,                8,            ,  42.36,    210048,      0.35,      6.44,        3.40,               4,                  4
  751,             ,        10000,         125,               ,                8,            ,  41.94,    210048,      0.37,      6.45,        3.41,               4,                  5
  752,             ,        10000,         125,               ,                8,            ,  41.94,    210048,      0.45,      6.42,        3.43,               4,                  5
  753,             ,        10449,         125,               ,                8,            ,  41.52,    210048,      0.75,      6.45,        3.60,               4,                  5
  754,             ,         9552,         125,               ,               10,            ,  41.55,    210048,      0.35,      6.44,        3.40,               4,                  5
  755,             ,         9999,         125,               ,                8,            ,  41.48,    210048,      0.37,      6.45,        3.41,               4,                  5
  756,             ,        10000,         125,               ,                8,            ,  41.15,    210048,      0.35,      7.86,        4.10,               4,                  5
  757,             ,        10000,         125,               ,                8,            ,  41.18,    210048,      0.37,      6.45,        3.41,               4,                  5
  758,             ,        10000,         125,               ,                8,            ,  40.76,    210048,      0.35,      6.44,        3.40,               4,                  5
  759,             ,        10000,         125,               ,                8,            ,  40.73,    210048,      0.37,      6.45,        3.41,               4,                  5
  760,             ,        10000,         125,               ,                8,            ,  40.42,    210048,      0.35,      6.44,        3.40,               4,                  5
  761,             ,        10000,         125,               ,                8,            ,  40.70,    210048,      0.37,      6.45,        3.41,               4,                  4
  762,             ,        10000,         125,               ,                8,            ,  40.42,    210048,      0.45,      6.42,        3.43,               4,                  5
  763,             ,        10000,         125,               ,                8,            ,  40.03,    210048,      0.75,      6.45,        3.60,               4,                  5
  764,             ,        10449,         125,               ,                8,            ,  40.24,    210048,      0.35,      6.44,        3.40,               4,                  4
  765,             ,         9552,         125,               ,               10,            ,  39.70,    210048,      0.37,      7.87,        4.12,               4,                  4
  766,             ,         9999,         125,               ,                8,            ,  39.73,    210048,      0.35,      6.44,        3.40,               4,                  5
  767,             ,        10000,         125,               ,                8,            ,  39.70,    210048,      0.37,      6.45,        3.41,               4,                  5
  768,             ,        10000,         125,               ,                8,            ,  39.27,    210048,      0.35,      6.44,        3.40,               4,                  5
  769,             ,        10000,         125,               ,                8,            ,  39.33,    210048,      0.37,      6.45,        3.41,               4,                  5
  770,             ,        10000,         125,               ,                8,            ,  39.30,    210048,      0.35,      6.44,        3.40,               4,                  5
  771,             ,        10000,         125,               ,                8,            ,  38.79,    210048,      0.37,      6.45,        3.41,               4,                  5
  772,             ,        10000,         125,               ,                8,            ,  39.15,    210048,      0.45,      6.42,        3.43,               4,                  4
  773,             ,        10000,         125,               ,                8,            ,  38.52,    210048,      0.75,      6.45,        3.60,               4,                  5
  774,             ,        10000,         125,               ,                8,            ,  38.58,    210048,      0.35,      7.86,        4.10,               4,                  5
  775,             ,        10449,         125,               ,                8,            ,  38.64,    210048,      0.37,      6.45,        3.41,               4,                  5
  776,             ,         9552,         125,               ,               10,            ,  38.36,    210048,      0.35,      6.44,        3.40,               4,                  5
  777,             ,         9999,         125,               ,                8,            ,  38.33,    210048,      0.37,      6.45,        3.41,               4,                  5
  778,             ,        10000,         125,               ,                8,            ,  38.30,    210048,      0.35,      6.44,        3.40,               4,                  4
  779,             ,        10000,         125,               ,                8,            ,  37.82,    210048,      0.37,      6.45,        3.41,               4,                  5
  780,             ,        10000,         125,               ,                8,            ,  37.97,    210048,      0.35,      6.44,        3.40,               4,                  5
  781,             ,        10000,         125,               ,                8,            ,  37.82,    210048,      0.37,      6.45,        3.41,               4,                  5
  782,             ,        10000,         125,               ,                8,            ,  37.48,    210048,      0.45,      6.42,        3.43,               4,                  5
  783,             ,        10000,         125,               ,                8,            ,  37.64,    210048,      2.12,      7.76,        4.94,               4,                  4
  784,             ,        10000,         125,               ,                8,            ,  37.55,    210048,      0.00,      6.53,        3.26,               4,                  5
  785,             ,        10000,         125,               ,                8,            ,  37.55,    210048,      0.37,      6.45,        3.41,               4,                  5
  786,             ,        10449,         125,               ,                8,            ,  37.21,    210048,      0.35,      6.44,        3.40,               4,                  5
  787,             ,         9552,         125,               ,               10,            ,  36.91,    210048,      0.37,      6.45,        3.41,               4,                  5
  788,             ,         9999,         125,               ,                8,            ,  37.06,    210048,      0.35,      6.44,        3.40,               4,                  4
  789,             ,        10000,         125,               ,                8,            ,  36.76,    210048,      0.37,      6.45,        3.41,               4,                  5
  790,             ,        10000,         125,               ,                8,            ,  36.79,    210048,      0.35,      6.44,        3.40,               4,                  5
  791,             ,        10000,         125,               ,                8,            ,  36.79,    210048,      0.37,      6.45,        3.41,               4,                  5
  792,             ,        10000,         125,               ,                8,            ,  36.36,    210048,      0.45,      6.43,        3.44,               4,                  5
  793,             ,        10000,         125,               ,                8,            ,  36.42,    210048,      0.74,      7.86,        4.30,               4,                  5
  794,             ,        10000,         125,               ,                8,            ,  36.48,    210048,      0.35,      6.44,        3.40,               4,                  4
  795,             ,        10000,         125,               ,                8,            ,  36.39,    210048,      0.37,      6.45,        3.41,               4,                  5
  796,             ,        10000,         125,               ,                8,            ,  36.03,    210048,      0.35,      6.44,        3.40,               4,                  5
  797,             ,        10449,         125,               ,                8,            ,  36.09,    210048,      0.37,      6.45,        3.41,               4,                  5
  798,             ,         9552,         125,               ,               10,            ,  35.94,    210048,      0.35,      6.44,        3.40,               4,                  5
  799,             ,         9999,         125,               ,                8,            ,  36.06,    210048,      0.37,      6.45,        3.41,               4,                  5
  800,             ,        10000,         125,               ,                8,            ,  35.58,    210048,      0.35,      6.44,        3.40,               4,                  5
  801,             ,        10000,         125,               ,                8,            ,  36.76,    210048,      0.37,      6.45,        3.41,               4,                  5
  802,             ,        10000,         125,               ,                8,            ,  37.94,    210048,      0.45,      7.84,        4.14,               4,                  5
  803,             ,        10000,         125,               ,                8,            ,  38.61,    210048,      0.75,      6.45,        3.60,               4,                  5
  804,             ,        10000,         125,               ,                8,            ,  39.52,    210048,      0.35,      6.44,        3.40,               4,                  5
  805,             ,        10000,         125,               ,                8,            ,  40.94,    210048,      0.37,      6.45,        3.41,               4,                  4
  806,             ,        10000,         125,               ,                8,            ,  41.52,    210048,      0.35,      6.44,        3.40,               4,                  5
  807,             ,        10000,         125,               ,                8,            ,  42.67,    210048,      0.37,      6.45,        3.41,               4,                  5
  808,             ,        10449,         125,               ,                8,            ,  43.52,    210048,      0.35,      6.44,        3.40,               4,                  5
  809,             ,         9552,         125,               ,               10,            ,  44.45,    210048,      0.37,      6.45,        3.41,               4,                  5
  810,             ,         9999,         125,               ,                8,            ,  45.27,    210048,      0.35,      6.44,        3.40,               4,                  5
  811,             ,        10000,         125,               ,                8,            ,  46.03,    210048,      0.37,      7.87,        4.12,               4,                  5
  812,             ,        10000,         125,               ,                8,            ,  47.15,    210048,      0.45,      6.46,        3.45,               4,                  5
  813,             ,        10000,         125,               ,                8,            ,  47.82,    210048,      0.75,      6.45,        3.60,               4,                  5
  814,             ,        10000,         125,               ,                8,            ,  48.42,    210048,      0.35,      6.44,        3.40,               4,                  5
  815,             ,        10000,         125,               ,                8,            ,  49.58,    210048,      0.37,      6.45,        3.41,               4,                  5
  816,             ,        10000,         125,               ,                8,            ,  50.55,    210048,      0.35,      6.44,        3.40,               4,                  4
  817,             ,        10000,         125,               ,                8,            ,  51.15,    210048,      0.37,      6.45,        3.41,               4,                  4
  818,             ,        10000,         125,               ,                8,            ,  51.33,    210048,      0.35,      6.44,        3.40,               4,                  5
  819,             ,        10449,         125,               ,                8,            ,  52.21,    210048,      0.37,      6.45,        3.41,               4,                  5
  820,             ,         9552,         125,               ,               10,            ,  53.18,    210048,      0.35,      7.86,        4.10,               4,                  5
  821,             ,         9999,         125,               ,                8,            ,  53.91,    210048,      0.37,      6.45,        3.41,               4,                  5
  822,             ,        10000,         125,               ,                8,            ,  54.76,    210048,      0.45,      6.42,        3.43,               4,                  5
  823,             ,        10000,         125,               ,                8,            ,  55.33,    210048,      0.75,      6.45,        3.60,               4,                  5
  824,             ,        10000,         125,               ,                8,            ,  56.30,    210048,      0.35,      6.44,        3.40,               4,                  5
  825,             ,        10000,         125,               ,                8,            ,  56.94,    210048,      0.37,      6.45,        3.41,               4,                  5
  826,             ,        10000,         125,               ,                8,            ,  57.61,    210048,      0.35,      6.44,        3.40,               4,                  5
  827,             ,        10000,         125,               ,                8,            ,  58.36,    210048,      0.37,      6.45,        3.41,               4,                  4
  828,             ,        10000,         125,               ,                8,            ,  59.03,    210048,      0.35,      6.44,        3.40,               4,                  5
  829,             ,        10000,         125,               ,                8,            ,  59.76,    210048,      0.37,      7.87,        4.12,               4,                  5
  830,             ,        10449,         125,               ,                8,            ,  60.55,    210048,      0.35,      6.44,        3.40,               4,                  5
  831,             ,         9552,         125,               ,               10,            ,  60.12,    210048,      0.37,      6.45,        3.41,               4,                  5
  832,             ,         9999,         125,               ,                8,            ,  59.85,    210048,      0.45,      6.42,        3.43,               4,                  5
  833,             ,        10000,         125,               ,                8,            ,  59.27,    210048,      0.75,      6.45,        3.60,               4,                  5
  834,             ,        10000,         125,               ,                8,            ,  59.15,    210048,      0.35,      6.44,        3.40,               4,                  5
  835,             ,        10000,         125,               ,                8,            ,  58.36,    210048,      0.37,      6.45,        3.41,               4,                  5
  836,             ,        10000,         125,               ,                8,            ,  58.24,    210048,      0.35,      6.44,        3.40,               4,                  5
  837,             ,        10000,         125,               ,                8,            ,  57.73,    210048,      0.37,      6.45,        3.41,               4,                  5
  838,             ,        10000,         125,               ,                8,            ,  57.67,    210048,      0.35,      7.86,        4.10,               4,                  4
  839,             ,        10000,         125,               ,                8,            ,  57.21,    210048,      0.37,      6.45,        3.41,               4,                  5
  840,             ,        10000,         125,               ,                8,            ,  56.91,    210048,      0.35,      6.44,        3.40,               4,                  5
  841,             ,        10449,         125,               ,                8,            ,  56.61,    210048,      0.37,      6.45,        3.41,               4,                  5
  842,             ,         9552,         125,               ,               10,            ,  56.24,    210048,      0.45,      6.42,        3.43,               4,                  5
  843,             ,         9999,         125,               ,                8,            ,  56.00,    210048,      0.75,      6.45,        3.60,               4,                  5
  844,             ,        10000,         125,               ,                8,            ,  55.39,    210048,      0.35,      6.44,        3.40,               4,                  5
  845,             ,        10000,         125,               ,                8,            ,  55.00,    210048,      0.37,      6.45,        3.41,               4,                  5
  846,             ,        10000,         125,               ,                8,            ,  54.64,    210048,      0.35,      6.44,        3.40,               4,                  5
  847,             ,        10000,         125,               ,                8,            ,  54.30,    210048,      0.37,      7.87,        4.12,               4,                  5
  848,             ,        10000,         125,               ,                8,            ,  53.85,    210048,      0.35,      6.44,        3.40,               4,                  5
  849,             ,        10000,         125,               ,                8,            ,  53.85,    210048,      0.37,      6.45,        3.41,               4,                  4
  850,             ,        10000,         125,               ,                8,            ,  53.61,    210048,      0.35,      6.44,        3.40,               4,                  5
  851,             ,        10000,         125,               ,                8,            ,  53.21,    210048,      0.37,      6.45,        3.41,               4,                  5
  852,             ,        10449,         125,               ,                8,            ,  52.76,    210048,      0.45,      6.42,        3.43,               4,                  5
  853,             ,         9552,         125,               ,               10,            ,  52.61,    210048,      0.75,      6.45,        3.60,               4,                  5
  854,             ,         9999,         125,               ,                8,            ,  52.03,    210048,      0.35,      6.44,        3.40,               4,                  5
  855,             ,        10000,         125,               ,                8,            ,  51.76,    210048,      0.37,      6.45,        3.41,               4,                  4
  856,             ,        10000,         125,               ,                8,            ,  51.85,    210048,      0.35,      7.86,        4.10,               4,                  5
  857,             ,        10000,         125,               ,                8,            ,  51.30,    210048,      0.37,      6.45,        3.41,               4,                  5
  858,             ,        10000,         125,               ,                8,            ,  51.30,    210048,      0.35,      6.44,        3.40,               4,                  5
  859,             ,        10000,         125,               ,                8,            ,  51.18,    210048,      0.37,      6.45,        3.41,               4,                  5
  860,             ,        10000,         125,               ,                8,            ,  51.18,    210048,      0.35,      6.44,        3.40,               4,                  4
  861,             ,        10000,         125,               ,                8,            ,  50.73,    210048,      0.37,      6.45,        3.41,               4,                  5
  862,             ,        10000,         125,               ,                8,            ,  50.36,    210048,      0.45,      6.42,        3.43,               4,                  5
  863,             ,        10449,         125,               ,                8,            ,  49.97,    210048,      0.75,      6.45,        3.60,               4,                  5
  864,             ,         9552,         125,               ,               10,            ,  49.94,    210048,      0.35,      6.44,        3.40,               4,                  5
  865,             ,         9999,         125,               ,                8,            ,  49.58,    210048,      0.37,      7.87,        4.12,               4,                  5
  866,             ,        10000,         125,               ,                8,            ,  49.30,    210048,      0.35,      6.44,        3.40,               4,                  5
  867,             ,        10000,         125,               ,                8,            ,  49.33,    210048,      0.37,      6.45,        3.41,               4,                  5
  868,             ,        10000,         125,               ,                8,            ,  48.85,    210048,      0.35,      6.44,        3.40,               4,                  5
  869,             ,        10000,         125,               ,                8,            ,  48.73,    210048,      0.37,      6.45,        3.41,               4,                  5
  870,             ,        10000,         125,               ,                8,            ,  48.61,    210048,      0.35,      6.44,        3.40,               4,                  4
  871,             ,        10000,         125,               ,                8,            ,  48.27,    210048,      0.37,      6.45,        3.41,               4,                  4
  872,             ,        10000,         125,               ,                8,            ,  47.58,    210048,      0.45,      6.42,        3.43,               4,                  5
  873,             ,        10000,         125,               ,                8,            ,  47.91,    210048,      0.75,      6.45,        3.60,               4,                  5
  874,             ,        10449,         125,               ,                8,            ,  47.48,    210048,      0.35,      7.86,        4.10,               4,                  4
  875,             ,         9552,         125,               ,               10,            ,  47.03,    210048,      0.37,      6.45,        3.41,               4,                  5
  876,             ,         9999,         125,               ,                8,            ,  47.15,    210048,      0.35,      6.44,        3.40,               4,                  5
  877,             ,        10000,         125,               ,                8,            ,  46.70,    210048,      0.37,      6.45,        3.41,               4,                  5
  878,             ,        10000,         125,               ,                8,            ,  46.36,    210048,      0.35,      6.44,        3.40,               4,                  5
  879,             ,        10000,         125,               ,                8,            ,  46.36,    210048,      0.37,      6.45,        3.41,               4,                  5
  880,             ,        10000,         125,               ,                8,            ,  45.94,    210048,      0.35,      6.44,        3.40,               4,                  5
  881,             ,        10000,         125,               ,                8,            ,  45.97,    210048,      0.37,      6.45,        3.41,               4,                  5
  882,             ,        10000,         125,               ,                8,            ,  45.91,    210048,      0.45,      6.42,        3.43,               5,                  4
  883,             ,        10000,         125,               ,                8,            ,  45.82,    210048,      2.12,      7.76,        4.94,               4,                  5
  884,             ,        10000,         125,               ,                8,            ,  45.30,    210048,      0.00,      6.53,        3.26,               4,                  5
  885,             ,        10449,         125,               ,                8,            ,  45.03,    210048,      0.37,      6.45,        3.41,               4,                  5
  886,             ,         9552,         125,               ,               10,            ,  44.85,    210048,      0.35,      6.44,        3.40,               4,                  5
  887,             ,         9999,         125,               ,                8,            ,  44.70,    210048,      0.37,      6.45,        3.41,               4,                  5
  888,             ,        10000,         125,               ,                8,            ,  44.55,    210048,      0.35,      6.44,        3.40,               4,                  5
  889,             ,        10000,         125,               ,                8,            ,  44.30,    210048,      0.37,      6.45,        3.41,               4,                  5
  890,             ,        10000,         125,               ,                8,            ,  44.12,    210048,      0.35,      6.44,        3.40,               4,                  5
  891,             ,        10000,         125,               ,                8,            ,  43.82,    210048,      0.37,      6.45,        3.41,               4,                  5
  892,             ,        10000,         125,               ,                8,            ,  43.73,    210048,      0.45,      6.43,        3.44,               4,                  5
  893,             ,        10000,         125,               ,                8,            ,  43.73,    210048,      0.74,      7.86,        4.30,               4,                  4
  894,             ,        10000,         125,               ,                8,            ,  43.39,    210048,      0.35,      6.44,        3.40,               4,                  5
  895,             ,        10000,         125,               ,                8,            ,  42.73,    210048,      0.37,      6.45,        3.41,               4,                  5
  896,             ,        10449,         125,               ,                8,            ,  42.73,    210048,      0.35,      6.44,        3.40,               4,                  5
  897,             ,         9552,         125,               ,               10,            ,  42.64,    210048,      0.37,      6.45,        3.41,               4,                  5
  898,             ,         9999,         125,               ,                8,            ,  42.55,    210048,      0.35,      6.44,        3.40,               4,                  5
  899,             ,        10000,         125,               ,                8,            ,  42.36,    210048,      0.37,      6.45,        3.41,               4,                  5
  900,             ,        10000,         125,               ,                8,            ,  42.27,    210048,      0.35,      6.44,        3.40,               4,                  5
  901,             ,        10000,         125,               ,                8,            ,  41.79,    210048,      0.37,      6.45,        3.41,               4,                  5
  902,             ,        10000,         125,               ,                8,            ,  41.79,    210048,      0.45,      7.84,        4.14,               4,                  5
  903,             ,        10000,         125,               ,                8,            ,  41.52,    210048,      0.75,      6.45,        3.60,               4,                  5
  904,             ,        10000,         125,               ,                8,            ,  41.64,    210048,      0.35,      6.44,        3.40,               4,                  4
  905,             ,        10000,         125,               ,                8,            ,  41.52,    210048,      0.37,      6.45,        3.41,               4,                  5
  906,             ,        10000,         125,               ,                8,            ,  41.12,    210048,      0.35,      6.44,        3.40,               4,                  5
  907,             ,        10449,         125,               ,                8,            ,  41.12,    210048,      0.37,      6.45,        3.41,               4,                  5
  908,             ,         9552,         125,               ,               10,            ,  40.79,    210048,      0.35,      6.44,        3.40,               4,                  5
  909,             ,         9999,         125,               ,                8,            ,  40.79,    210048,      0.37,      6.45,        3.41,               4,                  5
  910,             ,        10000,         125,               ,                8,            ,  40.52,    210048,      0.35,      6.44,        3.40,               4,                  4
  911,             ,        10000,         125,               ,                8,            ,  40.52,    210048,      0.37,      7.87,        4.12,               4,                  5
  912,             ,        10000,         125,               ,                8,            ,  40.48,    210048,      0.45,      6.46,        3.45,               4,                  5
  913,             ,        10000,         125,               ,                8,            ,  39.97,    210048,      0.75,      6.45,        3.60,               4,                  5
  914,             ,        10000,         125,               ,                8,            ,  39.94,    210048,      0.35,      6.44,        3.40,               4,                  5
  915,             ,        10000,         125,               ,                8,            ,  39.91,    210048,      0.37,      6.45,        3.41,               4,                  4
  916,             ,        10000,         125,               ,                8,            ,  39.61,    210048,      0.35,      6.44,        3.40,               4,                  5
  917,             ,        10000,         125,               ,                8,            ,  39.70,    210048,      0.37,      6.45,        3.41,               4,                  5
  918,             ,        10449,         125,               ,                8,            ,  39.42,    210048,      0.35,      6.44,        3.40,               4,                  5
  919,             ,         9552,         125,               ,               10,            ,  39.21,    210048,      0.37,      6.45,        3.41,               4,                  5
  920,             ,         9999,         125,               ,                8,            ,  39.33,    210048,      0.35,      7.86,        4.10,               4,                  5
  921,             ,        10000,         125,               ,                8,            ,  39.03,    210048,      0.37,      6.45,        3.41,               4,                  5
  922,             ,        10000,         125,               ,                8,            ,  39.03,    210048,      0.45,      6.42,        3.43,               4,                  5
  923,             ,        10000,         125,               ,                8,            ,  38.52,    210048,      0.75,      6.45,        3.60,               4,                  5
  924,             ,        10000,         125,               ,                8,            ,  38.64,    210048,      0.35,      6.44,        3.40,               4,                  5
  925,             ,        10000,         125,               ,                8,            ,  38.45,    210048,      0.37,      6.45,        3.41,               4,                  5
  926,             ,        10000,         125,               ,                8,            ,  38.36,    210048,      0.35,      6.44,        3.40,               4,                  4
  927,             ,        10000,         125,               ,                8,            ,  38.21,    210048,      0.37,      6.45,        3.41,               4,                  5
  928,             ,        10000,         125,               ,                8,            ,  38.21,    210048,      0.35,      6.44,        3.40,               4,                  5
  929,             ,        10449,         125,               ,                8,            ,  37.94,    210048,      0.37,      7.87,        4.12,               4,                  5
  930,             ,         9552,         125,               ,               10,            ,  37.88,    210048,      0.35,      6.44,        3.40,               4,                  5
  931,             ,         9999,         125,               ,                8,            ,  37.76,    210048,      0.37,      6.45,        3.41,               4,                  5
  932,             ,        10000,         125,               ,                8,            ,  37.55,    210048,      0.45,      6.42,        3.43,               4,                  5
  933,             ,        10000,         125,               ,                8,            ,  37.55,    210048,      0.75,      6.45,        3.60,               4,                  5
  934,             ,        10000,         125,               ,                8,            ,  37.55,    210048,      0.35,      6.44,        3.40,               4,                  5
  935,             ,        10000,         125,               ,                8,            ,  37.55,    210048,      0.37,      6.45,        3.41,               4,                  5
  936,             ,        10000,         125,               ,                8,            ,  37.27,    210048,      0.35,      6.44,        3.40,               4,                  5
  937,             ,        10000,         125,               ,                8,            ,  37.36,    210048,      0.37,      6.45,        3.41,               4,                  4
  938,             ,        10000,         125,               ,                8,            ,  37.12,    210048,      0.35,      7.86,        4.10,               4,                  5
  939,             ,        10000,         125,               ,                8,            ,  36.76,    210048,      0.37,      6.45,        3.41,               4,                  4
  940,             ,        10449,         125,               ,                8,            ,  36.70,    210048,      0.35,      6.44,        3.40,               4,                  5
  941,             ,         9552,         125,               ,               10,            ,  36.82,    210048,      0.37,      6.45,        3.41,               4,                  5
  942,             ,         9999,         125,               ,                8,            ,  36.42,    210048,      0.45,      6.42,        3.43,               4,                  5
  943,             ,        10000,         125,               ,                8,            ,  36.36,    210048,      0.75,      6.45,        3.60,               4,                  5
  944,             ,        10000,         125,               ,                8,            ,  36.39,    210048,      0.35,      6.44,        3.40,               4,                  5
  945,             ,        10000,         125,               ,                8,            ,  36.30,    210048,      0.37,      6.45,        3.41,               4,                  5
  946,             ,        10000,         125,               ,                8,            ,  36.12,    210048,      0.35,      6.44,        3.40,               4,                  5
  947,             ,        10000,         125,               ,                8,            ,  36.12,    210048,      0.37,      7.87,        4.12,               4,                  5
  948,             ,        10000,         125,               ,                8,            ,  36.12,    210048,      0.35,      6.44,        3.40,               4,                  4
  949,             ,        10000,         125,               ,                8,            ,  35.97,    210048,      0.37,      6.45,        3.41,               4,                  5
  950,             ,        10000,            ,               ,                8,            ,  35.97,          ,      0.35,      6.44,        3.40,                ,                   
  951,             ,        10449,            ,               ,                8,            ,  35.97,          ,      0.37,      6.45,        3.41,                ,                   
  952,             ,         9552,            ,               ,               10,            ,  35.97,          ,      0.45,      6.42,        3.43,                ,                   
  953,             ,         9999,            ,               ,                8,            ,  35.97,          ,      0.75,      6.45,        3.60,                ,                   
  954,             ,        10000,            ,               ,                8,            ,  35.97,          ,      0.35,      6.44,        3.40,                ,                   
  955,             ,        10000,            ,               ,                8,            ,  35.97,          ,      0.37,      6.45,        3.41,                ,                   
  956,             ,        10000,            ,               ,                8,            ,  35.97,          ,      0.35,      7.86,        4.10,                ,                   
  957,             ,        10000,            ,               ,                8,            ,  35.97,          ,      0.37,      6.45,        3.41,                ,                   
  958,             ,        10000,            ,               ,                8,            ,  35.97,          ,      0.35,      6.44,        3.40,                ,                   
  959,             ,        10000,            ,               ,                8,            ,  35.97,          ,      0.37,      6.45,        3.41,                ,                   
  960,             ,        10000,            ,               ,                8,            ,  35.97,          ,      0.35,      6.44,        3.40,                ,                   
  961,             ,        10000,            ,               ,                8,            ,  35.97,          ,      0.37,      6.45,        3.41,                ,                   
  962,             ,        10449,            ,               ,                8,            ,  35.97,          ,      0.45,      6.42,        3.43,                ,                   
  963,             ,         9552,            ,               ,               10,            ,  35.97,          ,      0.75,      6.45,        3.60,                ,                   
  964,             ,         9999,            ,               ,                8,            ,  35.97,          ,      0.35,      6.44,        3.40,                ,                   
  965,             ,        10000,            ,               ,                8,            ,  35.97,          ,      0.37,      7.87,        4.12,                ,                   
  966,             ,        10000,            ,               ,                8,            ,  35.97,          ,      0.35,      6.44,        3.40,                ,                   
  967,             ,        10000,            ,               ,                8,            ,  35.97,          ,      0.37,      6.45,        3.41,                ,                   
  968,             ,        10000,            ,               ,                8,            ,  35.97,          ,      0.35,      6.44,        3.40,                ,                   
  969,             ,        10000,            ,               ,                8,            ,  35.97,          ,      0.37,      6.45,        3.41,                ,                   
  970,             ,        10000,            ,               ,                8,            ,  35.97,          ,      0.35,      6.44,        3.40,                ,                   
  971,             ,        10000,            ,               ,                8,            ,  35.97,          ,      0.37,      6.45,        3.41,                ,                   
  972,             ,        10000,            ,               ,                8,            ,  35.97,          ,      0.45,      6.42,        3.43,                ,                   
  973,             ,        10449,            ,               ,                8,            ,  35.97,          ,      0.75,      6.45,        3.60,                ,                   
  974,             ,         9552,            ,               ,               10,            ,  35.97,          ,      0.35,      7.86,        4.10,                ,                   
  975,             ,         9999,            ,               ,                8,            ,  35.97,          ,      0.37,      6.45,        3.41,                ,                   
  976,             ,        10000,            ,               ,                8,            ,  35.97,          ,      0.35,      6.44,        3.40,                ,                   
  977,             ,        10000,            ,               ,                8,            ,  35.97,          ,      0.37,      6.45,        3.41,                ,                   
  978,             ,        10000,            ,               ,                8,            ,  35.97,          ,      0.35,      6.44,        3.40,                ,                   
  979,             ,        10000,            ,               ,                8,            ,  35.97,          ,      0.37,      6.45,        3.41,                ,                   
  980,             ,        10000,            ,               ,                8,            ,  35.97,          ,      0.35,      6.44,        3.40,                ,                   
  981,             ,        10000,            ,               ,                8,            ,  35.97,          ,      0.37,      6.45,        3.41,                ,                   
  982,             ,        10000,            ,               ,                8,            ,  35.97,          ,      0.45,      6.42,        3.43,                ,                   
  983,             ,        10000,            ,               ,                8,            ,  35.97,          ,      2.12,      7.76,        4.94,                ,                   
  984,             ,        10449,            ,               ,                8,            ,  35.97,          ,      0.00,      6.53,        3.26,                ,                   
  985,             ,         9552,            ,               ,               10,            ,  35.97,          ,      0.37,      6.45,        3.41,                ,                   
  986,             ,         9999,            ,               ,                8,            ,  35.97,          ,      0.35,      6.44,        3.40,                ,                   
  987,             ,        10000,            ,               ,                8,            ,  35.97,          ,      0.37,      6.45,        3.41,                ,                   
  988,             ,        10000,            ,               ,                8,            ,  35.97,          ,      0.35,      6.44,        3.40,                ,                   
  989,             ,        10000,            ,               ,                8,            ,  35.97,          ,      0.37,      6.45,        3.41,                ,                   
  990,             ,        10000,            ,               ,                8,            ,  35.97,          ,      0.35,      6.44,        3.40,                ,                   
  991,             ,        10000,            ,               ,                8,            ,  35.97,          ,      0.37,      6.45,        3.41,                ,                   
  992,             ,        10000,            ,               ,                8,            ,  35.97,          ,      0.45,      6.43,        3.44,                ,                   
  993,             ,        10000,            ,               ,                8,            ,  35.97,          ,      0.74,      7.86,        4.30,                ,                   
  994,             ,        10000,            ,               ,                8,            ,  35.97,          ,      0.35,      6.44,        3.40,                ,                   
  995,             ,        10449,            ,               ,                8,            ,  35.97,          ,      0.37,      6.45,        3.41,                ,                   
  996,             ,         9552,            ,               ,               10,            ,  35.97,          ,      0.35,      6.44,        3.40,                ,                   
  997,             ,         9999,            ,               ,                8,            ,  35.97,          ,      0.37,      6.45,        3.41,                ,                   
  998,             ,        10000,            ,               ,                8,            ,  35.97,          ,      0.35,      6.44,        3.40,                ,                   
  999,             ,        10000,            ,               ,                8,            ,  35.97,          ,      0.37,      6.45,        3.41,                ,                   
