method,iteration,write_cycles,read_cycles,round_trip_cycles,free_heap
native_to_wasm,0,299190,213901,517026,42236
native_to_wasm,1,207324,207467,414912,42236
native_to_wasm,2,207882,208665,416668,42236
native_to_wasm,3,207338,207973,415432,42236
native_to_wasm,4,207459,207463,415043,42236
native_to_wasm,5,208273,207591,415985,42236
native_to_wasm,6,207329,207463,414913,42236
native_to_wasm,7,207850,207702,415673,42236
native_to_wasm,8,207338,207977,415436,42236
native_to_wasm,9,207449,207467,415037,42236
native_to_wasm,10,207334,207529,414984,42236
native_to_wasm,11,207335,207455,414911,42236
native_to_wasm,12,207856,207553,415530,42236
native_to_wasm,13,207328,207983,415432,42236
native_to_wasm,14,207426,207468,415015,42236
native_to_wasm,15,207332,207539,414992,42236
native_to_wasm,16,207334,207463,414918,42236
native_to_wasm,17,207848,207542,415511,42236
native_to_wasm,18,207332,207981,415434,42236
native_to_wasm,19,207426,207470,415017,42236
native_to_wasm,20,207330,209126,416577,42236
native_to_wasm,21,207329,207471,414921,42236
native_to_wasm,22,207871,207541,415533,42236
native_to_wasm,23,207328,208443,415892,42236
native_to_wasm,24,207426,207459,415006,42236
native_to_wasm,25,207336,209737,417194,42236
native_to_wasm,26,207345,207469,414935,42236
native_to_wasm,27,207848,207546,415515,42236
native_to_wasm,28,207326,208622,416069,42236
native_to_wasm,29,207462,207482,415065,42236
native_to_wasm,30,207333,208137,415591,42236
native_to_wasm,31,208325,207485,415931,42236
native_to_wasm,32,207847,207546,415514,42236
native_to_wasm,33,207326,208626,416073,42236
native_to_wasm,34,207454,207465,415040,42236
native_to_wasm,35,207332,207981,415434,42236
native_to_wasm,36,208819,207470,416410,42236
native_to_wasm,37,207846,207546,415513,42236
native_to_wasm,38,207328,207463,414912,42236
native_to_wasm,39,208562,207461,416144,42236
native_to_wasm,40,207332,207983,415436,42236
native_to_wasm,41,207480,207483,415084,42236
native_to_wasm,42,207847,207546,415514,42236
native_to_wasm,43,207326,207473,414920,42236
native_to_wasm,44,207413,207463,414997,42236
native_to_wasm,45,207332,207981,415434,42236
native_to_wasm,46,207413,207463,414997,42236
native_to_wasm,47,207844,207591,415556,42236
native_to_wasm,48,207329,207463,414913,42236
native_to_wasm,49,208347,207462,415930,42236
native_to_wasm,50,207331,207979,415431,42236
native_to_wasm,51,207449,207471,415041,42236
native_to_wasm,52,207871,207541,415533,42236
native_to_wasm,53,207328,207465,414914,42236
native_to_wasm,54,209319,207462,416902,42236
native_to_wasm,55,207340,207986,415447,42236
native_to_wasm,56,207411,207463,414995,42236
native_to_wasm,57,208272,207545,415938,42236
native_to_wasm,58,207326,207465,414912,42236
native_to_wasm,59,209575,207465,417161,42236
native_to_wasm,60,207329,207977,415427,42236
native_to_wasm,61,207457,207463,415041,42236
native_to_wasm,62,208279,207551,415951,42236
native_to_wasm,63,207328,207469,414918,42236
native_to_wasm,64,208086,208604,416811,42236
native_to_wasm,65,207329,207981,415431,42236
native_to_wasm,66,207426,207470,415017,42236
native_to_wasm,67,208271,207557,415949,42236
native_to_wasm,68,207326,207467,414914,42236
native_to_wasm,69,207844,209139,417104,42236
native_to_wasm,70,207336,207979,415436,42236
native_to_wasm,71,207457,207463,415041,42236
native_to_wasm,72,208440,207554,416115,42236
native_to_wasm,73,207324,207467,414912,42236
native_to_wasm,74,207844,207805,415770,42236
native_to_wasm,75,207336,207979,415436,42236
native_to_wasm,76,207426,207461,415008,42236
native_to_wasm,77,207328,208489,415938,42236
native_to_wasm,78,207328,207469,414918,42236
native_to_wasm,79,207842,207591,415554,42236
native_to_wasm,80,207331,208004,415456,42236
native_to_wasm,81,207410,207461,414992,42236
native_to_wasm,82,207334,207518,414973,42236
native_to_wasm,83,207331,207465,414917,42236
native_to_wasm,84,207846,207577,415544,42236
native_to_wasm,85,207328,207983,415432,42236
native_to_wasm,86,207428,207468,415017,42236
native_to_wasm,87,207332,208477,415930,42236
native_to_wasm,88,207327,207463,414911,42236
native_to_wasm,89,207854,207549,415524,42236
native_to_wasm,90,207330,208438,415889,42236
native_to_wasm,91,207460,207484,415065,42236
native_to_wasm,92,207333,209622,417076,42236
native_to_wasm,93,207324,207469,414914,42236
native_to_wasm,94,207858,207553,415532,42236
native_to_wasm,95,207328,208405,415854,42236
native_to_wasm,96,207408,207463,414992,42236
native_to_wasm,97,207328,208212,415661,42236
native_to_wasm,98,208579,207470,416170,42236
native_to_wasm,99,207846,207544,415511,42236
native_to_wasm,100,207336,208413,415870,42236
native_to_wasm,101,207426,207470,415017,42236
native_to_wasm,102,207330,207981,415432,42236
native_to_wasm,103,208991,207469,416581,42236
native_to_wasm,104,207854,207553,415528,42236
native_to_wasm,105,207328,208575,416024,42236
native_to_wasm,106,207428,207459,415008,42236
native_to_wasm,107,207328,207983,415432,42236
native_to_wasm,108,207640,207462,415223,42236
native_to_wasm,109,207850,207546,415517,42236
native_to_wasm,110,207324,207469,414914,42236
native_to_wasm,111,208449,207463,416033,42236
native_to_wasm,112,207321,207991,415433,42236
native_to_wasm,113,207416,207463,415000,42236
native_to_wasm,114,207848,207591,415560,42236
native_to_wasm,115,207350,207462,414933,42236
native_to_wasm,116,207412,207463,414996,42236
native_to_wasm,117,207328,207983,415432,42236
native_to_wasm,118,207409,207467,414997,42236
native_to_wasm,119,207850,207553,415524,42236
native_to_wasm,120,207326,207465,414912,42236
native_to_wasm,121,208503,207482,416106,42236
native_to_wasm,122,207324,207983,415428,42236
native_to_wasm,123,207414,207467,415002,42236
native_to_wasm,124,208278,207545,415944,42236
native_to_wasm,125,207324,207467,414912,42236
native_to_wasm,126,209018,207468,416607,42236
native_to_wasm,127,207325,207983,415429,42236
native_to_wasm,128,207455,207463,415039,42236
native_to_wasm,129,208483,207577,416181,42236
native_to_wasm,130,207326,207465,414912,42236
native_to_wasm,131,208038,208980,417139,42236
native_to_wasm,132,207327,207973,415421,42236
native_to_wasm,133,207408,207461,414990,42236
native_to_wasm,134,208233,207568,415922,42236
native_to_wasm,135,207333,207463,414917,42236
native_to_wasm,136,207850,209130,417101,42236
native_to_wasm,137,207332,207979,415432,42236
native_to_wasm,138,207455,207463,415039,42236
native_to_wasm,139,208275,207577,415973,42236
native_to_wasm,140,207328,207465,414914,42236
native_to_wasm,141,207854,207749,415724,42236
native_to_wasm,142,207350,207980,415451,42236
native_to_wasm,143,207413,207461,414995,42236
native_to_wasm,144,207332,207518,414971,42236
native_to_wasm,145,207331,207461,414913,42236
native_to_wasm,146,207854,207551,415526,42236
native_to_wasm,147,207328,207987,415436,42236
native_to_wasm,148,207412,207473,415006,42236
native_to_wasm,149,207324,207526,414971,42236
native_to_wasm,150,207321,207467,414909,42236
native_to_wasm,151,207854,207551,415526,42236
native_to_wasm,152,207332,207979,415432,42236
native_to_wasm,153,207455,207463,415039,42236
native_to_wasm,154,207332,209036,416489,42236
native_to_wasm,155,207348,207472,414941,42236
native_to_wasm,156,207871,207541,415533,42236
native_to_wasm,157,207328,208443,415892,42236
native_to_wasm,158,207426,207459,415006,42236
native_to_wasm,159,207336,209737,417194,42236
native_to_wasm,160,207345,207469,414935,42236
native_to_wasm,161,207848,207546,415515,42236
native_to_wasm,162,207326,208622,416069,42236
native_to_wasm,163,207462,207482,415065,42236
native_to_wasm,164,207333,208137,415591,42236
native_to_wasm,165,208325,207485,415931,42236
native_to_wasm,166,207847,207546,415514,42236
native_to_wasm,167,207326,208626,416073,42236
native_to_wasm,168,207454,207465,415040,42236
native_to_wasm,169,207332,207981,415434,42236
native_to_wasm,170,208819,207470,416410,42236
native_to_wasm,171,207846,207546,415513,42236
native_to_wasm,172,207328,207463,414912,42236
native_to_wasm,173,208562,207461,416144,42236
native_to_wasm,174,207332,207983,415436,42236
native_to_wasm,175,207480,207483,415084,42236
native_to_wasm,176,207847,207546,415514,42236
native_to_wasm,177,207326,207473,414920,42236
native_to_wasm,178,207413,207463,414997,42236
native_to_wasm,179,207332,207981,415434,42236
native_to_wasm,180,207413,207463,414997,42236
native_to_wasm,181,207844,207591,415556,42236
native_to_wasm,182,207329,207463,414913,42236
native_to_wasm,183,208347,207462,415930,42236
native_to_wasm,184,207331,207979,415431,42236
native_to_wasm,185,207449,207471,415041,42236
native_to_wasm,186,207871,207541,415533,42236
native_to_wasm,187,207328,207465,414914,42236
native_to_wasm,188,209319,207462,416902,42236
native_to_wasm,189,207340,207986,415447,42236
native_to_wasm,190,207411,207463,414995,42236
native_to_wasm,191,208272,207545,415938,42236
native_to_wasm,192,207326,207465,414912,42236
native_to_wasm,193,209575,207465,417161,42236
native_to_wasm,194,207329,207977,415427,42236
native_to_wasm,195,207457,207463,415041,42236
native_to_wasm,196,208279,207551,415951,42236
native_to_wasm,197,207328,207469,414918,42236
native_to_wasm,198,208086,208604,416811,42236
native_to_wasm,199,207329,207981,415431,42236
native_to_wasm,200,207426,207470,415017,42236
native_to_wasm,201,208271,207557,415949,42236
native_to_wasm,202,207326,207467,414914,42236
native_to_wasm,203,207844,209139,417104,42236
native_to_wasm,204,207336,207979,415436,42236
native_to_wasm,205,207457,207463,415041,42236
native_to_wasm,206,208440,207554,416115,42236
native_to_wasm,207,207324,207467,414912,42236
native_to_wasm,208,207844,207805,415770,42236
native_to_wasm,209,207336,207979,415436,42236
native_to_wasm,210,207426,207461,415008,42236
native_to_wasm,211,207328,208489,415938,42236
native_to_wasm,212,207328,207469,414918,42236
native_to_wasm,213,207842,207591,415554,42236
native_to_wasm,214,207331,208004,415456,42236
native_to_wasm,215,207410,207461,414992,42236
native_to_wasm,216,207334,207518,414973,42236
native_to_wasm,217,207331,207465,414917,42236
native_to_wasm,218,207846,207577,415544,42236
native_to_wasm,219,207328,207983,415432,42236
native_to_wasm,220,207428,207468,415017,42236
native_to_wasm,221,207332,208477,415930,42236
native_to_wasm,222,207327,207463,414911,42236
native_to_wasm,223,207854,207549,415524,42236
native_to_wasm,224,207330,208438,415889,42236
native_to_wasm,225,207460,207484,415065,42236
native_to_wasm,226,207333,209622,417076,42236
native_to_wasm,227,207324,207469,414914,42236
native_to_wasm,228,207858,207553,415532,42236
native_to_wasm,229,207328,208405,415854,42236
native_to_wasm,230,207408,207463,414992,42236
native_to_wasm,231,207328,208212,415661,42236
native_to_wasm,232,208579,207470,416170,42236
native_to_wasm,233,207846,207544,415511,42236
native_to_wasm,234,207336,208413,415870,42236
native_to_wasm,235,207426,207470,415017,42236
native_to_wasm,236,207330,207981,415432,42236
native_to_wasm,237,208991,207469,416581,42236
native_to_wasm,238,207854,207553,415528,42236
native_to_wasm,239,207328,208575,416024,42236
native_to_wasm,240,207428,207459,415008,42236
native_to_wasm,241,207328,207983,415432,42236
native_to_wasm,242,207640,207462,415223,42236
native_to_wasm,243,207850,207546,415517,42236
native_to_wasm,244,207324,207469,414914,42236
native_to_wasm,245,208449,207463,416033,42236
native_to_wasm,246,207321,207991,415433,42236
native_to_wasm,247,207416,207463,415000,42236
native_to_wasm,248,207848,207591,415560,42236
native_to_wasm,249,207350,207462,414933,42236
native_to_wasm,250,207412,207463,414996,42236
native_to_wasm,251,207328,207983,415432,42236
native_to_wasm,252,207409,207467,414997,42236
native_to_wasm,253,207850,207553,415524,42236
native_to_wasm,254,207326,207465,414912,42236
native_to_wasm,255,208503,207482,416106,42236
native_to_wasm,256,207324,207983,415428,42236
native_to_wasm,257,207414,207467,415002,42236
native_to_wasm,258,208278,207545,415944,42236
native_to_wasm,259,207324,207467,414912,42236
native_to_wasm,260,209018,207468,416607,42236
native_to_wasm,261,207325,207983,415429,42236
native_to_wasm,262,207455,207463,415039,42236
native_to_wasm,263,208483,207577,416181,42236
native_to_wasm,264,207326,207465,414912,42236
native_to_wasm,265,208038,208980,417139,42236
native_to_wasm,266,207327,207973,415421,42236
native_to_wasm,267,207408,207461,414990,42236
native_to_wasm,268,208233,207568,415922,42236
native_to_wasm,269,207333,207463,414917,42236
native_to_wasm,270,207850,209130,417101,42236
native_to_wasm,271,207332,207979,415432,42236
native_to_wasm,272,207455,207463,415039,42236
native_to_wasm,273,208275,207577,415973,42236
native_to_wasm,274,207328,207465,414914,42236
native_to_wasm,275,207854,207749,415724,42236
native_to_wasm,276,207350,207980,415451,42236
native_to_wasm,277,207413,207461,414995,42236
native_to_wasm,278,207332,207518,414971,42236
native_to_wasm,279,207331,207461,414913,42236
native_to_wasm,280,207854,207551,415526,42236
native_to_wasm,281,207328,207987,415436,42236
native_to_wasm,282,207412,207473,415006,42236
native_to_wasm,283,207324,207526,414971,42236
native_to_wasm,284,207321,207467,414909,42236
native_to_wasm,285,207854,207551,415526,42236
native_to_wasm,286,207332,207979,415432,42236
native_to_wasm,287,207455,207463,415039,42236
native_to_wasm,288,207332,209036,416489,42236
native_to_wasm,289,207348,207472,414941,42236
native_to_wasm,290,207871,207541,415533,42236
native_to_wasm,291,207328,208443,415892,42236
native_to_wasm,292,207426,207459,415006,42236
native_to_wasm,293,207336,209737,417194,42236
native_to_wasm,294,207345,207469,414935,42236
native_to_wasm,295,207848,207546,415515,42236
native_to_wasm,296,207326,208622,416069,42236
native_to_wasm,297,207462,207482,415065,42236
native_to_wasm,298,207333,208137,415591,42236
native_to_wasm,299,208325,207485,415931,42236
native_to_wasm,300,207847,207546,415514,42236
native_to_wasm,301,207326,208626,416073,42236
native_to_wasm,302,207454,207465,415040,42236
native_to_wasm,303,207332,207981,415434,42236
native_to_wasm,304,208819,207470,416410,42236
native_to_wasm,305,207846,207546,415513,42236
native_to_wasm,306,207328,207463,414912,42236
native_to_wasm,307,208562,207461,416144,42236
native_to_wasm,308,207332,207983,415436,42236
native_to_wasm,309,207480,207483,415084,42236
native_to_wasm,310,207847,207546,415514,42236
native_to_wasm,311,207326,207473,414920,42236
native_to_wasm,312,207413,207463,414997,42236
native_to_wasm,313,207332,207981,415434,42236
native_to_wasm,314,207413,207463,414997,42236
native_to_wasm,315,207844,207591,415556,42236
native_to_wasm,316,207329,207463,414913,42236
native_to_wasm,317,208347,207462,415930,42236
native_to_wasm,318,207331,207979,415431,42236
native_to_wasm,319,207449,207471,415041,42236
native_to_wasm,320,207871,207541,415533,42236
native_to_wasm,321,207328,207465,414914,42236
native_to_wasm,322,209319,207462,416902,42236
native_to_wasm,323,207340,207986,415447,42236
native_to_wasm,324,207411,207463,414995,42236
native_to_wasm,325,208272,207545,415938,42236
native_to_wasm,326,207326,207465,414912,42236
native_to_wasm,327,209575,207465,417161,42236
native_to_wasm,328,207329,207977,415427,42236
native_to_wasm,329,207457,207463,415041,42236
native_to_wasm,330,208279,207551,415951,42236
native_to_wasm,331,207328,207469,414918,42236
native_to_wasm,332,208086,208604,416811,42236
native_to_wasm,333,207329,207981,415431,42236
native_to_wasm,334,207426,207470,415017,42236
native_to_wasm,335,208271,207557,415949,42236
native_to_wasm,336,207326,207467,414914,42236
native_to_wasm,337,207844,209139,417104,42236
native_to_wasm,338,207336,207979,415436,42236
native_to_wasm,339,207457,207463,415041,42236
native_to_wasm,340,208440,207554,416115,42236
native_to_wasm,341,207324,207467,414912,42236
native_to_wasm,342,207844,207805,415770,42236
native_to_wasm,343,207336,207979,415436,42236
native_to_wasm,344,207426,207461,415008,42236
native_to_wasm,345,207328,208489,415938,42236
native_to_wasm,346,207328,207469,414918,42236
native_to_wasm,347,207842,207591,415554,42236
native_to_wasm,348,207331,208004,415456,42236
native_to_wasm,349,207410,207461,414992,42236
native_to_wasm,350,207334,207518,414973,42236
native_to_wasm,351,207331,207465,414917,42236
native_to_wasm,352,207846,207577,415544,42236
native_to_wasm,353,207328,207983,415432,42236
native_to_wasm,354,207428,207468,415017,42236
native_to_wasm,355,207332,208477,415930,42236
native_to_wasm,356,207327,207463,414911,42236
native_to_wasm,357,207854,207549,415524,42236
native_to_wasm,358,207330,208438,415889,42236
native_to_wasm,359,207460,207484,415065,42236
native_to_wasm,360,207333,209622,417076,42236
native_to_wasm,361,207324,207469,414914,42236
native_to_wasm,362,207858,207553,415532,42236
native_to_wasm,363,207328,208405,415854,42236
native_to_wasm,364,207408,207463,414992,42236
native_to_wasm,365,207328,208212,415661,42236
native_to_wasm,366,208579,207470,416170,42236
native_to_wasm,367,207846,207544,415511,42236
native_to_wasm,368,207336,208413,415870,42236
native_to_wasm,369,207426,207470,415017,42236
native_to_wasm,370,207330,207981,415432,42236
native_to_wasm,371,208991,207469,416581,42236
native_to_wasm,372,207854,207553,415528,42236
native_to_wasm,373,207328,208575,416024,42236
native_to_wasm,374,207428,207459,415008,42236
native_to_wasm,375,207328,207983,415432,42236
native_to_wasm,376,207640,207462,415223,42236
native_to_wasm,377,207850,207546,415517,42236
native_to_wasm,378,207324,207469,414914,42236
native_to_wasm,379,208449,207463,416033,42236
native_to_wasm,380,207321,207991,415433,42236
native_to_wasm,381,207416,207463,415000,42236
native_to_wasm,382,207848,207591,415560,42236
native_to_wasm,383,207350,207462,414933,42236
native_to_wasm,384,207412,207463,414996,42236
native_to_wasm,385,207328,207983,415432,42236
native_to_wasm,386,207409,207467,414997,42236
native_to_wasm,387,207850,207553,415524,42236
native_to_wasm,388,207326,207465,414912,42236
native_to_wasm,389,208503,207482,416106,42236
native_to_wasm,390,207324,207983,415428,42236
native_to_wasm,391,207414,207467,415002,42236
native_to_wasm,392,208278,207545,415944,42236
native_to_wasm,393,207324,207467,414912,42236
native_to_wasm,394,209018,207468,416607,42236
native_to_wasm,395,207325,207983,415429,42236
native_to_wasm,396,207455,207463,415039,42236
native_to_wasm,397,208483,207577,416181,42236
native_to_wasm,398,207326,207465,414912,42236
native_to_wasm,399,208038,208980,417139,42236
native_to_wasm,400,207327,207973,415421,42236
native_to_wasm,401,207408,207461,414990,42236
native_to_wasm,402,208233,207568,415922,42236
native_to_wasm,403,207333,207463,414917,42236
native_to_wasm,404,207850,209130,417101,42236
native_to_wasm,405,207332,207979,415432,42236
native_to_wasm,406,207455,207463,415039,42236
native_to_wasm,407,208275,207577,415973,42236
native_to_wasm,408,207328,207465,414914,42236
native_to_wasm,409,207854,207749,415724,42236
native_to_wasm,410,207350,207980,415451,42236
native_to_wasm,411,207413,207461,414995,42236
native_to_wasm,412,207332,207518,414971,42236
native_to_wasm,413,207331,207461,414913,42236
native_to_wasm,414,207854,207551,415526,42236
native_to_wasm,415,207328,207987,415436,42236
native_to_wasm,416,207412,207473,415006,42236
native_to_wasm,417,207324,207526,414971,42236
native_to_wasm,418,207321,207467,414909,42236
native_to_wasm,419,207854,207551,415526,42236
native_to_wasm,420,207332,207979,415432,42236
native_to_wasm,421,207455,207463,415039,42236
native_to_wasm,422,207332,209036,416489,42236
native_to_wasm,423,207348,207472,414941,42236
native_to_wasm,424,207871,207541,415533,42236
native_to_wasm,425,207328,208443,415892,42236
native_to_wasm,426,207426,207459,415006,42236
native_to_wasm,427,207336,209737,417194,42236
native_to_wasm,428,207345,207469,414935,42236
native_to_wasm,429,207848,207546,415515,42236
native_to_wasm,430,207326,208622,416069,42236
native_to_wasm,431,207462,207482,415065,42236
native_to_wasm,432,207333,208137,415591,42236
native_to_wasm,433,208325,207485,415931,42236
native_to_wasm,434,207847,207546,415514,42236
native_to_wasm,435,207326,208626,416073,42236
native_to_wasm,436,207454,207465,415040,42236
native_to_wasm,437,207332,207981,415434,42236
native_to_wasm,438,208819,207470,416410,42236
native_to_wasm,439,207846,207546,415513,42236
native_to_wasm,440,207328,207463,414912,42236
native_to_wasm,441,208562,207461,416144,42236
native_to_wasm,442,207332,207983,415436,42236
native_to_wasm,443,207480,207483,415084,42236
native_to_wasm,444,207847,207546,415514,42236
native_to_wasm,445,207326,207473,414920,42236
native_to_wasm,446,207413,207463,414997,42236
native_to_wasm,447,207332,207981,415434,42236
native_to_wasm,448,207413,207463,414997,42236
native_to_wasm,449,207844,207591,415556,42236
native_to_wasm,450,207329,207463,414913,42236
native_to_wasm,451,208347,207462,415930,42236
native_to_wasm,452,207331,207979,415431,42236
native_to_wasm,453,207449,207471,415041,42236
native_to_wasm,454,207871,207541,415533,42236
native_to_wasm,455,207328,207465,414914,42236
native_to_wasm,456,209319,207462,416902,42236
native_to_wasm,457,207340,207986,415447,42236
native_to_wasm,458,207411,207463,414995,42236
native_to_wasm,459,208272,207545,415938,42236
native_to_wasm,460,207326,207465,414912,42236
native_to_wasm,461,209575,207465,417161,42236
native_to_wasm,462,207329,207977,415427,42236
native_to_wasm,463,207457,207463,415041,42236
native_to_wasm,464,208279,207551,415951,42236
native_to_wasm,465,207328,207469,414918,42236
native_to_wasm,466,208086,208604,416811,42236
native_to_wasm,467,207329,207981,415431,42236
native_to_wasm,468,207426,207470,415017,42236
native_to_wasm,469,208271,207557,415949,42236
native_to_wasm,470,207326,207467,414914,42236
native_to_wasm,471,207844,209139,417104,42236
native_to_wasm,472,207336,207979,415436,42236
native_to_wasm,473,207457,207463,415041,42236
native_to_wasm,474,208440,207554,416115,42236
native_to_wasm,475,207324,207467,414912,42236
native_to_wasm,476,207844,207805,415770,42236
native_to_wasm,477,207336,207979,415436,42236
native_to_wasm,478,207426,207461,415008,42236
native_to_wasm,479,207328,208489,415938,42236
native_to_wasm,480,207328,207469,414918,42236
native_to_wasm,481,207842,207591,415554,42236
native_to_wasm,482,207331,208004,415456,42236
native_to_wasm,483,207410,207461,414992,42236
native_to_wasm,484,207334,207518,414973,42236
native_to_wasm,485,207331,207465,414917,42236
native_to_wasm,486,207846,207577,415544,42236
native_to_wasm,487,207328,207983,415432,42236
native_to_wasm,488,207428,207468,415017,42236
native_to_wasm,489,207332,208477,415930,42236
native_to_wasm,490,207327,207463,414911,42236
native_to_wasm,491,207854,207549,415524,42236
native_to_wasm,492,207330,208438,415889,42236
native_to_wasm,493,207460,207484,415065,42236
native_to_wasm,494,207333,209622,417076,42236
native_to_wasm,495,207324,207469,414914,42236
native_to_wasm,496,207858,207553,415532,42236
native_to_wasm,497,207328,208405,415854,42236
native_to_wasm,498,207408,207463,414992,42236
native_to_wasm,499,207328,208212,415661,42236
native_to_wasm,500,208579,207470,416170,42236
native_to_wasm,501,207846,207544,415511,42236
native_to_wasm,502,207336,208413,415870,42236
native_to_wasm,503,207426,207470,415017,42236
native_to_wasm,504,207330,207981,415432,42236
native_to_wasm,505,208991,207469,416581,42236
native_to_wasm,506,207854,207553,415528,42236
native_to_wasm,507,207328,208575,416024,42236
native_to_wasm,508,207428,207459,415008,42236
native_to_wasm,509,207328,207983,415432,42236
native_to_wasm,510,207640,207462,415223,42236
native_to_wasm,511,207850,207546,415517,42236
native_to_wasm,512,207324,207469,414914,42236
native_to_wasm,513,208449,207463,416033,42236
native_to_wasm,514,207321,207991,415433,42236
native_to_wasm,515,207416,207463,415000,42236
native_to_wasm,516,207848,207591,415560,42236
native_to_wasm,517,207350,207462,414933,42236
native_to_wasm,518,207412,207463,414996,42236
native_to_wasm,519,207328,207983,415432,42236
native_to_wasm,520,207409,207467,414997,42236
native_to_wasm,521,207850,207553,415524,42236
native_to_wasm,522,207326,207465,414912,42236
native_to_wasm,523,208503,207482,416106,42236
native_to_wasm,524,207324,207983,415428,42236
native_to_wasm,525,207414,207467,415002,42236
native_to_wasm,526,208278,207545,415944,42236
native_to_wasm,527,207324,207467,414912,42236
native_to_wasm,528,209018,207468,416607,42236
native_to_wasm,529,207325,207983,415429,42236
native_to_wasm,530,207455,207463,415039,42236
native_to_wasm,531,208483,207577,416181,42236
native_to_wasm,532,207326,207465,414912,42236
native_to_wasm,533,208038,208980,417139,42236
native_to_wasm,534,207327,207973,415421,42236
native_to_wasm,535,207408,207461,414990,42236
native_to_wasm,536,208233,207568,415922,42236
native_to_wasm,537,207333,207463,414917,42236
native_to_wasm,538,207850,209130,417101,42236
native_to_wasm,539,207332,207979,415432,42236
native_to_wasm,540,207455,207463,415039,42236
native_to_wasm,541,208275,207577,415973,42236
native_to_wasm,542,207328,207465,414914,42236
native_to_wasm,543,207854,207749,415724,42236
native_to_wasm,544,207350,207980,415451,42236
native_to_wasm,545,207413,207461,414995,42236
native_to_wasm,546,207332,207518,414971,42236
native_to_wasm,547,207331,207461,414913,42236
native_to_wasm,548,207854,207551,415526,42236
native_to_wasm,549,207328,207987,415436,42236
native_to_wasm,550,207412,207473,415006,42236
native_to_wasm,551,207324,207526,414971,42236
native_to_wasm,552,207321,207467,414909,42236
native_to_wasm,553,207854,207551,415526,42236
native_to_wasm,554,207332,207979,415432,42236
native_to_wasm,555,207455,207463,415039,42236
native_to_wasm,556,207332,209036,416489,42236
native_to_wasm,557,207348,207472,414941,42236
native_to_wasm,558,207871,207541,415533,42236
native_to_wasm,559,207328,208443,415892,42236
native_to_wasm,560,207426,207459,415006,42236
native_to_wasm,561,207336,209737,417194,42236
native_to_wasm,562,207345,207469,414935,42236
native_to_wasm,563,207848,207546,415515,42236
native_to_wasm,564,207326,208622,416069,42236
native_to_wasm,565,207462,207482,415065,42236
native_to_wasm,566,207333,208137,415591,42236
native_to_wasm,567,208325,207485,415931,42236
native_to_wasm,568,207847,207546,415514,42236
native_to_wasm,569,207326,208626,416073,42236
native_to_wasm,570,207454,207465,415040,42236
native_to_wasm,571,207332,207981,415434,42236
native_to_wasm,572,208819,207470,416410,42236
native_to_wasm,573,207846,207546,415513,42236
native_to_wasm,574,207328,207463,414912,42236
native_to_wasm,575,208562,207461,416144,42236
native_to_wasm,576,207332,207983,415436,42236
native_to_wasm,577,207480,207483,415084,42236
native_to_wasm,578,207847,207546,415514,42236
native_to_wasm,579,207326,207473,414920,42236
native_to_wasm,580,207413,207463,414997,42236
native_to_wasm,581,207332,207981,415434,42236
native_to_wasm,582,207413,207463,414997,42236
native_to_wasm,583,207844,207591,415556,42236
native_to_wasm,584,207329,207463,414913,42236
native_to_wasm,585,208347,207462,415930,42236
native_to_wasm,586,207331,207979,415431,42236
native_to_wasm,587,207449,207471,415041,42236
native_to_wasm,588,207871,207541,415533,42236
native_to_wasm,589,207328,207465,414914,42236
native_to_wasm,590,209319,207462,416902,42236
native_to_wasm,591,207340,207986,415447,42236
native_to_wasm,592,207411,207463,414995,42236
native_to_wasm,593,208272,207545,415938,42236
native_to_wasm,594,207326,207465,414912,42236
native_to_wasm,595,209575,207465,417161,42236
native_to_wasm,596,207329,207977,415427,42236
native_to_wasm,597,207457,207463,415041,42236
native_to_wasm,598,208279,207551,415951,42236
native_to_wasm,599,207328,207469,414918,42236
native_to_wasm,600,208086,208604,416811,42236
native_to_wasm,601,207329,207981,415431,42236
native_to_wasm,602,207426,207470,415017,42236
native_to_wasm,603,208271,207557,415949,42236
native_to_wasm,604,207326,207467,414914,42236
native_to_wasm,605,207844,209139,417104,42236
native_to_wasm,606,207336,207979,415436,42236
native_to_wasm,607,207457,207463,415041,42236
native_to_wasm,608,208440,207554,416115,42236
native_to_wasm,609,207324,207467,414912,42236
native_to_wasm,610,207844,207805,415770,42236
native_to_wasm,611,207336,207979,415436,42236
native_to_wasm,612,207426,207461,415008,42236
native_to_wasm,613,207328,208489,415938,42236
native_to_wasm,614,207328,207469,414918,42236
native_to_wasm,615,207842,207591,415554,42236
native_to_wasm,616,207331,208004,415456,42236
native_to_wasm,617,207410,207461,414992,42236
native_to_wasm,618,207334,207518,414973,42236
native_to_wasm,619,207331,207465,414917,42236
native_to_wasm,620,207846,207577,415544,42236
native_to_wasm,621,207328,207983,415432,42236
native_to_wasm,622,207428,207468,415017,42236
native_to_wasm,623,207332,208477,415930,42236
native_to_wasm,624,207327,207463,414911,42236
native_to_wasm,625,207854,207549,415524,42236
native_to_wasm,626,207330,208438,415889,42236
native_to_wasm,627,207460,207484,415065,42236
native_to_wasm,628,207333,209622,417076,42236
native_to_wasm,629,207324,207469,414914,42236
native_to_wasm,630,207858,207553,415532,42236
native_to_wasm,631,207328,208405,415854,42236
native_to_wasm,632,207408,207463,414992,42236
native_to_wasm,633,207328,208212,415661,42236
native_to_wasm,634,208579,207470,416170,42236
native_to_wasm,635,207846,207544,415511,42236
native_to_wasm,636,207336,208413,415870,42236
native_to_wasm,637,207426,207470,415017,42236
native_to_wasm,638,207330,207981,415432,42236
native_to_wasm,639,208991,207469,416581,42236
native_to_wasm,640,207854,207553,415528,42236
native_to_wasm,641,207328,208575,416024,42236
native_to_wasm,642,207428,207459,415008,42236
native_to_wasm,643,207328,207983,415432,42236
native_to_wasm,644,207640,207462,415223,42236
native_to_wasm,645,207850,207546,415517,42236
native_to_wasm,646,207324,207469,414914,42236
native_to_wasm,647,208449,207463,416033,42236
native_to_wasm,648,207321,207991,415433,42236
native_to_wasm,649,207416,207463,415000,42236
native_to_wasm,650,207848,207591,415560,42236
native_to_wasm,651,207350,207462,414933,42236
native_to_wasm,652,207412,207463,414996,42236
native_to_wasm,653,207328,207983,415432,42236
native_to_wasm,654,207409,207467,414997,42236
native_to_wasm,655,207850,207553,415524,42236
native_to_wasm,656,207326,207465,414912,42236
native_to_wasm,657,208503,207482,416106,42236
native_to_wasm,658,207324,207983,415428,42236
native_to_wasm,659,207414,207467,415002,42236
native_to_wasm,660,208278,207545,415944,42236
native_to_wasm,661,207324,207467,414912,42236
native_to_wasm,662,209018,207468,416607,42236
native_to_wasm,663,207325,207983,415429,42236
native_to_wasm,664,207455,207463,415039,42236
native_to_wasm,665,208483,207577,416181,42236
native_to_wasm,666,207326,207465,414912,42236
native_to_wasm,667,208038,208980,417139,42236
native_to_wasm,668,207327,207973,415421,42236
native_to_wasm,669,207408,207461,414990,42236
native_to_wasm,670,208233,207568,415922,42236
native_to_wasm,671,207333,207463,414917,42236
native_to_wasm,672,207850,209130,417101,42236
native_to_wasm,673,207332,207979,415432,42236
native_to_wasm,674,207455,207463,415039,42236
native_to_wasm,675,208275,207577,415973,42236
native_to_wasm,676,207328,207465,414914,42236
native_to_wasm,677,207854,207749,415724,42236
native_to_wasm,678,207350,207980,415451,42236
native_to_wasm,679,207413,207461,414995,42236
native_to_wasm,680,207332,207518,414971,42236
native_to_wasm,681,207331,207461,414913,42236
native_to_wasm,682,207854,207551,415526,42236
native_to_wasm,683,207328,207987,415436,42236
native_to_wasm,684,207412,207473,415006,42236
native_to_wasm,685,207324,207526,414971,42236
native_to_wasm,686,207321,207467,414909,42236
native_to_wasm,687,207854,207551,415526,42236
native_to_wasm,688,207332,207979,415432,42236
native_to_wasm,689,207455,207463,415039,42236
native_to_wasm,690,207332,209036,416489,42236
native_to_wasm,691,207348,207472,414941,42236
native_to_wasm,692,207871,207541,415533,42236
native_to_wasm,693,207328,208443,415892,42236
native_to_wasm,694,207426,207459,415006,42236
native_to_wasm,695,207336,209737,417194,42236
native_to_wasm,696,207345,207469,414935,42236
native_to_wasm,697,207848,207546,415515,42236
native_to_wasm,698,207326,208622,416069,42236
native_to_wasm,699,207462,207482,415065,42236
native_to_wasm,700,207333,208137,415591,42236
native_to_wasm,701,208325,207485,415931,42236
native_to_wasm,702,207847,207546,415514,42236
native_to_wasm,703,207326,208626,416073,42236
native_to_wasm,704,207454,207465,415040,42236
native_to_wasm,705,207332,207981,415434,42236
native_to_wasm,706,208819,207470,416410,42236
native_to_wasm,707,207846,207546,415513,42236
native_to_wasm,708,207328,207463,414912,42236
native_to_wasm,709,208562,207461,416144,42236
native_to_wasm,710,207332,207983,415436,42236
native_to_wasm,711,207480,207483,415084,42236
native_to_wasm,712,207847,207546,415514,42236
native_to_wasm,713,207326,207473,414920,42236
native_to_wasm,714,207413,207463,414997,42236
native_to_wasm,715,207332,207981,415434,42236
native_to_wasm,716,207413,207463,414997,42236
native_to_wasm,717,207844,207591,415556,42236
native_to_wasm,718,207329,207463,414913,42236
native_to_wasm,719,208347,207462,415930,42236
native_to_wasm,720,207331,207979,415431,42236
native_to_wasm,721,207449,207471,415041,42236
native_to_wasm,722,207871,207541,415533,42236
native_to_wasm,723,207328,207465,414914,42236
native_to_wasm,724,209319,207462,416902,42236
native_to_wasm,725,207340,207986,415447,42236
native_to_wasm,726,207411,207463,414995,42236
native_to_wasm,727,208272,207545,415938,42236
native_to_wasm,728,207326,207465,414912,42236
native_to_wasm,729,209575,207465,417161,42236
native_to_wasm,730,207329,207977,415427,42236
native_to_wasm,731,207457,207463,415041,42236
native_to_wasm,732,208279,207551,415951,42236
native_to_wasm,733,207328,207469,414918,42236
native_to_wasm,734,208086,208604,416811,42236
native_to_wasm,735,207329,207981,415431,42236
native_to_wasm,736,207426,207470,415017,42236
native_to_wasm,737,208271,207557,415949,42236
native_to_wasm,738,207326,207467,414914,42236
native_to_wasm,739,207844,209139,417104,42236
native_to_wasm,740,207336,207979,415436,42236
native_to_wasm,741,207457,207463,415041,42236
native_to_wasm,742,208440,207554,416115,42236
native_to_wasm,743,207324,207467,414912,42236
native_to_wasm,744,207844,207805,415770,42236
native_to_wasm,745,207336,207979,415436,42236
native_to_wasm,746,207426,207461,415008,42236
native_to_wasm,747,207328,208489,415938,42236
native_to_wasm,748,207328,207469,414918,42236
native_to_wasm,749,207842,207591,415554,42236
native_to_wasm,750,207331,208004,415456,42236
native_to_wasm,751,207410,207461,414992,42236
native_to_wasm,752,207334,207518,414973,42236
native_to_wasm,753,207331,207465,414917,42236
native_to_wasm,754,207846,207577,415544,42236
native_to_wasm,755,207328,207983,415432,42236
native_to_wasm,756,207428,207468,415017,42236
native_to_wasm,757,207332,208477,415930,42236
native_to_wasm,758,207327,207463,414911,42236
native_to_wasm,759,207854,207549,415524,42236
native_to_wasm,760,207330,208438,415889,42236
native_to_wasm,761,207460,207484,415065,42236
native_to_wasm,762,207333,209622,417076,42236
native_to_wasm,763,207324,207469,414914,42236
native_to_wasm,764,207858,207553,415532,42236
native_to_wasm,765,207328,208405,415854,42236
native_to_wasm,766,207408,207463,414992,42236
native_to_wasm,767,207328,208212,415661,42236
native_to_wasm,768,208579,207470,416170,42236
native_to_wasm,769,207846,207544,415511,42236
native_to_wasm,770,207336,208413,415870,42236
native_to_wasm,771,207426,207470,415017,42236
native_to_wasm,772,207330,207981,415432,42236
native_to_wasm,773,208991,207469,416581,42236
native_to_wasm,774,207854,207553,415528,42236
native_to_wasm,775,207328,208575,416024,42236
native_to_wasm,776,207428,207459,415008,42236
native_to_wasm,777,207328,207983,415432,42236
native_to_wasm,778,207640,207462,415223,42236
native_to_wasm,779,207850,207546,415517,42236
native_to_wasm,780,207324,207469,414914,42236
native_to_wasm,781,208449,207463,416033,42236
native_to_wasm,782,207321,207991,415433,42236
native_to_wasm,783,207416,207463,415000,42236
native_to_wasm,784,207848,207591,415560,42236
native_to_wasm,785,207350,207462,414933,42236
native_to_wasm,786,207412,207463,414996,42236
native_to_wasm,787,207328,207983,415432,42236
native_to_wasm,788,207409,207467,414997,42236
native_to_wasm,789,207850,207553,415524,42236
native_to_wasm,790,207326,207465,414912,42236
native_to_wasm,791,208503,207482,416106,42236
native_to_wasm,792,207324,207983,415428,42236
native_to_wasm,793,207414,207467,415002,42236
native_to_wasm,794,208278,207545,415944,42236
native_to_wasm,795,207324,207467,414912,42236
native_to_wasm,796,209018,207468,416607,42236
native_to_wasm,797,207325,207983,415429,42236
native_to_wasm,798,207455,207463,415039,42236
native_to_wasm,799,208483,207577,416181,42236
native_to_wasm,800,207326,207465,414912,42236
native_to_wasm,801,208038,208980,417139,42236
native_to_wasm,802,207327,207973,415421,42236
native_to_wasm,803,207408,207461,414990,42236
native_to_wasm,804,208233,207568,415922,42236
native_to_wasm,805,207333,207463,414917,42236
native_to_wasm,806,207850,209130,417101,42236
native_to_wasm,807,207332,207979,415432,42236
native_to_wasm,808,207455,207463,415039,42236
native_to_wasm,809,208275,207577,415973,42236
native_to_wasm,810,207328,207465,414914,42236
native_to_wasm,811,207854,207749,415724,42236
native_to_wasm,812,207350,207980,415451,42236
native_to_wasm,813,207413,207461,414995,42236
native_to_wasm,814,207332,207518,414971,42236
native_to_wasm,815,207331,207461,414913,42236
native_to_wasm,816,207854,207551,415526,42236
native_to_wasm,817,207328,207987,415436,42236
native_to_wasm,818,207412,207473,415006,42236
native_to_wasm,819,207324,207526,414971,42236
native_to_wasm,820,207321,207467,414909,42236
native_to_wasm,821,207854,207551,415526,42236
native_to_wasm,822,207332,207979,415432,42236
native_to_wasm,823,207455,207463,415039,42236
native_to_wasm,824,207332,209036,416489,42236
native_to_wasm,825,207348,207472,414941,42236
native_to_wasm,826,207871,207541,415533,42236
native_to_wasm,827,207328,208443,415892,42236
native_to_wasm,828,207426,207459,415006,42236
native_to_wasm,829,207336,209737,417194,42236
native_to_wasm,830,207345,207469,414935,42236
native_to_wasm,831,207848,207546,415515,42236
native_to_wasm,832,207326,208622,416069,42236
native_to_wasm,833,207462,207482,415065,42236
native_to_wasm,834,207333,208137,415591,42236
native_to_wasm,835,208325,207485,415931,42236
native_to_wasm,836,207847,207546,415514,42236
native_to_wasm,837,207326,208626,416073,42236
native_to_wasm,838,207454,207465,415040,42236
native_to_wasm,839,207332,207981,415434,42236
native_to_wasm,840,208819,207470,416410,42236
native_to_wasm,841,207846,207546,415513,42236
native_to_wasm,842,207328,207463,414912,42236
native_to_wasm,843,208562,207461,416144,42236
native_to_wasm,844,207332,207983,415436,42236
native_to_wasm,845,207480,207483,415084,42236
native_to_wasm,846,207847,207546,415514,42236
native_to_wasm,847,207326,207473,414920,42236
native_to_wasm,848,207413,207463,414997,42236
native_to_wasm,849,207332,207981,415434,42236
native_to_wasm,850,207413,207463,414997,42236
native_to_wasm,851,207844,207591,415556,42236
native_to_wasm,852,207329,207463,414913,42236
native_to_wasm,853,208347,207462,415930,42236
native_to_wasm,854,207331,207979,415431,42236
native_to_wasm,855,207449,207471,415041,42236
native_to_wasm,856,207871,207541,415533,42236
native_to_wasm,857,207328,207465,414914,42236
native_to_wasm,858,209319,207462,416902,42236
native_to_wasm,859,207340,207986,415447,42236
native_to_wasm,860,207411,207463,414995,42236
native_to_wasm,861,208272,207545,415938,42236
native_to_wasm,862,207326,207465,414912,42236
native_to_wasm,863,209575,207465,417161,42236
native_to_wasm,864,207329,207977,415427,42236
native_to_wasm,865,207457,207463,415041,42236
native_to_wasm,866,208279,207551,415951,42236
native_to_wasm,867,207328,207469,414918,42236
native_to_wasm,868,208086,208604,416811,42236
native_to_wasm,869,207329,207981,415431,42236
native_to_wasm,870,207426,207470,415017,42236
native_to_wasm,871,208271,207557,415949,42236
native_to_wasm,872,207326,207467,414914,42236
native_to_wasm,873,207844,209139,417104,42236
native_to_wasm,874,207336,207979,415436,42236
native_to_wasm,875,207457,207463,415041,42236
native_to_wasm,876,208440,207554,416115,42236
native_to_wasm,877,207324,207467,414912,42236
native_to_wasm,878,207844,207805,415770,42236
native_to_wasm,879,207336,207979,415436,42236
native_to_wasm,880,207426,207461,415008,42236
native_to_wasm,881,207328,208489,415938,42236
native_to_wasm,882,207328,207469,414918,42236
native_to_wasm,883,207842,207591,415554,42236
native_to_wasm,884,207331,208004,415456,42236
native_to_wasm,885,207410,207461,414992,42236
native_to_wasm,886,207334,207518,414973,42236
native_to_wasm,887,207331,207465,414917,42236
native_to_wasm,888,207846,207577,415544,42236
native_to_wasm,889,207328,207983,415432,42236
native_to_wasm,890,207428,207468,415017,42236
native_to_wasm,891,207332,208477,415930,42236
native_to_wasm,892,207327,207463,414911,42236
native_to_wasm,893,207854,207549,415524,42236
native_to_wasm,894,207330,208438,415889,42236
native_to_wasm,895,207460,207484,415065,42236
native_to_wasm,896,207333,209622,417076,42236
native_to_wasm,897,207324,207469,414914,42236
native_to_wasm,898,207858,207553,415532,42236
native_to_wasm,899,207328,208405,415854,42236
native_to_wasm,900,207408,207463,414992,42236
native_to_wasm,901,207328,208212,415661,42236
native_to_wasm,902,208579,207470,416170,42236
native_to_wasm,903,207846,207544,415511,42236
native_to_wasm,904,207336,208413,415870,42236
native_to_wasm,905,207426,207470,415017,42236
native_to_wasm,906,207330,207981,415432,42236
native_to_wasm,907,208991,207469,416581,42236
native_to_wasm,908,207854,207553,415528,42236
native_to_wasm,909,207328,208575,416024,42236
native_to_wasm,910,207428,207459,415008,42236
native_to_wasm,911,207328,207983,415432,42236
native_to_wasm,912,207640,207462,415223,42236
native_to_wasm,913,207850,207546,415517,42236
native_to_wasm,914,207324,207469,414914,42236
native_to_wasm,915,208449,207463,416033,42236
native_to_wasm,916,207321,207991,415433,42236
native_to_wasm,917,207416,207463,415000,42236
native_to_wasm,918,207848,207591,415560,42236
native_to_wasm,919,207350,207462,414933,42236
native_to_wasm,920,207412,207463,414996,42236
native_to_wasm,921,207328,207983,415432,42236
native_to_wasm,922,207409,207467,414997,42236
native_to_wasm,923,207850,207553,415524,42236
native_to_wasm,924,207326,207465,414912,42236
native_to_wasm,925,208503,207482,416106,42236
native_to_wasm,926,207324,207983,415428,42236
native_to_wasm,927,207414,207467,415002,42236
native_to_wasm,928,208278,207545,415944,42236
native_to_wasm,929,207324,207467,414912,42236
native_to_wasm,930,209018,207468,416607,42236
native_to_wasm,931,207325,207983,415429,42236
native_to_wasm,932,207455,207463,415039,42236
native_to_wasm,933,208483,207577,416181,42236
native_to_wasm,934,207326,207465,414912,42236
native_to_wasm,935,208038,208980,417139,42236
native_to_wasm,936,207327,207973,415421,42236
native_to_wasm,937,207408,207461,414990,42236
native_to_wasm,938,208233,207568,415922,42236
native_to_wasm,939,207333,207463,414917,42236
native_to_wasm,940,207850,209130,417101,42236
native_to_wasm,941,207332,207979,415432,42236
native_to_wasm,942,207455,207463,415039,42236
native_to_wasm,943,208275,207577,415973,42236
native_to_wasm,944,207328,207465,414914,42236
native_to_wasm,945,207854,207749,415724,42236
native_to_wasm,946,207350,207980,415451,42236
native_to_wasm,947,207413,207461,414995,42236
native_to_wasm,948,207332,207518,414971,42236
native_to_wasm,949,207331,207461,414913,42236
native_to_wasm,950,207854,207551,415526,42236
native_to_wasm,951,207328,207987,415436,42236
native_to_wasm,952,207412,207473,415006,42236
native_to_wasm,953,207324,207526,414971,42236
native_to_wasm,954,207321,207467,414909,42236
native_to_wasm,955,207854,207551,415526,42236
native_to_wasm,956,207332,207979,415432,42236
native_to_wasm,957,207455,207463,415039,42236
native_to_wasm,958,207332,209036,416489,42236
native_to_wasm,959,207348,207472,414941,42236
native_to_wasm,960,207871,207541,415533,42236
native_to_wasm,961,207328,208443,415892,42236
native_to_wasm,962,207426,207459,415006,42236
native_to_wasm,963,207336,209737,417194,42236
native_to_wasm,964,207345,207469,414935,42236
native_to_wasm,965,207848,207546,415515,42236
native_to_wasm,966,207326,208622,416069,42236
native_to_wasm,967,207462,207482,415065,42236
native_to_wasm,968,207333,208137,415591,42236
native_to_wasm,969,208325,207485,415931,42236
native_to_wasm,970,207847,207546,415514,42236
native_to_wasm,971,207326,208626,416073,42236
native_to_wasm,972,207454,207465,415040,42236
native_to_wasm,973,207332,207981,415434,42236
native_to_wasm,974,208819,207470,416410,42236
native_to_wasm,975,207846,207546,415513,42236
native_to_wasm,976,207328,207463,414912,42236
native_to_wasm,977,208562,207461,416144,42236
native_to_wasm,978,207332,207983,415436,42236
native_to_wasm,979,207480,207483,415084,42236
native_to_wasm,980,207847,207546,415514,42236
native_to_wasm,981,207326,207473,414920,42236
native_to_wasm,982,207413,207463,414997,42236
native_to_wasm,983,207332,207981,415434,42236
native_to_wasm,984,207413,207463,414997,42236
native_to_wasm,985,207844,207591,415556,42236
native_to_wasm,986,207329,207463,414913,42236
native_to_wasm,987,208347,207462,415930,42236
native_to_wasm,988,207331,207979,415431,42236
native_to_wasm,989,207449,207471,415041,42236
native_to_wasm,990,207871,207541,415533,42236
native_to_wasm,991,207328,207465,414914,42236
native_to_wasm,992,209319,207462,416902,42236
native_to_wasm,993,207340,207986,415447,42236
native_to_wasm,994,207411,207463,414995,42236
native_to_wasm,995,208272,207545,415938,42236
native_to_wasm,996,207326,207465,414912,42236
native_to_wasm,997,209575,207465,417161,42236
native_to_wasm,998,207329,207977,415427,42236
native_to_wasm,999,207457,207463,415041,42236
native_to_wasm,1000,208279,207551,415951,42236
native_to_wasm,1001,207328,207469,414918,42236
native_to_wasm,1002,208086,208604,416811,42236
native_to_wasm,1003,207329,207981,415431,42236
native_to_wasm,1004,207426,207470,415017,42236
native_to_wasm,1005,208271,207557,415949,42236
native_to_wasm,1006,207326,207467,414914,42236
native_to_wasm,1007,207844,209139,417104,42236
native_to_wasm,1008,207336,207979,415436,42236
native_to_wasm,1009,207457,207463,415041,42236
native_to_wasm,1010,208440,207554,416115,42236
native_to_wasm,1011,207324,207467,414912,42236
native_to_wasm,1012,207844,207805,415770,42236
native_to_wasm,1013,207336,207979,415436,42236
native_to_wasm,1014,207426,207461,415008,42236
native_to_wasm,1015,207328,208489,415938,42236
native_to_wasm,1016,207328,207469,414918,42236
native_to_wasm,1017,207842,207591,415554,42236
native_to_wasm,1018,207331,208004,415456,42236
native_to_wasm,1019,207410,207461,414992,42236
native_to_wasm,1020,207334,207518,414973,42236
native_to_wasm,1021,207331,207465,414917,42236
native_to_wasm,1022,207846,207577,415544,42236
native_to_wasm,1023,207328,207983,415432,42236
native_to_wasm,1024,207428,207468,415017,42236
native_to_wasm,1025,207332,208477,415930,42236
native_to_wasm,1026,207327,207463,414911,42236
native_to_wasm,1027,207854,207549,415524,42236
native_to_wasm,1028,207330,208438,415889,42236
native_to_wasm,1029,207460,207484,415065,42236
native_to_wasm,1030,207333,209622,417076,42236
native_to_wasm,1031,207324,207469,414914,42236
native_to_wasm,1032,207858,207553,415532,42236
native_to_wasm,1033,207328,208405,415854,42236
native_to_wasm,1034,207408,207463,414992,42236
native_to_wasm,1035,207328,208212,415661,42236
native_to_wasm,1036,208579,207470,416170,42236
native_to_wasm,1037,207846,207544,415511,42236
native_to_wasm,1038,207336,208413,415870,42236
native_to_wasm,1039,207426,207470,415017,42236
native_to_wasm,1040,207330,207981,415432,42236
native_to_wasm,1041,208991,207469,416581,42236
native_to_wasm,1042,207854,207553,415528,42236
native_to_wasm,1043,207328,208575,416024,42236
native_to_wasm,1044,207428,207459,415008,42236
native_to_wasm,1045,207328,207983,415432,42236
native_to_wasm,1046,207640,207462,415223,42236
native_to_wasm,1047,207850,207546,415517,42236
native_to_wasm,1048,207324,207469,414914,42236
native_to_wasm,1049,208449,207463,416033,42236
native_to_wasm,1050,207321,207991,415433,42236
native_to_wasm,1051,207416,207463,415000,42236
native_to_wasm,1052,207848,207591,415560,42236
native_to_wasm,1053,207350,207462,414933,42236
native_to_wasm,1054,207412,207463,414996,42236
native_to_wasm,1055,207328,207983,415432,42236
native_to_wasm,1056,207409,207467,414997,42236
native_to_wasm,1057,207850,207553,415524,42236
native_to_wasm,1058,207326,207465,414912,42236
native_to_wasm,1059,208503,207482,416106,42236
native_to_wasm,1060,207324,207983,415428,42236
native_to_wasm,1061,207414,207467,415002,42236
native_to_wasm,1062,208278,207545,415944,42236
native_to_wasm,1063,207324,207467,414912,42236
native_to_wasm,1064,209018,207468,416607,42236
native_to_wasm,1065,207325,207983,415429,42236
native_to_wasm,1066,207455,207463,415039,42236
native_to_wasm,1067,208483,207577,416181,42236
native_to_wasm,1068,207326,207465,414912,42236
native_to_wasm,1069,208038,208980,417139,42236
native_to_wasm,1070,207327,207973,415421,42236
native_to_wasm,1071,207408,207461,414990,42236
native_to_wasm,1072,208233,207568,415922,42236
native_to_wasm,1073,207333,207463,414917,42236
native_to_wasm,1074,207850,209130,417101,42236
native_to_wasm,1075,207332,207979,415432,42236
native_to_wasm,1076,207455,207463,415039,42236
native_to_wasm,1077,208275,207577,415973,42236
native_to_wasm,1078,207328,207465,414914,42236
native_to_wasm,1079,207854,207749,415724,42236
native_to_wasm,1080,207350,207980,415451,42236
native_to_wasm,1081,207413,207461,414995,42236
native_to_wasm,1082,207332,207518,414971,42236
native_to_wasm,1083,207331,207461,414913,42236
native_to_wasm,1084,207854,207551,415526,42236
native_to_wasm,1085,207328,207987,415436,42236
native_to_wasm,1086,207412,207473,415006,42236
native_to_wasm,1087,207324,207526,414971,42236
native_to_wasm,1088,207321,207467,414909,42236
native_to_wasm,1089,207854,207551,415526,42236
native_to_wasm,1090,207332,207979,415432,42236
native_to_wasm,1091,207455,207463,415039,42236
native_to_wasm,1092,207332,209036,416489,42236
native_to_wasm,1093,207348,207472,414941,42236
native_to_wasm,1094,207871,207541,415533,42236
native_to_wasm,1095,207328,208443,415892,42236
native_to_wasm,1096,207426,207459,415006,42236
native_to_wasm,1097,207336,209737,417194,42236
native_to_wasm,1098,207345,207469,414935,42236
native_to_wasm,1099,207848,207546,415515,42236
native_to_wasm,1100,207326,208622,416069,42236
native_to_wasm,1101,207462,207482,415065,42236
native_to_wasm,1102,207333,208137,415591,42236
native_to_wasm,1103,208325,207485,415931,42236
native_to_wasm,1104,207847,207546,415514,42236
native_to_wasm,1105,207326,208626,416073,42236
native_to_wasm,1106,207454,207465,415040,42236
native_to_wasm,1107,207332,207981,415434,42236
native_to_wasm,1108,208819,207470,416410,42236
native_to_wasm,1109,207846,207546,415513,42236
native_to_wasm,1110,207328,207463,414912,42236
native_to_wasm,1111,208562,207461,416144,42236
native_to_wasm,1112,207332,207983,415436,42236
native_to_wasm,1113,207480,207483,415084,42236
native_to_wasm,1114,207847,207546,415514,42236
native_to_wasm,1115,207326,207473,414920,42236
native_to_wasm,1116,207413,207463,414997,42236
native_to_wasm,1117,207332,207981,415434,42236
native_to_wasm,1118,207413,207463,414997,42236
native_to_wasm,1119,207844,207591,415556,42236
native_to_wasm,1120,207329,207463,414913,42236
native_to_wasm,1121,208347,207462,415930,42236
native_to_wasm,1122,207331,207979,415431,42236
native_to_wasm,1123,207449,207471,415041,42236
native_to_wasm,1124,207871,207541,415533,42236
native_to_wasm,1125,207328,207465,414914,42236
native_to_wasm,1126,209319,207462,416902,42236
native_to_wasm,1127,207340,207986,415447,42236
native_to_wasm,1128,207411,207463,414995,42236
native_to_wasm,1129,208272,207545,415938,42236
native_to_wasm,1130,207326,207465,414912,42236
native_to_wasm,1131,209575,207465,417161,42236
native_to_wasm,1132,207329,207977,415427,42236
native_to_wasm,1133,207457,207463,415041,42236
native_to_wasm,1134,208279,207551,415951,42236
native_to_wasm,1135,207328,207469,414918,42236
native_to_wasm,1136,208086,208604,416811,42236
native_to_wasm,1137,207329,207981,415431,42236
native_to_wasm,1138,207426,207470,415017,42236
native_to_wasm,1139,208271,207557,415949,42236
native_to_wasm,1140,207326,207467,414914,42236
native_to_wasm,1141,207844,209139,417104,42236
native_to_wasm,1142,207336,207979,415436,42236
native_to_wasm,1143,207457,207463,415041,42236
native_to_wasm,1144,208440,207554,416115,42236
native_to_wasm,1145,207324,207467,414912,42236
native_to_wasm,1146,207844,207805,415770,42236
native_to_wasm,1147,207336,207979,415436,42236
native_to_wasm,1148,207426,207461,415008,42236
native_to_wasm,1149,207328,208489,415938,42236
native_to_wasm,1150,207328,207469,414918,42236
native_to_wasm,1151,207842,207591,415554,42236
native_to_wasm,1152,207331,208004,415456,42236
native_to_wasm,1153,207410,207461,414992,42236
native_to_wasm,1154,207334,207518,414973,42236
native_to_wasm,1155,207331,207465,414917,42236
native_to_wasm,1156,207846,207577,415544,42236
native_to_wasm,1157,207328,207983,415432,42236
native_to_wasm,1158,207428,207468,415017,42236
native_to_wasm,1159,207332,208477,415930,42236
native_to_wasm,1160,207327,207463,414911,42236
native_to_wasm,1161,207854,207549,415524,42236
native_to_wasm,1162,207330,208438,415889,42236
native_to_wasm,1163,207460,207484,415065,42236
native_to_wasm,1164,207333,209622,417076,42236
native_to_wasm,1165,207324,207469,414914,42236
native_to_wasm,1166,207858,207553,415532,42236
native_to_wasm,1167,207328,208405,415854,42236
native_to_wasm,1168,207408,207463,414992,42236
native_to_wasm,1169,207328,208212,415661,42236
native_to_wasm,1170,208579,207470,416170,42236
native_to_wasm,1171,207846,207544,415511,42236
native_to_wasm,1172,207336,208413,415870,42236
native_to_wasm,1173,207426,207470,415017,42236
native_to_wasm,1174,207330,207981,415432,42236
native_to_wasm,1175,208991,207469,416581,42236
native_to_wasm,1176,207854,207553,415528,42236
native_to_wasm,1177,207328,208575,416024,42236
native_to_wasm,1178,207428,207459,415008,42236
native_to_wasm,1179,207328,207983,415432,42236
native_to_wasm,1180,207640,207462,415223,42236
native_to_wasm,1181,207850,207546,415517,42236
native_to_wasm,1182,207324,207469,414914,42236
native_to_wasm,1183,208449,207463,416033,42236
native_to_wasm,1184,207321,207991,415433,42236
native_to_wasm,1185,207416,207463,415000,42236
native_to_wasm,1186,207848,207591,415560,42236
native_to_wasm,1187,207350,207462,414933,42236
native_to_wasm,1188,207412,207463,414996,42236
native_to_wasm,1189,207328,207983,415432,42236
native_to_wasm,1190,207409,207467,414997,42236
native_to_wasm,1191,207850,207553,415524,42236
native_to_wasm,1192,207326,207465,414912,42236
native_to_wasm,1193,208503,207482,416106,42236
native_to_wasm,1194,207324,207983,415428,42236
native_to_wasm,1195,207414,207467,415002,42236
native_to_wasm,1196,208278,207545,415944,42236
native_to_wasm,1197,207324,207467,414912,42236
native_to_wasm,1198,209018,207468,416607,42236
native_to_wasm,1199,207325,207983,415429,42236
native_to_wasm,1200,207455,207463,415039,42236
native_to_wasm,1201,208483,207577,416181,42236
native_to_wasm,1202,207326,207465,414912,42236
native_to_wasm,1203,208038,208980,417139,42236
native_to_wasm,1204,207327,207973,415421,42236
native_to_wasm,1205,207408,207461,414990,42236
native_to_wasm,1206,208233,207568,415922,42236
native_to_wasm,1207,207333,207463,414917,42236
native_to_wasm,1208,207850,209130,417101,42236
native_to_wasm,1209,207332,207979,415432,42236
native_to_wasm,1210,207455,207463,415039,42236
native_to_wasm,1211,208275,207577,415973,42236
native_to_wasm,1212,207328,207465,414914,42236
native_to_wasm,1213,207854,207749,415724,42236
native_to_wasm,1214,207350,207980,415451,42236
native_to_wasm,1215,207413,207461,414995,42236
native_to_wasm,1216,207332,207518,414971,42236
native_to_wasm,1217,207331,207461,414913,42236
native_to_wasm,1218,207854,207551,415526,42236
native_to_wasm,1219,207328,207987,415436,42236
native_to_wasm,1220,207412,207473,415006,42236
native_to_wasm,1221,207324,207526,414971,42236
native_to_wasm,1222,207321,207467,414909,42236
native_to_wasm,1223,207854,207551,415526,42236
native_to_wasm,1224,207332,207979,415432,42236
native_to_wasm,1225,207455,207463,415039,42236
native_to_wasm,1226,207332,209036,416489,42236
native_to_wasm,1227,207348,207472,414941,42236
native_to_wasm,1228,207871,207541,415533,42236
native_to_wasm,1229,207328,208443,415892,42236
native_to_wasm,1230,207426,207459,415006,42236
native_to_wasm,1231,207336,209737,417194,42236
native_to_wasm,1232,207345,207469,414935,42236
native_to_wasm,1233,207848,207546,415515,42236
native_to_wasm,1234,207326,208622,416069,42236
native_to_wasm,1235,207462,207482,415065,42236
native_to_wasm,1236,207333,208137,415591,42236
native_to_wasm,1237,208325,207485,415931,42236
native_to_wasm,1238,207847,207546,415514,42236
native_to_wasm,1239,207326,208626,416073,42236
native_to_wasm,1240,207454,207465,415040,42236
native_to_wasm,1241,207332,207981,415434,42236
native_to_wasm,1242,208819,207470,416410,42236
native_to_wasm,1243,207846,207546,415513,42236
native_to_wasm,1244,207328,207463,414912,42236
native_to_wasm,1245,208562,207461,416144,42236
native_to_wasm,1246,207332,207983,415436,42236
native_to_wasm,1247,207480,207483,415084,42236
native_to_wasm,1248,207847,207546,415514,42236
native_to_wasm,1249,207326,207473,414920,42236
native_to_wasm,1250,207413,207463,414997,42236
native_to_wasm,1251,207332,207981,415434,42236
native_to_wasm,1252,207413,207463,414997,42236
native_to_wasm,1253,207844,207591,415556,42236
native_to_wasm,1254,207329,207463,414913,42236
native_to_wasm,1255,208347,207462,415930,42236
native_to_wasm,1256,207331,207979,415431,42236
native_to_wasm,1257,207449,207471,415041,42236
native_to_wasm,1258,207871,207541,415533,42236
native_to_wasm,1259,207328,207465,414914,42236
native_to_wasm,1260,209319,207462,416902,42236
native_to_wasm,1261,207340,207986,415447,42236
native_to_wasm,1262,207411,207463,414995,42236
native_to_wasm,1263,208272,207545,415938,42236
native_to_wasm,1264,207326,207465,414912,42236
native_to_wasm,1265,209575,207465,417161,42236
native_to_wasm,1266,207329,207977,415427,42236
native_to_wasm,1267,207457,207463,415041,42236
native_to_wasm,1268,208279,207551,415951,42236
native_to_wasm,1269,207328,207469,414918,42236
native_to_wasm,1270,208086,208604,416811,42236
native_to_wasm,1271,207329,207981,415431,42236
native_to_wasm,1272,207426,207470,415017,42236
native_to_wasm,1273,208271,207557,415949,42236
native_to_wasm,1274,207326,207467,414914,42236
native_to_wasm,1275,207844,209139,417104,42236
native_to_wasm,1276,207336,207979,415436,42236
native_to_wasm,1277,207457,207463,415041,42236
native_to_wasm,1278,208440,207554,416115,42236
native_to_wasm,1279,207324,207467,414912,42236
native_to_wasm,1280,207844,207805,415770,42236
native_to_wasm,1281,207336,207979,415436,42236
native_to_wasm,1282,207426,207461,415008,42236
native_to_wasm,1283,207328,208489,415938,42236
native_to_wasm,1284,207328,207469,414918,42236
native_to_wasm,1285,207842,207591,415554,42236
native_to_wasm,1286,207331,208004,415456,42236
native_to_wasm,1287,207410,207461,414992,42236
native_to_wasm,1288,207334,207518,414973,42236
native_to_wasm,1289,207331,207465,414917,42236
native_to_wasm,1290,207846,207577,415544,42236
native_to_wasm,1291,207328,207983,415432,42236
native_to_wasm,1292,207428,207468,415017,42236
native_to_wasm,1293,207332,208477,415930,42236
native_to_wasm,1294,207327,207463,414911,42236
native_to_wasm,1295,207854,207549,415524,42236
native_to_wasm,1296,207330,208438,415889,42236
native_to_wasm,1297,207460,207484,415065,42236
native_to_wasm,1298,207333,209622,417076,42236
native_to_wasm,1299,207324,207469,414914,42236
native_to_wasm,1300,207858,207553,415532,42236
native_to_wasm,1301,207328,208405,415854,42236
native_to_wasm,1302,207408,207463,414992,42236
native_to_wasm,1303,207328,208212,415661,42236
native_to_wasm,1304,208579,207470,416170,42236
native_to_wasm,1305,207846,207544,415511,42236
native_to_wasm,1306,207336,208413,415870,42236
native_to_wasm,1307,207426,207470,415017,42236
native_to_wasm,1308,207330,207981,415432,42236
native_to_wasm,1309,208991,207469,416581,42236
native_to_wasm,1310,207854,207553,415528,42236
native_to_wasm,1311,207328,208575,416024,42236
native_to_wasm,1312,207428,207459,415008,42236
native_to_wasm,1313,207328,207983,415432,42236
native_to_wasm,1314,207640,207462,415223,42236
native_to_wasm,1315,207850,207546,415517,42236
native_to_wasm,1316,207324,207469,414914,42236
native_to_wasm,1317,208449,207463,416033,42236
native_to_wasm,1318,207321,207991,415433,42236
native_to_wasm,1319,207416,207463,415000,42236
native_to_wasm,1320,207848,207591,415560,42236
native_to_wasm,1321,207350,207462,414933,42236
native_to_wasm,1322,207412,207463,414996,42236
native_to_wasm,1323,207328,207983,415432,42236
native_to_wasm,1324,207409,207467,414997,42236
native_to_wasm,1325,207850,207553,415524,42236
native_to_wasm,1326,207326,207465,414912,42236
native_to_wasm,1327,208503,207482,416106,42236
native_to_wasm,1328,207324,207983,415428,42236
native_to_wasm,1329,207414,207467,415002,42236
native_to_wasm,1330,208278,207545,415944,42236
native_to_wasm,1331,207324,207467,414912,42236
native_to_wasm,1332,209018,207468,416607,42236
native_to_wasm,1333,207325,207983,415429,42236
native_to_wasm,1334,207455,207463,415039,42236
native_to_wasm,1335,208483,207577,416181,42236
native_to_wasm,1336,207326,207465,414912,42236
native_to_wasm,1337,208038,208980,417139,42236
native_to_wasm,1338,207327,207973,415421,42236
native_to_wasm,1339,207408,207461,414990,42236
native_to_wasm,1340,208233,207568,415922,42236
native_to_wasm,1341,207333,207463,414917,42236
native_to_wasm,1342,207850,209130,417101,42236
native_to_wasm,1343,207332,207979,415432,42236
native_to_wasm,1344,207455,207463,415039,42236
native_to_wasm,1345,208275,207577,415973,42236
native_to_wasm,1346,207328,207465,414914,42236
native_to_wasm,1347,207854,207749,415724,42236
native_to_wasm,1348,207350,207980,415451,42236
native_to_wasm,1349,207413,207461,414995,42236
native_to_wasm,1350,207332,207518,414971,42236
native_to_wasm,1351,207331,207461,414913,42236
native_to_wasm,1352,207854,207551,415526,42236
native_to_wasm,1353,207328,207987,415436,42236
native_to_wasm,1354,207412,207473,415006,42236
native_to_wasm,1355,207324,207526,414971,42236
native_to_wasm,1356,207321,207467,414909,42236
native_to_wasm,1357,207854,207551,415526,42236
native_to_wasm,1358,207332,207979,415432,42236
native_to_wasm,1359,207455,207463,415039,42236
native_to_wasm,1360,207332,209036,416489,42236
native_to_wasm,1361,207348,207472,414941,42236
native_to_wasm,1362,207871,207541,415533,42236
native_to_wasm,1363,207328,208443,415892,42236
native_to_wasm,1364,207426,207459,415006,42236
native_to_wasm,1365,207336,209737,417194,42236
native_to_wasm,1366,207345,207469,414935,42236
native_to_wasm,1367,207848,207546,415515,42236
native_to_wasm,1368,207326,208622,416069,42236
native_to_wasm,1369,207462,207482,415065,42236
native_to_wasm,1370,207333,208137,415591,42236
native_to_wasm,1371,208325,207485,415931,42236
native_to_wasm,1372,207847,207546,415514,42236
native_to_wasm,1373,207326,208626,416073,42236
native_to_wasm,1374,207454,207465,415040,42236
native_to_wasm,1375,207332,207981,415434,42236
native_to_wasm,1376,208819,207470,416410,42236
native_to_wasm,1377,207846,207546,415513,42236
native_to_wasm,1378,207328,207463,414912,42236
native_to_wasm,1379,208562,207461,416144,42236
native_to_wasm,1380,207332,207983,415436,42236
native_to_wasm,1381,207480,207483,415084,42236
native_to_wasm,1382,207847,207546,415514,42236
native_to_wasm,1383,207326,207473,414920,42236
native_to_wasm,1384,207413,207463,414997,42236
native_to_wasm,1385,207332,207981,415434,42236
native_to_wasm,1386,207413,207463,414997,42236
native_to_wasm,1387,207844,207591,415556,42236
native_to_wasm,1388,207329,207463,414913,42236
native_to_wasm,1389,208347,207462,415930,42236
native_to_wasm,1390,207331,207979,415431,42236
native_to_wasm,1391,207449,207471,415041,42236
native_to_wasm,1392,207871,207541,415533,42236
native_to_wasm,1393,207328,207465,414914,42236
native_to_wasm,1394,209319,207462,416902,42236
native_to_wasm,1395,207340,207986,415447,42236
native_to_wasm,1396,207411,207463,414995,42236
native_to_wasm,1397,208272,207545,415938,42236
native_to_wasm,1398,207326,207465,414912,42236
native_to_wasm,1399,209575,207465,417161,42236
native_to_wasm,1400,207329,207977,415427,42236
native_to_wasm,1401,207457,207463,415041,42236
native_to_wasm,1402,208279,207551,415951,42236
native_to_wasm,1403,207328,207469,414918,42236
native_to_wasm,1404,208086,208604,416811,42236
native_to_wasm,1405,207329,207981,415431,42236
native_to_wasm,1406,207426,207470,415017,42236
native_to_wasm,1407,208271,207557,415949,42236
native_to_wasm,1408,207326,207467,414914,42236
native_to_wasm,1409,207844,209139,417104,42236
native_to_wasm,1410,207336,207979,415436,42236
native_to_wasm,1411,207457,207463,415041,42236
native_to_wasm,1412,208440,207554,416115,42236
native_to_wasm,1413,207324,207467,414912,42236
native_to_wasm,1414,207844,207805,415770,42236
native_to_wasm,1415,207336,207979,415436,42236
native_to_wasm,1416,207426,207461,415008,42236
native_to_wasm,1417,207328,208489,415938,42236
native_to_wasm,1418,207328,207469,414918,42236
native_to_wasm,1419,207842,207591,415554,42236
native_to_wasm,1420,207331,208004,415456,42236
native_to_wasm,1421,207410,207461,414992,42236
native_to_wasm,1422,207334,207518,414973,42236
native_to_wasm,1423,207331,207465,414917,42236
native_to_wasm,1424,207846,207577,415544,42236
native_to_wasm,1425,207328,207983,415432,42236
native_to_wasm,1426,207428,207468,415017,42236
native_to_wasm,1427,207332,208477,415930,42236
native_to_wasm,1428,207327,207463,414911,42236
native_to_wasm,1429,207854,207549,415524,42236
native_to_wasm,1430,207330,208438,415889,42236
native_to_wasm,1431,207460,207484,415065,42236
native_to_wasm,1432,207333,209622,417076,42236
native_to_wasm,1433,207324,207469,414914,42236
native_to_wasm,1434,207858,207553,415532,42236
native_to_wasm,1435,207328,208405,415854,42236
native_to_wasm,1436,207408,207463,414992,42236
native_to_wasm,1437,207328,208212,415661,42236
native_to_wasm,1438,208579,207470,416170,42236
native_to_wasm,1439,207846,207544,415511,42236
native_to_wasm,1440,207336,208413,415870,42236
native_to_wasm,1441,207426,207470,415017,42236
native_to_wasm,1442,207330,207981,415432,42236
native_to_wasm,1443,208991,207469,416581,42236
native_to_wasm,1444,207854,207553,415528,42236
native_to_wasm,1445,207328,208575,416024,42236
native_to_wasm,1446,207428,207459,415008,42236
native_to_wasm,1447,207328,207983,415432,42236
native_to_wasm,1448,207640,207462,415223,42236
native_to_wasm,1449,207850,207546,415517,42236
native_to_wasm,1450,207324,207469,414914,42236
native_to_wasm,1451,208449,207463,416033,42236
native_to_wasm,1452,207321,207991,415433,42236
native_to_wasm,1453,207416,207463,415000,42236
native_to_wasm,1454,207848,207591,415560,42236
native_to_wasm,1455,207350,207462,414933,42236
native_to_wasm,1456,207412,207463,414996,42236
native_to_wasm,1457,207328,207983,415432,42236
native_to_wasm,1458,207409,207467,414997,42236
native_to_wasm,1459,207850,207553,415524,42236
native_to_wasm,1460,207326,207465,414912,42236
native_to_wasm,1461,208503,207482,416106,42236
native_to_wasm,1462,207324,207983,415428,42236
native_to_wasm,1463,207414,207467,415002,42236
native_to_wasm,1464,208278,207545,415944,42236
native_to_wasm,1465,207324,207467,414912,42236
native_to_wasm,1466,209018,207468,416607,42236
native_to_wasm,1467,207325,207983,415429,42236
native_to_wasm,1468,207455,207463,415039,42236
native_to_wasm,1469,208483,207577,416181,42236
native_to_wasm,1470,207326,207465,414912,42236
native_to_wasm,1471,208038,208980,417139,42236
native_to_wasm,1472,207327,207973,415421,42236
native_to_wasm,1473,207408,207461,414990,42236
native_to_wasm,1474,208233,207568,415922,42236
native_to_wasm,1475,207333,207463,414917,42236
native_to_wasm,1476,207850,209130,417101,42236
native_to_wasm,1477,207332,207979,415432,42236
native_to_wasm,1478,207455,207463,415039,42236
native_to_wasm,1479,208275,207577,415973,42236
native_to_wasm,1480,207328,207465,414914,42236
native_to_wasm,1481,207854,207749,415724,42236
native_to_wasm,1482,207350,207980,415451,42236
native_to_wasm,1483,207413,207461,414995,42236
native_to_wasm,1484,207332,207518,414971,42236
native_to_wasm,1485,207331,207461,414913,42236
native_to_wasm,1486,207854,207551,415526,42236
native_to_wasm,1487,207328,207987,415436,42236
native_to_wasm,1488,207412,207473,415006,42236
native_to_wasm,1489,207324,207526,414971,42236
native_to_wasm,1490,207321,207467,414909,42236
native_to_wasm,1491,207854,207551,415526,42236
native_to_wasm,1492,207332,207979,415432,42236
native_to_wasm,1493,207455,207463,415039,42236
native_to_wasm,1494,207332,209036,416489,42236
native_to_wasm,1495,207348,207472,414941,42236
native_to_wasm,1496,207871,207541,415533,42236
native_to_wasm,1497,207328,208443,415892,42236
native_to_wasm,1498,207426,207459,415006,42236
native_to_wasm,1499,207336,209737,417194,42236
native_to_wasm,1500,207345,207469,414935,42236
native_to_wasm,1501,207848,207546,415515,42236
native_to_wasm,1502,207326,208622,416069,42236
native_to_wasm,1503,207462,207482,415065,42236
native_to_wasm,1504,207333,208137,415591,42236
native_to_wasm,1505,208325,207485,415931,42236
native_to_wasm,1506,207847,207546,415514,42236
native_to_wasm,1507,207326,208626,416073,42236
native_to_wasm,1508,207454,207465,415040,42236
native_to_wasm,1509,207332,207981,415434,42236
native_to_wasm,1510,208819,207470,416410,42236
native_to_wasm,1511,207846,207546,415513,42236
native_to_wasm,1512,207328,207463,414912,42236
native_to_wasm,1513,208562,207461,416144,42236
native_to_wasm,1514,207332,207983,415436,42236
native_to_wasm,1515,207480,207483,415084,42236
native_to_wasm,1516,207847,207546,415514,42236
native_to_wasm,1517,207326,207473,414920,42236
native_to_wasm,1518,207413,207463,414997,42236
native_to_wasm,1519,207332,207981,415434,42236
native_to_wasm,1520,207413,207463,414997,42236
native_to_wasm,1521,207844,207591,415556,42236
native_to_wasm,1522,207329,207463,414913,42236
native_to_wasm,1523,208347,207462,415930,42236
native_to_wasm,1524,207331,207979,415431,42236
native_to_wasm,1525,207449,207471,415041,42236
native_to_wasm,1526,207871,207541,415533,42236
native_to_wasm,1527,207328,207465,414914,42236
native_to_wasm,1528,209319,207462,416902,42236
native_to_wasm,1529,207340,207986,415447,42236
native_to_wasm,1530,207411,207463,414995,42236
native_to_wasm,1531,208272,207545,415938,42236
native_to_wasm,1532,207326,207465,414912,42236
native_to_wasm,1533,209575,207465,417161,42236
native_to_wasm,1534,207329,207977,415427,42236
native_to_wasm,1535,207457,207463,415041,42236
native_to_wasm,1536,208279,207551,415951,42236
native_to_wasm,1537,207328,207469,414918,42236
native_to_wasm,1538,208086,208604,416811,42236
native_to_wasm,1539,207329,207981,415431,42236
native_to_wasm,1540,207426,207470,415017,42236
native_to_wasm,1541,208271,207557,415949,42236
native_to_wasm,1542,207326,207467,414914,42236
native_to_wasm,1543,207844,209139,417104,42236
native_to_wasm,1544,207336,207979,415436,42236
native_to_wasm,1545,207457,207463,415041,42236
native_to_wasm,1546,208440,207554,416115,42236
native_to_wasm,1547,207324,207467,414912,42236
native_to_wasm,1548,207844,207805,415770,42236
native_to_wasm,1549,207336,207979,415436,42236
native_to_wasm,1550,207426,207461,415008,42236
native_to_wasm,1551,207328,208489,415938,42236
native_to_wasm,1552,207328,207469,414918,42236
native_to_wasm,1553,207842,207591,415554,42236
native_to_wasm,1554,207331,208004,415456,42236
native_to_wasm,1555,207410,207461,414992,42236
native_to_wasm,1556,207334,207518,414973,42236
native_to_wasm,1557,207331,207465,414917,42236
native_to_wasm,1558,207846,207577,415544,42236
native_to_wasm,1559,207328,207983,415432,42236
native_to_wasm,1560,207428,207468,415017,42236
native_to_wasm,1561,207332,208477,415930,42236
native_to_wasm,1562,207327,207463,414911,42236
native_to_wasm,1563,207854,207549,415524,42236
native_to_wasm,1564,207330,208438,415889,42236
native_to_wasm,1565,207460,207484,415065,42236
native_to_wasm,1566,207333,209622,417076,42236
native_to_wasm,1567,207324,207469,414914,42236
native_to_wasm,1568,207858,207553,415532,42236
native_to_wasm,1569,207328,208405,415854,42236
native_to_wasm,1570,207408,207463,414992,42236
native_to_wasm,1571,207328,208212,415661,42236
native_to_wasm,1572,208579,207470,416170,42236
native_to_wasm,1573,207846,207544,415511,42236
native_to_wasm,1574,207336,208413,415870,42236
native_to_wasm,1575,207426,207470,415017,42236
native_to_wasm,1576,207330,207981,415432,42236
native_to_wasm,1577,208991,207469,416581,42236
native_to_wasm,1578,207854,207553,415528,42236
native_to_wasm,1579,207328,208575,416024,42236
native_to_wasm,1580,207428,207459,415008,42236
native_to_wasm,1581,207328,207983,415432,42236
native_to_wasm,1582,207640,207462,415223,42236
native_to_wasm,1583,207850,207546,415517,42236
native_to_wasm,1584,207324,207469,414914,42236
native_to_wasm,1585,208449,207463,416033,42236
native_to_wasm,1586,207321,207991,415433,42236
native_to_wasm,1587,207416,207463,415000,42236
native_to_wasm,1588,207848,207591,415560,42236
native_to_wasm,1589,207350,207462,414933,42236
native_to_wasm,1590,207412,207463,414996,42236
native_to_wasm,1591,207328,207983,415432,42236
native_to_wasm,1592,207409,207467,414997,42236
native_to_wasm,1593,207850,207553,415524,42236
native_to_wasm,1594,207326,207465,414912,42236
native_to_wasm,1595,208503,207482,416106,42236
native_to_wasm,1596,207324,207983,415428,42236
native_to_wasm,1597,207414,207467,415002,42236
native_to_wasm,1598,208278,207545,415944,42236
native_to_wasm,1599,207324,207467,414912,42236
native_to_wasm,1600,209018,207468,416607,42236
native_to_wasm,1601,207325,207983,415429,42236
native_to_wasm,1602,207455,207463,415039,42236
native_to_wasm,1603,208483,207577,416181,42236
native_to_wasm,1604,207326,207465,414912,42236
native_to_wasm,1605,208038,208980,417139,42236
native_to_wasm,1606,207327,207973,415421,42236
native_to_wasm,1607,207408,207461,414990,42236
native_to_wasm,1608,208233,207568,415922,42236
native_to_wasm,1609,207333,207463,414917,42236
native_to_wasm,1610,207850,209130,417101,42236
native_to_wasm,1611,207332,207979,415432,42236
native_to_wasm,1612,207455,207463,415039,42236
native_to_wasm,1613,208275,207577,415973,42236
native_to_wasm,1614,207328,207465,414914,42236
native_to_wasm,1615,207854,207749,415724,42236
native_to_wasm,1616,207350,207980,415451,42236
native_to_wasm,1617,207413,207461,414995,42236
native_to_wasm,1618,207332,207518,414971,42236
native_to_wasm,1619,207331,207461,414913,42236
native_to_wasm,1620,207854,207551,415526,42236
native_to_wasm,1621,207328,207987,415436,42236
native_to_wasm,1622,207412,207473,415006,42236
native_to_wasm,1623,207324,207526,414971,42236
native_to_wasm,1624,207321,207467,414909,42236
native_to_wasm,1625,207854,207551,415526,42236
native_to_wasm,1626,207332,207979,415432,42236
native_to_wasm,1627,207455,207463,415039,42236
native_to_wasm,1628,207332,209036,416489,42236
native_to_wasm,1629,207348,207472,414941,42236
native_to_wasm,1630,207871,207541,415533,42236
native_to_wasm,1631,207328,208443,415892,42236
native_to_wasm,1632,207426,207459,415006,42236
native_to_wasm,1633,207336,209737,417194,42236
native_to_wasm,1634,207345,207469,414935,42236
native_to_wasm,1635,207848,207546,415515,42236
native_to_wasm,1636,207326,208622,416069,42236
native_to_wasm,1637,207462,207482,415065,42236
native_to_wasm,1638,207333,208137,415591,42236
native_to_wasm,1639,208325,207485,415931,42236
native_to_wasm,1640,207847,207546,415514,42236
native_to_wasm,1641,207326,208626,416073,42236
native_to_wasm,1642,207454,207465,415040,42236
native_to_wasm,1643,207332,207981,415434,42236
native_to_wasm,1644,208819,207470,416410,42236
native_to_wasm,1645,207846,207546,415513,42236
native_to_wasm,1646,207328,207463,414912,42236
native_to_wasm,1647,208562,207461,416144,42236
native_to_wasm,1648,207332,207983,415436,42236
native_to_wasm,1649,207480,207483,415084,42236
native_to_wasm,1650,207847,207546,415514,42236
native_to_wasm,1651,207326,207473,414920,42236
native_to_wasm,1652,207413,207463,414997,42236
native_to_wasm,1653,207332,207981,415434,42236
native_to_wasm,1654,207413,207463,414997,42236
native_to_wasm,1655,207844,207591,415556,42236
native_to_wasm,1656,207329,207463,414913,42236
native_to_wasm,1657,208347,207462,415930,42236
native_to_wasm,1658,207331,207979,415431,42236
native_to_wasm,1659,207449,207471,415041,42236
native_to_wasm,1660,207871,207541,415533,42236
native_to_wasm,1661,207328,207465,414914,42236
native_to_wasm,1662,209319,207462,416902,42236
native_to_wasm,1663,207340,207986,415447,42236
native_to_wasm,1664,207411,207463,414995,42236
native_to_wasm,1665,208272,207545,415938,42236
native_to_wasm,1666,207326,207465,414912,42236
native_to_wasm,1667,209575,207465,417161,42236
native_to_wasm,1668,207329,207977,415427,42236
native_to_wasm,1669,207457,207463,415041,42236
native_to_wasm,1670,208279,207551,415951,42236
native_to_wasm,1671,207328,207469,414918,42236
native_to_wasm,1672,208086,208604,416811,42236
native_to_wasm,1673,207329,207981,415431,42236
native_to_wasm,1674,207426,207470,415017,42236
native_to_wasm,1675,208271,207557,415949,42236
native_to_wasm,1676,207326,207467,414914,42236
native_to_wasm,1677,207844,209139,417104,42236
native_to_wasm,1678,207336,207979,415436,42236
native_to_wasm,1679,207457,207463,415041,42236
native_to_wasm,1680,208440,207554,416115,42236
native_to_wasm,1681,207324,207467,414912,42236
native_to_wasm,1682,207844,207805,415770,42236
native_to_wasm,1683,207336,207979,415436,42236
native_to_wasm,1684,207426,207461,415008,42236
native_to_wasm,1685,207328,208489,415938,42236
native_to_wasm,1686,207328,207469,414918,42236
native_to_wasm,1687,207842,207591,415554,42236
native_to_wasm,1688,207331,208004,415456,42236
native_to_wasm,1689,207410,207461,414992,42236
native_to_wasm,1690,207334,207518,414973,42236
native_to_wasm,1691,207331,207465,414917,42236
native_to_wasm,1692,207846,207577,415544,42236
native_to_wasm,1693,207328,207983,415432,42236
native_to_wasm,1694,207428,207468,415017,42236
native_to_wasm,1695,207332,208477,415930,42236
native_to_wasm,1696,207327,207463,414911,42236
native_to_wasm,1697,207854,207549,415524,42236
native_to_wasm,1698,207330,208438,415889,42236
native_to_wasm,1699,207460,207484,415065,42236
native_to_wasm,1700,207333,209622,417076,42236
native_to_wasm,1701,207324,207469,414914,42236
native_to_wasm,1702,207858,207553,415532,42236
native_to_wasm,1703,207328,208405,415854,42236
native_to_wasm,1704,207408,207463,414992,42236
native_to_wasm,1705,207328,208212,415661,42236
native_to_wasm,1706,208579,207470,416170,42236
native_to_wasm,1707,207846,207544,415511,42236
native_to_wasm,1708,207336,208413,415870,42236
native_to_wasm,1709,207426,207470,415017,42236
native_to_wasm,1710,207330,207981,415432,42236
native_to_wasm,1711,208991,207469,416581,42236
native_to_wasm,1712,207854,207553,415528,42236
native_to_wasm,1713,207328,208575,416024,42236
native_to_wasm,1714,207428,207459,415008,42236
native_to_wasm,1715,207328,207983,415432,42236
native_to_wasm,1716,207640,207462,415223,42236
native_to_wasm,1717,207850,207546,415517,42236
native_to_wasm,1718,207324,207469,414914,42236
native_to_wasm,1719,208449,207463,416033,42236
native_to_wasm,1720,207321,207991,415433,42236
native_to_wasm,1721,207416,207463,415000,42236
native_to_wasm,1722,207848,207591,415560,42236
native_to_wasm,1723,207350,207462,414933,42236
native_to_wasm,1724,207412,207463,414996,42236
native_to_wasm,1725,207328,207983,415432,42236
native_to_wasm,1726,207409,207467,414997,42236
native_to_wasm,1727,207850,207553,415524,42236
native_to_wasm,1728,207326,207465,414912,42236
native_to_wasm,1729,208503,207482,416106,42236
native_to_wasm,1730,207324,207983,415428,42236
native_to_wasm,1731,207414,207467,415002,42236
native_to_wasm,1732,208278,207545,415944,42236
native_to_wasm,1733,207324,207467,414912,42236
native_to_wasm,1734,209018,207468,416607,42236
native_to_wasm,1735,207325,207983,415429,42236
native_to_wasm,1736,207455,207463,415039,42236
native_to_wasm,1737,208483,207577,416181,42236
native_to_wasm,1738,207326,207465,414912,42236
native_to_wasm,1739,208038,208980,417139,42236
native_to_wasm,1740,207327,207973,415421,42236
native_to_wasm,1741,207408,207461,414990,42236
native_to_wasm,1742,208233,207568,415922,42236
native_to_wasm,1743,207333,207463,414917,42236
native_to_wasm,1744,207850,209130,417101,42236
native_to_wasm,1745,207332,207979,415432,42236
native_to_wasm,1746,207455,207463,415039,42236
native_to_wasm,1747,208275,207577,415973,42236
native_to_wasm,1748,207328,207465,414914,42236
native_to_wasm,1749,207854,207749,415724,42236
native_to_wasm,1750,207350,207980,415451,42236
native_to_wasm,1751,207413,207461,414995,42236
native_to_wasm,1752,207332,207518,414971,42236
native_to_wasm,1753,207331,207461,414913,42236
native_to_wasm,1754,207854,207551,415526,42236
native_to_wasm,1755,207328,207987,415436,42236
native_to_wasm,1756,207412,207473,415006,42236
native_to_wasm,1757,207324,207526,414971,42236
native_to_wasm,1758,207321,207467,414909,42236
native_to_wasm,1759,207854,207551,415526,42236
native_to_wasm,1760,207332,207979,415432,42236
native_to_wasm,1761,207455,207463,415039,42236
native_to_wasm,1762,207332,209036,416489,42236
native_to_wasm,1763,207348,207472,414941,42236
native_to_wasm,1764,207871,207541,415533,42236
native_to_wasm,1765,207328,208443,415892,42236
native_to_wasm,1766,207426,207459,415006,42236
native_to_wasm,1767,207336,209737,417194,42236
native_to_wasm,1768,207345,207469,414935,42236
native_to_wasm,1769,207848,207546,415515,42236
native_to_wasm,1770,207326,208622,416069,42236
native_to_wasm,1771,207462,207482,415065,42236
native_to_wasm,1772,207333,208137,415591,42236
native_to_wasm,1773,208325,207485,415931,42236
native_to_wasm,1774,207847,207546,415514,42236
native_to_wasm,1775,207326,208626,416073,42236
native_to_wasm,1776,207454,207465,415040,42236
native_to_wasm,1777,207332,207981,415434,42236
native_to_wasm,1778,208819,207470,416410,42236
native_to_wasm,1779,207846,207546,415513,42236
native_to_wasm,1780,207328,207463,414912,42236
native_to_wasm,1781,208562,207461,416144,42236
native_to_wasm,1782,207332,207983,415436,42236
native_to_wasm,1783,207480,207483,415084,42236
native_to_wasm,1784,207847,207546,415514,42236
native_to_wasm,1785,207326,207473,414920,42236
native_to_wasm,1786,207413,207463,414997,42236
native_to_wasm,1787,207332,207981,415434,42236
native_to_wasm,1788,207413,207463,414997,42236
native_to_wasm,1789,207844,207591,415556,42236
native_to_wasm,1790,207329,207463,414913,42236
native_to_wasm,1791,208347,207462,415930,42236
native_to_wasm,1792,207331,207979,415431,42236
native_to_wasm,1793,207449,207471,415041,42236
native_to_wasm,1794,207871,207541,415533,42236
native_to_wasm,1795,207328,207465,414914,42236
native_to_wasm,1796,209319,207462,416902,42236
native_to_wasm,1797,207340,207986,415447,42236
native_to_wasm,1798,207411,207463,414995,42236
native_to_wasm,1799,208272,207545,415938,42236
native_to_wasm,1800,207326,207465,414912,42236
native_to_wasm,1801,209575,207465,417161,42236
native_to_wasm,1802,207329,207977,415427,42236
native_to_wasm,1803,207457,207463,415041,42236
native_to_wasm,1804,208279,207551,415951,42236
native_to_wasm,1805,207328,207469,414918,42236
native_to_wasm,1806,208086,208604,416811,42236
native_to_wasm,1807,207329,207981,415431,42236
native_to_wasm,1808,207426,207470,415017,42236
native_to_wasm,1809,208271,207557,415949,42236
native_to_wasm,1810,207326,207467,414914,42236
native_to_wasm,1811,207844,209139,417104,42236
native_to_wasm,1812,207336,207979,415436,42236
native_to_wasm,1813,207457,207463,415041,42236
native_to_wasm,1814,208440,207554,416115,42236
native_to_wasm,1815,207324,207467,414912,42236
native_to_wasm,1816,207844,207805,415770,42236
native_to_wasm,1817,207336,207979,415436,42236
native_to_wasm,1818,207426,207461,415008,42236
native_to_wasm,1819,207328,208489,415938,42236
native_to_wasm,1820,207328,207469,414918,42236
native_to_wasm,1821,207842,207591,415554,42236
native_to_wasm,1822,207331,208004,415456,42236
native_to_wasm,1823,207410,207461,414992,42236
native_to_wasm,1824,207334,207518,414973,42236
native_to_wasm,1825,207331,207465,414917,42236
native_to_wasm,1826,207846,207577,415544,42236
native_to_wasm,1827,207328,207983,415432,42236
native_to_wasm,1828,207428,207468,415017,42236
native_to_wasm,1829,207332,208477,415930,42236
native_to_wasm,1830,207327,207463,414911,42236
native_to_wasm,1831,207854,207549,415524,42236
native_to_wasm,1832,207330,208438,415889,42236
native_to_wasm,1833,207460,207484,415065,42236
native_to_wasm,1834,207333,209622,417076,42236
native_to_wasm,1835,207324,207469,414914,42236
native_to_wasm,1836,207858,207553,415532,42236
native_to_wasm,1837,207328,208405,415854,42236
native_to_wasm,1838,207408,207463,414992,42236
native_to_wasm,1839,207328,208212,415661,42236
native_to_wasm,1840,208579,207470,416170,42236
native_to_wasm,1841,207846,207544,415511,42236
native_to_wasm,1842,207336,208413,415870,42236
native_to_wasm,1843,207426,207470,415017,42236
native_to_wasm,1844,207330,207981,415432,42236
native_to_wasm,1845,208991,207469,416581,42236
native_to_wasm,1846,207854,207553,415528,42236
native_to_wasm,1847,207328,208575,416024,42236
native_to_wasm,1848,207428,207459,415008,42236
native_to_wasm,1849,207328,207983,415432,42236
native_to_wasm,1850,207640,207462,415223,42236
native_to_wasm,1851,206275,205914,412310,42236
native_to_wasm,1852,205783,205864,411768,42236
native_to_wasm,1853,206221,205918,412260,42236
native_to_wasm,1854,205730,206406,412257,42236
native_to_wasm,1855,205730,205912,411763,42236
native_to_wasm,1856,205730,206355,412206,42236
native_to_wasm,1857,4380469,207469,4588059,42236
native_to_wasm,1858,209146,207463,416730,42236
native_to_wasm,1859,207329,207992,415442,42236
native_to_wasm,1860,207426,207468,415015,42236
native_to_wasm,1861,208483,207553,416157,42236
native_to_wasm,1862,207328,207473,414922,42236
native_to_wasm,1863,207949,208508,416578,42236
native_to_wasm,1864,207324,207985,415430,42236
native_to_wasm,1865,207451,207467,415039,42236
native_to_wasm,1866,208228,207562,415911,42236
native_to_wasm,1867,207333,207463,414917,42236
native_to_wasm,1868,207846,207579,415546,42236
native_to_wasm,1869,207351,207986,415458,42236
native_to_wasm,1870,207409,207463,414993,42236
native_to_wasm,1871,207328,208653,416102,42236
native_to_wasm,1872,207324,207473,414918,42236
native_to_wasm,1873,207844,207555,415520,42236
native_to_wasm,1874,207328,207979,415428,42236
native_to_wasm,1875,207428,207470,415019,42236
native_to_wasm,1876,207330,207543,414994,42236
native_to_wasm,1877,207328,207465,414914,42236
native_to_wasm,1878,207848,207546,415515,42236
native_to_wasm,1879,207326,207991,415438,42236
native_to_wasm,1880,207414,207463,414998,42236
native_to_wasm,1881,207336,208576,416033,42236
native_to_wasm,1882,207327,207463,414911,42236
native_to_wasm,1883,207854,207549,415524,42236
native_to_wasm,1884,207330,207981,415432,42236
native_to_wasm,1885,207428,207468,415017,42236
native_to_wasm,1886,207332,209754,417207,42236
native_to_wasm,1887,207336,207473,414930,42236
native_to_wasm,1888,207851,207546,415518,42236
native_to_wasm,1889,207328,208408,415857,42236
native_to_wasm,1890,207411,207455,414987,42236
native_to_wasm,1891,207348,208230,415699,42236
native_to_wasm,1892,208603,207467,416191,42236
native_to_wasm,1893,207854,207551,415526,42236
native_to_wasm,1894,207332,208577,416030,42236
native_to_wasm,1895,207457,207463,415041,42236
native_to_wasm,1896,207328,207981,415430,42236
native_to_wasm,1897,208592,207462,416175,42236
native_to_wasm,1898,207840,207565,415526,42236
native_to_wasm,1899,207324,208408,415853,42236
native_to_wasm,1900,207444,207482,415047,42236
native_to_wasm,1901,207335,208002,415458,42236
native_to_wasm,1902,207572,207461,415154,42236
native_to_wasm,1903,207854,207551,415526,42236
native_to_wasm,1904,207328,207469,414918,42236
native_to_wasm,1905,207381,207462,414964,42236
native_to_wasm,1906,207336,207977,415434,42236
native_to_wasm,1907,207457,207463,415041,42236
native_to_wasm,1908,207846,207550,415517,42236
native_to_wasm,1909,207324,207467,414912,42236
native_to_wasm,1910,207387,207458,414966,42236
native_to_wasm,1911,207338,207977,415436,42236
native_to_wasm,1912,207428,207459,415008,42236
native_to_wasm,1913,207846,207557,415524,42236
native_to_wasm,1914,207326,207467,414914,42236
native_to_wasm,1915,209227,207467,416815,42236
native_to_wasm,1916,207327,207981,415429,42236
native_to_wasm,1917,207426,207470,415017,42236
native_to_wasm,1918,208440,207552,416113,42236
native_to_wasm,1919,207324,207473,414918,42236
native_to_wasm,1920,209327,207466,416914,42236
native_to_wasm,1921,207336,207979,415436,42236
native_to_wasm,1922,207426,207459,415006,42236
native_to_wasm,1923,208489,207564,416174,42236
native_to_wasm,1924,207324,207465,414910,42236
native_to_wasm,1925,207967,208473,416561,42236
native_to_wasm,1926,207331,207977,415429,42236
native_to_wasm,1927,207428,207459,415008,42236
native_to_wasm,1928,208314,207549,415984,42236
native_to_wasm,1929,207326,207467,414914,42236
native_to_wasm,1930,207846,207552,415519,42236
native_to_wasm,1931,207329,207987,415437,42236
native_to_wasm,1932,207426,207468,415015,42236
native_to_wasm,1933,207332,208664,416117,42236
native_to_wasm,1934,207328,207455,414904,42236
native_to_wasm,1935,207858,207555,415534,42236
native_to_wasm,1936,207328,207973,415422,42236
native_to_wasm,1937,207406,207461,414988,42236
native_to_wasm,1938,207330,207518,414969,42236
native_to_wasm,1939,207339,207468,414928,42236
native_to_wasm,1940,207848,207542,415511,42236
native_to_wasm,1941,207332,207981,415434,42236
native_to_wasm,1942,207426,207470,415017,42236
native_to_wasm,1943,207330,208581,416032,42236
native_to_wasm,1944,207337,207465,414923,42236
native_to_wasm,1945,207854,207549,415524,42236
native_to_wasm,1946,207330,207981,415432,42236
native_to_wasm,1947,207428,207468,415017,42236
native_to_wasm,1948,207332,209754,417207,42236
native_to_wasm,1949,207336,207473,414930,42236
native_to_wasm,1950,207851,207546,415518,42236
native_to_wasm,1951,207328,208408,415857,42236
native_to_wasm,1952,207411,207455,414987,42236
native_to_wasm,1953,207348,208230,415699,42236
native_to_wasm,1954,208603,207467,416191,42236
native_to_wasm,1955,207854,207551,415526,42236
native_to_wasm,1956,207332,208577,416030,42236
native_to_wasm,1957,207457,207463,415041,42236
native_to_wasm,1958,207328,207981,415430,42236
native_to_wasm,1959,208592,207462,416175,42236
native_to_wasm,1960,207840,207565,415526,42236
native_to_wasm,1961,207324,208408,415853,42236
native_to_wasm,1962,207444,207482,415047,42236
native_to_wasm,1963,207335,208002,415458,42236
native_to_wasm,1964,207572,207461,415154,42236
native_to_wasm,1965,207854,207551,415526,42236
native_to_wasm,1966,207328,207469,414918,42236
native_to_wasm,1967,207381,207462,414964,42236
native_to_wasm,1968,207336,207977,415434,42236
native_to_wasm,1969,207457,207463,415041,42236
native_to_wasm,1970,207846,207550,415517,42236
native_to_wasm,1971,207324,207467,414912,42236
native_to_wasm,1972,207387,207458,414966,42236
native_to_wasm,1973,207338,207977,415436,42236
native_to_wasm,1974,207428,207459,415008,42236
native_to_wasm,1975,207846,207557,415524,42236
native_to_wasm,1976,207326,207467,414914,42236
native_to_wasm,1977,209227,207467,416815,42236
native_to_wasm,1978,207327,207981,415429,42236
native_to_wasm,1979,207426,207470,415017,42236
native_to_wasm,1980,208440,207552,416113,42236
native_to_wasm,1981,207324,207473,414918,42236
native_to_wasm,1982,209327,207466,416914,42236
native_to_wasm,1983,207336,207979,415436,42236
native_to_wasm,1984,207426,207459,415006,42236
native_to_wasm,1985,208489,207564,416174,42236
native_to_wasm,1986,207324,207465,414910,42236
native_to_wasm,1987,207967,208473,416561,42236
native_to_wasm,1988,207331,207977,415429,42236
native_to_wasm,1989,207428,207459,415008,42236
native_to_wasm,1990,208314,207549,415984,42236
native_to_wasm,1991,207326,207467,414914,42236
native_to_wasm,1992,207846,207552,415519,42236
native_to_wasm,1993,207329,207987,415437,42236
native_to_wasm,1994,207426,207468,415015,42236
native_to_wasm,1995,207332,208664,416117,42236
native_to_wasm,1996,207328,207455,414904,42236
native_to_wasm,1997,207858,207555,415534,42236
native_to_wasm,1998,207328,207973,415422,42236
native_to_wasm,1999,207406,207461,414988,42236
native_to_wasm,2000,207330,207518,414969,42236
native_to_wasm,2001,207339,207468,414928,42236
native_to_wasm,2002,207848,207542,415511,42236
native_to_wasm,2003,207332,207981,415434,42236
native_to_wasm,2004,207426,207470,415017,42236
native_to_wasm,2005,207330,208581,416032,42236
native_to_wasm,2006,207337,207465,414923,42236
native_to_wasm,2007,207854,207549,415524,42236
native_to_wasm,2008,207330,207981,415432,42236
native_to_wasm,2009,207428,207468,415017,42236
native_to_wasm,2010,207332,209754,417207,42236
native_to_wasm,2011,207336,207473,414930,42236
native_to_wasm,2012,207851,207546,415518,42236
native_to_wasm,2013,207328,208408,415857,42236
native_to_wasm,2014,207411,207455,414987,42236
native_to_wasm,2015,207348,208230,415699,42236
native_to_wasm,2016,208603,207467,416191,42236
native_to_wasm,2017,207854,207551,415526,42236
native_to_wasm,2018,207332,208577,416030,42236
native_to_wasm,2019,207457,207463,415041,42236
native_to_wasm,2020,207328,207981,415430,42236
native_to_wasm,2021,208592,207462,416175,42236
native_to_wasm,2022,207840,207565,415526,42236
native_to_wasm,2023,207324,208408,415853,42236
native_to_wasm,2024,207444,207482,415047,42236
native_to_wasm,2025,207335,208002,415458,42236
native_to_wasm,2026,207572,207461,415154,42236
native_to_wasm,2027,207854,207551,415526,42236
native_to_wasm,2028,207328,207469,414918,42236
native_to_wasm,2029,207381,207462,414964,42236
native_to_wasm,2030,207336,207977,415434,42236
native_to_wasm,2031,207457,207463,415041,42236
native_to_wasm,2032,207846,207550,415517,42236
native_to_wasm,2033,207324,207467,414912,42236
native_to_wasm,2034,207387,207458,414966,42236
native_to_wasm,2035,207338,207977,415436,42236
native_to_wasm,2036,207428,207459,415008,42236
native_to_wasm,2037,207846,207557,415524,42236
native_to_wasm,2038,207326,207467,414914,42236
native_to_wasm,2039,209227,207467,416815,42236
native_to_wasm,2040,207327,207981,415429,42236
native_to_wasm,2041,207426,207470,415017,42236
native_to_wasm,2042,208440,207552,416113,42236
native_to_wasm,2043,207324,207473,414918,42236
native_to_wasm,2044,209327,207466,416914,42236
native_to_wasm,2045,207336,207979,415436,42236
native_to_wasm,2046,207426,207459,415006,42236
native_to_wasm,2047,208489,207564,416174,42236
native_to_wasm,2048,207324,207465,414910,42236
native_to_wasm,2049,207967,208473,416561,42236
native_to_wasm,2050,207331,207977,415429,42236
native_to_wasm,2051,207428,207459,415008,42236
native_to_wasm,2052,208314,207549,415984,42236
native_to_wasm,2053,207326,207467,414914,42236
native_to_wasm,2054,207846,207552,415519,42236
native_to_wasm,2055,207329,207987,415437,42236
native_to_wasm,2056,207426,207468,415015,42236
native_to_wasm,2057,207332,208664,416117,42236
native_to_wasm,2058,207328,207455,414904,42236
native_to_wasm,2059,207858,207555,415534,42236
native_to_wasm,2060,207328,207973,415422,42236
native_to_wasm,2061,207406,207461,414988,42236
native_to_wasm,2062,207330,207518,414969,42236
native_to_wasm,2063,207339,207468,414928,42236
native_to_wasm,2064,207848,207542,415511,42236
native_to_wasm,2065,207332,207981,415434,42236
native_to_wasm,2066,207426,207470,415017,42236
native_to_wasm,2067,207330,208581,416032,42236
native_to_wasm,2068,207337,207465,414923,42236
native_to_wasm,2069,207854,207549,415524,42236
native_to_wasm,2070,207330,207981,415432,42236
native_to_wasm,2071,207428,207468,415017,42236
native_to_wasm,2072,207332,209754,417207,42236
native_to_wasm,2073,207336,207473,414930,42236
native_to_wasm,2074,207851,207546,415518,42236
native_to_wasm,2075,207328,208408,415857,42236
native_to_wasm,2076,207411,207455,414987,42236
native_to_wasm,2077,207348,208230,415699,42236
native_to_wasm,2078,208603,207467,416191,42236
native_to_wasm,2079,207854,207551,415526,42236
native_to_wasm,2080,207332,208577,416030,42236
native_to_wasm,2081,207457,207463,415041,42236
native_to_wasm,2082,207328,207981,415430,42236
native_to_wasm,2083,208592,207462,416175,42236
native_to_wasm,2084,207840,207565,415526,42236
native_to_wasm,2085,207324,208408,415853,42236
native_to_wasm,2086,207444,207482,415047,42236
native_to_wasm,2087,207335,208002,415458,42236
native_to_wasm,2088,207572,207461,415154,42236
native_to_wasm,2089,207854,207551,415526,42236
native_to_wasm,2090,207328,207469,414918,42236
native_to_wasm,2091,207381,207462,414964,42236
native_to_wasm,2092,207336,207977,415434,42236
native_to_wasm,2093,207457,207463,415041,42236
native_to_wasm,2094,207846,207550,415517,42236
native_to_wasm,2095,207324,207467,414912,42236
native_to_wasm,2096,207387,207458,414966,42236
native_to_wasm,2097,207338,207977,415436,42236
native_to_wasm,2098,207428,207459,415008,42236
native_to_wasm,2099,207846,207557,415524,42236
native_to_wasm,2100,207326,207467,414914,42236
native_to_wasm,2101,209227,207467,416815,42236
native_to_wasm,2102,207327,207981,415429,42236
native_to_wasm,2103,207426,207470,415017,42236
native_to_wasm,2104,208440,207552,416113,42236
native_to_wasm,2105,207324,207473,414918,42236
native_to_wasm,2106,209327,207466,416914,42236
native_to_wasm,2107,207336,207979,415436,42236
native_to_wasm,2108,207426,207459,415006,42236
native_to_wasm,2109,208489,207564,416174,42236
native_to_wasm,2110,207324,207465,414910,42236
native_to_wasm,2111,207967,208473,416561,42236
native_to_wasm,2112,207331,207977,415429,42236
native_to_wasm,2113,207428,207459,415008,42236
native_to_wasm,2114,208314,207549,415984,42236
native_to_wasm,2115,207326,207467,414914,42236
native_to_wasm,2116,207846,207552,415519,42236
native_to_wasm,2117,207329,207987,415437,42236
native_to_wasm,2118,207426,207468,415015,42236
native_to_wasm,2119,207332,208664,416117,42236
native_to_wasm,2120,207328,207455,414904,42236
native_to_wasm,2121,207858,207555,415534,42236
native_to_wasm,2122,207328,207973,415422,42236
native_to_wasm,2123,207406,207461,414988,42236
native_to_wasm,2124,207330,207518,414969,42236
native_to_wasm,2125,207339,207468,414928,42236
native_to_wasm,2126,207848,207542,415511,42236
native_to_wasm,2127,207332,207981,415434,42236
native_to_wasm,2128,207426,207470,415017,42236
native_to_wasm,2129,207330,208581,416032,42236
native_to_wasm,2130,207337,207465,414923,42236
native_to_wasm,2131,207854,207549,415524,42236
native_to_wasm,2132,207330,207981,415432,42236
native_to_wasm,2133,207428,207468,415017,42236
native_to_wasm,2134,207332,209754,417207,42236
native_to_wasm,2135,207336,207473,414930,42236
native_to_wasm,2136,207851,207546,415518,42236
native_to_wasm,2137,207328,208408,415857,42236
native_to_wasm,2138,207411,207455,414987,42236
native_to_wasm,2139,207348,208230,415699,42236
native_to_wasm,2140,208603,207467,416191,42236
native_to_wasm,2141,207854,207551,415526,42236
native_to_wasm,2142,207332,208577,416030,42236
native_to_wasm,2143,207457,207463,415041,42236
native_to_wasm,2144,207328,207981,415430,42236
native_to_wasm,2145,208592,207462,416175,42236
native_to_wasm,2146,207840,207565,415526,42236
native_to_wasm,2147,207324,208408,415853,42236
native_to_wasm,2148,207444,207482,415047,42236
native_to_wasm,2149,207335,208002,415458,42236
native_to_wasm,2150,207572,207461,415154,42236
native_to_wasm,2151,207854,207551,415526,42236
native_to_wasm,2152,207328,207469,414918,42236
native_to_wasm,2153,207381,207462,414964,42236
native_to_wasm,2154,207336,207977,415434,42236
native_to_wasm,2155,207457,207463,415041,42236
native_to_wasm,2156,207846,207550,415517,42236
native_to_wasm,2157,207324,207467,414912,42236
native_to_wasm,2158,207387,207458,414966,42236
native_to_wasm,2159,207338,207977,415436,42236
native_to_wasm,2160,207428,207459,415008,42236
native_to_wasm,2161,207846,207557,415524,42236
native_to_wasm,2162,207326,207467,414914,42236
native_to_wasm,2163,209227,207467,416815,42236
native_to_wasm,2164,207327,207981,415429,42236
native_to_wasm,2165,207426,207470,415017,42236
native_to_wasm,2166,208440,207552,416113,42236
native_to_wasm,2167,207324,207473,414918,42236
native_to_wasm,2168,209327,207466,416914,42236
native_to_wasm,2169,207336,207979,415436,42236
native_to_wasm,2170,207426,207459,415006,42236
native_to_wasm,2171,208489,207564,416174,42236
native_to_wasm,2172,207324,207465,414910,42236
native_to_wasm,2173,207967,208473,416561,42236
native_to_wasm,2174,207331,207977,415429,42236
native_to_wasm,2175,207428,207459,415008,42236
native_to_wasm,2176,208314,207549,415984,42236
native_to_wasm,2177,207326,207467,414914,42236
native_to_wasm,2178,207846,207552,415519,42236
native_to_wasm,2179,207329,207987,415437,42236
native_to_wasm,2180,207426,207468,415015,42236
native_to_wasm,2181,207332,208664,416117,42236
native_to_wasm,2182,207328,207455,414904,42236
native_to_wasm,2183,207858,207555,415534,42236
native_to_wasm,2184,207328,207973,415422,42236
native_to_wasm,2185,207406,207461,414988,42236
native_to_wasm,2186,207330,207518,414969,42236
native_to_wasm,2187,207339,207468,414928,42236
native_to_wasm,2188,207848,207542,415511,42236
native_to_wasm,2189,207332,207981,415434,42236
native_to_wasm,2190,207426,207470,415017,42236
native_to_wasm,2191,207330,208581,416032,42236
native_to_wasm,2192,207337,207465,414923,42236
native_to_wasm,2193,207854,207549,415524,42236
native_to_wasm,2194,207330,207981,415432,42236
native_to_wasm,2195,207428,207468,415017,42236
native_to_wasm,2196,207332,209754,417207,42236
native_to_wasm,2197,207336,207473,414930,42236
native_to_wasm,2198,207851,207546,415518,42236
native_to_wasm,2199,207328,208408,415857,42236
native_to_wasm,2200,207411,207455,414987,42236
native_to_wasm,2201,207348,208230,415699,42236
native_to_wasm,2202,208603,207467,416191,42236
native_to_wasm,2203,207854,207551,415526,42236
native_to_wasm,2204,207332,208577,416030,42236
native_to_wasm,2205,207457,207463,415041,42236
native_to_wasm,2206,207328,207981,415430,42236
native_to_wasm,2207,208592,207462,416175,42236
native_to_wasm,2208,207840,207565,415526,42236
native_to_wasm,2209,207324,208408,415853,42236
native_to_wasm,2210,207444,207482,415047,42236
native_to_wasm,2211,207335,208002,415458,42236
native_to_wasm,2212,207572,207461,415154,42236
native_to_wasm,2213,207854,207551,415526,42236
native_to_wasm,2214,207328,207469,414918,42236
native_to_wasm,2215,207381,207462,414964,42236
native_to_wasm,2216,207336,207977,415434,42236
native_to_wasm,2217,207457,207463,415041,42236
native_to_wasm,2218,207846,207550,415517,42236
native_to_wasm,2219,207324,207467,414912,42236
native_to_wasm,2220,207387,207458,414966,42236
native_to_wasm,2221,207338,207977,415436,42236
native_to_wasm,2222,207428,207459,415008,42236
native_to_wasm,2223,207846,207557,415524,42236
native_to_wasm,2224,207326,207467,414914,42236
native_to_wasm,2225,209227,207467,416815,42236
native_to_wasm,2226,207327,207981,415429,42236
native_to_wasm,2227,207426,207470,415017,42236
native_to_wasm,2228,208440,207552,416113,42236
native_to_wasm,2229,207324,207473,414918,42236
native_to_wasm,2230,209327,207466,416914,42236
native_to_wasm,2231,207336,207979,415436,42236
native_to_wasm,2232,207426,207459,415006,42236
native_to_wasm,2233,208489,207564,416174,42236
native_to_wasm,2234,207324,207465,414910,42236
native_to_wasm,2235,207967,208473,416561,42236
native_to_wasm,2236,207331,207977,415429,42236
native_to_wasm,2237,207428,207459,415008,42236
native_to_wasm,2238,208314,207549,415984,42236
native_to_wasm,2239,207326,207467,414914,42236
native_to_wasm,2240,207846,207552,415519,42236
native_to_wasm,2241,207329,207987,415437,42236
native_to_wasm,2242,207426,207468,415015,42236
native_to_wasm,2243,207332,208664,416117,42236
native_to_wasm,2244,207328,207455,414904,42236
native_to_wasm,2245,207858,207555,415534,42236
native_to_wasm,2246,207328,207973,415422,42236
native_to_wasm,2247,207406,207461,414988,42236
native_to_wasm,2248,207330,207518,414969,42236
native_to_wasm,2249,207339,207468,414928,42236
native_to_wasm,2250,207848,207542,415511,42236
native_to_wasm,2251,207332,207981,415434,42236
native_to_wasm,2252,207426,207470,415017,42236
native_to_wasm,2253,207330,208581,416032,42236
native_to_wasm,2254,207337,207465,414923,42236
native_to_wasm,2255,207854,207549,415524,42236
native_to_wasm,2256,207330,207981,415432,42236
native_to_wasm,2257,207428,207468,415017,42236
native_to_wasm,2258,207332,209754,417207,42236
native_to_wasm,2259,207336,207473,414930,42236
native_to_wasm,2260,207851,207546,415518,42236
native_to_wasm,2261,207328,208408,415857,42236
native_to_wasm,2262,207411,207455,414987,42236
native_to_wasm,2263,207348,208230,415699,42236
native_to_wasm,2264,208603,207467,416191,42236
native_to_wasm,2265,207854,207551,415526,42236
native_to_wasm,2266,207332,208577,416030,42236
native_to_wasm,2267,207457,207463,415041,42236
native_to_wasm,2268,207328,207981,415430,42236
native_to_wasm,2269,208592,207462,416175,42236
native_to_wasm,2270,207840,207565,415526,42236
native_to_wasm,2271,207324,208408,415853,42236
native_to_wasm,2272,207444,207482,415047,42236
native_to_wasm,2273,207335,208002,415458,42236
native_to_wasm,2274,207572,207461,415154,42236
native_to_wasm,2275,207854,207551,415526,42236
native_to_wasm,2276,207328,207469,414918,42236
native_to_wasm,2277,207381,207462,414964,42236
native_to_wasm,2278,207336,207977,415434,42236
native_to_wasm,2279,207457,207463,415041,42236
native_to_wasm,2280,207846,207550,415517,42236
native_to_wasm,2281,207324,207467,414912,42236
native_to_wasm,2282,207387,207458,414966,42236
native_to_wasm,2283,207338,207977,415436,42236
native_to_wasm,2284,207428,207459,415008,42236
native_to_wasm,2285,207846,207557,415524,42236
native_to_wasm,2286,207326,207467,414914,42236
native_to_wasm,2287,209227,207467,416815,42236
native_to_wasm,2288,207327,207981,415429,42236
native_to_wasm,2289,207426,207470,415017,42236
native_to_wasm,2290,208440,207552,416113,42236
native_to_wasm,2291,207324,207473,414918,42236
native_to_wasm,2292,209327,207466,416914,42236
native_to_wasm,2293,207336,207979,415436,42236
native_to_wasm,2294,207426,207459,415006,42236
native_to_wasm,2295,208489,207564,416174,42236
native_to_wasm,2296,207324,207465,414910,42236
native_to_wasm,2297,207967,208473,416561,42236
native_to_wasm,2298,207331,207977,415429,42236
native_to_wasm,2299,207428,207459,415008,42236
native_to_wasm,2300,208314,207549,415984,42236
native_to_wasm,2301,207326,207467,414914,42236
native_to_wasm,2302,207846,207552,415519,42236
native_to_wasm,2303,207329,207987,415437,42236
native_to_wasm,2304,207426,207468,415015,42236
native_to_wasm,2305,207332,208664,416117,42236
native_to_wasm,2306,207328,207455,414904,42236
native_to_wasm,2307,207858,207555,415534,42236
native_to_wasm,2308,207328,207973,415422,42236
native_to_wasm,2309,207406,207461,414988,42236
native_to_wasm,2310,207330,207518,414969,42236
native_to_wasm,2311,207339,207468,414928,42236
native_to_wasm,2312,207848,207542,415511,42236
native_to_wasm,2313,207332,207981,415434,42236
native_to_wasm,2314,207426,207470,415017,42236
native_to_wasm,2315,207330,208581,416032,42236
native_to_wasm,2316,207337,207465,414923,42236
native_to_wasm,2317,207854,207549,415524,42236
native_to_wasm,2318,207330,207981,415432,42236
native_to_wasm,2319,207428,207468,415017,42236
native_to_wasm,2320,207332,209754,417207,42236
native_to_wasm,2321,207336,207473,414930,42236
native_to_wasm,2322,207851,207546,415518,42236
native_to_wasm,2323,207328,208408,415857,42236
native_to_wasm,2324,207411,207455,414987,42236
native_to_wasm,2325,207348,208230,415699,42236
native_to_wasm,2326,208603,207467,416191,42236
native_to_wasm,2327,207854,207551,415526,42236
native_to_wasm,2328,207332,208577,416030,42236
native_to_wasm,2329,207457,207463,415041,42236
native_to_wasm,2330,207328,207981,415430,42236
native_to_wasm,2331,208592,207462,416175,42236
native_to_wasm,2332,207840,207565,415526,42236
native_to_wasm,2333,207324,208408,415853,42236
native_to_wasm,2334,207444,207482,415047,42236
native_to_wasm,2335,207335,208002,415458,42236
native_to_wasm,2336,207572,207461,415154,42236
native_to_wasm,2337,207854,207551,415526,42236
native_to_wasm,2338,207328,207469,414918,42236
native_to_wasm,2339,207381,207462,414964,42236
native_to_wasm,2340,207336,207977,415434,42236
native_to_wasm,2341,207457,207463,415041,42236
native_to_wasm,2342,207846,207550,415517,42236
native_to_wasm,2343,207324,207467,414912,42236
native_to_wasm,2344,207387,207458,414966,42236
native_to_wasm,2345,207338,207977,415436,42236
native_to_wasm,2346,207428,207459,415008,42236
native_to_wasm,2347,207846,207557,415524,42236
native_to_wasm,2348,207326,207467,414914,42236
native_to_wasm,2349,209227,207467,416815,42236
native_to_wasm,2350,207327,207981,415429,42236
native_to_wasm,2351,207426,207470,415017,42236
native_to_wasm,2352,208440,207552,416113,42236
native_to_wasm,2353,207324,207473,414918,42236
native_to_wasm,2354,209327,207466,416914,42236
native_to_wasm,2355,207336,207979,415436,42236
native_to_wasm,2356,207426,207459,415006,42236
native_to_wasm,2357,208489,207564,416174,42236
native_to_wasm,2358,207324,207465,414910,42236
native_to_wasm,2359,207967,208473,416561,42236
native_to_wasm,2360,207331,207977,415429,42236
native_to_wasm,2361,207428,207459,415008,42236
native_to_wasm,2362,208314,207549,415984,42236
native_to_wasm,2363,207326,207467,414914,42236
native_to_wasm,2364,207846,207552,415519,42236
native_to_wasm,2365,207329,207987,415437,42236
native_to_wasm,2366,207426,207468,415015,42236
native_to_wasm,2367,207332,208664,416117,42236
native_to_wasm,2368,207328,207455,414904,42236
native_to_wasm,2369,207858,207555,415534,42236
native_to_wasm,2370,207328,207973,415422,42236
native_to_wasm,2371,207406,207461,414988,42236
native_to_wasm,2372,207330,207518,414969,42236
native_to_wasm,2373,207339,207468,414928,42236
native_to_wasm,2374,207848,207542,415511,42236
native_to_wasm,2375,207332,207981,415434,42236
native_to_wasm,2376,207426,207470,415017,42236
native_to_wasm,2377,207330,208581,416032,42236
native_to_wasm,2378,207337,207465,414923,42236
native_to_wasm,2379,207854,207549,415524,42236
native_to_wasm,2380,207330,207981,415432,42236
native_to_wasm,2381,207428,207468,415017,42236
native_to_wasm,2382,207332,209754,417207,42236
native_to_wasm,2383,207336,207473,414930,42236
native_to_wasm,2384,207851,207546,415518,42236
native_to_wasm,2385,207328,208408,415857,42236
native_to_wasm,2386,207411,207455,414987,42236
native_to_wasm,2387,207348,208230,415699,42236
native_to_wasm,2388,208603,207467,416191,42236
native_to_wasm,2389,207854,207551,415526,42236
native_to_wasm,2390,207332,208577,416030,42236
native_to_wasm,2391,207457,207463,415041,42236
native_to_wasm,2392,207328,207981,415430,42236
native_to_wasm,2393,208592,207462,416175,42236
native_to_wasm,2394,207840,207565,415526,42236
native_to_wasm,2395,207324,208408,415853,42236
native_to_wasm,2396,207444,207482,415047,42236
native_to_wasm,2397,207335,208002,415458,42236
native_to_wasm,2398,207572,207461,415154,42236
native_to_wasm,2399,207854,207551,415526,42236
native_to_wasm,2400,207328,207469,414918,42236
native_to_wasm,2401,207381,207462,414964,42236
native_to_wasm,2402,207336,207977,415434,42236
native_to_wasm,2403,207457,207463,415041,42236
native_to_wasm,2404,207846,207550,415517,42236
native_to_wasm,2405,207324,207467,414912,42236
native_to_wasm,2406,207387,207458,414966,42236
native_to_wasm,2407,207338,207977,415436,42236
native_to_wasm,2408,207428,207459,415008,42236
native_to_wasm,2409,207846,207557,415524,42236
native_to_wasm,2410,207326,207467,414914,42236
native_to_wasm,2411,209227,207467,416815,42236
native_to_wasm,2412,207327,207981,415429,42236
native_to_wasm,2413,207426,207470,415017,42236
native_to_wasm,2414,208440,207552,416113,42236
native_to_wasm,2415,207324,207473,414918,42236
native_to_wasm,2416,209327,207466,416914,42236
native_to_wasm,2417,207336,207979,415436,42236
native_to_wasm,2418,207426,207459,415006,42236
native_to_wasm,2419,208489,207564,416174,42236
native_to_wasm,2420,207324,207465,414910,42236
native_to_wasm,2421,207967,208473,416561,42236
native_to_wasm,2422,207331,207977,415429,42236
native_to_wasm,2423,207428,207459,415008,42236
native_to_wasm,2424,208314,207549,415984,42236
native_to_wasm,2425,207326,207467,414914,42236
native_to_wasm,2426,207846,207552,415519,42236
native_to_wasm,2427,207329,207987,415437,42236
native_to_wasm,2428,207426,207468,415015,42236
native_to_wasm,2429,207332,208664,416117,42236
native_to_wasm,2430,207328,207455,414904,42236
native_to_wasm,2431,207858,207555,415534,42236
native_to_wasm,2432,207328,207973,415422,42236
native_to_wasm,2433,207406,207461,414988,42236
native_to_wasm,2434,207330,207518,414969,42236
native_to_wasm,2435,207339,207468,414928,42236
native_to_wasm,2436,207848,207542,415511,42236
native_to_wasm,2437,207332,207981,415434,42236
native_to_wasm,2438,207426,207470,415017,42236
native_to_wasm,2439,207330,208581,416032,42236
native_to_wasm,2440,207337,207465,414923,42236
native_to_wasm,2441,207854,207549,415524,42236
native_to_wasm,2442,207330,207981,415432,42236
native_to_wasm,2443,207428,207468,415017,42236
native_to_wasm,2444,207332,209754,417207,42236
native_to_wasm,2445,207336,207473,414930,42236
native_to_wasm,2446,207851,207546,415518,42236
native_to_wasm,2447,207328,208408,415857,42236
native_to_wasm,2448,207411,207455,414987,42236
native_to_wasm,2449,207348,208230,415699,42236
native_to_wasm,2450,208603,207467,416191,42236
native_to_wasm,2451,207854,207551,415526,42236
native_to_wasm,2452,207332,208577,416030,42236
native_to_wasm,2453,207457,207463,415041,42236
native_to_wasm,2454,207328,207981,415430,42236
native_to_wasm,2455,208592,207462,416175,42236
native_to_wasm,2456,207840,207565,415526,42236
native_to_wasm,2457,207324,208408,415853,42236
native_to_wasm,2458,207444,207482,415047,42236
native_to_wasm,2459,207335,208002,415458,42236
native_to_wasm,2460,207572,207461,415154,42236
native_to_wasm,2461,207854,207551,415526,42236
native_to_wasm,2462,207328,207469,414918,42236
native_to_wasm,2463,207381,207462,414964,42236
native_to_wasm,2464,207336,207977,415434,42236
native_to_wasm,2465,207457,207463,415041,42236
native_to_wasm,2466,207846,207550,415517,42236
native_to_wasm,2467,207324,207467,414912,42236
native_to_wasm,2468,207387,207458,414966,42236
native_to_wasm,2469,207338,207977,415436,42236
native_to_wasm,2470,207428,207459,415008,42236
native_to_wasm,2471,207846,207557,415524,42236
native_to_wasm,2472,207326,207467,414914,42236
native_to_wasm,2473,209227,207467,416815,42236
native_to_wasm,2474,207327,207981,415429,42236
native_to_wasm,2475,207426,207470,415017,42236
native_to_wasm,2476,208440,207552,416113,42236
native_to_wasm,2477,207324,207473,414918,42236
native_to_wasm,2478,209327,207466,416914,42236
native_to_wasm,2479,207336,207979,415436,42236
native_to_wasm,2480,207426,207459,415006,42236
native_to_wasm,2481,208489,207564,416174,42236
native_to_wasm,2482,207324,207465,414910,42236
native_to_wasm,2483,207967,208473,416561,42236
native_to_wasm,2484,207331,207977,415429,42236
native_to_wasm,2485,207428,207459,415008,42236
native_to_wasm,2486,208314,207549,415984,42236
native_to_wasm,2487,207326,207467,414914,42236
native_to_wasm,2488,207846,207552,415519,42236
native_to_wasm,2489,207329,207987,415437,42236
native_to_wasm,2490,207426,207468,415015,42236
native_to_wasm,2491,207332,208664,416117,42236
native_to_wasm,2492,207328,207455,414904,42236
native_to_wasm,2493,207858,207555,415534,42236
native_to_wasm,2494,207328,207973,415422,42236
native_to_wasm,2495,207406,207461,414988,42236
native_to_wasm,2496,207330,207518,414969,42236
native_to_wasm,2497,207339,207468,414928,42236
native_to_wasm,2498,207848,207542,415511,42236
native_to_wasm,2499,207332,207981,415434,42236
native_to_wasm,2500,207426,207470,415017,42236
native_to_wasm,2501,207330,208581,416032,42236
native_to_wasm,2502,207337,207465,414923,42236
native_to_wasm,2503,207854,207549,415524,42236
native_to_wasm,2504,207330,207981,415432,42236
native_to_wasm,2505,207428,207468,415017,42236
native_to_wasm,2506,207332,209754,417207,42236
native_to_wasm,2507,207336,207473,414930,42236
native_to_wasm,2508,207851,207546,415518,42236
native_to_wasm,2509,207328,208408,415857,42236
native_to_wasm,2510,207411,207455,414987,42236
native_to_wasm,2511,207348,208230,415699,42236
native_to_wasm,2512,208603,207467,416191,42236
native_to_wasm,2513,207854,207551,415526,42236
native_to_wasm,2514,207332,208577,416030,42236
native_to_wasm,2515,207457,207463,415041,42236
native_to_wasm,2516,207328,207981,415430,42236
native_to_wasm,2517,208592,207462,416175,42236
native_to_wasm,2518,207840,207565,415526,42236
native_to_wasm,2519,207324,208408,415853,42236
native_to_wasm,2520,207444,207482,415047,42236
native_to_wasm,2521,207335,208002,415458,42236
native_to_wasm,2522,207572,207461,415154,42236
native_to_wasm,2523,207854,207551,415526,42236
native_to_wasm,2524,207328,207469,414918,42236
native_to_wasm,2525,207381,207462,414964,42236
native_to_wasm,2526,207336,207977,415434,42236
native_to_wasm,2527,207457,207463,415041,42236
native_to_wasm,2528,207846,207550,415517,42236
native_to_wasm,2529,207324,207467,414912,42236
native_to_wasm,2530,207387,207458,414966,42236
native_to_wasm,2531,207338,207977,415436,42236
native_to_wasm,2532,207428,207459,415008,42236
native_to_wasm,2533,207846,207557,415524,42236
native_to_wasm,2534,207326,207467,414914,42236
native_to_wasm,2535,209227,207467,416815,42236
native_to_wasm,2536,207327,207981,415429,42236
native_to_wasm,2537,207426,207470,415017,42236
native_to_wasm,2538,208440,207552,416113,42236
native_to_wasm,2539,207324,207473,414918,42236
native_to_wasm,2540,209327,207466,416914,42236
native_to_wasm,2541,207336,207979,415436,42236
native_to_wasm,2542,207426,207459,415006,42236
native_to_wasm,2543,208489,207564,416174,42236
native_to_wasm,2544,207324,207465,414910,42236
native_to_wasm,2545,207967,208473,416561,42236
native_to_wasm,2546,207331,207977,415429,42236
native_to_wasm,2547,207428,207459,415008,42236
native_to_wasm,2548,208314,207549,415984,42236
native_to_wasm,2549,207326,207467,414914,42236
native_to_wasm,2550,207846,207552,415519,42236
native_to_wasm,2551,207329,207987,415437,42236
native_to_wasm,2552,207426,207468,415015,42236
native_to_wasm,2553,207332,208664,416117,42236
native_to_wasm,2554,207328,207455,414904,42236
native_to_wasm,2555,207858,207555,415534,42236
native_to_wasm,2556,207328,207973,415422,42236
native_to_wasm,2557,207406,207461,414988,42236
native_to_wasm,2558,207330,207518,414969,42236
native_to_wasm,2559,207339,207468,414928,42236
native_to_wasm,2560,207848,207542,415511,42236
native_to_wasm,2561,207332,207981,415434,42236
native_to_wasm,2562,207426,207470,415017,42236
native_to_wasm,2563,207330,208581,416032,42236
native_to_wasm,2564,207337,207465,414923,42236
native_to_wasm,2565,207854,207549,415524,42236
native_to_wasm,2566,207330,207981,415432,42236
native_to_wasm,2567,207428,207468,415017,42236
native_to_wasm,2568,207332,209754,417207,42236
native_to_wasm,2569,207336,207473,414930,42236
native_to_wasm,2570,207851,207546,415518,42236
native_to_wasm,2571,207328,208408,415857,42236
native_to_wasm,2572,207411,207455,414987,42236
native_to_wasm,2573,207348,208230,415699,42236
native_to_wasm,2574,208603,207467,416191,42236
native_to_wasm,2575,207854,207551,415526,42236
native_to_wasm,2576,207332,208577,416030,42236
native_to_wasm,2577,207457,207463,415041,42236
native_to_wasm,2578,207328,207981,415430,42236
native_to_wasm,2579,208592,207462,416175,42236
native_to_wasm,2580,207840,207565,415526,42236
native_to_wasm,2581,207324,208408,415853,42236
native_to_wasm,2582,207444,207482,415047,42236
native_to_wasm,2583,207335,208002,415458,42236
native_to_wasm,2584,207572,207461,415154,42236
native_to_wasm,2585,207854,207551,415526,42236
native_to_wasm,2586,207328,207469,414918,42236
native_to_wasm,2587,207381,207462,414964,42236
native_to_wasm,2588,207336,207977,415434,42236
native_to_wasm,2589,207457,207463,415041,42236
native_to_wasm,2590,207846,207550,415517,42236
native_to_wasm,2591,207324,207467,414912,42236
native_to_wasm,2592,207387,207458,414966,42236
native_to_wasm,2593,207338,207977,415436,42236
native_to_wasm,2594,207428,207459,415008,42236
native_to_wasm,2595,207846,207557,415524,42236
native_to_wasm,2596,207326,207467,414914,42236
native_to_wasm,2597,209227,207467,416815,42236
native_to_wasm,2598,207327,207981,415429,42236
native_to_wasm,2599,207426,207470,415017,42236
native_to_wasm,2600,208440,207552,416113,42236
native_to_wasm,2601,207324,207473,414918,42236
native_to_wasm,2602,209327,207466,416914,42236
native_to_wasm,2603,207336,207979,415436,42236
native_to_wasm,2604,207426,207459,415006,42236
native_to_wasm,2605,208489,207564,416174,42236
native_to_wasm,2606,207324,207465,414910,42236
native_to_wasm,2607,207967,208473,416561,42236
native_to_wasm,2608,207331,207977,415429,42236
native_to_wasm,2609,207428,207459,415008,42236
native_to_wasm,2610,208314,207549,415984,42236
native_to_wasm,2611,207326,207467,414914,42236
native_to_wasm,2612,207846,207552,415519,42236
native_to_wasm,2613,207329,207987,415437,42236
native_to_wasm,2614,207426,207468,415015,42236
native_to_wasm,2615,207332,208664,416117,42236
native_to_wasm,2616,207328,207455,414904,42236
native_to_wasm,2617,207858,207555,415534,42236
native_to_wasm,2618,207328,207973,415422,42236
native_to_wasm,2619,207406,207461,414988,42236
native_to_wasm,2620,207330,207518,414969,42236
native_to_wasm,2621,207339,207468,414928,42236
native_to_wasm,2622,207848,207542,415511,42236
native_to_wasm,2623,207332,207981,415434,42236
native_to_wasm,2624,207426,207470,415017,42236
native_to_wasm,2625,207330,208581,416032,42236
native_to_wasm,2626,207337,207465,414923,42236
native_to_wasm,2627,207854,207549,415524,42236
native_to_wasm,2628,207330,207981,415432,42236
native_to_wasm,2629,207428,207468,415017,42236
native_to_wasm,2630,207332,209754,417207,42236
native_to_wasm,2631,207336,207473,414930,42236
native_to_wasm,2632,207851,207546,415518,42236
native_to_wasm,2633,207328,208408,415857,42236
native_to_wasm,2634,207411,207455,414987,42236
native_to_wasm,2635,207348,208230,415699,42236
native_to_wasm,2636,208603,207467,416191,42236
native_to_wasm,2637,207854,207551,415526,42236
native_to_wasm,2638,207332,208577,416030,42236
native_to_wasm,2639,207457,207463,415041,42236
native_to_wasm,2640,207328,207981,415430,42236
native_to_wasm,2641,208592,207462,416175,42236
native_to_wasm,2642,207840,207565,415526,42236
native_to_wasm,2643,207324,208408,415853,42236
native_to_wasm,2644,207444,207482,415047,42236
native_to_wasm,2645,207335,208002,415458,42236
native_to_wasm,2646,207572,207461,415154,42236
native_to_wasm,2647,207854,207551,415526,42236
native_to_wasm,2648,207328,207469,414918,42236
native_to_wasm,2649,207381,207462,414964,42236
native_to_wasm,2650,207336,207977,415434,42236
native_to_wasm,2651,207457,207463,415041,42236
native_to_wasm,2652,207846,207550,415517,42236
native_to_wasm,2653,207324,207467,414912,42236
native_to_wasm,2654,207387,207458,414966,42236
native_to_wasm,2655,207338,207977,415436,42236
native_to_wasm,2656,207428,207459,415008,42236
native_to_wasm,2657,207846,207557,415524,42236
native_to_wasm,2658,207326,207467,414914,42236
native_to_wasm,2659,209227,207467,416815,42236
native_to_wasm,2660,207327,207981,415429,42236
native_to_wasm,2661,207426,207470,415017,42236
native_to_wasm,2662,208440,207552,416113,42236
native_to_wasm,2663,207324,207473,414918,42236
native_to_wasm,2664,209327,207466,416914,42236
native_to_wasm,2665,207336,207979,415436,42236
native_to_wasm,2666,207426,207459,415006,42236
native_to_wasm,2667,208489,207564,416174,42236
native_to_wasm,2668,207324,207465,414910,42236
native_to_wasm,2669,207967,208473,416561,42236
native_to_wasm,2670,207331,207977,415429,42236
native_to_wasm,2671,207428,207459,415008,42236
native_to_wasm,2672,208314,207549,415984,42236
native_to_wasm,2673,207326,207467,414914,42236
native_to_wasm,2674,207846,207552,415519,42236
native_to_wasm,2675,207329,207987,415437,42236
native_to_wasm,2676,207426,207468,415015,42236
native_to_wasm,2677,207332,208664,416117,42236
native_to_wasm,2678,207328,207455,414904,42236
native_to_wasm,2679,207858,207555,415534,42236
native_to_wasm,2680,207328,207973,415422,42236
native_to_wasm,2681,207406,207461,414988,42236
native_to_wasm,2682,207330,207518,414969,42236
native_to_wasm,2683,207339,207468,414928,42236
native_to_wasm,2684,207848,207542,415511,42236
native_to_wasm,2685,207332,207981,415434,42236
native_to_wasm,2686,207426,207470,415017,42236
native_to_wasm,2687,207330,208581,416032,42236
native_to_wasm,2688,207337,207465,414923,42236
native_to_wasm,2689,207854,207549,415524,42236
native_to_wasm,2690,207330,207981,415432,42236
native_to_wasm,2691,207428,207468,415017,42236
native_to_wasm,2692,207332,209754,417207,42236
native_to_wasm,2693,207336,207473,414930,42236
native_to_wasm,2694,207851,207546,415518,42236
native_to_wasm,2695,207328,208408,415857,42236
native_to_wasm,2696,207411,207455,414987,42236
native_to_wasm,2697,207348,208230,415699,42236
native_to_wasm,2698,208603,207467,416191,42236
native_to_wasm,2699,207854,207551,415526,42236
native_to_wasm,2700,207332,208577,416030,42236
native_to_wasm,2701,207457,207463,415041,42236
native_to_wasm,2702,207328,207981,415430,42236
native_to_wasm,2703,208592,207462,416175,42236
native_to_wasm,2704,207840,207565,415526,42236
native_to_wasm,2705,207324,208408,415853,42236
native_to_wasm,2706,207444,207482,415047,42236
native_to_wasm,2707,207335,208002,415458,42236
native_to_wasm,2708,207572,207461,415154,42236
native_to_wasm,2709,207854,207551,415526,42236
native_to_wasm,2710,207328,207469,414918,42236
native_to_wasm,2711,207381,207462,414964,42236
native_to_wasm,2712,207336,207977,415434,42236
native_to_wasm,2713,207457,207463,415041,42236
native_to_wasm,2714,207846,207550,415517,42236
native_to_wasm,2715,207324,207467,414912,42236
native_to_wasm,2716,207387,207458,414966,42236
native_to_wasm,2717,207338,207977,415436,42236
native_to_wasm,2718,207428,207459,415008,42236
native_to_wasm,2719,207846,207557,415524,42236
native_to_wasm,2720,207326,207467,414914,42236
native_to_wasm,2721,209227,207467,416815,42236
native_to_wasm,2722,207327,207981,415429,42236
native_to_wasm,2723,207426,207470,415017,42236
native_to_wasm,2724,208440,207552,416113,42236
native_to_wasm,2725,207324,207473,414918,42236
native_to_wasm,2726,209327,207466,416914,42236
native_to_wasm,2727,207336,207979,415436,42236
native_to_wasm,2728,207426,207459,415006,42236
native_to_wasm,2729,208489,207564,416174,42236
native_to_wasm,2730,207324,207465,414910,42236
native_to_wasm,2731,207967,208473,416561,42236
native_to_wasm,2732,207331,207977,415429,42236
native_to_wasm,2733,207428,207459,415008,42236
native_to_wasm,2734,208314,207549,415984,42236
native_to_wasm,2735,207326,207467,414914,42236
native_to_wasm,2736,207846,207552,415519,42236
native_to_wasm,2737,207329,207987,415437,42236
native_to_wasm,2738,207426,207468,415015,42236
native_to_wasm,2739,207332,208664,416117,42236
native_to_wasm,2740,207328,207455,414904,42236
native_to_wasm,2741,207858,207555,415534,42236
native_to_wasm,2742,207328,207973,415422,42236
native_to_wasm,2743,207406,207461,414988,42236
native_to_wasm,2744,207330,207518,414969,42236
native_to_wasm,2745,207339,207468,414928,42236
native_to_wasm,2746,207848,207542,415511,42236
native_to_wasm,2747,207332,207981,415434,42236
native_to_wasm,2748,207426,207470,415017,42236
native_to_wasm,2749,207330,208581,416032,42236
native_to_wasm,2750,207337,207465,414923,42236
native_to_wasm,2751,207854,207549,415524,42236
native_to_wasm,2752,207330,207981,415432,42236
native_to_wasm,2753,207428,207468,415017,42236
native_to_wasm,2754,207332,209754,417207,42236
native_to_wasm,2755,207336,207473,414930,42236
native_to_wasm,2756,207851,207546,415518,42236
native_to_wasm,2757,207328,208408,415857,42236
native_to_wasm,2758,207411,207455,414987,42236
native_to_wasm,2759,207348,208230,415699,42236
native_to_wasm,2760,208603,207467,416191,42236
native_to_wasm,2761,207854,207551,415526,42236
native_to_wasm,2762,207332,208577,416030,42236
native_to_wasm,2763,207457,207463,415041,42236
native_to_wasm,2764,207328,207981,415430,42236
native_to_wasm,2765,208592,207462,416175,42236
native_to_wasm,2766,207840,207565,415526,42236
native_to_wasm,2767,207324,208408,415853,42236
native_to_wasm,2768,207444,207482,415047,42236
native_to_wasm,2769,207335,208002,415458,42236
native_to_wasm,2770,207572,207461,415154,42236
native_to_wasm,2771,207854,207551,415526,42236
native_to_wasm,2772,207328,207469,414918,42236
native_to_wasm,2773,207381,207462,414964,42236
native_to_wasm,2774,207336,207977,415434,42236
native_to_wasm,2775,207457,207463,415041,42236
native_to_wasm,2776,207846,207550,415517,42236
native_to_wasm,2777,207324,207467,414912,42236
native_to_wasm,2778,207387,207458,414966,42236
native_to_wasm,2779,207338,207977,415436,42236
native_to_wasm,2780,207428,207459,415008,42236
native_to_wasm,2781,207846,207557,415524,42236
native_to_wasm,2782,207326,207467,414914,42236
native_to_wasm,2783,209227,207467,416815,42236
native_to_wasm,2784,207327,207981,415429,42236
native_to_wasm,2785,207426,207470,415017,42236
native_to_wasm,2786,208440,207552,416113,42236
native_to_wasm,2787,207324,207473,414918,42236
native_to_wasm,2788,209327,207466,416914,42236
native_to_wasm,2789,207336,207979,415436,42236
native_to_wasm,2790,207426,207459,415006,42236
native_to_wasm,2791,208489,207564,416174,42236
native_to_wasm,2792,207324,207465,414910,42236
native_to_wasm,2793,207967,208473,416561,42236
native_to_wasm,2794,207331,207977,415429,42236
native_to_wasm,2795,207428,207459,415008,42236
native_to_wasm,2796,208314,207549,415984,42236
native_to_wasm,2797,207326,207467,414914,42236
native_to_wasm,2798,207846,207552,415519,42236
native_to_wasm,2799,207329,207987,415437,42236
native_to_wasm,2800,207426,207468,415015,42236
native_to_wasm,2801,207332,208664,416117,42236
native_to_wasm,2802,207328,207455,414904,42236
native_to_wasm,2803,207858,207555,415534,42236
native_to_wasm,2804,207328,207973,415422,42236
native_to_wasm,2805,207406,207461,414988,42236
native_to_wasm,2806,207330,207518,414969,42236
native_to_wasm,2807,207339,207468,414928,42236
native_to_wasm,2808,207848,207542,415511,42236
native_to_wasm,2809,207332,207981,415434,42236
native_to_wasm,2810,207426,207470,415017,42236
native_to_wasm,2811,207330,208581,416032,42236
native_to_wasm,2812,207337,207465,414923,42236
native_to_wasm,2813,207854,207549,415524,42236
native_to_wasm,2814,207330,207981,415432,42236
native_to_wasm,2815,207428,207468,415017,42236
native_to_wasm,2816,207332,209754,417207,42236
native_to_wasm,2817,207336,207473,414930,42236
native_to_wasm,2818,207851,207546,415518,42236
native_to_wasm,2819,207328,208408,415857,42236
native_to_wasm,2820,207411,207455,414987,42236
native_to_wasm,2821,207348,208230,415699,42236
native_to_wasm,2822,208603,207467,416191,42236
native_to_wasm,2823,207854,207551,415526,42236
native_to_wasm,2824,207332,208577,416030,42236
native_to_wasm,2825,207457,207463,415041,42236
native_to_wasm,2826,207328,207981,415430,42236
native_to_wasm,2827,208592,207462,416175,42236
native_to_wasm,2828,207840,207565,415526,42236
native_to_wasm,2829,207324,208408,415853,42236
native_to_wasm,2830,207444,207482,415047,42236
native_to_wasm,2831,207335,208002,415458,42236
native_to_wasm,2832,207572,207461,415154,42236
native_to_wasm,2833,207854,207551,415526,42236
native_to_wasm,2834,207328,207469,414918,42236
native_to_wasm,2835,207381,207462,414964,42236
native_to_wasm,2836,207336,207977,415434,42236
native_to_wasm,2837,207457,207463,415041,42236
native_to_wasm,2838,207846,207550,415517,42236
native_to_wasm,2839,207324,207467,414912,42236
native_to_wasm,2840,207387,207458,414966,42236
native_to_wasm,2841,207338,207977,415436,42236
native_to_wasm,2842,207428,207459,415008,42236
native_to_wasm,2843,207846,207557,415524,42236
native_to_wasm,2844,207326,207467,414914,42236
native_to_wasm,2845,209227,207467,416815,42236
native_to_wasm,2846,207327,207981,415429,42236
native_to_wasm,2847,207426,207470,415017,42236
native_to_wasm,2848,208440,207552,416113,42236
native_to_wasm,2849,207324,207473,414918,42236
native_to_wasm,2850,209327,207466,416914,42236
native_to_wasm,2851,207336,207979,415436,42236
native_to_wasm,2852,207426,207459,415006,42236
native_to_wasm,2853,208489,207564,416174,42236
native_to_wasm,2854,207324,207465,414910,42236
native_to_wasm,2855,207967,208473,416561,42236
native_to_wasm,2856,207331,207977,415429,42236
native_to_wasm,2857,207428,207459,415008,42236
native_to_wasm,2858,208314,207549,415984,42236
native_to_wasm,2859,207326,207467,414914,42236
native_to_wasm,2860,207846,207552,415519,42236
native_to_wasm,2861,207329,207987,415437,42236
native_to_wasm,2862,207426,207468,415015,42236
native_to_wasm,2863,207332,208664,416117,42236
native_to_wasm,2864,207328,207455,414904,42236
native_to_wasm,2865,207858,207555,415534,42236
native_to_wasm,2866,207328,207973,415422,42236
native_to_wasm,2867,207406,207461,414988,42236
native_to_wasm,2868,207330,207518,414969,42236
native_to_wasm,2869,207339,207468,414928,42236
native_to_wasm,2870,207848,207542,415511,42236
native_to_wasm,2871,207332,207981,415434,42236
native_to_wasm,2872,207426,207470,415017,42236
native_to_wasm,2873,207330,208581,416032,42236
native_to_wasm,2874,207337,207465,414923,42236
native_to_wasm,2875,207854,207549,415524,42236
native_to_wasm,2876,207330,207981,415432,42236
native_to_wasm,2877,207428,207468,415017,42236
native_to_wasm,2878,207332,209754,417207,42236
native_to_wasm,2879,207336,207473,414930,42236
native_to_wasm,2880,207851,207546,415518,42236
native_to_wasm,2881,207328,208408,415857,42236
native_to_wasm,2882,207411,207455,414987,42236
native_to_wasm,2883,207348,208230,415699,42236
native_to_wasm,2884,208603,207467,416191,42236
native_to_wasm,2885,207854,207551,415526,42236
native_to_wasm,2886,207332,208577,416030,42236
native_to_wasm,2887,207457,207463,415041,42236
native_to_wasm,2888,207328,207981,415430,42236
native_to_wasm,2889,208592,207462,416175,42236
native_to_wasm,2890,207840,207565,415526,42236
native_to_wasm,2891,207324,208408,415853,42236
native_to_wasm,2892,207444,207482,415047,42236
native_to_wasm,2893,207335,208002,415458,42236
native_to_wasm,2894,207572,207461,415154,42236
native_to_wasm,2895,207854,207551,415526,42236
native_to_wasm,2896,207328,207469,414918,42236
native_to_wasm,2897,207381,207462,414964,42236
native_to_wasm,2898,207336,207977,415434,42236
native_to_wasm,2899,207457,207463,415041,42236
native_to_wasm,2900,207846,207550,415517,42236
native_to_wasm,2901,207324,207467,414912,42236
native_to_wasm,2902,207387,207458,414966,42236
native_to_wasm,2903,207338,207977,415436,42236
native_to_wasm,2904,207428,207459,415008,42236
native_to_wasm,2905,207846,207557,415524,42236
native_to_wasm,2906,207326,207467,414914,42236
native_to_wasm,2907,209227,207467,416815,42236
native_to_wasm,2908,207327,207981,415429,42236
native_to_wasm,2909,207426,207470,415017,42236
native_to_wasm,2910,208440,207552,416113,42236
native_to_wasm,2911,207324,207473,414918,42236
native_to_wasm,2912,209327,207466,416914,42236
native_to_wasm,2913,207336,207979,415436,42236
native_to_wasm,2914,207426,207459,415006,42236
native_to_wasm,2915,208489,207564,416174,42236
native_to_wasm,2916,207324,207465,414910,42236
native_to_wasm,2917,207967,208473,416561,42236
native_to_wasm,2918,207331,207977,415429,42236
native_to_wasm,2919,207428,207459,415008,42236
native_to_wasm,2920,208314,207549,415984,42236
native_to_wasm,2921,207326,207467,414914,42236
native_to_wasm,2922,207846,207552,415519,42236
native_to_wasm,2923,207329,207987,415437,42236
native_to_wasm,2924,207426,207468,415015,42236
native_to_wasm,2925,207332,208664,416117,42236
native_to_wasm,2926,207328,207455,414904,42236
native_to_wasm,2927,207858,207555,415534,42236
native_to_wasm,2928,207328,207973,415422,42236
native_to_wasm,2929,207406,207461,414988,42236
native_to_wasm,2930,207330,207518,414969,42236
native_to_wasm,2931,207339,207468,414928,42236
native_to_wasm,2932,207848,207542,415511,42236
native_to_wasm,2933,207332,207981,415434,42236
native_to_wasm,2934,207426,207470,415017,42236
native_to_wasm,2935,207330,208581,416032,42236
native_to_wasm,2936,207337,207465,414923,42236
native_to_wasm,2937,207854,207549,415524,42236
native_to_wasm,2938,207330,207981,415432,42236
native_to_wasm,2939,207428,207468,415017,42236
native_to_wasm,2940,207332,209754,417207,42236
native_to_wasm,2941,207336,207473,414930,42236
native_to_wasm,2942,207851,207546,415518,42236
native_to_wasm,2943,207328,208408,415857,42236
native_to_wasm,2944,207411,207455,414987,42236
native_to_wasm,2945,207348,208230,415699,42236
native_to_wasm,2946,208603,207467,416191,42236
native_to_wasm,2947,207854,207551,415526,42236
native_to_wasm,2948,207332,208577,416030,42236
native_to_wasm,2949,207457,207463,415041,42236
native_to_wasm,2950,207328,207981,415430,42236
native_to_wasm,2951,208592,207462,416175,42236
native_to_wasm,2952,207840,207565,415526,42236
native_to_wasm,2953,207324,208408,415853,42236
native_to_wasm,2954,207444,207482,415047,42236
native_to_wasm,2955,207335,208002,415458,42236
native_to_wasm,2956,207572,207461,415154,42236
native_to_wasm,2957,207854,207551,415526,42236
native_to_wasm,2958,207328,207469,414918,42236
native_to_wasm,2959,207381,207462,414964,42236
native_to_wasm,2960,207336,207977,415434,42236
native_to_wasm,2961,207457,207463,415041,42236
native_to_wasm,2962,207846,207550,415517,42236
native_to_wasm,2963,207324,207467,414912,42236
native_to_wasm,2964,207387,207458,414966,42236
native_to_wasm,2965,207338,207977,415436,42236
native_to_wasm,2966,207428,207459,415008,42236
native_to_wasm,2967,207846,207557,415524,42236
native_to_wasm,2968,207326,207467,414914,42236
native_to_wasm,2969,209227,207467,416815,42236
native_to_wasm,2970,207327,207981,415429,42236
native_to_wasm,2971,207426,207470,415017,42236
native_to_wasm,2972,208440,207552,416113,42236
native_to_wasm,2973,207324,207473,414918,42236
native_to_wasm,2974,209327,207466,416914,42236
native_to_wasm,2975,207336,207979,415436,42236
native_to_wasm,2976,207426,207459,415006,42236
native_to_wasm,2977,208489,207564,416174,42236
native_to_wasm,2978,207324,207465,414910,42236
native_to_wasm,2979,207967,208473,416561,42236
native_to_wasm,2980,207331,207977,415429,42236
native_to_wasm,2981,207428,207459,415008,42236
native_to_wasm,2982,208314,207549,415984,42236
native_to_wasm,2983,207326,207467,414914,42236
native_to_wasm,2984,207846,207552,415519,42236
native_to_wasm,2985,207329,207987,415437,42236
native_to_wasm,2986,207426,207468,415015,42236
native_to_wasm,2987,207332,208664,416117,42236
native_to_wasm,2988,207328,207455,414904,42236
native_to_wasm,2989,207858,207555,415534,42236
native_to_wasm,2990,207328,207973,415422,42236
native_to_wasm,2991,207406,207461,414988,42236
native_to_wasm,2992,207330,207518,414969,42236
native_to_wasm,2993,207339,207468,414928,42236
native_to_wasm,2994,207848,207542,415511,42236
native_to_wasm,2995,207332,207981,415434,42236
native_to_wasm,2996,207426,207470,415017,42236
native_to_wasm,2997,207330,208581,416032,42236
native_to_wasm,2998,207337,207465,414923,42236
native_to_wasm,2999,207854,207549,415524,42236
native_to_wasm,3000,207330,207981,415432,42236
native_to_wasm,3001,207428,207468,415017,42236
native_to_wasm,3002,207332,209754,417207,42236
native_to_wasm,3003,207336,207473,414930,42236
native_to_wasm,3004,207851,207546,415518,42236
native_to_wasm,3005,207328,208408,415857,42236
native_to_wasm,3006,207411,207455,414987,42236
native_to_wasm,3007,207348,208230,415699,42236
native_to_wasm,3008,208603,207467,416191,42236
native_to_wasm,3009,207854,207551,415526,42236
native_to_wasm,3010,207332,208577,416030,42236
native_to_wasm,3011,207457,207463,415041,42236
native_to_wasm,3012,207328,207981,415430,42236
native_to_wasm,3013,208592,207462,416175,42236
native_to_wasm,3014,207840,207565,415526,42236
native_to_wasm,3015,207324,208408,415853,42236
native_to_wasm,3016,207444,207482,415047,42236
native_to_wasm,3017,207335,208002,415458,42236
native_to_wasm,3018,207572,207461,415154,42236
native_to_wasm,3019,207854,207551,415526,42236
native_to_wasm,3020,207328,207469,414918,42236
native_to_wasm,3021,207381,207462,414964,42236
native_to_wasm,3022,207336,207977,415434,42236
native_to_wasm,3023,207457,207463,415041,42236
native_to_wasm,3024,207846,207550,415517,42236
native_to_wasm,3025,207324,207467,414912,42236
native_to_wasm,3026,207387,207458,414966,42236
native_to_wasm,3027,207338,207977,415436,42236
native_to_wasm,3028,207428,207459,415008,42236
native_to_wasm,3029,207846,207557,415524,42236
native_to_wasm,3030,207326,207467,414914,42236
native_to_wasm,3031,209227,207467,416815,42236
native_to_wasm,3032,207327,207981,415429,42236
native_to_wasm,3033,207426,207470,415017,42236
native_to_wasm,3034,208440,207552,416113,42236
native_to_wasm,3035,207324,207473,414918,42236
native_to_wasm,3036,209327,207466,416914,42236
native_to_wasm,3037,207336,207979,415436,42236
native_to_wasm,3038,207426,207459,415006,42236
native_to_wasm,3039,208489,207564,416174,42236
native_to_wasm,3040,207324,207465,414910,42236
native_to_wasm,3041,207967,208473,416561,42236
native_to_wasm,3042,207331,207977,415429,42236
native_to_wasm,3043,207428,207459,415008,42236
native_to_wasm,3044,208314,207549,415984,42236
native_to_wasm,3045,207326,207467,414914,42236
native_to_wasm,3046,207846,207552,415519,42236
native_to_wasm,3047,207329,207987,415437,42236
native_to_wasm,3048,207426,207468,415015,42236
native_to_wasm,3049,207332,208664,416117,42236
native_to_wasm,3050,207328,207455,414904,42236
native_to_wasm,3051,207858,207555,415534,42236
native_to_wasm,3052,207328,207973,415422,42236
native_to_wasm,3053,207406,207461,414988,42236
native_to_wasm,3054,207330,207518,414969,42236
native_to_wasm,3055,207339,207468,414928,42236
native_to_wasm,3056,207848,207542,415511,42236
native_to_wasm,3057,207332,207981,415434,42236
native_to_wasm,3058,207426,207470,415017,42236
native_to_wasm,3059,207330,208581,416032,42236
native_to_wasm,3060,207337,207465,414923,42236
native_to_wasm,3061,207854,207549,415524,42236
native_to_wasm,3062,207330,207981,415432,42236
native_to_wasm,3063,207428,207468,415017,42236
native_to_wasm,3064,207332,209754,417207,42236
native_to_wasm,3065,207336,207473,414930,42236
native_to_wasm,3066,207851,207546,415518,42236
native_to_wasm,3067,207328,208408,415857,42236
native_to_wasm,3068,207411,207455,414987,42236
native_to_wasm,3069,207348,208230,415699,42236
native_to_wasm,3070,208603,207467,416191,42236
native_to_wasm,3071,207854,207551,415526,42236
native_to_wasm,3072,207332,208577,416030,42236
native_to_wasm,3073,207457,207463,415041,42236
native_to_wasm,3074,207328,207981,415430,42236
native_to_wasm,3075,208592,207462,416175,42236
native_to_wasm,3076,207840,207565,415526,42236
native_to_wasm,3077,207324,208408,415853,42236
native_to_wasm,3078,207444,207482,415047,42236
native_to_wasm,3079,207335,208002,415458,42236
native_to_wasm,3080,207572,207461,415154,42236
native_to_wasm,3081,207854,207551,415526,42236
native_to_wasm,3082,207328,207469,414918,42236
native_to_wasm,3083,207381,207462,414964,42236
native_to_wasm,3084,207336,207977,415434,42236
native_to_wasm,3085,207457,207463,415041,42236
native_to_wasm,3086,207846,207550,415517,42236
native_to_wasm,3087,207324,207467,414912,42236
native_to_wasm,3088,207387,207458,414966,42236
native_to_wasm,3089,207338,207977,415436,42236
native_to_wasm,3090,207428,207459,415008,42236
native_to_wasm,3091,207846,207557,415524,42236
native_to_wasm,3092,207326,207467,414914,42236
native_to_wasm,3093,209227,207467,416815,42236
native_to_wasm,3094,207327,207981,415429,42236
native_to_wasm,3095,207426,207470,415017,42236
native_to_wasm,3096,208440,207552,416113,42236
native_to_wasm,3097,207324,207473,414918,42236
native_to_wasm,3098,209327,207466,416914,42236
native_to_wasm,3099,207336,207979,415436,42236
native_to_wasm,3100,207426,207459,415006,42236
native_to_wasm,3101,208489,207564,416174,42236
native_to_wasm,3102,207324,207465,414910,42236
native_to_wasm,3103,207967,208473,416561,42236
native_to_wasm,3104,207331,207977,415429,42236
native_to_wasm,3105,207428,207459,415008,42236
native_to_wasm,3106,208314,207549,415984,42236
native_to_wasm,3107,207326,207467,414914,42236
native_to_wasm,3108,207846,207552,415519,42236
native_to_wasm,3109,207329,207987,415437,42236
native_to_wasm,3110,207426,207468,415015,42236
native_to_wasm,3111,207332,208664,416117,42236
native_to_wasm,3112,207328,207455,414904,42236
native_to_wasm,3113,207858,207555,415534,42236
native_to_wasm,3114,207328,207973,415422,42236
native_to_wasm,3115,207406,207461,414988,42236
native_to_wasm,3116,207330,207518,414969,42236
native_to_wasm,3117,207339,207468,414928,42236
native_to_wasm,3118,207848,207542,415511,42236
native_to_wasm,3119,207332,207981,415434,42236
native_to_wasm,3120,207426,207470,415017,42236
native_to_wasm,3121,207330,208581,416032,42236
native_to_wasm,3122,207337,207465,414923,42236
native_to_wasm,3123,207854,207549,415524,42236
native_to_wasm,3124,207330,207981,415432,42236
native_to_wasm,3125,207428,207468,415017,42236
native_to_wasm,3126,207332,209754,417207,42236
native_to_wasm,3127,207336,207473,414930,42236
native_to_wasm,3128,207851,207546,415518,42236
native_to_wasm,3129,207328,208408,415857,42236
native_to_wasm,3130,207411,207455,414987,42236
native_to_wasm,3131,207348,208230,415699,42236
native_to_wasm,3132,208603,207467,416191,42236
native_to_wasm,3133,207854,207551,415526,42236
native_to_wasm,3134,207332,208577,416030,42236
native_to_wasm,3135,207457,207463,415041,42236
native_to_wasm,3136,207328,207981,415430,42236
native_to_wasm,3137,208592,207462,416175,42236
native_to_wasm,3138,207840,207565,415526,42236
native_to_wasm,3139,207324,208408,415853,42236
native_to_wasm,3140,207444,207482,415047,42236
native_to_wasm,3141,207335,208002,415458,42236
native_to_wasm,3142,207572,207461,415154,42236
native_to_wasm,3143,207854,207551,415526,42236
native_to_wasm,3144,207328,207469,414918,42236
native_to_wasm,3145,207381,207462,414964,42236
native_to_wasm,3146,207336,207977,415434,42236
native_to_wasm,3147,207457,207463,415041,42236
native_to_wasm,3148,207846,207550,415517,42236
native_to_wasm,3149,207324,207467,414912,42236
native_to_wasm,3150,207387,207458,414966,42236
native_to_wasm,3151,207338,207977,415436,42236
native_to_wasm,3152,207428,207459,415008,42236
native_to_wasm,3153,207846,207557,415524,42236
native_to_wasm,3154,207326,207467,414914,42236
native_to_wasm,3155,209227,207467,416815,42236
native_to_wasm,3156,207327,207981,415429,42236
native_to_wasm,3157,207426,207470,415017,42236
native_to_wasm,3158,208440,207552,416113,42236
native_to_wasm,3159,207324,207473,414918,42236
native_to_wasm,3160,209327,207466,416914,42236
native_to_wasm,3161,207336,207979,415436,42236
native_to_wasm,3162,207426,207459,415006,42236
native_to_wasm,3163,208489,207564,416174,42236
native_to_wasm,3164,207324,207465,414910,42236
native_to_wasm,3165,207967,208473,416561,42236
native_to_wasm,3166,207331,207977,415429,42236
native_to_wasm,3167,207428,207459,415008,42236
native_to_wasm,3168,208314,207549,415984,42236
native_to_wasm,3169,207326,207467,414914,42236
native_to_wasm,3170,207846,207552,415519,42236
native_to_wasm,3171,207329,207987,415437,42236
native_to_wasm,3172,207426,207468,415015,42236
native_to_wasm,3173,207332,208664,416117,42236
native_to_wasm,3174,207328,207455,414904,42236
native_to_wasm,3175,207858,207555,415534,42236
native_to_wasm,3176,207328,207973,415422,42236
native_to_wasm,3177,207406,207461,414988,42236
native_to_wasm,3178,207330,207518,414969,42236
native_to_wasm,3179,207339,207468,414928,42236
native_to_wasm,3180,207848,207542,415511,42236
native_to_wasm,3181,207332,207981,415434,42236
native_to_wasm,3182,207426,207470,415017,42236
native_to_wasm,3183,207330,208581,416032,42236
native_to_wasm,3184,207337,207465,414923,42236
native_to_wasm,3185,207854,207549,415524,42236
native_to_wasm,3186,207330,207981,415432,42236
native_to_wasm,3187,207428,207468,415017,42236
native_to_wasm,3188,207332,209754,417207,42236
native_to_wasm,3189,207336,207473,414930,42236
native_to_wasm,3190,207851,207546,415518,42236
native_to_wasm,3191,207328,208408,415857,42236
native_to_wasm,3192,207411,207455,414987,42236
native_to_wasm,3193,207348,208230,415699,42236
native_to_wasm,3194,208603,207467,416191,42236
native_to_wasm,3195,207854,207551,415526,42236
native_to_wasm,3196,207332,208577,416030,42236
native_to_wasm,3197,207457,207463,415041,42236
native_to_wasm,3198,207328,207981,415430,42236
native_to_wasm,3199,208592,207462,416175,42236
native_to_wasm,3200,207840,207565,415526,42236
native_to_wasm,3201,207324,208408,415853,42236
native_to_wasm,3202,207444,207482,415047,42236
native_to_wasm,3203,207335,208002,415458,42236
native_to_wasm,3204,207572,207461,415154,42236
native_to_wasm,3205,207854,207551,415526,42236
native_to_wasm,3206,207328,207469,414918,42236
native_to_wasm,3207,207381,207462,414964,42236
native_to_wasm,3208,207336,207977,415434,42236
native_to_wasm,3209,207457,207463,415041,42236
native_to_wasm,3210,207846,207550,415517,42236
native_to_wasm,3211,207324,207467,414912,42236
native_to_wasm,3212,207387,207458,414966,42236
native_to_wasm,3213,207338,207977,415436,42236
native_to_wasm,3214,207428,207459,415008,42236
native_to_wasm,3215,207846,207557,415524,42236
native_to_wasm,3216,207326,207467,414914,42236
native_to_wasm,3217,209227,207467,416815,42236
native_to_wasm,3218,207327,207981,415429,42236
native_to_wasm,3219,207426,207470,415017,42236
native_to_wasm,3220,208440,207552,416113,42236
native_to_wasm,3221,207324,207473,414918,42236
native_to_wasm,3222,209327,207466,416914,42236
native_to_wasm,3223,207336,207979,415436,42236
native_to_wasm,3224,207426,207459,415006,42236
native_to_wasm,3225,208489,207564,416174,42236
native_to_wasm,3226,207324,207465,414910,42236
native_to_wasm,3227,207967,208473,416561,42236
native_to_wasm,3228,207331,207977,415429,42236
native_to_wasm,3229,207428,207459,415008,42236
native_to_wasm,3230,208314,207549,415984,42236
native_to_wasm,3231,207326,207467,414914,42236
native_to_wasm,3232,207846,207552,415519,42236
native_to_wasm,3233,207329,207987,415437,42236
native_to_wasm,3234,207426,207468,415015,42236
native_to_wasm,3235,207332,208664,416117,42236
native_to_wasm,3236,207328,207455,414904,42236
native_to_wasm,3237,207858,207555,415534,42236
native_to_wasm,3238,207328,207973,415422,42236
native_to_wasm,3239,207406,207461,414988,42236
native_to_wasm,3240,207330,207518,414969,42236
native_to_wasm,3241,207339,207468,414928,42236
native_to_wasm,3242,207848,207542,415511,42236
native_to_wasm,3243,207332,207981,415434,42236
native_to_wasm,3244,207426,207470,415017,42236
native_to_wasm,3245,207330,208581,416032,42236
native_to_wasm,3246,207337,207465,414923,42236
native_to_wasm,3247,207854,207549,415524,42236
native_to_wasm,3248,207330,207981,415432,42236
native_to_wasm,3249,207428,207468,415017,42236
native_to_wasm,3250,207332,209754,417207,42236
native_to_wasm,3251,207336,207473,414930,42236
native_to_wasm,3252,207851,207546,415518,42236
native_to_wasm,3253,207328,208408,415857,42236
native_to_wasm,3254,207411,207455,414987,42236
native_to_wasm,3255,207348,208230,415699,42236
native_to_wasm,3256,208603,207467,416191,42236
native_to_wasm,3257,207854,207551,415526,42236
native_to_wasm,3258,207332,208577,416030,42236
native_to_wasm,3259,207457,207463,415041,42236
native_to_wasm,3260,207328,207981,415430,42236
native_to_wasm,3261,208592,207462,416175,42236
native_to_wasm,3262,207840,207565,415526,42236
native_to_wasm,3263,207324,208408,415853,42236
native_to_wasm,3264,207444,207482,415047,42236
native_to_wasm,3265,207335,208002,415458,42236
native_to_wasm,3266,207572,207461,415154,42236
native_to_wasm,3267,207854,207551,415526,42236
native_to_wasm,3268,207328,207469,414918,42236
native_to_wasm,3269,207381,207462,414964,42236
native_to_wasm,3270,207336,207977,415434,42236
native_to_wasm,3271,207457,207463,415041,42236
native_to_wasm,3272,207846,207550,415517,42236
native_to_wasm,3273,207324,207467,414912,42236
native_to_wasm,3274,207387,207458,414966,42236
native_to_wasm,3275,207338,207977,415436,42236
native_to_wasm,3276,207428,207459,415008,42236
native_to_wasm,3277,207846,207557,415524,42236
native_to_wasm,3278,207326,207467,414914,42236
native_to_wasm,3279,209227,207467,416815,42236
native_to_wasm,3280,207327,207981,415429,42236
native_to_wasm,3281,207426,207470,415017,42236
native_to_wasm,3282,208440,207552,416113,42236
native_to_wasm,3283,207324,207473,414918,42236
native_to_wasm,3284,209327,207466,416914,42236
native_to_wasm,3285,207336,207979,415436,42236
native_to_wasm,3286,207426,207459,415006,42236
native_to_wasm,3287,208489,207564,416174,42236
native_to_wasm,3288,207324,207465,414910,42236
native_to_wasm,3289,207967,208473,416561,42236
native_to_wasm,3290,207331,207977,415429,42236
native_to_wasm,3291,207428,207459,415008,42236
native_to_wasm,3292,208314,207549,415984,42236
native_to_wasm,3293,207326,207467,414914,42236
native_to_wasm,3294,207846,207552,415519,42236
native_to_wasm,3295,207329,207987,415437,42236
native_to_wasm,3296,207426,207468,415015,42236
native_to_wasm,3297,207332,208664,416117,42236
native_to_wasm,3298,207328,207455,414904,42236
native_to_wasm,3299,207858,207555,415534,42236
native_to_wasm,3300,207328,207973,415422,42236
native_to_wasm,3301,207406,207461,414988,42236
native_to_wasm,3302,207330,207518,414969,42236
native_to_wasm,3303,207339,207468,414928,42236
native_to_wasm,3304,207848,207542,415511,42236
native_to_wasm,3305,207332,207981,415434,42236
native_to_wasm,3306,207426,207470,415017,42236
native_to_wasm,3307,207330,208581,416032,42236
native_to_wasm,3308,207337,207465,414923,42236
native_to_wasm,3309,207854,207549,415524,42236
native_to_wasm,3310,207330,207981,415432,42236
native_to_wasm,3311,207428,207468,415017,42236
native_to_wasm,3312,207332,209754,417207,42236
native_to_wasm,3313,207336,207473,414930,42236
native_to_wasm,3314,207851,207546,415518,42236
native_to_wasm,3315,207328,208408,415857,42236
native_to_wasm,3316,207411,207455,414987,42236
native_to_wasm,3317,207348,208230,415699,42236
native_to_wasm,3318,208603,207467,416191,42236
native_to_wasm,3319,207854,207551,415526,42236
native_to_wasm,3320,207332,208577,416030,42236
native_to_wasm,3321,207457,207463,415041,42236
native_to_wasm,3322,207328,207981,415430,42236
native_to_wasm,3323,208592,207462,416175,42236
native_to_wasm,3324,207840,207565,415526,42236
native_to_wasm,3325,207324,208408,415853,42236
native_to_wasm,3326,207444,207482,415047,42236
native_to_wasm,3327,207335,208002,415458,42236
native_to_wasm,3328,207572,207461,415154,42236
native_to_wasm,3329,207854,207551,415526,42236
native_to_wasm,3330,207328,207469,414918,42236
native_to_wasm,3331,207381,207462,414964,42236
native_to_wasm,3332,207336,207977,415434,42236
native_to_wasm,3333,207457,207463,415041,42236
native_to_wasm,3334,207846,207550,415517,42236
native_to_wasm,3335,207324,207467,414912,42236
native_to_wasm,3336,207387,207458,414966,42236
native_to_wasm,3337,207338,207977,415436,42236
native_to_wasm,3338,207428,207459,415008,42236
native_to_wasm,3339,207846,207557,415524,42236
native_to_wasm,3340,207326,207467,414914,42236
native_to_wasm,3341,209227,207467,416815,42236
native_to_wasm,3342,207327,207981,415429,42236
native_to_wasm,3343,207426,207470,415017,42236
native_to_wasm,3344,208440,207552,416113,42236
native_to_wasm,3345,207324,207473,414918,42236
native_to_wasm,3346,209327,207466,416914,42236
native_to_wasm,3347,207336,207979,415436,42236
native_to_wasm,3348,207426,207459,415006,42236
native_to_wasm,3349,208489,207564,416174,42236
native_to_wasm,3350,207324,207465,414910,42236
native_to_wasm,3351,207967,208473,416561,42236
native_to_wasm,3352,207331,207977,415429,42236
native_to_wasm,3353,207428,207459,415008,42236
native_to_wasm,3354,208314,207549,415984,42236
native_to_wasm,3355,207326,207467,414914,42236
native_to_wasm,3356,207846,207552,415519,42236
native_to_wasm,3357,207329,207987,415437,42236
native_to_wasm,3358,207426,207468,415015,42236
native_to_wasm,3359,207332,208664,416117,42236
native_to_wasm,3360,207328,207455,414904,42236
native_to_wasm,3361,207858,207555,415534,42236
native_to_wasm,3362,207328,207973,415422,42236
native_to_wasm,3363,207406,207461,414988,42236
native_to_wasm,3364,207330,207518,414969,42236
native_to_wasm,3365,207339,207468,414928,42236
native_to_wasm,3366,207848,207542,415511,42236
native_to_wasm,3367,207332,207981,415434,42236
native_to_wasm,3368,207426,207470,415017,42236
native_to_wasm,3369,207330,208581,416032,42236
native_to_wasm,3370,207337,207465,414923,42236
native_to_wasm,3371,207854,207549,415524,42236
native_to_wasm,3372,207330,207981,415432,42236
native_to_wasm,3373,207428,207468,415017,42236
native_to_wasm,3374,207332,209754,417207,42236
native_to_wasm,3375,207336,207473,414930,42236
native_to_wasm,3376,207851,207546,415518,42236
native_to_wasm,3377,207328,208408,415857,42236
native_to_wasm,3378,207411,207455,414987,42236
native_to_wasm,3379,207348,208230,415699,42236
native_to_wasm,3380,208603,207467,416191,42236
native_to_wasm,3381,207854,207551,415526,42236
native_to_wasm,3382,207332,208577,416030,42236
native_to_wasm,3383,207457,207463,415041,42236
native_to_wasm,3384,207328,207981,415430,42236
native_to_wasm,3385,208592,207462,416175,42236
native_to_wasm,3386,207840,207565,415526,42236
native_to_wasm,3387,207324,208408,415853,42236
native_to_wasm,3388,207444,207482,415047,42236
native_to_wasm,3389,207335,208002,415458,42236
native_to_wasm,3390,207572,207461,415154,42236
native_to_wasm,3391,207854,207551,415526,42236
native_to_wasm,3392,207328,207469,414918,42236
native_to_wasm,3393,207381,207462,414964,42236
native_to_wasm,3394,207336,207977,415434,42236
native_to_wasm,3395,207457,207463,415041,42236
native_to_wasm,3396,207846,207550,415517,42236
native_to_wasm,3397,207324,207467,414912,42236
native_to_wasm,3398,207387,207458,414966,42236
native_to_wasm,3399,207338,207977,415436,42236
native_to_wasm,3400,207428,207459,415008,42236
native_to_wasm,3401,207846,207557,415524,42236
native_to_wasm,3402,207326,207467,414914,42236
native_to_wasm,3403,209227,207467,416815,42236
native_to_wasm,3404,207327,207981,415429,42236
native_to_wasm,3405,207426,207470,415017,42236
native_to_wasm,3406,208440,207552,416113,42236
native_to_wasm,3407,207324,207473,414918,42236
native_to_wasm,3408,209327,207466,416914,42236
native_to_wasm,3409,207336,207979,415436,42236
native_to_wasm,3410,207426,207459,415006,42236
native_to_wasm,3411,208489,207564,416174,42236
native_to_wasm,3412,207324,207465,414910,42236
native_to_wasm,3413,207967,208473,416561,42236
native_to_wasm,3414,207331,207977,415429,42236
native_to_wasm,3415,207428,207459,415008,42236
native_to_wasm,3416,208314,207549,415984,42236
native_to_wasm,3417,207326,207467,414914,42236
native_to_wasm,3418,207846,207552,415519,42236
native_to_wasm,3419,207329,207987,415437,42236
native_to_wasm,3420,207426,207468,415015,42236
native_to_wasm,3421,207332,208664,416117,42236
native_to_wasm,3422,207328,207455,414904,42236
native_to_wasm,3423,207858,207555,415534,42236
native_to_wasm,3424,207328,207973,415422,42236
native_to_wasm,3425,207406,207461,414988,42236
native_to_wasm,3426,207330,207518,414969,42236
native_to_wasm,3427,207339,207468,414928,42236
native_to_wasm,3428,207848,207542,415511,42236
native_to_wasm,3429,207332,207981,415434,42236
native_to_wasm,3430,207426,207470,415017,42236
native_to_wasm,3431,207330,208581,416032,42236
native_to_wasm,3432,207337,207465,414923,42236
native_to_wasm,3433,207854,207549,415524,42236
native_to_wasm,3434,207330,207981,415432,42236
native_to_wasm,3435,207428,207468,415017,42236
native_to_wasm,3436,207332,209754,417207,42236
native_to_wasm,3437,207336,207473,414930,42236
native_to_wasm,3438,207851,207546,415518,42236
native_to_wasm,3439,207328,208408,415857,42236
native_to_wasm,3440,207411,207455,414987,42236
native_to_wasm,3441,207348,208230,415699,42236
native_to_wasm,3442,208603,207467,416191,42236
native_to_wasm,3443,207854,207551,415526,42236
native_to_wasm,3444,207332,208577,416030,42236
native_to_wasm,3445,207457,207463,415041,42236
native_to_wasm,3446,207328,207981,415430,42236
native_to_wasm,3447,208592,207462,416175,42236
native_to_wasm,3448,207840,207565,415526,42236
native_to_wasm,3449,207324,208408,415853,42236
native_to_wasm,3450,207444,207482,415047,42236
native_to_wasm,3451,207335,208002,415458,42236
native_to_wasm,3452,207572,207461,415154,42236
native_to_wasm,3453,207854,207551,415526,42236
native_to_wasm,3454,207328,207469,414918,42236
native_to_wasm,3455,207381,207462,414964,42236
native_to_wasm,3456,207336,207977,415434,42236
native_to_wasm,3457,207457,207463,415041,42236
native_to_wasm,3458,207846,207550,415517,42236
native_to_wasm,3459,207324,207467,414912,42236
native_to_wasm,3460,207387,207458,414966,42236
native_to_wasm,3461,207338,207977,415436,42236
native_to_wasm,3462,207428,207459,415008,42236
native_to_wasm,3463,207846,207557,415524,42236
native_to_wasm,3464,207326,207467,414914,42236
native_to_wasm,3465,209227,207467,416815,42236
native_to_wasm,3466,207327,207981,415429,42236
native_to_wasm,3467,207426,207470,415017,42236
native_to_wasm,3468,208440,207552,416113,42236
native_to_wasm,3469,207324,207473,414918,42236
native_to_wasm,3470,209327,207466,416914,42236
native_to_wasm,3471,207336,207979,415436,42236
native_to_wasm,3472,207426,207459,415006,42236
native_to_wasm,3473,208489,207564,416174,42236
native_to_wasm,3474,207324,207465,414910,42236
native_to_wasm,3475,207967,208473,416561,42236
native_to_wasm,3476,207331,207977,415429,42236
native_to_wasm,3477,207428,207459,415008,42236
native_to_wasm,3478,208314,207549,415984,42236
native_to_wasm,3479,207326,207467,414914,42236
native_to_wasm,3480,207846,207552,415519,42236
native_to_wasm,3481,207329,207987,415437,42236
native_to_wasm,3482,207426,207468,415015,42236
native_to_wasm,3483,207332,208664,416117,42236
native_to_wasm,3484,207328,207455,414904,42236
native_to_wasm,3485,207858,207555,415534,42236
native_to_wasm,3486,207328,207973,415422,42236
native_to_wasm,3487,207406,207461,414988,42236
native_to_wasm,3488,207330,207518,414969,42236
native_to_wasm,3489,207339,207468,414928,42236
native_to_wasm,3490,207848,207542,415511,42236
native_to_wasm,3491,207332,207981,415434,42236
native_to_wasm,3492,207426,207470,415017,42236
native_to_wasm,3493,207330,208581,416032,42236
native_to_wasm,3494,207337,207465,414923,42236
native_to_wasm,3495,207854,207549,415524,42236
native_to_wasm,3496,207330,207981,415432,42236
native_to_wasm,3497,207428,207468,415017,42236
native_to_wasm,3498,207332,209754,417207,42236
native_to_wasm,3499,207336,207473,414930,42236
native_to_wasm,3500,207851,207546,415518,42236
native_to_wasm,3501,207328,208408,415857,42236
native_to_wasm,3502,207411,207455,414987,42236
native_to_wasm,3503,207348,208230,415699,42236
native_to_wasm,3504,208603,207467,416191,42236
native_to_wasm,3505,207854,207551,415526,42236
native_to_wasm,3506,207332,208577,416030,42236
native_to_wasm,3507,207457,207463,415041,42236
native_to_wasm,3508,207328,207981,415430,42236
native_to_wasm,3509,208592,207462,416175,42236
native_to_wasm,3510,207840,207565,415526,42236
native_to_wasm,3511,207324,208408,415853,42236
native_to_wasm,3512,207444,207482,415047,42236
native_to_wasm,3513,207335,208002,415458,42236
native_to_wasm,3514,207572,207461,415154,42236
native_to_wasm,3515,207854,207551,415526,42236
native_to_wasm,3516,207328,207469,414918,42236
native_to_wasm,3517,207381,207462,414964,42236
native_to_wasm,3518,207336,207977,415434,42236
native_to_wasm,3519,207457,207463,415041,42236
native_to_wasm,3520,207846,207550,415517,42236
native_to_wasm,3521,207324,207467,414912,42236
native_to_wasm,3522,207387,207458,414966,42236
native_to_wasm,3523,207338,207977,415436,42236
native_to_wasm,3524,207428,207459,415008,42236
native_to_wasm,3525,207846,207557,415524,42236
native_to_wasm,3526,207326,207467,414914,42236
native_to_wasm,3527,209227,207467,416815,42236
native_to_wasm,3528,207327,207981,415429,42236
native_to_wasm,3529,207426,207470,415017,42236
native_to_wasm,3530,208440,207552,416113,42236
native_to_wasm,3531,207324,207473,414918,42236
native_to_wasm,3532,209327,207466,416914,42236
native_to_wasm,3533,207336,207979,415436,42236
native_to_wasm,3534,207426,207459,415006,42236
native_to_wasm,3535,208489,207564,416174,42236
native_to_wasm,3536,207324,207465,414910,42236
native_to_wasm,3537,207967,208473,416561,42236
native_to_wasm,3538,207331,207977,415429,42236
native_to_wasm,3539,207428,207459,415008,42236
native_to_wasm,3540,208314,207549,415984,42236
native_to_wasm,3541,207326,207467,414914,42236
native_to_wasm,3542,207846,207552,415519,42236
native_to_wasm,3543,207329,207987,415437,42236
native_to_wasm,3544,207426,207468,415015,42236
native_to_wasm,3545,207332,208664,416117,42236
native_to_wasm,3546,207328,207455,414904,42236
native_to_wasm,3547,207858,207555,415534,42236
native_to_wasm,3548,207328,207973,415422,42236
native_to_wasm,3549,207406,207461,414988,42236
native_to_wasm,3550,207330,207518,414969,42236
native_to_wasm,3551,207339,207468,414928,42236
native_to_wasm,3552,207848,207542,415511,42236
native_to_wasm,3553,207332,207981,415434,42236
native_to_wasm,3554,207426,207470,415017,42236
native_to_wasm,3555,207330,208581,416032,42236
native_to_wasm,3556,207337,207465,414923,42236
native_to_wasm,3557,207854,207549,415524,42236
native_to_wasm,3558,207330,207981,415432,42236
native_to_wasm,3559,207428,207468,415017,42236
native_to_wasm,3560,207332,209754,417207,42236
native_to_wasm,3561,207336,207473,414930,42236
native_to_wasm,3562,207851,207546,415518,42236
native_to_wasm,3563,207328,208408,415857,42236
native_to_wasm,3564,207411,207455,414987,42236
native_to_wasm,3565,207348,208230,415699,42236
native_to_wasm,3566,208603,207467,416191,42236
native_to_wasm,3567,207854,207551,415526,42236
native_to_wasm,3568,207332,208577,416030,42236
native_to_wasm,3569,207457,207463,415041,42236
native_to_wasm,3570,207328,207981,415430,42236
native_to_wasm,3571,208592,207462,416175,42236
native_to_wasm,3572,207840,207565,415526,42236
native_to_wasm,3573,207324,208408,415853,42236
native_to_wasm,3574,207444,207482,415047,42236
native_to_wasm,3575,207335,208002,415458,42236
native_to_wasm,3576,207572,207461,415154,42236
native_to_wasm,3577,207854,207551,415526,42236
native_to_wasm,3578,207328,207469,414918,42236
native_to_wasm,3579,207381,207462,414964,42236
native_to_wasm,3580,207336,207977,415434,42236
native_to_wasm,3581,207457,207463,415041,42236
native_to_wasm,3582,207846,207550,415517,42236
native_to_wasm,3583,207324,207467,414912,42236
native_to_wasm,3584,207387,207458,414966,42236
native_to_wasm,3585,207338,207977,415436,42236
native_to_wasm,3586,207428,207459,415008,42236
native_to_wasm,3587,207846,207557,415524,42236
native_to_wasm,3588,207326,207467,414914,42236
native_to_wasm,3589,209227,207467,416815,42236
native_to_wasm,3590,207327,207981,415429,42236
native_to_wasm,3591,207426,207470,415017,42236
native_to_wasm,3592,208440,207552,416113,42236
native_to_wasm,3593,207324,207473,414918,42236
native_to_wasm,3594,209327,207466,416914,42236
native_to_wasm,3595,207336,207979,415436,42236
native_to_wasm,3596,207426,207459,415006,42236
native_to_wasm,3597,208489,207564,416174,42236
native_to_wasm,3598,207324,207465,414910,42236
native_to_wasm,3599,207967,208473,416561,42236
native_to_wasm,3600,207331,207977,415429,42236
native_to_wasm,3601,207428,207459,415008,42236
native_to_wasm,3602,208314,207549,415984,42236
native_to_wasm,3603,207326,207467,414914,42236
native_to_wasm,3604,207846,207552,415519,42236
native_to_wasm,3605,207329,207987,415437,42236
native_to_wasm,3606,207426,207468,415015,42236
native_to_wasm,3607,207332,208664,416117,42236
native_to_wasm,3608,207328,207455,414904,42236
native_to_wasm,3609,207858,207555,415534,42236
native_to_wasm,3610,207328,207973,415422,42236
native_to_wasm,3611,207406,207461,414988,42236
native_to_wasm,3612,207330,207518,414969,42236
native_to_wasm,3613,207339,207468,414928,42236
native_to_wasm,3614,207848,207542,415511,42236
native_to_wasm,3615,207332,207981,415434,42236
native_to_wasm,3616,207426,207470,415017,42236
native_to_wasm,3617,207330,208581,416032,42236
native_to_wasm,3618,207337,207465,414923,42236
native_to_wasm,3619,207854,207549,415524,42236
native_to_wasm,3620,207330,207981,415432,42236
native_to_wasm,3621,207428,207468,415017,42236
native_to_wasm,3622,207332,209754,417207,42236
native_to_wasm,3623,207336,207473,414930,42236
native_to_wasm,3624,207851,207546,415518,42236
native_to_wasm,3625,207328,208408,415857,42236
native_to_wasm,3626,207411,207455,414987,42236
native_to_wasm,3627,207348,208230,415699,42236
native_to_wasm,3628,208603,207467,416191,42236
native_to_wasm,3629,207854,207551,415526,42236
native_to_wasm,3630,207332,208577,416030,42236
native_to_wasm,3631,207457,207463,415041,42236
native_to_wasm,3632,207328,207981,415430,42236
native_to_wasm,3633,208592,207462,416175,42236
native_to_wasm,3634,207840,207565,415526,42236
native_to_wasm,3635,207324,208408,415853,42236
native_to_wasm,3636,207444,207482,415047,42236
native_to_wasm,3637,207335,208002,415458,42236
native_to_wasm,3638,207572,207461,415154,42236
native_to_wasm,3639,207854,207551,415526,42236
native_to_wasm,3640,207328,207469,414918,42236
native_to_wasm,3641,207381,207462,414964,42236
native_to_wasm,3642,207336,207977,415434,42236
native_to_wasm,3643,207457,207463,415041,42236
native_to_wasm,3644,207846,207550,415517,42236
native_to_wasm,3645,207324,207467,414912,42236
native_to_wasm,3646,207387,207458,414966,42236
native_to_wasm,3647,207338,207977,415436,42236
native_to_wasm,3648,207428,207459,415008,42236
native_to_wasm,3649,207846,207557,415524,42236
native_to_wasm,3650,207326,207467,414914,42236
native_to_wasm,3651,209227,207467,416815,42236
native_to_wasm,3652,207327,207981,415429,42236
native_to_wasm,3653,207426,207470,415017,42236
native_to_wasm,3654,208440,207552,416113,42236
native_to_wasm,3655,207324,207473,414918,42236
native_to_wasm,3656,209327,207466,416914,42236
native_to_wasm,3657,207336,207979,415436,42236
native_to_wasm,3658,207426,207459,415006,42236
native_to_wasm,3659,208489,207564,416174,42236
native_to_wasm,3660,207324,207465,414910,42236
native_to_wasm,3661,207967,208473,416561,42236
native_to_wasm,3662,207331,207977,415429,42236
native_to_wasm,3663,207428,207459,415008,42236
native_to_wasm,3664,208314,207549,415984,42236
native_to_wasm,3665,207326,207467,414914,42236
native_to_wasm,3666,207846,207552,415519,42236
native_to_wasm,3667,207329,207987,415437,42236
native_to_wasm,3668,207426,207468,415015,42236
native_to_wasm,3669,207332,208664,416117,42236
native_to_wasm,3670,207328,207455,414904,42236
native_to_wasm,3671,207858,207555,415534,42236
native_to_wasm,3672,207328,207973,415422,42236
native_to_wasm,3673,207406,207461,414988,42236
native_to_wasm,3674,207330,207518,414969,42236
native_to_wasm,3675,207339,207468,414928,42236
native_to_wasm,3676,207848,207542,415511,42236
native_to_wasm,3677,207332,207981,415434,42236
native_to_wasm,3678,207426,207470,415017,42236
native_to_wasm,3679,207330,208581,416032,42236
native_to_wasm,3680,207337,207465,414923,42236
native_to_wasm,3681,207854,207549,415524,42236
native_to_wasm,3682,207330,207981,415432,42236
native_to_wasm,3683,207428,207468,415017,42236
native_to_wasm,3684,207332,209754,417207,42236
native_to_wasm,3685,207336,207473,414930,42236
native_to_wasm,3686,207851,207546,415518,42236
native_to_wasm,3687,207328,208408,415857,42236
native_to_wasm,3688,207411,207455,414987,42236
native_to_wasm,3689,207348,208230,415699,42236
native_to_wasm,3690,208603,207467,416191,42236
native_to_wasm,3691,207854,207551,415526,42236
native_to_wasm,3692,207332,208577,416030,42236
native_to_wasm,3693,207457,207463,415041,42236
native_to_wasm,3694,207328,207981,415430,42236
native_to_wasm,3695,208592,207462,416175,42236
native_to_wasm,3696,207840,207565,415526,42236
native_to_wasm,3697,207324,208408,415853,42236
native_to_wasm,3698,207444,207482,415047,42236
native_to_wasm,3699,207335,208002,415458,42236
native_to_wasm,3700,207572,207461,415154,42236
native_to_wasm,3701,207854,207551,415526,42236
native_to_wasm,3702,207328,207469,414918,42236
native_to_wasm,3703,207381,207462,414964,42236
native_to_wasm,3704,207336,207977,415434,42236
native_to_wasm,3705,207457,207463,415041,42236
native_to_wasm,3706,207846,207550,415517,42236
native_to_wasm,3707,207324,207467,414912,42236
native_to_wasm,3708,207387,207458,414966,42236
native_to_wasm,3709,207338,207977,415436,42236
native_to_wasm,3710,207428,207459,415008,42236
native_to_wasm,3711,207846,207557,415524,42236
native_to_wasm,3712,207326,207467,414914,42236
native_to_wasm,3713,209227,207467,416815,42236
native_to_wasm,3714,207327,207981,415429,42236
native_to_wasm,3715,207426,207470,415017,42236
native_to_wasm,3716,208440,207552,416113,42236
native_to_wasm,3717,207324,207473,414918,42236
native_to_wasm,3718,209327,207466,416914,42236
native_to_wasm,3719,207336,207979,415436,42236
native_to_wasm,3720,207426,207459,415006,42236
native_to_wasm,3721,208489,207564,416174,42236
native_to_wasm,3722,207324,207465,414910,42236
native_to_wasm,3723,207967,208473,416561,42236
native_to_wasm,3724,207331,207977,415429,42236
native_to_wasm,3725,207428,207459,415008,42236
native_to_wasm,3726,208314,207549,415984,42236
native_to_wasm,3727,207326,207467,414914,42236
native_to_wasm,3728,207846,207552,415519,42236
native_to_wasm,3729,207329,207987,415437,42236
native_to_wasm,3730,207426,207468,415015,42236
native_to_wasm,3731,207332,208664,416117,42236
native_to_wasm,3732,207328,207455,414904,42236
native_to_wasm,3733,207858,207555,415534,42236
native_to_wasm,3734,207328,207973,415422,42236
native_to_wasm,3735,207406,207461,414988,42236
native_to_wasm,3736,207330,207518,414969,42236
native_to_wasm,3737,207339,207468,414928,42236
native_to_wasm,3738,207848,207542,415511,42236
native_to_wasm,3739,207332,207981,415434,42236
native_to_wasm,3740,207426,207470,415017,42236
native_to_wasm,3741,207330,208581,416032,42236
native_to_wasm,3742,207337,207465,414923,42236
native_to_wasm,3743,207854,207549,415524,42236
native_to_wasm,3744,207330,207981,415432,42236
native_to_wasm,3745,207428,207468,415017,42236
native_to_wasm,3746,207332,209754,417207,42236
native_to_wasm,3747,207336,207473,414930,42236
native_to_wasm,3748,207851,207546,415518,42236
native_to_wasm,3749,207328,208408,415857,42236
native_to_wasm,3750,207411,207455,414987,42236
native_to_wasm,3751,207348,208230,415699,42236
native_to_wasm,3752,208603,207467,416191,42236
native_to_wasm,3753,207854,207551,415526,42236
native_to_wasm,3754,207332,208577,416030,42236
native_to_wasm,3755,207457,207463,415041,42236
native_to_wasm,3756,207328,207981,415430,42236
native_to_wasm,3757,208592,207462,416175,42236
native_to_wasm,3758,207840,207565,415526,42236
native_to_wasm,3759,207324,208408,415853,42236
native_to_wasm,3760,207444,207482,415047,42236
native_to_wasm,3761,207335,208002,415458,42236
native_to_wasm,3762,207572,207461,415154,42236
native_to_wasm,3763,207854,207551,415526,42236
native_to_wasm,3764,207328,207469,414918,42236
native_to_wasm,3765,207381,207462,414964,42236
native_to_wasm,3766,207336,206404,413861,42236
native_to_wasm,3767,205781,205916,411818,42236
native_to_wasm,3768,206673,205864,412658,42236
native_to_wasm,3769,205782,205864,411767,42236
native_to_wasm,3770,206272,205864,412257,42236
native_to_wasm,3771,205730,206407,412258,42236
native_to_wasm,3772,205730,205864,411715,42236
native_to_wasm,3773,4254268,208895,4463284,42236
native_to_wasm,3774,207338,207988,415447,42236
native_to_wasm,3775,207407,207465,414993,42236
native_to_wasm,3776,207336,207591,415950,42236
native_to_wasm,3777,207329,207463,414913,42236
native_to_wasm,3778,207850,207706,415677,42236
native_to_wasm,3779,207328,207981,415430,42236
native_to_wasm,3780,207426,207470,415017,42236
native_to_wasm,3781,207330,207543,414994,42236
native_to_wasm,3782,207328,207465,414914,42236
native_to_wasm,3783,207846,207548,415515,42236
native_to_wasm,3784,207332,207973,415426,42236
native_to_wasm,3785,207406,207461,414988,42236
native_to_wasm,3786,207332,207518,414971,42236
native_to_wasm,3787,207331,207463,414915,42236
native_to_wasm,3788,207848,207591,415560,42236
native_to_wasm,3789,207350,207980,415451,42236
native_to_wasm,3790,207413,207461,414995,42236
native_to_wasm,3791,207336,209231,416688,42236
native_to_wasm,3792,207336,207469,414926,42236
native_to_wasm,3793,207846,207591,415558,42236
native_to_wasm,3794,207329,208406,415856,42236
native_to_wasm,3795,207426,207459,415006,42236
native_to_wasm,3796,207336,209737,417194,42236
native_to_wasm,3797,207345,207469,414935,42236
native_to_wasm,3798,207848,207546,415515,42236
native_to_wasm,3799,207326,208622,416069,42236
native_to_wasm,3800,207462,207482,415065,42236
native_to_wasm,3801,207333,208137,415591,42236
native_to_wasm,3802,208325,207485,415931,42236
native_to_wasm,3803,207847,207546,415514,42236
native_to_wasm,3804,207326,208626,416073,42236
native_to_wasm,3805,207454,207465,415040,42236
native_to_wasm,3806,207332,207981,415434,42236
native_to_wasm,3807,208819,207470,416410,42236
native_to_wasm,3808,207846,207546,415513,42236
native_to_wasm,3809,207328,207463,414912,42236
native_to_wasm,3810,208562,207461,416144,42236
native_to_wasm,3811,207332,207983,415436,42236
native_to_wasm,3812,207480,207483,415084,42236
native_to_wasm,3813,207847,207546,415514,42236
native_to_wasm,3814,207326,207473,414920,42236
native_to_wasm,3815,207413,207463,414997,42236
native_to_wasm,3816,207332,207981,415434,42236
native_to_wasm,3817,207413,207463,414997,42236
native_to_wasm,3818,207844,207591,415556,42236
native_to_wasm,3819,207329,207463,414913,42236
native_to_wasm,3820,208347,207462,415930,42236
native_to_wasm,3821,207331,207979,415431,42236
native_to_wasm,3822,207449,207471,415041,42236
native_to_wasm,3823,207871,207541,415533,42236
native_to_wasm,3824,207328,207465,414914,42236
native_to_wasm,3825,209319,207462,416902,42236
native_to_wasm,3826,207340,207986,415447,42236
native_to_wasm,3827,207411,207463,414995,42236
native_to_wasm,3828,208272,207545,415938,42236
native_to_wasm,3829,207326,207465,414912,42236
native_to_wasm,3830,209575,207465,417161,42236
native_to_wasm,3831,207329,207977,415427,42236
native_to_wasm,3832,207457,207463,415041,42236
native_to_wasm,3833,208279,207551,415951,42236
native_to_wasm,3834,207328,207469,414918,42236
native_to_wasm,3835,208086,208604,416811,42236
native_to_wasm,3836,207329,207981,415431,42236
native_to_wasm,3837,207426,207470,415017,42236
native_to_wasm,3838,208271,207557,415949,42236
native_to_wasm,3839,207326,207467,414914,42236
native_to_wasm,3840,207844,209139,417104,42236
native_to_wasm,3841,207336,207979,415436,42236
native_to_wasm,3842,207457,207463,415041,42236
native_to_wasm,3843,208440,207554,416115,42236
native_to_wasm,3844,207324,207467,414912,42236
native_to_wasm,3845,207844,207805,415770,42236
native_to_wasm,3846,207336,207979,415436,42236
native_to_wasm,3847,207426,207461,415008,42236
native_to_wasm,3848,207328,208489,415938,42236
native_to_wasm,3849,207328,207469,414918,42236
native_to_wasm,3850,207842,207591,415554,42236
native_to_wasm,3851,207331,208004,415456,42236
native_to_wasm,3852,207410,207461,414992,42236
native_to_wasm,3853,207334,207518,414973,42236
native_to_wasm,3854,207331,207465,414917,42236
native_to_wasm,3855,207846,207577,415544,42236
native_to_wasm,3856,207328,207983,415432,42236
native_to_wasm,3857,207428,207468,415017,42236
native_to_wasm,3858,207332,208477,415930,42236
native_to_wasm,3859,207327,207463,414911,42236
native_to_wasm,3860,207854,207549,415524,42236
native_to_wasm,3861,207330,208438,415889,42236
native_to_wasm,3862,207460,207484,415065,42236
native_to_wasm,3863,207333,209622,417076,42236
native_to_wasm,3864,207324,207469,414914,42236
native_to_wasm,3865,207858,207553,415532,42236
native_to_wasm,3866,207328,208405,415854,42236
native_to_wasm,3867,207408,207463,414992,42236
native_to_wasm,3868,207328,208212,415661,42236
native_to_wasm,3869,208579,207470,416170,42236
native_to_wasm,3870,207846,207544,415511,42236
native_to_wasm,3871,207336,208413,415870,42236
native_to_wasm,3872,207426,207470,415017,42236
native_to_wasm,3873,207330,207981,415432,42236
native_to_wasm,3874,208991,207469,416581,42236
native_to_wasm,3875,207854,207553,415528,42236
native_to_wasm,3876,207328,208575,416024,42236
native_to_wasm,3877,207428,207459,415008,42236
native_to_wasm,3878,207328,207983,415432,42236
native_to_wasm,3879,207640,207462,415223,42236
native_to_wasm,3880,207850,207546,415517,42236
native_to_wasm,3881,207324,207469,414914,42236
native_to_wasm,3882,208449,207463,416033,42236
native_to_wasm,3883,207321,207991,415433,42236
native_to_wasm,3884,207416,207463,415000,42236
native_to_wasm,3885,207848,207591,415560,42236
native_to_wasm,3886,207350,207462,414933,42236
native_to_wasm,3887,207412,207463,414996,42236
native_to_wasm,3888,207328,207983,415432,42236
native_to_wasm,3889,207409,207467,414997,42236
native_to_wasm,3890,207850,207553,415524,42236
native_to_wasm,3891,207326,207465,414912,42236
native_to_wasm,3892,208503,207482,416106,42236
native_to_wasm,3893,207324,207983,415428,42236
native_to_wasm,3894,207414,207467,415002,42236
native_to_wasm,3895,208278,207545,415944,42236
native_to_wasm,3896,207324,207467,414912,42236
native_to_wasm,3897,209018,207468,416607,42236
native_to_wasm,3898,207325,207983,415429,42236
native_to_wasm,3899,207455,207463,415039,42236
native_to_wasm,3900,208483,207577,416181,42236
native_to_wasm,3901,207326,207465,414912,42236
native_to_wasm,3902,208038,208980,417139,42236
native_to_wasm,3903,207327,207973,415421,42236
native_to_wasm,3904,207408,207461,414990,42236
native_to_wasm,3905,208233,207568,415922,42236
native_to_wasm,3906,207333,207463,414917,42236
native_to_wasm,3907,207850,209130,417101,42236
native_to_wasm,3908,207332,207979,415432,42236
native_to_wasm,3909,207455,207463,415039,42236
native_to_wasm,3910,208275,207577,415973,42236
native_to_wasm,3911,207328,207465,414914,42236
native_to_wasm,3912,207854,207749,415724,42236
native_to_wasm,3913,207350,207980,415451,42236
native_to_wasm,3914,207413,207461,414995,42236
native_to_wasm,3915,207332,207518,414971,42236
native_to_wasm,3916,207331,207461,414913,42236
native_to_wasm,3917,207854,207551,415526,42236
native_to_wasm,3918,207328,207987,415436,42236
native_to_wasm,3919,207412,207473,415006,42236
native_to_wasm,3920,207324,207526,414971,42236
native_to_wasm,3921,207321,207467,414909,42236
native_to_wasm,3922,207854,207551,415526,42236
native_to_wasm,3923,207332,207979,415432,42236
native_to_wasm,3924,207455,207463,415039,42236
native_to_wasm,3925,207332,209036,416489,42236
native_to_wasm,3926,207348,207472,414941,42236
native_to_wasm,3927,207871,207541,415533,42236
native_to_wasm,3928,207328,208443,415892,42236
native_to_wasm,3929,207426,207459,415006,42236
native_to_wasm,3930,207336,209737,417194,42236
native_to_wasm,3931,207345,207469,414935,42236
native_to_wasm,3932,207848,207546,415515,42236
native_to_wasm,3933,207326,208622,416069,42236
native_to_wasm,3934,207462,207482,415065,42236
native_to_wasm,3935,207333,208137,415591,42236
native_to_wasm,3936,208325,207485,415931,42236
native_to_wasm,3937,207847,207546,415514,42236
native_to_wasm,3938,207326,208626,416073,42236
native_to_wasm,3939,207454,207465,415040,42236
native_to_wasm,3940,207332,207981,415434,42236
native_to_wasm,3941,208819,207470,416410,42236
native_to_wasm,3942,207846,207546,415513,42236
native_to_wasm,3943,207328,207463,414912,42236
native_to_wasm,3944,208562,207461,416144,42236
native_to_wasm,3945,207332,207983,415436,42236
native_to_wasm,3946,207480,207483,415084,42236
native_to_wasm,3947,207847,207546,415514,42236
native_to_wasm,3948,207326,207473,414920,42236
native_to_wasm,3949,207413,207463,414997,42236
native_to_wasm,3950,207332,207981,415434,42236
native_to_wasm,3951,207413,207463,414997,42236
native_to_wasm,3952,207844,207591,415556,42236
native_to_wasm,3953,207329,207463,414913,42236
native_to_wasm,3954,208347,207462,415930,42236
native_to_wasm,3955,207331,207979,415431,42236
native_to_wasm,3956,207449,207471,415041,42236
native_to_wasm,3957,207871,207541,415533,42236
native_to_wasm,3958,207328,207465,414914,42236
native_to_wasm,3959,209319,207462,416902,42236
native_to_wasm,3960,207340,207986,415447,42236
native_to_wasm,3961,207411,207463,414995,42236
native_to_wasm,3962,208272,207545,415938,42236
native_to_wasm,3963,207326,207465,414912,42236
native_to_wasm,3964,209575,207465,417161,42236
native_to_wasm,3965,207329,207977,415427,42236
native_to_wasm,3966,207457,207463,415041,42236
native_to_wasm,3967,208279,207551,415951,42236
native_to_wasm,3968,207328,207469,414918,42236
native_to_wasm,3969,208086,208604,416811,42236
native_to_wasm,3970,207329,207981,415431,42236
native_to_wasm,3971,207426,207470,415017,42236
native_to_wasm,3972,208271,207557,415949,42236
native_to_wasm,3973,207326,207467,414914,42236
native_to_wasm,3974,207844,209139,417104,42236
native_to_wasm,3975,207336,207979,415436,42236
native_to_wasm,3976,207457,207463,415041,42236
native_to_wasm,3977,208440,207554,416115,42236
native_to_wasm,3978,207324,207467,414912,42236
native_to_wasm,3979,207844,207805,415770,42236
native_to_wasm,3980,207336,207979,415436,42236
native_to_wasm,3981,207426,207461,415008,42236
native_to_wasm,3982,207328,208489,415938,42236
native_to_wasm,3983,207328,207469,414918,42236
native_to_wasm,3984,207842,207591,415554,42236
native_to_wasm,3985,207331,208004,415456,42236
native_to_wasm,3986,207410,207461,414992,42236
native_to_wasm,3987,207334,207518,414973,42236
native_to_wasm,3988,207331,207465,414917,42236
native_to_wasm,3989,207846,207577,415544,42236
native_to_wasm,3990,207328,207983,415432,42236
native_to_wasm,3991,207428,207468,415017,42236
native_to_wasm,3992,207332,208477,415930,42236
native_to_wasm,3993,207327,207463,414911,42236
native_to_wasm,3994,207854,207549,415524,42236
native_to_wasm,3995,207330,208438,415889,42236
native_to_wasm,3996,207460,207484,415065,42236
native_to_wasm,3997,207333,209622,417076,42236
native_to_wasm,3998,207324,207469,414914,42236
native_to_wasm,3999,207858,207553,415532,42236
native_to_wasm,4000,207328,208405,415854,42236
native_to_wasm,4001,207408,207463,414992,42236
native_to_wasm,4002,207328,208212,415661,42236
native_to_wasm,4003,208579,207470,416170,42236
native_to_wasm,4004,207846,207544,415511,42236
native_to_wasm,4005,207336,208413,415870,42236
native_to_wasm,4006,207426,207470,415017,42236
native_to_wasm,4007,207330,207981,415432,42236
native_to_wasm,4008,208991,207469,416581,42236
native_to_wasm,4009,207854,207553,415528,42236
native_to_wasm,4010,207328,208575,416024,42236
native_to_wasm,4011,207428,207459,415008,42236
native_to_wasm,4012,207328,207983,415432,42236
native_to_wasm,4013,207640,207462,415223,42236
native_to_wasm,4014,207850,207546,415517,42236
native_to_wasm,4015,207324,207469,414914,42236
native_to_wasm,4016,208449,207463,416033,42236
native_to_wasm,4017,207321,207991,415433,42236
native_to_wasm,4018,207416,207463,415000,42236
native_to_wasm,4019,207848,207591,415560,42236
native_to_wasm,4020,207350,207462,414933,42236
native_to_wasm,4021,207412,207463,414996,42236
native_to_wasm,4022,207328,207983,415432,42236
native_to_wasm,4023,207409,207467,414997,42236
native_to_wasm,4024,207850,207553,415524,42236
native_to_wasm,4025,207326,207465,414912,42236
native_to_wasm,4026,208503,207482,416106,42236
native_to_wasm,4027,207324,207983,415428,42236
native_to_wasm,4028,207414,207467,415002,42236
native_to_wasm,4029,208278,207545,415944,42236
native_to_wasm,4030,207324,207467,414912,42236
native_to_wasm,4031,209018,207468,416607,42236
native_to_wasm,4032,207325,207983,415429,42236
native_to_wasm,4033,207455,207463,415039,42236
native_to_wasm,4034,208483,207577,416181,42236
native_to_wasm,4035,207326,207465,414912,42236
native_to_wasm,4036,208038,208980,417139,42236
native_to_wasm,4037,207327,207973,415421,42236
native_to_wasm,4038,207408,207461,414990,42236
native_to_wasm,4039,208233,207568,415922,42236
native_to_wasm,4040,207333,207463,414917,42236
native_to_wasm,4041,207850,209130,417101,42236
native_to_wasm,4042,207332,207979,415432,42236
native_to_wasm,4043,207455,207463,415039,42236
native_to_wasm,4044,208275,207577,415973,42236
native_to_wasm,4045,207328,207465,414914,42236
native_to_wasm,4046,207854,207749,415724,42236
native_to_wasm,4047,207350,207980,415451,42236
native_to_wasm,4048,207413,207461,414995,42236
native_to_wasm,4049,207332,207518,414971,42236
native_to_wasm,4050,207331,207461,414913,42236
native_to_wasm,4051,207854,207551,415526,42236
native_to_wasm,4052,207328,207987,415436,42236
native_to_wasm,4053,207412,207473,415006,42236
native_to_wasm,4054,207324,207526,414971,42236
native_to_wasm,4055,207321,207467,414909,42236
native_to_wasm,4056,207854,207551,415526,42236
native_to_wasm,4057,207332,207979,415432,42236
native_to_wasm,4058,207455,207463,415039,42236
native_to_wasm,4059,207332,209036,416489,42236
native_to_wasm,4060,207348,207472,414941,42236
native_to_wasm,4061,207871,207541,415533,42236
native_to_wasm,4062,207328,208443,415892,42236
native_to_wasm,4063,207426,207459,415006,42236
native_to_wasm,4064,207336,209737,417194,42236
native_to_wasm,4065,207345,207469,414935,42236
native_to_wasm,4066,207848,207546,415515,42236
native_to_wasm,4067,207326,208622,416069,42236
native_to_wasm,4068,207462,207482,415065,42236
native_to_wasm,4069,207333,208137,415591,42236
native_to_wasm,4070,208325,207485,415931,42236
native_to_wasm,4071,207847,207546,415514,42236
native_to_wasm,4072,207326,208626,416073,42236
native_to_wasm,4073,207454,207465,415040,42236
native_to_wasm,4074,207332,207981,415434,42236
native_to_wasm,4075,208819,207470,416410,42236
native_to_wasm,4076,207846,207546,415513,42236
native_to_wasm,4077,207328,207463,414912,42236
native_to_wasm,4078,208562,207461,416144,42236
native_to_wasm,4079,207332,207983,415436,42236
native_to_wasm,4080,207480,207483,415084,42236
native_to_wasm,4081,207847,207546,415514,42236
native_to_wasm,4082,207326,207473,414920,42236
native_to_wasm,4083,207413,207463,414997,42236
native_to_wasm,4084,207332,207981,415434,42236
native_to_wasm,4085,207413,207463,414997,42236
native_to_wasm,4086,207844,207591,415556,42236
native_to_wasm,4087,207329,207463,414913,42236
native_to_wasm,4088,208347,207462,415930,42236
native_to_wasm,4089,207331,207979,415431,42236
native_to_wasm,4090,207449,207471,415041,42236
native_to_wasm,4091,207871,207541,415533,42236
native_to_wasm,4092,207328,207465,414914,42236
native_to_wasm,4093,209319,207462,416902,42236
native_to_wasm,4094,207340,207986,415447,42236
native_to_wasm,4095,207411,207463,414995,42236
native_to_wasm,4096,208272,207545,415938,42236
native_to_wasm,4097,207326,207465,414912,42236
native_to_wasm,4098,209575,207465,417161,42236
native_to_wasm,4099,207329,207977,415427,42236
native_to_wasm,4100,207457,207463,415041,42236
native_to_wasm,4101,208279,207551,415951,42236
native_to_wasm,4102,207328,207469,414918,42236
native_to_wasm,4103,208086,208604,416811,42236
native_to_wasm,4104,207329,207981,415431,42236
native_to_wasm,4105,207426,207470,415017,42236
native_to_wasm,4106,208271,207557,415949,42236
native_to_wasm,4107,207326,207467,414914,42236
native_to_wasm,4108,207844,209139,417104,42236
native_to_wasm,4109,207336,207979,415436,42236
native_to_wasm,4110,207457,207463,415041,42236
native_to_wasm,4111,208440,207554,416115,42236
native_to_wasm,4112,207324,207467,414912,42236
native_to_wasm,4113,207844,207805,415770,42236
native_to_wasm,4114,207336,207979,415436,42236
native_to_wasm,4115,207426,207461,415008,42236
native_to_wasm,4116,207328,208489,415938,42236
native_to_wasm,4117,207328,207469,414918,42236
native_to_wasm,4118,207842,207591,415554,42236
native_to_wasm,4119,207331,208004,415456,42236
native_to_wasm,4120,207410,207461,414992,42236
native_to_wasm,4121,207334,207518,414973,42236
native_to_wasm,4122,207331,207465,414917,42236
native_to_wasm,4123,207846,207577,415544,42236
native_to_wasm,4124,207328,207983,415432,42236
native_to_wasm,4125,207428,207468,415017,42236
native_to_wasm,4126,207332,208477,415930,42236
native_to_wasm,4127,207327,207463,414911,42236
native_to_wasm,4128,207854,207549,415524,42236
native_to_wasm,4129,207330,208438,415889,42236
native_to_wasm,4130,207460,207484,415065,42236
native_to_wasm,4131,207333,209622,417076,42236
native_to_wasm,4132,207324,207469,414914,42236
native_to_wasm,4133,207858,207553,415532,42236
native_to_wasm,4134,207328,208405,415854,42236
native_to_wasm,4135,207408,207463,414992,42236
native_to_wasm,4136,207328,208212,415661,42236
native_to_wasm,4137,208579,207470,416170,42236
native_to_wasm,4138,207846,207544,415511,42236
native_to_wasm,4139,207336,208413,415870,42236
native_to_wasm,4140,207426,207470,415017,42236
native_to_wasm,4141,207330,207981,415432,42236
native_to_wasm,4142,208991,207469,416581,42236
native_to_wasm,4143,207854,207553,415528,42236
native_to_wasm,4144,207328,208575,416024,42236
native_to_wasm,4145,207428,207459,415008,42236
native_to_wasm,4146,207328,207983,415432,42236
native_to_wasm,4147,207640,207462,415223,42236
native_to_wasm,4148,207850,207546,415517,42236
native_to_wasm,4149,207324,207469,414914,42236
native_to_wasm,4150,208449,207463,416033,42236
native_to_wasm,4151,207321,207991,415433,42236
native_to_wasm,4152,207416,207463,415000,42236
native_to_wasm,4153,207848,207591,415560,42236
native_to_wasm,4154,207350,207462,414933,42236
native_to_wasm,4155,207412,207463,414996,42236
native_to_wasm,4156,207328,207983,415432,42236
native_to_wasm,4157,207409,207467,414997,42236
native_to_wasm,4158,207850,207553,415524,42236
native_to_wasm,4159,207326,207465,414912,42236
native_to_wasm,4160,208503,207482,416106,42236
native_to_wasm,4161,207324,207983,415428,42236
native_to_wasm,4162,207414,207467,415002,42236
native_to_wasm,4163,208278,207545,415944,42236
native_to_wasm,4164,207324,207467,414912,42236
native_to_wasm,4165,209018,207468,416607,42236
native_to_wasm,4166,207325,207983,415429,42236
native_to_wasm,4167,207455,207463,415039,42236
native_to_wasm,4168,208483,207577,416181,42236
native_to_wasm,4169,207326,207465,414912,42236
native_to_wasm,4170,208038,208980,417139,42236
native_to_wasm,4171,207327,207973,415421,42236
native_to_wasm,4172,207408,207461,414990,42236
native_to_wasm,4173,208233,207568,415922,42236
native_to_wasm,4174,207333,207463,414917,42236
native_to_wasm,4175,207850,209130,417101,42236
native_to_wasm,4176,207332,207979,415432,42236
native_to_wasm,4177,207455,207463,415039,42236
native_to_wasm,4178,208275,207577,415973,42236
native_to_wasm,4179,207328,207465,414914,42236
native_to_wasm,4180,207854,207749,415724,42236
native_to_wasm,4181,207350,207980,415451,42236
native_to_wasm,4182,207413,207461,414995,42236
native_to_wasm,4183,207332,207518,414971,42236
native_to_wasm,4184,207331,207461,414913,42236
native_to_wasm,4185,207854,207551,415526,42236
native_to_wasm,4186,207328,207987,415436,42236
native_to_wasm,4187,207412,207473,415006,42236
native_to_wasm,4188,207324,207526,414971,42236
native_to_wasm,4189,207321,207467,414909,42236
native_to_wasm,4190,207854,207551,415526,42236
native_to_wasm,4191,207332,207979,415432,42236
native_to_wasm,4192,207455,207463,415039,42236
native_to_wasm,4193,207332,209036,416489,42236
native_to_wasm,4194,207348,207472,414941,42236
native_to_wasm,4195,207871,207541,415533,42236
native_to_wasm,4196,207328,208443,415892,42236
native_to_wasm,4197,207426,207459,415006,42236
native_to_wasm,4198,207336,209737,417194,42236
native_to_wasm,4199,207345,207469,414935,42236
native_to_wasm,4200,207848,207546,415515,42236
native_to_wasm,4201,207326,208622,416069,42236
native_to_wasm,4202,207462,207482,415065,42236
native_to_wasm,4203,207333,208137,415591,42236
native_to_wasm,4204,208325,207485,415931,42236
native_to_wasm,4205,207847,207546,415514,42236
native_to_wasm,4206,207326,208626,416073,42236
native_to_wasm,4207,207454,207465,415040,42236
native_to_wasm,4208,207332,207981,415434,42236
native_to_wasm,4209,208819,207470,416410,42236
native_to_wasm,4210,207846,207546,415513,42236
native_to_wasm,4211,207328,207463,414912,42236
native_to_wasm,4212,208562,207461,416144,42236
native_to_wasm,4213,207332,207983,415436,42236
native_to_wasm,4214,207480,207483,415084,42236
native_to_wasm,4215,207847,207546,415514,42236
native_to_wasm,4216,207326,207473,414920,42236
native_to_wasm,4217,207413,207463,414997,42236
native_to_wasm,4218,207332,207981,415434,42236
native_to_wasm,4219,207413,207463,414997,42236
native_to_wasm,4220,207844,207591,415556,42236
native_to_wasm,4221,207329,207463,414913,42236
native_to_wasm,4222,208347,207462,415930,42236
native_to_wasm,4223,207331,207979,415431,42236
native_to_wasm,4224,207449,207471,415041,42236
native_to_wasm,4225,207871,207541,415533,42236
native_to_wasm,4226,207328,207465,414914,42236
native_to_wasm,4227,209319,207462,416902,42236
native_to_wasm,4228,207340,207986,415447,42236
native_to_wasm,4229,207411,207463,414995,42236
native_to_wasm,4230,208272,207545,415938,42236
native_to_wasm,4231,207326,207465,414912,42236
native_to_wasm,4232,209575,207465,417161,42236
native_to_wasm,4233,207329,207977,415427,42236
native_to_wasm,4234,207457,207463,415041,42236
native_to_wasm,4235,208279,207551,415951,42236
native_to_wasm,4236,207328,207469,414918,42236
native_to_wasm,4237,208086,208604,416811,42236
native_to_wasm,4238,207329,207981,415431,42236
native_to_wasm,4239,207426,207470,415017,42236
native_to_wasm,4240,208271,207557,415949,42236
native_to_wasm,4241,207326,207467,414914,42236
native_to_wasm,4242,207844,209139,417104,42236
native_to_wasm,4243,207336,207979,415436,42236
native_to_wasm,4244,207457,207463,415041,42236
native_to_wasm,4245,208440,207554,416115,42236
native_to_wasm,4246,207324,207467,414912,42236
native_to_wasm,4247,207844,207805,415770,42236
native_to_wasm,4248,207336,207979,415436,42236
native_to_wasm,4249,207426,207461,415008,42236
native_to_wasm,4250,207328,208489,415938,42236
native_to_wasm,4251,207328,207469,414918,42236
native_to_wasm,4252,207842,207591,415554,42236
native_to_wasm,4253,207331,208004,415456,42236
native_to_wasm,4254,207410,207461,414992,42236
native_to_wasm,4255,207334,207518,414973,42236
native_to_wasm,4256,207331,207465,414917,42236
native_to_wasm,4257,207846,207577,415544,42236
native_to_wasm,4258,207328,207983,415432,42236
native_to_wasm,4259,207428,207468,415017,42236
native_to_wasm,4260,207332,208477,415930,42236
native_to_wasm,4261,207327,207463,414911,42236
native_to_wasm,4262,207854,207549,415524,42236
native_to_wasm,4263,207330,208438,415889,42236
native_to_wasm,4264,207460,207484,415065,42236
native_to_wasm,4265,207333,209622,417076,42236
native_to_wasm,4266,207324,207469,414914,42236
native_to_wasm,4267,207858,207553,415532,42236
native_to_wasm,4268,207328,208405,415854,42236
native_to_wasm,4269,207408,207463,414992,42236
native_to_wasm,4270,207328,208212,415661,42236
native_to_wasm,4271,208579,207470,416170,42236
native_to_wasm,4272,207846,207544,415511,42236
native_to_wasm,4273,207336,208413,415870,42236
native_to_wasm,4274,207426,207470,415017,42236
native_to_wasm,4275,207330,207981,415432,42236
native_to_wasm,4276,208991,207469,416581,42236
native_to_wasm,4277,207854,207553,415528,42236
native_to_wasm,4278,207328,208575,416024,42236
native_to_wasm,4279,207428,207459,415008,42236
native_to_wasm,4280,207328,207983,415432,42236
native_to_wasm,4281,207640,207462,415223,42236
native_to_wasm,4282,207850,207546,415517,42236
native_to_wasm,4283,207324,207469,414914,42236
native_to_wasm,4284,208449,207463,416033,42236
native_to_wasm,4285,207321,207991,415433,42236
native_to_wasm,4286,207416,207463,415000,42236
native_to_wasm,4287,207848,207591,415560,42236
native_to_wasm,4288,207350,207462,414933,42236
native_to_wasm,4289,207412,207463,414996,42236
native_to_wasm,4290,207328,207983,415432,42236
native_to_wasm,4291,207409,207467,414997,42236
native_to_wasm,4292,207850,207553,415524,42236
native_to_wasm,4293,207326,207465,414912,42236
native_to_wasm,4294,208503,207482,416106,42236
native_to_wasm,4295,207324,207983,415428,42236
native_to_wasm,4296,207414,207467,415002,42236
native_to_wasm,4297,208278,207545,415944,42236
native_to_wasm,4298,207324,207467,414912,42236
native_to_wasm,4299,209018,207468,416607,42236
native_to_wasm,4300,207325,207983,415429,42236
native_to_wasm,4301,207455,207463,415039,42236
native_to_wasm,4302,208483,207577,416181,42236
native_to_wasm,4303,207326,207465,414912,42236
native_to_wasm,4304,208038,208980,417139,42236
native_to_wasm,4305,207327,207973,415421,42236
native_to_wasm,4306,207408,207461,414990,42236
native_to_wasm,4307,208233,207568,415922,42236
native_to_wasm,4308,207333,207463,414917,42236
native_to_wasm,4309,207850,209130,417101,42236
native_to_wasm,4310,207332,207979,415432,42236
native_to_wasm,4311,207455,207463,415039,42236
native_to_wasm,4312,208275,207577,415973,42236
native_to_wasm,4313,207328,207465,414914,42236
native_to_wasm,4314,207854,207749,415724,42236
native_to_wasm,4315,207350,207980,415451,42236
native_to_wasm,4316,207413,207461,414995,42236
native_to_wasm,4317,207332,207518,414971,42236
native_to_wasm,4318,207331,207461,414913,42236
native_to_wasm,4319,207854,207551,415526,42236
native_to_wasm,4320,207328,207987,415436,42236
native_to_wasm,4321,207412,207473,415006,42236
native_to_wasm,4322,207324,207526,414971,42236
native_to_wasm,4323,207321,207467,414909,42236
native_to_wasm,4324,207854,207551,415526,42236
native_to_wasm,4325,207332,207979,415432,42236
native_to_wasm,4326,207455,207463,415039,42236
native_to_wasm,4327,207332,209036,416489,42236
native_to_wasm,4328,207348,207472,414941,42236
native_to_wasm,4329,207871,207541,415533,42236
native_to_wasm,4330,207328,208443,415892,42236
native_to_wasm,4331,207426,207459,415006,42236
native_to_wasm,4332,207336,209737,417194,42236
native_to_wasm,4333,207345,207469,414935,42236
native_to_wasm,4334,207848,207546,415515,42236
native_to_wasm,4335,207326,208622,416069,42236
native_to_wasm,4336,207462,207482,415065,42236
native_to_wasm,4337,207333,208137,415591,42236
native_to_wasm,4338,208325,207485,415931,42236
native_to_wasm,4339,207847,207546,415514,42236
native_to_wasm,4340,207326,208626,416073,42236
native_to_wasm,4341,207454,207465,415040,42236
native_to_wasm,4342,207332,207981,415434,42236
native_to_wasm,4343,208819,207470,416410,42236
native_to_wasm,4344,207846,207546,415513,42236
native_to_wasm,4345,207328,207463,414912,42236
native_to_wasm,4346,208562,207461,416144,42236
native_to_wasm,4347,207332,207983,415436,42236
native_to_wasm,4348,207480,207483,415084,42236
native_to_wasm,4349,207847,207546,415514,42236
native_to_wasm,4350,207326,207473,414920,42236
native_to_wasm,4351,207413,207463,414997,42236
native_to_wasm,4352,207332,207981,415434,42236
native_to_wasm,4353,207413,207463,414997,42236
native_to_wasm,4354,207844,207591,415556,42236
native_to_wasm,4355,207329,207463,414913,42236
native_to_wasm,4356,208347,207462,415930,42236
native_to_wasm,4357,207331,207979,415431,42236
native_to_wasm,4358,207449,207471,415041,42236
native_to_wasm,4359,207871,207541,415533,42236
native_to_wasm,4360,207328,207465,414914,42236
native_to_wasm,4361,209319,207462,416902,42236
native_to_wasm,4362,207340,207986,415447,42236
native_to_wasm,4363,207411,207463,414995,42236
native_to_wasm,4364,208272,207545,415938,42236
native_to_wasm,4365,207326,207465,414912,42236
native_to_wasm,4366,209575,207465,417161,42236
native_to_wasm,4367,207329,207977,415427,42236
native_to_wasm,4368,207457,207463,415041,42236
native_to_wasm,4369,208279,207551,415951,42236
native_to_wasm,4370,207328,207469,414918,42236
native_to_wasm,4371,208086,208604,416811,42236
native_to_wasm,4372,207329,207981,415431,42236
native_to_wasm,4373,207426,207470,415017,42236
native_to_wasm,4374,208271,207557,415949,42236
native_to_wasm,4375,207326,207467,414914,42236
native_to_wasm,4376,207844,209139,417104,42236
native_to_wasm,4377,207336,207979,415436,42236
native_to_wasm,4378,207457,207463,415041,42236
native_to_wasm,4379,208440,207554,416115,42236
native_to_wasm,4380,207324,207467,414912,42236
native_to_wasm,4381,207844,207805,415770,42236
native_to_wasm,4382,207336,207979,415436,42236
native_to_wasm,4383,207426,207461,415008,42236
native_to_wasm,4384,207328,208489,415938,42236
native_to_wasm,4385,207328,207469,414918,42236
native_to_wasm,4386,207842,207591,415554,42236
native_to_wasm,4387,207331,208004,415456,42236
native_to_wasm,4388,207410,207461,414992,42236
native_to_wasm,4389,207334,207518,414973,42236
native_to_wasm,4390,207331,207465,414917,42236
native_to_wasm,4391,207846,207577,415544,42236
native_to_wasm,4392,207328,207983,415432,42236
native_to_wasm,4393,207428,207468,415017,42236
native_to_wasm,4394,207332,208477,415930,42236
native_to_wasm,4395,207327,207463,414911,42236
native_to_wasm,4396,207854,207549,415524,42236
native_to_wasm,4397,207330,208438,415889,42236
native_to_wasm,4398,207460,207484,415065,42236
native_to_wasm,4399,207333,209622,417076,42236
native_to_wasm,4400,207324,207469,414914,42236
native_to_wasm,4401,207858,207553,415532,42236
native_to_wasm,4402,207328,208405,415854,42236
native_to_wasm,4403,207408,207463,414992,42236
native_to_wasm,4404,207328,208212,415661,42236
native_to_wasm,4405,208579,207470,416170,42236
native_to_wasm,4406,207846,207544,415511,42236
native_to_wasm,4407,207336,208413,415870,42236
native_to_wasm,4408,207426,207470,415017,42236
native_to_wasm,4409,207330,207981,415432,42236
native_to_wasm,4410,208991,207469,416581,42236
native_to_wasm,4411,207854,207553,415528,42236
native_to_wasm,4412,207328,208575,416024,42236
native_to_wasm,4413,207428,207459,415008,42236
native_to_wasm,4414,207328,207983,415432,42236
native_to_wasm,4415,207640,207462,415223,42236
native_to_wasm,4416,207850,207546,415517,42236
native_to_wasm,4417,207324,207469,414914,42236
native_to_wasm,4418,208449,207463,416033,42236
native_to_wasm,4419,207321,207991,415433,42236
native_to_wasm,4420,207416,207463,415000,42236
native_to_wasm,4421,207848,207591,415560,42236
native_to_wasm,4422,207350,207462,414933,42236
native_to_wasm,4423,207412,207463,414996,42236
native_to_wasm,4424,207328,207983,415432,42236
native_to_wasm,4425,207409,207467,414997,42236
native_to_wasm,4426,207850,207553,415524,42236
native_to_wasm,4427,207326,207465,414912,42236
native_to_wasm,4428,208503,207482,416106,42236
native_to_wasm,4429,207324,207983,415428,42236
native_to_wasm,4430,207414,207467,415002,42236
native_to_wasm,4431,208278,207545,415944,42236
native_to_wasm,4432,207324,207467,414912,42236
native_to_wasm,4433,209018,207468,416607,42236
native_to_wasm,4434,207325,207983,415429,42236
native_to_wasm,4435,207455,207463,415039,42236
native_to_wasm,4436,208483,207577,416181,42236
native_to_wasm,4437,207326,207465,414912,42236
native_to_wasm,4438,208038,208980,417139,42236
native_to_wasm,4439,207327,207973,415421,42236
native_to_wasm,4440,207408,207461,414990,42236
native_to_wasm,4441,208233,207568,415922,42236
native_to_wasm,4442,207333,207463,414917,42236
native_to_wasm,4443,207850,209130,417101,42236
native_to_wasm,4444,207332,207979,415432,42236
native_to_wasm,4445,207455,207463,415039,42236
native_to_wasm,4446,208275,207577,415973,42236
native_to_wasm,4447,207328,207465,414914,42236
native_to_wasm,4448,207854,207749,415724,42236
native_to_wasm,4449,207350,207980,415451,42236
native_to_wasm,4450,207413,207461,414995,42236
native_to_wasm,4451,207332,207518,414971,42236
native_to_wasm,4452,207331,207461,414913,42236
native_to_wasm,4453,207854,207551,415526,42236
native_to_wasm,4454,207328,207987,415436,42236
native_to_wasm,4455,207412,207473,415006,42236
native_to_wasm,4456,207324,207526,414971,42236
native_to_wasm,4457,207321,207467,414909,42236
native_to_wasm,4458,207854,207551,415526,42236
native_to_wasm,4459,207332,207979,415432,42236
native_to_wasm,4460,207455,207463,415039,42236
native_to_wasm,4461,207332,209036,416489,42236
native_to_wasm,4462,207348,207472,414941,42236
native_to_wasm,4463,207871,207541,415533,42236
native_to_wasm,4464,207328,208443,415892,42236
native_to_wasm,4465,207426,207459,415006,42236
native_to_wasm,4466,207336,209737,417194,42236
native_to_wasm,4467,207345,207469,414935,42236
native_to_wasm,4468,207848,207546,415515,42236
native_to_wasm,4469,207326,208622,416069,42236
native_to_wasm,4470,207462,207482,415065,42236
native_to_wasm,4471,207333,208137,415591,42236
native_to_wasm,4472,208325,207485,415931,42236
native_to_wasm,4473,207847,207546,415514,42236
native_to_wasm,4474,207326,208626,416073,42236
native_to_wasm,4475,207454,207465,415040,42236
native_to_wasm,4476,207332,207981,415434,42236
native_to_wasm,4477,208819,207470,416410,42236
native_to_wasm,4478,207846,207546,415513,42236
native_to_wasm,4479,207328,207463,414912,42236
native_to_wasm,4480,208562,207461,416144,42236
native_to_wasm,4481,207332,207983,415436,42236
native_to_wasm,4482,207480,207483,415084,42236
native_to_wasm,4483,207847,207546,415514,42236
native_to_wasm,4484,207326,207473,414920,42236
native_to_wasm,4485,207413,207463,414997,42236
native_to_wasm,4486,207332,207981,415434,42236
native_to_wasm,4487,207413,207463,414997,42236
native_to_wasm,4488,207844,207591,415556,42236
native_to_wasm,4489,207329,207463,414913,42236
native_to_wasm,4490,208347,207462,415930,42236
native_to_wasm,4491,207331,207979,415431,42236
native_to_wasm,4492,207449,207471,415041,42236
native_to_wasm,4493,207871,207541,415533,42236
native_to_wasm,4494,207328,207465,414914,42236
native_to_wasm,4495,209319,207462,416902,42236
native_to_wasm,4496,207340,207986,415447,42236
native_to_wasm,4497,207411,207463,414995,42236
native_to_wasm,4498,208272,207545,415938,42236
native_to_wasm,4499,207326,207465,414912,42236
native_to_wasm,4500,209575,207465,417161,42236
native_to_wasm,4501,207329,207977,415427,42236
native_to_wasm,4502,207457,207463,415041,42236
native_to_wasm,4503,208279,207551,415951,42236
native_to_wasm,4504,207328,207469,414918,42236
native_to_wasm,4505,208086,208604,416811,42236
native_to_wasm,4506,207329,207981,415431,42236
native_to_wasm,4507,207426,207470,415017,42236
native_to_wasm,4508,208271,207557,415949,42236
native_to_wasm,4509,207326,207467,414914,42236
native_to_wasm,4510,207844,209139,417104,42236
native_to_wasm,4511,207336,207979,415436,42236
native_to_wasm,4512,207457,207463,415041,42236
native_to_wasm,4513,208440,207554,416115,42236
native_to_wasm,4514,207324,207467,414912,42236
native_to_wasm,4515,207844,207805,415770,42236
native_to_wasm,4516,207336,207979,415436,42236
native_to_wasm,4517,207426,207461,415008,42236
native_to_wasm,4518,207328,208489,415938,42236
native_to_wasm,4519,207328,207469,414918,42236
native_to_wasm,4520,207842,207591,415554,42236
native_to_wasm,4521,207331,208004,415456,42236
native_to_wasm,4522,207410,207461,414992,42236
native_to_wasm,4523,207334,207518,414973,42236
native_to_wasm,4524,207331,207465,414917,42236
native_to_wasm,4525,207846,207577,415544,42236
native_to_wasm,4526,207328,207983,415432,42236
native_to_wasm,4527,207428,207468,415017,42236
native_to_wasm,4528,207332,208477,415930,42236
native_to_wasm,4529,207327,207463,414911,42236
native_to_wasm,4530,207854,207549,415524,42236
native_to_wasm,4531,207330,208438,415889,42236
native_to_wasm,4532,207460,207484,415065,42236
native_to_wasm,4533,207333,209622,417076,42236
native_to_wasm,4534,207324,207469,414914,42236
native_to_wasm,4535,207858,207553,415532,42236
native_to_wasm,4536,207328,208405,415854,42236
native_to_wasm,4537,207408,207463,414992,42236
native_to_wasm,4538,207328,208212,415661,42236
native_to_wasm,4539,208579,207470,416170,42236
native_to_wasm,4540,207846,207544,415511,42236
native_to_wasm,4541,207336,208413,415870,42236
native_to_wasm,4542,207426,207470,415017,42236
native_to_wasm,4543,207330,207981,415432,42236
native_to_wasm,4544,208991,207469,416581,42236
native_to_wasm,4545,207854,207553,415528,42236
native_to_wasm,4546,207328,208575,416024,42236
native_to_wasm,4547,207428,207459,415008,42236
native_to_wasm,4548,207328,207983,415432,42236
native_to_wasm,4549,207640,207462,415223,42236
native_to_wasm,4550,207850,207546,415517,42236
native_to_wasm,4551,207324,207469,414914,42236
native_to_wasm,4552,208449,207463,416033,42236
native_to_wasm,4553,207321,207991,415433,42236
native_to_wasm,4554,207416,207463,415000,42236
native_to_wasm,4555,207848,207591,415560,42236
native_to_wasm,4556,207350,207462,414933,42236
native_to_wasm,4557,207412,207463,414996,42236
native_to_wasm,4558,207328,207983,415432,42236
native_to_wasm,4559,207409,207467,414997,42236
native_to_wasm,4560,207850,207553,415524,42236
native_to_wasm,4561,207326,207465,414912,42236
native_to_wasm,4562,208503,207482,416106,42236
native_to_wasm,4563,207324,207983,415428,42236
native_to_wasm,4564,207414,207467,415002,42236
native_to_wasm,4565,208278,207545,415944,42236
native_to_wasm,4566,207324,207467,414912,42236
native_to_wasm,4567,209018,207468,416607,42236
native_to_wasm,4568,207325,207983,415429,42236
native_to_wasm,4569,207455,207463,415039,42236
native_to_wasm,4570,208483,207577,416181,42236
native_to_wasm,4571,207326,207465,414912,42236
native_to_wasm,4572,208038,208980,417139,42236
native_to_wasm,4573,207327,207973,415421,42236
native_to_wasm,4574,207408,207461,414990,42236
native_to_wasm,4575,208233,207568,415922,42236
native_to_wasm,4576,207333,207463,414917,42236
native_to_wasm,4577,207850,209130,417101,42236
native_to_wasm,4578,207332,207979,415432,42236
native_to_wasm,4579,207455,207463,415039,42236
native_to_wasm,4580,208275,207577,415973,42236
native_to_wasm,4581,207328,207465,414914,42236
native_to_wasm,4582,207854,207749,415724,42236
native_to_wasm,4583,207350,207980,415451,42236
native_to_wasm,4584,207413,207461,414995,42236
native_to_wasm,4585,207332,207518,414971,42236
native_to_wasm,4586,207331,207461,414913,42236
native_to_wasm,4587,207854,207551,415526,42236
native_to_wasm,4588,207328,207987,415436,42236
native_to_wasm,4589,207412,207473,415006,42236
native_to_wasm,4590,207324,207526,414971,42236
native_to_wasm,4591,207321,207467,414909,42236
native_to_wasm,4592,207854,207551,415526,42236
native_to_wasm,4593,207332,207979,415432,42236
native_to_wasm,4594,207455,207463,415039,42236
native_to_wasm,4595,207332,209036,416489,42236
native_to_wasm,4596,207348,207472,414941,42236
native_to_wasm,4597,207871,207541,415533,42236
native_to_wasm,4598,207328,208443,415892,42236
native_to_wasm,4599,207426,207459,415006,42236
native_to_wasm,4600,207336,209737,417194,42236
native_to_wasm,4601,207345,207469,414935,42236
native_to_wasm,4602,207848,207546,415515,42236
native_to_wasm,4603,207326,208622,416069,42236
native_to_wasm,4604,207462,207482,415065,42236
native_to_wasm,4605,207333,208137,415591,42236
native_to_wasm,4606,208325,207485,415931,42236
native_to_wasm,4607,207847,207546,415514,42236
native_to_wasm,4608,207326,208626,416073,42236
native_to_wasm,4609,207454,207465,415040,42236
native_to_wasm,4610,207332,207981,415434,42236
native_to_wasm,4611,208819,207470,416410,42236
native_to_wasm,4612,207846,207546,415513,42236
native_to_wasm,4613,207328,207463,414912,42236
native_to_wasm,4614,208562,207461,416144,42236
native_to_wasm,4615,207332,207983,415436,42236
native_to_wasm,4616,207480,207483,415084,42236
native_to_wasm,4617,207847,207546,415514,42236
native_to_wasm,4618,207326,207473,414920,42236
native_to_wasm,4619,207413,207463,414997,42236
native_to_wasm,4620,207332,207981,415434,42236
native_to_wasm,4621,207413,207463,414997,42236
native_to_wasm,4622,207844,207591,415556,42236
native_to_wasm,4623,207329,207463,414913,42236
native_to_wasm,4624,208347,207462,415930,42236
native_to_wasm,4625,207331,207979,415431,42236
native_to_wasm,4626,207449,207471,415041,42236
native_to_wasm,4627,207871,207541,415533,42236
native_to_wasm,4628,207328,207465,414914,42236
native_to_wasm,4629,209319,207462,416902,42236
native_to_wasm,4630,207340,207986,415447,42236
native_to_wasm,4631,207411,207463,414995,42236
native_to_wasm,4632,208272,207545,415938,42236
native_to_wasm,4633,207326,207465,414912,42236
native_to_wasm,4634,209575,207465,417161,42236
native_to_wasm,4635,207329,207977,415427,42236
native_to_wasm,4636,207457,207463,415041,42236
native_to_wasm,4637,208279,207551,415951,42236
native_to_wasm,4638,207328,207469,414918,42236
native_to_wasm,4639,208086,208604,416811,42236
native_to_wasm,4640,207329,207981,415431,42236
native_to_wasm,4641,207426,207470,415017,42236
native_to_wasm,4642,208271,207557,415949,42236
native_to_wasm,4643,207326,207467,414914,42236
native_to_wasm,4644,207844,209139,417104,42236
native_to_wasm,4645,207336,207979,415436,42236
native_to_wasm,4646,207457,207463,415041,42236
native_to_wasm,4647,208440,207554,416115,42236
native_to_wasm,4648,207324,207467,414912,42236
native_to_wasm,4649,207844,207805,415770,42236
native_to_wasm,4650,207336,207979,415436,42236
native_to_wasm,4651,207426,207461,415008,42236
native_to_wasm,4652,207328,208489,415938,42236
native_to_wasm,4653,207328,207469,414918,42236
native_to_wasm,4654,207842,207591,415554,42236
native_to_wasm,4655,207331,208004,415456,42236
native_to_wasm,4656,207410,207461,414992,42236
native_to_wasm,4657,207334,207518,414973,42236
native_to_wasm,4658,207331,207465,414917,42236
native_to_wasm,4659,207846,207577,415544,42236
native_to_wasm,4660,207328,207983,415432,42236
native_to_wasm,4661,207428,207468,415017,42236
native_to_wasm,4662,207332,208477,415930,42236
native_to_wasm,4663,207327,207463,414911,42236
native_to_wasm,4664,207854,207549,415524,42236
native_to_wasm,4665,207330,208438,415889,42236
native_to_wasm,4666,207460,207484,415065,42236
native_to_wasm,4667,207333,209622,417076,42236
native_to_wasm,4668,207324,207469,414914,42236
native_to_wasm,4669,207858,207553,415532,42236
native_to_wasm,4670,207328,208405,415854,42236
native_to_wasm,4671,207408,207463,414992,42236
native_to_wasm,4672,207328,208212,415661,42236
native_to_wasm,4673,208579,207470,416170,42236
native_to_wasm,4674,207846,207544,415511,42236
native_to_wasm,4675,207336,208413,415870,42236
native_to_wasm,4676,207426,207470,415017,42236
native_to_wasm,4677,207330,207981,415432,42236
native_to_wasm,4678,208991,207469,416581,42236
native_to_wasm,4679,207854,207553,415528,42236
native_to_wasm,4680,207328,208575,416024,42236
native_to_wasm,4681,207428,207459,415008,42236
native_to_wasm,4682,207328,207983,415432,42236
native_to_wasm,4683,207640,207462,415223,42236
native_to_wasm,4684,207850,207546,415517,42236
native_to_wasm,4685,207324,207469,414914,42236
native_to_wasm,4686,208449,207463,416033,42236
native_to_wasm,4687,207321,207991,415433,42236
native_to_wasm,4688,207416,207463,415000,42236
native_to_wasm,4689,207848,207591,415560,42236
native_to_wasm,4690,207350,207462,414933,42236
native_to_wasm,4691,207412,207463,414996,42236
native_to_wasm,4692,207328,207983,415432,42236
native_to_wasm,4693,207409,207467,414997,42236
native_to_wasm,4694,207850,207553,415524,42236
native_to_wasm,4695,207326,207465,414912,42236
native_to_wasm,4696,208503,207482,416106,42236
native_to_wasm,4697,207324,207983,415428,42236
native_to_wasm,4698,207414,207467,415002,42236
native_to_wasm,4699,208278,207545,415944,42236
native_to_wasm,4700,207324,207467,414912,42236
native_to_wasm,4701,209018,207468,416607,42236
native_to_wasm,4702,207325,207983,415429,42236
native_to_wasm,4703,207455,207463,415039,42236
native_to_wasm,4704,208483,207577,416181,42236
native_to_wasm,4705,207326,207465,414912,42236
native_to_wasm,4706,208038,208980,417139,42236
native_to_wasm,4707,207327,207973,415421,42236
native_to_wasm,4708,207408,207461,414990,42236
native_to_wasm,4709,208233,207568,415922,42236
native_to_wasm,4710,207333,207463,414917,42236
native_to_wasm,4711,207850,209130,417101,42236
native_to_wasm,4712,207332,207979,415432,42236
native_to_wasm,4713,207455,207463,415039,42236
native_to_wasm,4714,208275,207577,415973,42236
native_to_wasm,4715,207328,207465,414914,42236
native_to_wasm,4716,207854,207749,415724,42236
native_to_wasm,4717,207350,207980,415451,42236
native_to_wasm,4718,207413,207461,414995,42236
native_to_wasm,4719,207332,207518,414971,42236
native_to_wasm,4720,207331,207461,414913,42236
native_to_wasm,4721,207854,207551,415526,42236
native_to_wasm,4722,207328,207987,415436,42236
native_to_wasm,4723,207412,207473,415006,42236
native_to_wasm,4724,207324,207526,414971,42236
native_to_wasm,4725,207321,207467,414909,42236
native_to_wasm,4726,207854,207551,415526,42236
native_to_wasm,4727,207332,207979,415432,42236
native_to_wasm,4728,207455,207463,415039,42236
native_to_wasm,4729,207332,209036,416489,42236
native_to_wasm,4730,207348,207472,414941,42236
native_to_wasm,4731,207871,207541,415533,42236
native_to_wasm,4732,207328,208443,415892,42236
native_to_wasm,4733,207426,207459,415006,42236
native_to_wasm,4734,207336,209737,417194,42236
native_to_wasm,4735,207345,207469,414935,42236
native_to_wasm,4736,207848,207546,415515,42236
native_to_wasm,4737,207326,208622,416069,42236
native_to_wasm,4738,207462,207482,415065,42236
native_to_wasm,4739,207333,208137,415591,42236
native_to_wasm,4740,208325,207485,415931,42236
native_to_wasm,4741,207847,207546,415514,42236
native_to_wasm,4742,207326,208626,416073,42236
native_to_wasm,4743,207454,207465,415040,42236
native_to_wasm,4744,207332,207981,415434,42236
native_to_wasm,4745,208819,207470,416410,42236
native_to_wasm,4746,207846,207546,415513,42236
native_to_wasm,4747,207328,207463,414912,42236
native_to_wasm,4748,208562,207461,416144,42236
native_to_wasm,4749,207332,207983,415436,42236
native_to_wasm,4750,207480,207483,415084,42236
native_to_wasm,4751,207847,207546,415514,42236
native_to_wasm,4752,207326,207473,414920,42236
native_to_wasm,4753,207413,207463,414997,42236
native_to_wasm,4754,207332,207981,415434,42236
native_to_wasm,4755,207413,207463,414997,42236
native_to_wasm,4756,207844,207591,415556,42236
native_to_wasm,4757,207329,207463,414913,42236
native_to_wasm,4758,208347,207462,415930,42236
native_to_wasm,4759,207331,207979,415431,42236
native_to_wasm,4760,207449,207471,415041,42236
native_to_wasm,4761,207871,207541,415533,42236
native_to_wasm,4762,207328,207465,414914,42236
native_to_wasm,4763,209319,207462,416902,42236
native_to_wasm,4764,207340,207986,415447,42236
native_to_wasm,4765,207411,207463,414995,42236
native_to_wasm,4766,208272,207545,415938,42236
native_to_wasm,4767,207326,207465,414912,42236
native_to_wasm,4768,209575,207465,417161,42236
native_to_wasm,4769,207329,207977,415427,42236
native_to_wasm,4770,207457,207463,415041,42236
native_to_wasm,4771,208279,207551,415951,42236
native_to_wasm,4772,207328,207469,414918,42236
native_to_wasm,4773,208086,208604,416811,42236
native_to_wasm,4774,207329,207981,415431,42236
native_to_wasm,4775,207426,207470,415017,42236
native_to_wasm,4776,208271,207557,415949,42236
native_to_wasm,4777,207326,207467,414914,42236
native_to_wasm,4778,207844,209139,417104,42236
native_to_wasm,4779,207336,207979,415436,42236
native_to_wasm,4780,207457,207463,415041,42236
native_to_wasm,4781,208440,207554,416115,42236
native_to_wasm,4782,207324,207467,414912,42236
native_to_wasm,4783,207844,207805,415770,42236
native_to_wasm,4784,207336,207979,415436,42236
native_to_wasm,4785,207426,207461,415008,42236
native_to_wasm,4786,207328,208489,415938,42236
native_to_wasm,4787,207328,207469,414918,42236
native_to_wasm,4788,207842,207591,415554,42236
native_to_wasm,4789,207331,208004,415456,42236
native_to_wasm,4790,207410,207461,414992,42236
native_to_wasm,4791,207334,207518,414973,42236
native_to_wasm,4792,207331,207465,414917,42236
native_to_wasm,4793,207846,207577,415544,42236
native_to_wasm,4794,207328,207983,415432,42236
native_to_wasm,4795,207428,207468,415017,42236
native_to_wasm,4796,207332,208477,415930,42236
native_to_wasm,4797,207327,207463,414911,42236
native_to_wasm,4798,207854,207549,415524,42236
native_to_wasm,4799,207330,208438,415889,42236
native_to_wasm,4800,207460,207484,415065,42236
native_to_wasm,4801,207333,209622,417076,42236
native_to_wasm,4802,207324,207469,414914,42236
native_to_wasm,4803,207858,207553,415532,42236
native_to_wasm,4804,207328,208405,415854,42236
native_to_wasm,4805,207408,207463,414992,42236
native_to_wasm,4806,207328,208212,415661,42236
native_to_wasm,4807,208579,207470,416170,42236
native_to_wasm,4808,207846,207544,415511,42236
native_to_wasm,4809,207336,208413,415870,42236
native_to_wasm,4810,207426,207470,415017,42236
native_to_wasm,4811,207330,207981,415432,42236
native_to_wasm,4812,208991,207469,416581,42236
native_to_wasm,4813,207854,207553,415528,42236
native_to_wasm,4814,207328,208575,416024,42236
native_to_wasm,4815,207428,207459,415008,42236
native_to_wasm,4816,207328,207983,415432,42236
native_to_wasm,4817,207640,207462,415223,42236
native_to_wasm,4818,207850,207546,415517,42236
native_to_wasm,4819,207324,207469,414914,42236
native_to_wasm,4820,208449,207463,416033,42236
native_to_wasm,4821,207321,207991,415433,42236
native_to_wasm,4822,207416,207463,415000,42236
native_to_wasm,4823,207848,207591,415560,42236
native_to_wasm,4824,207350,207462,414933,42236
native_to_wasm,4825,207412,207463,414996,42236
native_to_wasm,4826,207328,207983,415432,42236
native_to_wasm,4827,207409,207467,414997,42236
native_to_wasm,4828,207850,207553,415524,42236
native_to_wasm,4829,207326,207465,414912,42236
native_to_wasm,4830,208503,207482,416106,42236
native_to_wasm,4831,207324,207983,415428,42236
native_to_wasm,4832,207414,207467,415002,42236
native_to_wasm,4833,208278,207545,415944,42236
native_to_wasm,4834,207324,207467,414912,42236
native_to_wasm,4835,209018,207468,416607,42236
native_to_wasm,4836,207325,207983,415429,42236
native_to_wasm,4837,207455,207463,415039,42236
native_to_wasm,4838,208483,207577,416181,42236
native_to_wasm,4839,207326,207465,414912,42236
native_to_wasm,4840,208038,208980,417139,42236
native_to_wasm,4841,207327,207973,415421,42236
native_to_wasm,4842,207408,207461,414990,42236
native_to_wasm,4843,208233,207568,415922,42236
native_to_wasm,4844,207333,207463,414917,42236
native_to_wasm,4845,207850,209130,417101,42236
native_to_wasm,4846,207332,207979,415432,42236
native_to_wasm,4847,207455,207463,415039,42236
native_to_wasm,4848,208275,207577,415973,42236
native_to_wasm,4849,207328,207465,414914,42236
native_to_wasm,4850,207854,207749,415724,42236
native_to_wasm,4851,207350,207980,415451,42236
native_to_wasm,4852,207413,207461,414995,42236
native_to_wasm,4853,207332,207518,414971,42236
native_to_wasm,4854,207331,207461,414913,42236
native_to_wasm,4855,207854,207551,415526,42236
native_to_wasm,4856,207328,207987,415436,42236
native_to_wasm,4857,207412,207473,415006,42236
native_to_wasm,4858,207324,207526,414971,42236
native_to_wasm,4859,207321,207467,414909,42236
native_to_wasm,4860,207854,207551,415526,42236
native_to_wasm,4861,207332,207979,415432,42236
native_to_wasm,4862,207455,207463,415039,42236
native_to_wasm,4863,207332,209036,416489,42236
native_to_wasm,4864,207348,207472,414941,42236
native_to_wasm,4865,207871,207541,415533,42236
native_to_wasm,4866,207328,208443,415892,42236
native_to_wasm,4867,207426,207459,415006,42236
native_to_wasm,4868,207336,209737,417194,42236
native_to_wasm,4869,207345,207469,414935,42236
native_to_wasm,4870,207848,207546,415515,42236
native_to_wasm,4871,207326,208622,416069,42236
native_to_wasm,4872,207462,207482,415065,42236
native_to_wasm,4873,207333,208137,415591,42236
native_to_wasm,4874,208325,207485,415931,42236
native_to_wasm,4875,207847,207546,415514,42236
native_to_wasm,4876,207326,208626,416073,42236
native_to_wasm,4877,207454,207465,415040,42236
native_to_wasm,4878,207332,207981,415434,42236
native_to_wasm,4879,208819,207470,416410,42236
native_to_wasm,4880,207846,207546,415513,42236
native_to_wasm,4881,207328,207463,414912,42236
native_to_wasm,4882,208562,207461,416144,42236
native_to_wasm,4883,207332,207983,415436,42236
native_to_wasm,4884,207480,207483,415084,42236
native_to_wasm,4885,207847,207546,415514,42236
native_to_wasm,4886,207326,207473,414920,42236
native_to_wasm,4887,207413,207463,414997,42236
native_to_wasm,4888,207332,207981,415434,42236
native_to_wasm,4889,207413,207463,414997,42236
native_to_wasm,4890,207844,207591,415556,42236
native_to_wasm,4891,207329,207463,414913,42236
native_to_wasm,4892,208347,207462,415930,42236
native_to_wasm,4893,207331,207979,415431,42236
native_to_wasm,4894,207449,207471,415041,42236
native_to_wasm,4895,207871,207541,415533,42236
native_to_wasm,4896,207328,207465,414914,42236
native_to_wasm,4897,209319,207462,416902,42236
native_to_wasm,4898,207340,207986,415447,42236
native_to_wasm,4899,207411,207463,414995,42236
native_to_wasm,4900,208272,207545,415938,42236
native_to_wasm,4901,207326,207465,414912,42236
native_to_wasm,4902,209575,207465,417161,42236
native_to_wasm,4903,207329,207977,415427,42236
native_to_wasm,4904,207457,207463,415041,42236
native_to_wasm,4905,208279,207551,415951,42236
native_to_wasm,4906,207328,207469,414918,42236
native_to_wasm,4907,208086,208604,416811,42236
native_to_wasm,4908,207329,207981,415431,42236
native_to_wasm,4909,207426,207470,415017,42236
native_to_wasm,4910,208271,207557,415949,42236
native_to_wasm,4911,207326,207467,414914,42236
native_to_wasm,4912,207844,209139,417104,42236
native_to_wasm,4913,207336,207979,415436,42236
native_to_wasm,4914,207457,207463,415041,42236
native_to_wasm,4915,208440,207554,416115,42236
native_to_wasm,4916,207324,207467,414912,42236
native_to_wasm,4917,207844,207805,415770,42236
native_to_wasm,4918,207336,207979,415436,42236
native_to_wasm,4919,207426,207461,415008,42236
native_to_wasm,4920,207328,208489,415938,42236
native_to_wasm,4921,207328,207469,414918,42236
native_to_wasm,4922,207842,207591,415554,42236
native_to_wasm,4923,207331,208004,415456,42236
native_to_wasm,4924,207410,207461,414992,42236
native_to_wasm,4925,207334,207518,414973,42236
native_to_wasm,4926,207331,207465,414917,42236
native_to_wasm,4927,207846,207577,415544,42236
native_to_wasm,4928,207328,207983,415432,42236
native_to_wasm,4929,207428,207468,415017,42236
native_to_wasm,4930,207332,208477,415930,42236
native_to_wasm,4931,207327,207463,414911,42236
native_to_wasm,4932,207854,207549,415524,42236
native_to_wasm,4933,207330,208438,415889,42236
native_to_wasm,4934,207460,207484,415065,42236
native_to_wasm,4935,207333,209622,417076,42236
native_to_wasm,4936,207324,207469,414914,42236
native_to_wasm,4937,207858,207553,415532,42236
native_to_wasm,4938,207328,208405,415854,42236
native_to_wasm,4939,207408,207463,414992,42236
native_to_wasm,4940,207328,208212,415661,42236
native_to_wasm,4941,208579,207470,416170,42236
native_to_wasm,4942,207846,207544,415511,42236
native_to_wasm,4943,207336,208413,415870,42236
native_to_wasm,4944,207426,207470,415017,42236
native_to_wasm,4945,207330,207981,415432,42236
native_to_wasm,4946,208991,207469,416581,42236
native_to_wasm,4947,207854,207553,415528,42236
native_to_wasm,4948,207328,208575,416024,42236
native_to_wasm,4949,207428,207459,415008,42236
native_to_wasm,4950,207328,207983,415432,42236
native_to_wasm,4951,207640,207462,415223,42236
native_to_wasm,4952,207850,207546,415517,42236
native_to_wasm,4953,207324,207469,414914,42236
native_to_wasm,4954,208449,207463,416033,42236
native_to_wasm,4955,207321,207991,415433,42236
native_to_wasm,4956,207416,207463,415000,42236
native_to_wasm,4957,207848,207591,415560,42236
native_to_wasm,4958,207350,207462,414933,42236
native_to_wasm,4959,207412,207463,414996,42236
native_to_wasm,4960,207328,207983,415432,42236
native_to_wasm,4961,207409,207467,414997,42236
native_to_wasm,4962,207850,207553,415524,42236
native_to_wasm,4963,207326,207465,414912,42236
native_to_wasm,4964,208503,207482,416106,42236
native_to_wasm,4965,207324,207983,415428,42236
native_to_wasm,4966,207414,207467,415002,42236
native_to_wasm,4967,208278,207545,415944,42236
native_to_wasm,4968,207324,207467,414912,42236
native_to_wasm,4969,209018,207468,416607,42236
native_to_wasm,4970,207325,207983,415429,42236
native_to_wasm,4971,207455,207463,415039,42236
native_to_wasm,4972,208483,207577,416181,42236
native_to_wasm,4973,207326,207465,414912,42236
native_to_wasm,4974,208038,208980,417139,42236
native_to_wasm,4975,207327,207973,415421,42236
native_to_wasm,4976,207408,207461,414990,42236
native_to_wasm,4977,208233,207568,415922,42236
native_to_wasm,4978,207333,207463,414917,42236
native_to_wasm,4979,207850,209130,417101,42236
native_to_wasm,4980,207332,207979,415432,42236
native_to_wasm,4981,207455,207463,415039,42236
native_to_wasm,4982,208275,207577,415973,42236
native_to_wasm,4983,207328,207465,414914,42236
native_to_wasm,4984,207854,207749,415724,42236
native_to_wasm,4985,207350,207980,415451,42236
native_to_wasm,4986,207413,207461,414995,42236
native_to_wasm,4987,207332,207518,414971,42236
native_to_wasm,4988,207331,207461,414913,42236
native_to_wasm,4989,207854,207551,415526,42236
native_to_wasm,4990,207328,207987,415436,42236
native_to_wasm,4991,207412,207473,415006,42236
native_to_wasm,4992,207324,207526,414971,42236
native_to_wasm,4993,207321,207467,414909,42236
native_to_wasm,4994,207854,207551,415526,42236
native_to_wasm,4995,207332,207979,415432,42236
native_to_wasm,4996,207455,207463,415039,42236
native_to_wasm,4997,207332,209036,416489,42236
native_to_wasm,4998,207348,207472,414941,42236
native_to_wasm,4999,207871,207541,415533,42236
native_to_wasm,5000,207328,208443,415892,42236
native_to_wasm,5001,207426,207459,415006,42236
native_to_wasm,5002,207336,209737,417194,42236
native_to_wasm,5003,207345,207469,414935,42236
native_to_wasm,5004,207848,207546,415515,42236
native_to_wasm,5005,207326,208622,416069,42236
native_to_wasm,5006,207462,207482,415065,42236
native_to_wasm,5007,207333,208137,415591,42236
native_to_wasm,5008,208325,207485,415931,42236
native_to_wasm,5009,207847,207546,415514,42236
native_to_wasm,5010,207326,208626,416073,42236
native_to_wasm,5011,207454,207465,415040,42236
native_to_wasm,5012,207332,207981,415434,42236
native_to_wasm,5013,208819,207470,416410,42236
native_to_wasm,5014,207846,207546,415513,42236
native_to_wasm,5015,207328,207463,414912,42236
native_to_wasm,5016,208562,207461,416144,42236
native_to_wasm,5017,207332,207983,415436,42236
native_to_wasm,5018,207480,207483,415084,42236
native_to_wasm,5019,207847,207546,415514,42236
native_to_wasm,5020,207326,207473,414920,42236
native_to_wasm,5021,207413,207463,414997,42236
native_to_wasm,5022,207332,207981,415434,42236
native_to_wasm,5023,207413,207463,414997,42236
native_to_wasm,5024,207844,207591,415556,42236
native_to_wasm,5025,207329,207463,414913,42236
native_to_wasm,5026,208347,207462,415930,42236
native_to_wasm,5027,207331,207979,415431,42236
native_to_wasm,5028,207449,207471,415041,42236
native_to_wasm,5029,207871,207541,415533,42236
native_to_wasm,5030,207328,207465,414914,42236
native_to_wasm,5031,209319,207462,416902,42236
native_to_wasm,5032,207340,207986,415447,42236
native_to_wasm,5033,207411,207463,414995,42236
native_to_wasm,5034,208272,207545,415938,42236
native_to_wasm,5035,207326,207465,414912,42236
native_to_wasm,5036,209575,207465,417161,42236
native_to_wasm,5037,207329,207977,415427,42236
native_to_wasm,5038,207457,207463,415041,42236
native_to_wasm,5039,208279,207551,415951,42236
native_to_wasm,5040,207328,207469,414918,42236
native_to_wasm,5041,208086,208604,416811,42236
native_to_wasm,5042,207329,207981,415431,42236
native_to_wasm,5043,207426,207470,415017,42236
native_to_wasm,5044,208271,207557,415949,42236
native_to_wasm,5045,207326,207467,414914,42236
native_to_wasm,5046,207844,209139,417104,42236
native_to_wasm,5047,207336,207979,415436,42236
native_to_wasm,5048,207457,207463,415041,42236
native_to_wasm,5049,208440,207554,416115,42236
native_to_wasm,5050,207324,207467,414912,42236
native_to_wasm,5051,207844,207805,415770,42236
native_to_wasm,5052,207336,207979,415436,42236
native_to_wasm,5053,207426,207461,415008,42236
native_to_wasm,5054,207328,208489,415938,42236
native_to_wasm,5055,207328,207469,414918,42236
native_to_wasm,5056,207842,207591,415554,42236
native_to_wasm,5057,207331,208004,415456,42236
native_to_wasm,5058,207410,207461,414992,42236
native_to_wasm,5059,207334,207518,414973,42236
native_to_wasm,5060,207331,207465,414917,42236
native_to_wasm,5061,207846,207577,415544,42236
native_to_wasm,5062,207328,207983,415432,42236
native_to_wasm,5063,207428,207468,415017,42236
native_to_wasm,5064,207332,208477,415930,42236
native_to_wasm,5065,207327,207463,414911,42236
native_to_wasm,5066,207854,207549,415524,42236
native_to_wasm,5067,207330,208438,415889,42236
native_to_wasm,5068,207460,207484,415065,42236
native_to_wasm,5069,207333,209622,417076,42236
native_to_wasm,5070,207324,207469,414914,42236
native_to_wasm,5071,207858,207553,415532,42236
native_to_wasm,5072,207328,208405,415854,42236
native_to_wasm,5073,207408,207463,414992,42236
native_to_wasm,5074,207328,208212,415661,42236
native_to_wasm,5075,208579,207470,416170,42236
native_to_wasm,5076,207846,207544,415511,42236
native_to_wasm,5077,207336,208413,415870,42236
native_to_wasm,5078,207426,207470,415017,42236
native_to_wasm,5079,207330,207981,415432,42236
native_to_wasm,5080,208991,207469,416581,42236
native_to_wasm,5081,207854,207553,415528,42236
native_to_wasm,5082,207328,208575,416024,42236
native_to_wasm,5083,207428,207459,415008,42236
native_to_wasm,5084,207328,207983,415432,42236
native_to_wasm,5085,207640,207462,415223,42236
native_to_wasm,5086,207850,207546,415517,42236
native_to_wasm,5087,207324,207469,414914,42236
native_to_wasm,5088,208449,207463,416033,42236
native_to_wasm,5089,207321,207991,415433,42236
native_to_wasm,5090,207416,207463,415000,42236
native_to_wasm,5091,207848,207591,415560,42236
native_to_wasm,5092,207350,207462,414933,42236
native_to_wasm,5093,207412,207463,414996,42236
native_to_wasm,5094,207328,207983,415432,42236
native_to_wasm,5095,207409,207467,414997,42236
native_to_wasm,5096,207850,207553,415524,42236
native_to_wasm,5097,207326,207465,414912,42236
native_to_wasm,5098,208503,207482,416106,42236
native_to_wasm,5099,207324,207983,415428,42236
native_to_wasm,5100,207414,207467,415002,42236
native_to_wasm,5101,208278,207545,415944,42236
native_to_wasm,5102,207324,207467,414912,42236
native_to_wasm,5103,209018,207468,416607,42236
native_to_wasm,5104,207325,207983,415429,42236
native_to_wasm,5105,207455,207463,415039,42236
native_to_wasm,5106,208483,207577,416181,42236
native_to_wasm,5107,207326,207465,414912,42236
native_to_wasm,5108,208038,208980,417139,42236
native_to_wasm,5109,207327,207973,415421,42236
native_to_wasm,5110,207408,207461,414990,42236
native_to_wasm,5111,208233,207568,415922,42236
native_to_wasm,5112,207333,207463,414917,42236
native_to_wasm,5113,207850,209130,417101,42236
native_to_wasm,5114,207332,207979,415432,42236
native_to_wasm,5115,207455,207463,415039,42236
native_to_wasm,5116,208275,207577,415973,42236
native_to_wasm,5117,207328,207465,414914,42236
native_to_wasm,5118,207854,207749,415724,42236
native_to_wasm,5119,207350,207980,415451,42236
native_to_wasm,5120,207413,207461,414995,42236
native_to_wasm,5121,207332,207518,414971,42236
native_to_wasm,5122,207331,207461,414913,42236
native_to_wasm,5123,207854,207551,415526,42236
native_to_wasm,5124,207328,207987,415436,42236
native_to_wasm,5125,207412,207473,415006,42236
native_to_wasm,5126,207324,207526,414971,42236
native_to_wasm,5127,207321,207467,414909,42236
native_to_wasm,5128,207854,207551,415526,42236
native_to_wasm,5129,207332,207979,415432,42236
native_to_wasm,5130,207455,207463,415039,42236
native_to_wasm,5131,207332,209036,416489,42236
native_to_wasm,5132,207348,207472,414941,42236
native_to_wasm,5133,207871,207541,415533,42236
native_to_wasm,5134,207328,208443,415892,42236
native_to_wasm,5135,207426,207459,415006,42236
native_to_wasm,5136,207336,209737,417194,42236
native_to_wasm,5137,207345,207469,414935,42236
native_to_wasm,5138,207848,207546,415515,42236
native_to_wasm,5139,207326,208622,416069,42236
native_to_wasm,5140,207462,207482,415065,42236
native_to_wasm,5141,207333,208137,415591,42236
native_to_wasm,5142,208325,207485,415931,42236
native_to_wasm,5143,207847,207546,415514,42236
native_to_wasm,5144,207326,208626,416073,42236
native_to_wasm,5145,207454,207465,415040,42236
native_to_wasm,5146,207332,207981,415434,42236
native_to_wasm,5147,208819,207470,416410,42236
native_to_wasm,5148,207846,207546,415513,42236
native_to_wasm,5149,207328,207463,414912,42236
native_to_wasm,5150,208562,207461,416144,42236
native_to_wasm,5151,207332,207983,415436,42236
native_to_wasm,5152,207480,207483,415084,42236
native_to_wasm,5153,207847,207546,415514,42236
native_to_wasm,5154,207326,207473,414920,42236
native_to_wasm,5155,207413,207463,414997,42236
native_to_wasm,5156,207332,207981,415434,42236
native_to_wasm,5157,207413,207463,414997,42236
native_to_wasm,5158,207844,207591,415556,42236
native_to_wasm,5159,207329,207463,414913,42236
native_to_wasm,5160,208347,207462,415930,42236
native_to_wasm,5161,207331,207979,415431,42236
native_to_wasm,5162,207449,207471,415041,42236
native_to_wasm,5163,207871,207541,415533,42236
native_to_wasm,5164,207328,207465,414914,42236
native_to_wasm,5165,209319,207462,416902,42236
native_to_wasm,5166,207340,207986,415447,42236
native_to_wasm,5167,207411,207463,414995,42236
native_to_wasm,5168,208272,207545,415938,42236
native_to_wasm,5169,207326,207465,414912,42236
native_to_wasm,5170,209575,207465,417161,42236
native_to_wasm,5171,207329,207977,415427,42236
native_to_wasm,5172,207457,207463,415041,42236
native_to_wasm,5173,208279,207551,415951,42236
native_to_wasm,5174,207328,207469,414918,42236
native_to_wasm,5175,208086,208604,416811,42236
native_to_wasm,5176,207329,207981,415431,42236
native_to_wasm,5177,207426,207470,415017,42236
native_to_wasm,5178,208271,207557,415949,42236
native_to_wasm,5179,207326,207467,414914,42236
native_to_wasm,5180,207844,209139,417104,42236
native_to_wasm,5181,207336,207979,415436,42236
native_to_wasm,5182,207457,207463,415041,42236
native_to_wasm,5183,208440,207554,416115,42236
native_to_wasm,5184,207324,207467,414912,42236
native_to_wasm,5185,207844,207805,415770,42236
native_to_wasm,5186,207336,207979,415436,42236
native_to_wasm,5187,207426,207461,415008,42236
native_to_wasm,5188,207328,208489,415938,42236
native_to_wasm,5189,207328,207469,414918,42236
native_to_wasm,5190,207842,207591,415554,42236
native_to_wasm,5191,207331,208004,415456,42236
native_to_wasm,5192,207410,207461,414992,42236
native_to_wasm,5193,207334,207518,414973,42236
native_to_wasm,5194,207331,207465,414917,42236
native_to_wasm,5195,207846,207577,415544,42236
native_to_wasm,5196,207328,207983,415432,42236
native_to_wasm,5197,207428,207468,415017,42236
native_to_wasm,5198,207332,208477,415930,42236
native_to_wasm,5199,207327,207463,414911,42236
native_to_wasm,5200,207854,207549,415524,42236
native_to_wasm,5201,207330,208438,415889,42236
native_to_wasm,5202,207460,207484,415065,42236
native_to_wasm,5203,207333,209622,417076,42236
native_to_wasm,5204,207324,207469,414914,42236
native_to_wasm,5205,207858,207553,415532,42236
native_to_wasm,5206,207328,208405,415854,42236
native_to_wasm,5207,207408,207463,414992,42236
native_to_wasm,5208,207328,208212,415661,42236
native_to_wasm,5209,208579,207470,416170,42236
native_to_wasm,5210,207846,207544,415511,42236
native_to_wasm,5211,207336,208413,415870,42236
native_to_wasm,5212,207426,207470,415017,42236
native_to_wasm,5213,207330,207981,415432,42236
native_to_wasm,5214,208991,207469,416581,42236
native_to_wasm,5215,207854,207553,415528,42236
native_to_wasm,5216,207328,208575,416024,42236
native_to_wasm,5217,207428,207459,415008,42236
native_to_wasm,5218,207328,207983,415432,42236
native_to_wasm,5219,207640,207462,415223,42236
native_to_wasm,5220,207850,207546,415517,42236
native_to_wasm,5221,207324,207469,414914,42236
native_to_wasm,5222,208449,207463,416033,42236
native_to_wasm,5223,207321,207991,415433,42236
native_to_wasm,5224,207416,207463,415000,42236
native_to_wasm,5225,207848,207591,415560,42236
native_to_wasm,5226,207350,207462,414933,42236
native_to_wasm,5227,207412,207463,414996,42236
native_to_wasm,5228,207328,207983,415432,42236
native_to_wasm,5229,207409,207467,414997,42236
native_to_wasm,5230,207850,207553,415524,42236
native_to_wasm,5231,207326,207465,414912,42236
native_to_wasm,5232,208503,207482,416106,42236
native_to_wasm,5233,207324,207983,415428,42236
native_to_wasm,5234,207414,207467,415002,42236
native_to_wasm,5235,208278,207545,415944,42236
native_to_wasm,5236,207324,207467,414912,42236
native_to_wasm,5237,209018,207468,416607,42236
native_to_wasm,5238,207325,207983,415429,42236
native_to_wasm,5239,207455,207463,415039,42236
native_to_wasm,5240,208483,207577,416181,42236
native_to_wasm,5241,207326,207465,414912,42236
native_to_wasm,5242,208038,208980,417139,42236
native_to_wasm,5243,207327,207973,415421,42236
native_to_wasm,5244,207408,207461,414990,42236
native_to_wasm,5245,208233,207568,415922,42236
native_to_wasm,5246,207333,207463,414917,42236
native_to_wasm,5247,207850,209130,417101,42236
native_to_wasm,5248,207332,207979,415432,42236
native_to_wasm,5249,207455,207463,415039,42236
native_to_wasm,5250,208275,207577,415973,42236
native_to_wasm,5251,207328,207465,414914,42236
native_to_wasm,5252,207854,207749,415724,42236
native_to_wasm,5253,207350,207980,415451,42236
native_to_wasm,5254,207413,207461,414995,42236
native_to_wasm,5255,207332,207518,414971,42236
native_to_wasm,5256,207331,207461,414913,42236
native_to_wasm,5257,207854,207551,415526,42236
native_to_wasm,5258,207328,207987,415436,42236
native_to_wasm,5259,207412,207473,415006,42236
native_to_wasm,5260,207324,207526,414971,42236
native_to_wasm,5261,207321,207467,414909,42236
native_to_wasm,5262,207854,207551,415526,42236
native_to_wasm,5263,207332,207979,415432,42236
native_to_wasm,5264,207455,207463,415039,42236
native_to_wasm,5265,207332,209036,416489,42236
native_to_wasm,5266,207348,207472,414941,42236
native_to_wasm,5267,207871,207541,415533,42236
native_to_wasm,5268,207328,208443,415892,42236
native_to_wasm,5269,207426,207459,415006,42236
native_to_wasm,5270,207336,209737,417194,42236
native_to_wasm,5271,207345,207469,414935,42236
native_to_wasm,5272,207848,207546,415515,42236
native_to_wasm,5273,207326,208622,416069,42236
native_to_wasm,5274,207462,207482,415065,42236
native_to_wasm,5275,207333,208137,415591,42236
native_to_wasm,5276,208325,207485,415931,42236
native_to_wasm,5277,207847,207546,415514,42236
native_to_wasm,5278,207326,208626,416073,42236
native_to_wasm,5279,207454,207465,415040,42236
native_to_wasm,5280,207332,207981,415434,42236
native_to_wasm,5281,208819,207470,416410,42236
native_to_wasm,5282,207846,207546,415513,42236
native_to_wasm,5283,207328,207463,414912,42236
native_to_wasm,5284,208562,207461,416144,42236
native_to_wasm,5285,207332,207983,415436,42236
native_to_wasm,5286,207480,207483,415084,42236
native_to_wasm,5287,207847,207546,415514,42236
native_to_wasm,5288,207326,207473,414920,42236
native_to_wasm,5289,207413,207463,414997,42236
native_to_wasm,5290,207332,207981,415434,42236
native_to_wasm,5291,207413,207463,414997,42236
native_to_wasm,5292,207844,207591,415556,42236
native_to_wasm,5293,207329,207463,414913,42236
native_to_wasm,5294,208347,207462,415930,42236
native_to_wasm,5295,207331,207979,415431,42236
native_to_wasm,5296,207449,207471,415041,42236
native_to_wasm,5297,207871,207541,415533,42236
native_to_wasm,5298,207328,207465,414914,42236
native_to_wasm,5299,209319,207462,416902,42236
native_to_wasm,5300,207340,207986,415447,42236
native_to_wasm,5301,207411,207463,414995,42236
native_to_wasm,5302,208272,207545,415938,42236
native_to_wasm,5303,207326,207465,414912,42236
native_to_wasm,5304,209575,207465,417161,42236
native_to_wasm,5305,207329,207977,415427,42236
native_to_wasm,5306,207457,207463,415041,42236
native_to_wasm,5307,208279,207551,415951,42236
native_to_wasm,5308,207328,207469,414918,42236
native_to_wasm,5309,208086,208604,416811,42236
native_to_wasm,5310,207329,207981,415431,42236
native_to_wasm,5311,207426,207470,415017,42236
native_to_wasm,5312,208271,207557,415949,42236
native_to_wasm,5313,207326,207467,414914,42236
native_to_wasm,5314,207844,209139,417104,42236
native_to_wasm,5315,207336,207979,415436,42236
native_to_wasm,5316,207457,207463,415041,42236
native_to_wasm,5317,208440,207554,416115,42236
native_to_wasm,5318,207324,207467,414912,42236
native_to_wasm,5319,207844,207805,415770,42236
native_to_wasm,5320,207336,207979,415436,42236
native_to_wasm,5321,207426,207461,415008,42236
native_to_wasm,5322,207328,208489,415938,42236
native_to_wasm,5323,207328,207469,414918,42236
native_to_wasm,5324,207842,207591,415554,42236
native_to_wasm,5325,207331,208004,415456,42236
native_to_wasm,5326,207410,207461,414992,42236
native_to_wasm,5327,207334,207518,414973,42236
native_to_wasm,5328,207331,207465,414917,42236
native_to_wasm,5329,207846,207577,415544,42236
native_to_wasm,5330,207328,207983,415432,42236
native_to_wasm,5331,207428,207468,415017,42236
native_to_wasm,5332,207332,208477,415930,42236
native_to_wasm,5333,207327,207463,414911,42236
native_to_wasm,5334,207854,207549,415524,42236
native_to_wasm,5335,207330,208438,415889,42236
native_to_wasm,5336,207460,207484,415065,42236
native_to_wasm,5337,207333,209622,417076,42236
native_to_wasm,5338,207324,207469,414914,42236
native_to_wasm,5339,207858,207553,415532,42236
native_to_wasm,5340,207328,208405,415854,42236
native_to_wasm,5341,207408,207463,414992,42236
native_to_wasm,5342,207328,208212,415661,42236
native_to_wasm,5343,208579,207470,416170,42236
native_to_wasm,5344,207846,207544,415511,42236
native_to_wasm,5345,207336,208413,415870,42236
native_to_wasm,5346,207426,207470,415017,42236
native_to_wasm,5347,207330,207981,415432,42236
native_to_wasm,5348,208991,207469,416581,42236
native_to_wasm,5349,207854,207553,415528,42236
native_to_wasm,5350,207328,208575,416024,42236
native_to_wasm,5351,207428,207459,415008,42236
native_to_wasm,5352,207328,207983,415432,42236
native_to_wasm,5353,207640,207462,415223,42236
native_to_wasm,5354,207850,207546,415517,42236
native_to_wasm,5355,207324,207469,414914,42236
native_to_wasm,5356,208449,207463,416033,42236
native_to_wasm,5357,207321,207991,415433,42236
native_to_wasm,5358,207416,207463,415000,42236
native_to_wasm,5359,207848,207591,415560,42236
native_to_wasm,5360,207350,207462,414933,42236
native_to_wasm,5361,207412,207463,414996,42236
native_to_wasm,5362,207328,207983,415432,42236
native_to_wasm,5363,207409,207467,414997,42236
native_to_wasm,5364,207850,207553,415524,42236
native_to_wasm,5365,207326,207465,414912,42236
native_to_wasm,5366,208503,207482,416106,42236
native_to_wasm,5367,207324,207983,415428,42236
native_to_wasm,5368,207414,207467,415002,42236
native_to_wasm,5369,208278,207545,415944,42236
native_to_wasm,5370,207324,207467,414912,42236
native_to_wasm,5371,209018,207468,416607,42236
native_to_wasm,5372,207325,207983,415429,42236
native_to_wasm,5373,207455,207463,415039,42236
native_to_wasm,5374,208483,207577,416181,42236
native_to_wasm,5375,207326,207465,414912,42236
native_to_wasm,5376,208038,208980,417139,42236
native_to_wasm,5377,207327,207973,415421,42236
native_to_wasm,5378,207408,207461,414990,42236
native_to_wasm,5379,208233,207568,415922,42236
native_to_wasm,5380,207333,207463,414917,42236
native_to_wasm,5381,207850,209130,417101,42236
native_to_wasm,5382,207332,207979,415432,42236
native_to_wasm,5383,207455,207463,415039,42236
native_to_wasm,5384,208275,207577,415973,42236
native_to_wasm,5385,207328,207465,414914,42236
native_to_wasm,5386,207854,207749,415724,42236
native_to_wasm,5387,207350,207980,415451,42236
native_to_wasm,5388,207413,207461,414995,42236
native_to_wasm,5389,207332,207518,414971,42236
native_to_wasm,5390,207331,207461,414913,42236
native_to_wasm,5391,207854,207551,415526,42236
native_to_wasm,5392,207328,207987,415436,42236
native_to_wasm,5393,207412,207473,415006,42236
native_to_wasm,5394,207324,207526,414971,42236
native_to_wasm,5395,207321,207467,414909,42236
native_to_wasm,5396,207854,207551,415526,42236
native_to_wasm,5397,207332,207979,415432,42236
native_to_wasm,5398,207455,207463,415039,42236
native_to_wasm,5399,207332,209036,416489,42236
native_to_wasm,5400,207348,207472,414941,42236
native_to_wasm,5401,207871,207541,415533,42236
native_to_wasm,5402,207328,208443,415892,42236
native_to_wasm,5403,207426,207459,415006,42236
native_to_wasm,5404,207336,209737,417194,42236
native_to_wasm,5405,207345,207469,414935,42236
native_to_wasm,5406,207848,207546,415515,42236
native_to_wasm,5407,207326,208622,416069,42236
native_to_wasm,5408,207462,207482,415065,42236
native_to_wasm,5409,207333,208137,415591,42236
native_to_wasm,5410,208325,207485,415931,42236
native_to_wasm,5411,207847,207546,415514,42236
native_to_wasm,5412,207326,208626,416073,42236
native_to_wasm,5413,207454,207465,415040,42236
native_to_wasm,5414,207332,207981,415434,42236
native_to_wasm,5415,208819,207470,416410,42236
native_to_wasm,5416,207846,207546,415513,42236
native_to_wasm,5417,207328,207463,414912,42236
native_to_wasm,5418,208562,207461,416144,42236
native_to_wasm,5419,207332,207983,415436,42236
native_to_wasm,5420,207480,207483,415084,42236
native_to_wasm,5421,207847,207546,415514,42236
native_to_wasm,5422,207326,207473,414920,42236
native_to_wasm,5423,207413,207463,414997,42236
native_to_wasm,5424,207332,207981,415434,42236
native_to_wasm,5425,207413,207463,414997,42236
native_to_wasm,5426,207844,207591,415556,42236
native_to_wasm,5427,207329,207463,414913,42236
native_to_wasm,5428,208347,207462,415930,42236
native_to_wasm,5429,207331,207979,415431,42236
native_to_wasm,5430,207449,207471,415041,42236
native_to_wasm,5431,207871,207541,415533,42236
native_to_wasm,5432,207328,207465,414914,42236
native_to_wasm,5433,209319,207462,416902,42236
native_to_wasm,5434,207340,207986,415447,42236
native_to_wasm,5435,207411,207463,414995,42236
native_to_wasm,5436,208272,207545,415938,42236
native_to_wasm,5437,207326,207465,414912,42236
native_to_wasm,5438,209575,207465,417161,42236
native_to_wasm,5439,207329,207977,415427,42236
native_to_wasm,5440,207457,207463,415041,42236
native_to_wasm,5441,208279,207551,415951,42236
native_to_wasm,5442,207328,207469,414918,42236
native_to_wasm,5443,208086,208604,416811,42236
native_to_wasm,5444,207329,207981,415431,42236
native_to_wasm,5445,207426,207470,415017,42236
native_to_wasm,5446,208271,207557,415949,42236
native_to_wasm,5447,207326,207467,414914,42236
native_to_wasm,5448,207844,209139,417104,42236
native_to_wasm,5449,207336,207979,415436,42236
native_to_wasm,5450,207457,207463,415041,42236
native_to_wasm,5451,208440,207554,416115,42236
native_to_wasm,5452,207324,207467,414912,42236
native_to_wasm,5453,207844,207805,415770,42236
native_to_wasm,5454,207336,207979,415436,42236
native_to_wasm,5455,207426,207461,415008,42236
native_to_wasm,5456,207328,208489,415938,42236
native_to_wasm,5457,207328,207469,414918,42236
native_to_wasm,5458,207842,207591,415554,42236
native_to_wasm,5459,207331,208004,415456,42236
native_to_wasm,5460,207410,207461,414992,42236
native_to_wasm,5461,207334,207518,414973,42236
native_to_wasm,5462,207331,207465,414917,42236
native_to_wasm,5463,207846,207577,415544,42236
native_to_wasm,5464,207328,207983,415432,42236
native_to_wasm,5465,207428,207468,415017,42236
native_to_wasm,5466,207332,208477,415930,42236
native_to_wasm,5467,207327,207463,414911,42236
native_to_wasm,5468,207854,207549,415524,42236
native_to_wasm,5469,207330,208438,415889,42236
native_to_wasm,5470,207460,207484,415065,42236
native_to_wasm,5471,207333,209622,417076,42236
native_to_wasm,5472,207324,207469,414914,42236
native_to_wasm,5473,207858,207553,415532,42236
native_to_wasm,5474,207328,208405,415854,42236
native_to_wasm,5475,207408,207463,414992,42236
native_to_wasm,5476,207328,208212,415661,42236
native_to_wasm,5477,208579,207470,416170,42236
native_to_wasm,5478,207846,207544,415511,42236
native_to_wasm,5479,207336,208413,415870,42236
native_to_wasm,5480,207426,207470,415017,42236
native_to_wasm,5481,207330,207981,415432,42236
native_to_wasm,5482,208991,207469,416581,42236
native_to_wasm,5483,207854,207553,415528,42236
native_to_wasm,5484,207328,208575,416024,42236
native_to_wasm,5485,207428,207459,415008,42236
native_to_wasm,5486,207328,207983,415432,42236
native_to_wasm,5487,207640,207462,415223,42236
native_to_wasm,5488,207850,207546,415517,42236
native_to_wasm,5489,207324,207469,414914,42236
native_to_wasm,5490,208449,207463,416033,42236
native_to_wasm,5491,207321,207991,415433,42236
native_to_wasm,5492,207416,207463,415000,42236
native_to_wasm,5493,207848,207591,415560,42236
native_to_wasm,5494,207350,207462,414933,42236
native_to_wasm,5495,207412,207463,414996,42236
native_to_wasm,5496,207328,207983,415432,42236
native_to_wasm,5497,207409,207467,414997,42236
native_to_wasm,5498,207850,207553,415524,42236
native_to_wasm,5499,207326,207465,414912,42236
native_to_wasm,5500,208503,207482,416106,42236
native_to_wasm,5501,207324,207983,415428,42236
native_to_wasm,5502,207414,207467,415002,42236
native_to_wasm,5503,208278,207545,415944,42236
native_to_wasm,5504,207324,207467,414912,42236
native_to_wasm,5505,209018,207468,416607,42236
native_to_wasm,5506,207325,207983,415429,42236
native_to_wasm,5507,207455,207463,415039,42236
native_to_wasm,5508,208483,207577,416181,42236
native_to_wasm,5509,207326,207465,414912,42236
native_to_wasm,5510,208038,208980,417139,42236
native_to_wasm,5511,207327,207973,415421,42236
native_to_wasm,5512,207408,207461,414990,42236
native_to_wasm,5513,208233,207568,415922,42236
native_to_wasm,5514,207333,207463,414917,42236
native_to_wasm,5515,207850,209130,417101,42236
native_to_wasm,5516,207332,207979,415432,42236
native_to_wasm,5517,207455,207463,415039,42236
native_to_wasm,5518,208275,207577,415973,42236
native_to_wasm,5519,207328,207465,414914,42236
native_to_wasm,5520,207854,207749,415724,42236
native_to_wasm,5521,207350,207980,415451,42236
native_to_wasm,5522,207413,207461,414995,42236
native_to_wasm,5523,207332,207518,414971,42236
native_to_wasm,5524,207331,207461,414913,42236
native_to_wasm,5525,207854,207551,415526,42236
native_to_wasm,5526,207328,207987,415436,42236
native_to_wasm,5527,207412,207473,415006,42236
native_to_wasm,5528,207324,207526,414971,42236
native_to_wasm,5529,207321,207467,414909,42236
native_to_wasm,5530,207854,207551,415526,42236
native_to_wasm,5531,207332,207979,415432,42236
native_to_wasm,5532,207455,207463,415039,42236
native_to_wasm,5533,207332,209036,416489,42236
native_to_wasm,5534,207348,207472,414941,42236
native_to_wasm,5535,207871,207541,415533,42236
native_to_wasm,5536,207328,208443,415892,42236
native_to_wasm,5537,207426,207459,415006,42236
native_to_wasm,5538,207336,209737,417194,42236
native_to_wasm,5539,207345,207469,414935,42236
native_to_wasm,5540,207848,207546,415515,42236
native_to_wasm,5541,207326,208622,416069,42236
native_to_wasm,5542,207462,207482,415065,42236
native_to_wasm,5543,207333,208137,415591,42236
native_to_wasm,5544,208325,207485,415931,42236
native_to_wasm,5545,207847,207546,415514,42236
native_to_wasm,5546,207326,208626,416073,42236
native_to_wasm,5547,207454,207465,415040,42236
native_to_wasm,5548,207332,207981,415434,42236
native_to_wasm,5549,208819,207470,416410,42236
native_to_wasm,5550,207846,207546,415513,42236
native_to_wasm,5551,207328,207463,414912,42236
native_to_wasm,5552,208562,207461,416144,42236
native_to_wasm,5553,207332,207983,415436,42236
native_to_wasm,5554,207480,207483,415084,42236
native_to_wasm,5555,207847,207546,415514,42236
native_to_wasm,5556,207326,207473,414920,42236
native_to_wasm,5557,207413,207463,414997,42236
native_to_wasm,5558,207332,207981,415434,42236
native_to_wasm,5559,207413,207463,414997,42236
native_to_wasm,5560,207844,207591,415556,42236
native_to_wasm,5561,207329,207463,414913,42236
native_to_wasm,5562,208347,207462,415930,42236
native_to_wasm,5563,207331,207979,415431,42236
native_to_wasm,5564,207449,207471,415041,42236
native_to_wasm,5565,207871,207541,415533,42236
native_to_wasm,5566,207328,207465,414914,42236
native_to_wasm,5567,209319,207462,416902,42236
native_to_wasm,5568,207340,207986,415447,42236
native_to_wasm,5569,207411,207463,414995,42236
native_to_wasm,5570,208272,207545,415938,42236
native_to_wasm,5571,207326,207465,414912,42236
native_to_wasm,5572,209575,207465,417161,42236
native_to_wasm,5573,207329,207977,415427,42236
native_to_wasm,5574,207457,207463,415041,42236
native_to_wasm,5575,208279,207551,415951,42236
native_to_wasm,5576,207328,207469,414918,42236
native_to_wasm,5577,208086,208604,416811,42236
native_to_wasm,5578,207329,207981,415431,42236
native_to_wasm,5579,207426,207470,415017,42236
native_to_wasm,5580,208271,207557,415949,42236
native_to_wasm,5581,207326,207467,414914,42236
native_to_wasm,5582,207844,209139,417104,42236
native_to_wasm,5583,207336,207979,415436,42236
native_to_wasm,5584,207457,207463,415041,42236
native_to_wasm,5585,208440,207554,416115,42236
native_to_wasm,5586,207324,207467,414912,42236
native_to_wasm,5587,207844,207805,415770,42236
native_to_wasm,5588,207336,207979,415436,42236
native_to_wasm,5589,207426,207461,415008,42236
native_to_wasm,5590,207328,208489,415938,42236
native_to_wasm,5591,207328,207469,414918,42236
native_to_wasm,5592,207842,207591,415554,42236
native_to_wasm,5593,207331,208004,415456,42236
native_to_wasm,5594,207410,207461,414992,42236
native_to_wasm,5595,207334,207518,414973,42236
native_to_wasm,5596,207331,207465,414917,42236
native_to_wasm,5597,207846,207577,415544,42236
native_to_wasm,5598,207328,207983,415432,42236
native_to_wasm,5599,207428,207468,415017,42236
native_to_wasm,5600,207332,208477,415930,42236
native_to_wasm,5601,207327,207463,414911,42236
native_to_wasm,5602,207854,207549,415524,42236
native_to_wasm,5603,207330,208438,415889,42236
native_to_wasm,5604,207460,207484,415065,42236
native_to_wasm,5605,207333,209622,417076,42236
native_to_wasm,5606,207324,207469,414914,42236
native_to_wasm,5607,207858,207553,415532,42236
native_to_wasm,5608,207328,208405,415854,42236
native_to_wasm,5609,207408,207463,414992,42236
native_to_wasm,5610,207328,208212,415661,42236
native_to_wasm,5611,208579,207470,416170,42236
native_to_wasm,5612,207846,207544,415511,42236
native_to_wasm,5613,207336,208413,415870,42236
native_to_wasm,5614,207426,207470,415017,42236
native_to_wasm,5615,207330,207981,415432,42236
native_to_wasm,5616,208991,207469,416581,42236
native_to_wasm,5617,207854,207553,415528,42236
native_to_wasm,5618,207328,208575,416024,42236
native_to_wasm,5619,207428,207459,415008,42236
native_to_wasm,5620,207328,207983,415432,42236
native_to_wasm,5621,207640,207462,415223,42236
native_to_wasm,5622,207850,207546,415517,42236
native_to_wasm,5623,207324,207469,414914,42236
native_to_wasm,5624,208449,207463,416033,42236
native_to_wasm,5625,207321,207991,415433,42236
native_to_wasm,5626,207416,207463,415000,42236
native_to_wasm,5627,207848,207591,415560,42236
native_to_wasm,5628,207350,207462,414933,42236
native_to_wasm,5629,207412,207463,414996,42236
native_to_wasm,5630,207328,207983,415432,42236
native_to_wasm,5631,207409,207467,414997,42236
native_to_wasm,5632,207850,207553,415524,42236
native_to_wasm,5633,207326,207465,414912,42236
native_to_wasm,5634,208503,207482,416106,42236
native_to_wasm,5635,207324,207983,415428,42236
native_to_wasm,5636,207414,207467,415002,42236
native_to_wasm,5637,208278,207545,415944,42236
native_to_wasm,5638,207324,207467,414912,42236
native_to_wasm,5639,209018,207468,416607,42236
native_to_wasm,5640,207325,207983,415429,42236
native_to_wasm,5641,207455,207463,415039,42236
native_to_wasm,5642,208483,207577,416181,42236
native_to_wasm,5643,207326,207465,414912,42236
native_to_wasm,5644,208038,208980,417139,42236
native_to_wasm,5645,207327,207973,415421,42236
native_to_wasm,5646,207408,207461,414990,42236
native_to_wasm,5647,208233,207568,415922,42236
native_to_wasm,5648,207333,207463,414917,42236
native_to_wasm,5649,207850,209130,417101,42236
native_to_wasm,5650,207332,207979,415432,42236
native_to_wasm,5651,207455,207463,415039,42236
native_to_wasm,5652,208275,207577,415973,42236
native_to_wasm,5653,207328,207465,414914,42236
native_to_wasm,5654,207854,207749,415724,42236
native_to_wasm,5655,207350,207980,415451,42236
native_to_wasm,5656,207413,207461,414995,42236
native_to_wasm,5657,207332,207518,414971,42236
native_to_wasm,5658,207331,207461,414913,42236
native_to_wasm,5659,207854,207551,415526,42236
native_to_wasm,5660,207328,207987,415436,42236
native_to_wasm,5661,207412,207473,415006,42236
native_to_wasm,5662,207324,207526,414971,42236
native_to_wasm,5663,207321,207467,414909,42236
native_to_wasm,5664,207854,207551,415526,42236
native_to_wasm,5665,207332,207979,415432,42236
native_to_wasm,5666,207455,207463,415039,42236
native_to_wasm,5667,207332,209036,416489,42236
native_to_wasm,5668,207348,207472,414941,42236
native_to_wasm,5669,207871,207541,415533,42236
native_to_wasm,5670,207328,208443,415892,42236
native_to_wasm,5671,207426,207459,415006,42236
native_to_wasm,5672,207336,209737,417194,42236
native_to_wasm,5673,207345,207469,414935,42236
native_to_wasm,5674,207848,207546,415515,42236
native_to_wasm,5675,207326,208622,416069,42236
native_to_wasm,5676,207462,207482,415065,42236
native_to_wasm,5677,207333,208137,415591,42236
native_to_wasm,5678,208325,207485,415931,42236
native_to_wasm,5679,207847,207546,415514,42236
native_to_wasm,5680,207326,208626,416073,42236
native_to_wasm,5681,207454,207465,415040,42236
native_to_wasm,5682,205789,206412,412322,42236
native_to_wasm,5683,205783,205864,411768,42236
native_to_wasm,5684,206221,205916,412258,42236
native_to_wasm,5685,205730,205914,411765,42236
native_to_wasm,5686,206221,205865,412207,42236
native_to_wasm,5687,205777,206355,412253,42236
native_to_wasm,5688,205730,4254402,4460253,42236
native_to_wasm,5689,208897,207459,416477,42236
native_to_wasm,5690,207336,207979,415436,42236
native_to_wasm,5691,207426,207459,415006,42236
native_to_wasm,5692,208273,207546,415940,42236
native_to_wasm,5693,207328,207469,414918,42236
native_to_wasm,5694,208981,207470,416572,42236
native_to_wasm,5695,207336,207979,415436,42236
native_to_wasm,5696,207457,207463,415041,42236
native_to_wasm,5697,208481,207591,416193,42236
native_to_wasm,5698,207329,207463,414913,42236
native_to_wasm,5699,208008,209062,417191,42236
native_to_wasm,5700,207336,207977,415434,42236
native_to_wasm,5701,207426,207470,415017,42236
native_to_wasm,5702,208229,207555,415905,42236
native_to_wasm,5703,207324,207473,414918,42236
native_to_wasm,5704,207853,209091,417065,42236
native_to_wasm,5705,207327,207973,415421,42236
native_to_wasm,5706,207406,207461,414988,42236
native_to_wasm,5707,208271,207550,415942,42236
native_to_wasm,5708,207324,207469,414914,42236
native_to_wasm,5709,207842,207683,415646,42236
native_to_wasm,5710,207329,207981,415431,42236
native_to_wasm,5711,207415,207459,414995,42236
native_to_wasm,5712,207336,207552,415009,42236
native_to_wasm,5713,207351,207485,414957,42236
native_to_wasm,5714,207849,207546,415516,42236
native_to_wasm,5715,207324,207989,415434,42236
native_to_wasm,5716,207416,207465,415002,42236
native_to_wasm,5717,207332,207518,414971,42236
native_to_wasm,5718,207331,207461,414913,42236
native_to_wasm,5719,207854,207551,415526,42236
native_to_wasm,5720,207328,207987,415436,42236
native_to_wasm,5721,207412,207473,415006,42236
native_to_wasm,5722,207324,209239,416684,42236
native_to_wasm,5723,207336,207473,414930,42236
native_to_wasm,5724,207846,207549,415516,42236
native_to_wasm,5725,207328,208443,415892,42236
native_to_wasm,5726,207426,207459,415006,42236
native_to_wasm,5727,207336,209737,417194,42236
native_to_wasm,5728,207345,207469,414935,42236
native_to_wasm,5729,207848,207546,415515,42236
native_to_wasm,5730,207326,208622,416069,42236
native_to_wasm,5731,207462,207482,415065,42236
native_to_wasm,5732,207333,208137,415591,42236
native_to_wasm,5733,208325,207485,415931,42236
native_to_wasm,5734,207847,207546,415514,42236
native_to_wasm,5735,207326,208626,416073,42236
native_to_wasm,5736,207454,207465,415040,42236
native_to_wasm,5737,207332,207981,415434,42236
native_to_wasm,5738,208819,207470,416410,42236
native_to_wasm,5739,207846,207546,415513,42236
native_to_wasm,5740,207328,207463,414912,42236
native_to_wasm,5741,208562,207461,416144,42236
native_to_wasm,5742,207332,207983,415436,42236
native_to_wasm,5743,207480,207483,415084,42236
native_to_wasm,5744,207847,207546,415514,42236
native_to_wasm,5745,207326,207473,414920,42236
native_to_wasm,5746,207413,207463,414997,42236
native_to_wasm,5747,207332,207981,415434,42236
native_to_wasm,5748,207413,207463,414997,42236
native_to_wasm,5749,207844,207591,415556,42236
native_to_wasm,5750,207329,207463,414913,42236
native_to_wasm,5751,208347,207462,415930,42236
native_to_wasm,5752,207331,207979,415431,42236
native_to_wasm,5753,207449,207471,415041,42236
native_to_wasm,5754,207871,207541,415533,42236
native_to_wasm,5755,207328,207465,414914,42236
native_to_wasm,5756,209319,207462,416902,42236
native_to_wasm,5757,207340,207986,415447,42236
native_to_wasm,5758,207411,207463,414995,42236
native_to_wasm,5759,208272,207545,415938,42236
native_to_wasm,5760,207326,207465,414912,42236
native_to_wasm,5761,209575,207465,417161,42236
native_to_wasm,5762,207329,207977,415427,42236
native_to_wasm,5763,207457,207463,415041,42236
native_to_wasm,5764,208279,207551,415951,42236
native_to_wasm,5765,207328,207469,414918,42236
native_to_wasm,5766,208086,208604,416811,42236
native_to_wasm,5767,207329,207981,415431,42236
native_to_wasm,5768,207426,207470,415017,42236
native_to_wasm,5769,208271,207557,415949,42236
native_to_wasm,5770,207326,207467,414914,42236
native_to_wasm,5771,207844,209139,417104,42236
native_to_wasm,5772,207336,207979,415436,42236
native_to_wasm,5773,207457,207463,415041,42236
native_to_wasm,5774,208440,207554,416115,42236
native_to_wasm,5775,207324,207467,414912,42236
native_to_wasm,5776,207844,207805,415770,42236
native_to_wasm,5777,207336,207979,415436,42236
native_to_wasm,5778,207426,207461,415008,42236
native_to_wasm,5779,207328,208489,415938,42236
native_to_wasm,5780,207328,207469,414918,42236
native_to_wasm,5781,207842,207591,415554,42236
native_to_wasm,5782,207331,208004,415456,42236
native_to_wasm,5783,207410,207461,414992,42236
native_to_wasm,5784,207334,207518,414973,42236
native_to_wasm,5785,207331,207465,414917,42236
native_to_wasm,5786,207846,207577,415544,42236
native_to_wasm,5787,207328,207983,415432,42236
native_to_wasm,5788,207428,207468,415017,42236
native_to_wasm,5789,207332,208477,415930,42236
native_to_wasm,5790,207327,207463,414911,42236
native_to_wasm,5791,207854,207549,415524,42236
native_to_wasm,5792,207330,208438,415889,42236
native_to_wasm,5793,207460,207484,415065,42236
native_to_wasm,5794,207333,209622,417076,42236
native_to_wasm,5795,207324,207469,414914,42236
native_to_wasm,5796,207858,207553,415532,42236
native_to_wasm,5797,207328,208405,415854,42236
native_to_wasm,5798,207408,207463,414992,42236
native_to_wasm,5799,207328,208212,415661,42236
native_to_wasm,5800,208579,207470,416170,42236
native_to_wasm,5801,207846,207544,415511,42236
native_to_wasm,5802,207336,208413,415870,42236
native_to_wasm,5803,207426,207470,415017,42236
native_to_wasm,5804,207330,207981,415432,42236
native_to_wasm,5805,208991,207469,416581,42236
native_to_wasm,5806,207854,207553,415528,42236
native_to_wasm,5807,207328,208575,416024,42236
native_to_wasm,5808,207428,207459,415008,42236
native_to_wasm,5809,207328,207983,415432,42236
native_to_wasm,5810,207640,207462,415223,42236
native_to_wasm,5811,207850,207546,415517,42236
native_to_wasm,5812,207324,207469,414914,42236
native_to_wasm,5813,208449,207463,416033,42236
native_to_wasm,5814,207321,207991,415433,42236
native_to_wasm,5815,207416,207463,415000,42236
native_to_wasm,5816,207848,207591,415560,42236
native_to_wasm,5817,207350,207462,414933,42236
native_to_wasm,5818,207412,207463,414996,42236
native_to_wasm,5819,207328,207983,415432,42236
native_to_wasm,5820,207409,207467,414997,42236
native_to_wasm,5821,207850,207553,415524,42236
native_to_wasm,5822,207326,207465,414912,42236
native_to_wasm,5823,208503,207482,416106,42236
native_to_wasm,5824,207324,207983,415428,42236
native_to_wasm,5825,207414,207467,415002,42236
native_to_wasm,5826,208278,207545,415944,42236
native_to_wasm,5827,207324,207467,414912,42236
native_to_wasm,5828,209018,207468,416607,42236
native_to_wasm,5829,207325,207983,415429,42236
native_to_wasm,5830,207455,207463,415039,42236
native_to_wasm,5831,208483,207577,416181,42236
native_to_wasm,5832,207326,207465,414912,42236
native_to_wasm,5833,208038,208980,417139,42236
native_to_wasm,5834,207327,207973,415421,42236
native_to_wasm,5835,207408,207461,414990,42236
native_to_wasm,5836,208233,207568,415922,42236
native_to_wasm,5837,207333,207463,414917,42236
native_to_wasm,5838,207850,209130,417101,42236
native_to_wasm,5839,207332,207979,415432,42236
native_to_wasm,5840,207455,207463,415039,42236
native_to_wasm,5841,208275,207577,415973,42236
native_to_wasm,5842,207328,207465,414914,42236
native_to_wasm,5843,207854,207749,415724,42236
native_to_wasm,5844,207350,207980,415451,42236
native_to_wasm,5845,207413,207461,414995,42236
native_to_wasm,5846,207332,207518,414971,42236
native_to_wasm,5847,207331,207461,414913,42236
native_to_wasm,5848,207854,207551,415526,42236
native_to_wasm,5849,207328,207987,415436,42236
native_to_wasm,5850,207412,207473,415006,42236
native_to_wasm,5851,207324,207526,414971,42236
native_to_wasm,5852,207321,207467,414909,42236
native_to_wasm,5853,207854,207551,415526,42236
native_to_wasm,5854,207332,207979,415432,42236
native_to_wasm,5855,207455,207463,415039,42236
native_to_wasm,5856,207332,209036,416489,42236
native_to_wasm,5857,207348,207472,414941,42236
native_to_wasm,5858,207871,207541,415533,42236
native_to_wasm,5859,207328,208443,415892,42236
native_to_wasm,5860,207426,207459,415006,42236
native_to_wasm,5861,207336,209737,417194,42236
native_to_wasm,5862,207345,207469,414935,42236
native_to_wasm,5863,207848,207546,415515,42236
native_to_wasm,5864,207326,208622,416069,42236
native_to_wasm,5865,207462,207482,415065,42236
native_to_wasm,5866,207333,208137,415591,42236
native_to_wasm,5867,208325,207485,415931,42236
native_to_wasm,5868,207847,207546,415514,42236
native_to_wasm,5869,207326,208626,416073,42236
native_to_wasm,5870,207454,207465,415040,42236
native_to_wasm,5871,207332,207981,415434,42236
native_to_wasm,5872,208819,207470,416410,42236
native_to_wasm,5873,207846,207546,415513,42236
native_to_wasm,5874,207328,207463,414912,42236
native_to_wasm,5875,208562,207461,416144,42236
native_to_wasm,5876,207332,207983,415436,42236
native_to_wasm,5877,207480,207483,415084,42236
native_to_wasm,5878,207847,207546,415514,42236
native_to_wasm,5879,207326,207473,414920,42236
native_to_wasm,5880,207413,207463,414997,42236
native_to_wasm,5881,207332,207981,415434,42236
native_to_wasm,5882,207413,207463,414997,42236
native_to_wasm,5883,207844,207591,415556,42236
native_to_wasm,5884,207329,207463,414913,42236
native_to_wasm,5885,208347,207462,415930,42236
native_to_wasm,5886,207331,207979,415431,42236
native_to_wasm,5887,207449,207471,415041,42236
native_to_wasm,5888,207871,207541,415533,42236
native_to_wasm,5889,207328,207465,414914,42236
native_to_wasm,5890,209319,207462,416902,42236
native_to_wasm,5891,207340,207986,415447,42236
native_to_wasm,5892,207411,207463,414995,42236
native_to_wasm,5893,208272,207545,415938,42236
native_to_wasm,5894,207326,207465,414912,42236
native_to_wasm,5895,209575,207465,417161,42236
native_to_wasm,5896,207329,207977,415427,42236
native_to_wasm,5897,207457,207463,415041,42236
native_to_wasm,5898,208279,207551,415951,42236
native_to_wasm,5899,207328,207469,414918,42236
native_to_wasm,5900,208086,208604,416811,42236
native_to_wasm,5901,207329,207981,415431,42236
native_to_wasm,5902,207426,207470,415017,42236
native_to_wasm,5903,208271,207557,415949,42236
native_to_wasm,5904,207326,207467,414914,42236
native_to_wasm,5905,207844,209139,417104,42236
native_to_wasm,5906,207336,207979,415436,42236
native_to_wasm,5907,207457,207463,415041,42236
native_to_wasm,5908,208440,207554,416115,42236
native_to_wasm,5909,207324,207467,414912,42236
native_to_wasm,5910,207844,207805,415770,42236
native_to_wasm,5911,207336,207979,415436,42236
native_to_wasm,5912,207426,207461,415008,42236
native_to_wasm,5913,207328,208489,415938,42236
native_to_wasm,5914,207328,207469,414918,42236
native_to_wasm,5915,207842,207591,415554,42236
native_to_wasm,5916,207331,208004,415456,42236
native_to_wasm,5917,207410,207461,414992,42236
native_to_wasm,5918,207334,207518,414973,42236
native_to_wasm,5919,207331,207465,414917,42236
native_to_wasm,5920,207846,207577,415544,42236
native_to_wasm,5921,207328,207983,415432,42236
native_to_wasm,5922,207428,207468,415017,42236
native_to_wasm,5923,207332,208477,415930,42236
native_to_wasm,5924,207327,207463,414911,42236
native_to_wasm,5925,207854,207549,415524,42236
native_to_wasm,5926,207330,208438,415889,42236
native_to_wasm,5927,207460,207484,415065,42236
native_to_wasm,5928,207333,209622,417076,42236
native_to_wasm,5929,207324,207469,414914,42236
native_to_wasm,5930,207858,207553,415532,42236
native_to_wasm,5931,207328,208405,415854,42236
native_to_wasm,5932,207408,207463,414992,42236
native_to_wasm,5933,207328,208212,415661,42236
native_to_wasm,5934,208579,207470,416170,42236
native_to_wasm,5935,207846,207544,415511,42236
native_to_wasm,5936,207336,208413,415870,42236
native_to_wasm,5937,207426,207470,415017,42236
native_to_wasm,5938,207330,207981,415432,42236
native_to_wasm,5939,208991,207469,416581,42236
native_to_wasm,5940,207854,207553,415528,42236
native_to_wasm,5941,207328,208575,416024,42236
native_to_wasm,5942,207428,207459,415008,42236
native_to_wasm,5943,207328,207983,415432,42236
native_to_wasm,5944,207640,207462,415223,42236
native_to_wasm,5945,207850,207546,415517,42236
native_to_wasm,5946,207324,207469,414914,42236
native_to_wasm,5947,208449,207463,416033,42236
native_to_wasm,5948,207321,207991,415433,42236
native_to_wasm,5949,207416,207463,415000,42236
native_to_wasm,5950,207848,207591,415560,42236
native_to_wasm,5951,207350,207462,414933,42236
native_to_wasm,5952,207412,207463,414996,42236
native_to_wasm,5953,207328,207983,415432,42236
native_to_wasm,5954,207409,207467,414997,42236
native_to_wasm,5955,207850,207553,415524,42236
native_to_wasm,5956,207326,207465,414912,42236
native_to_wasm,5957,208503,207482,416106,42236
native_to_wasm,5958,207324,207983,415428,42236
native_to_wasm,5959,207414,207467,415002,42236
native_to_wasm,5960,208278,207545,415944,42236
native_to_wasm,5961,207324,207467,414912,42236
native_to_wasm,5962,209018,207468,416607,42236
native_to_wasm,5963,207325,207983,415429,42236
native_to_wasm,5964,207455,207463,415039,42236
native_to_wasm,5965,208483,207577,416181,42236
native_to_wasm,5966,207326,207465,414912,42236
native_to_wasm,5967,208038,208980,417139,42236
native_to_wasm,5968,207327,207973,415421,42236
native_to_wasm,5969,207408,207461,414990,42236
native_to_wasm,5970,208233,207568,415922,42236
native_to_wasm,5971,207333,207463,414917,42236
native_to_wasm,5972,207850,209130,417101,42236
native_to_wasm,5973,207332,207979,415432,42236
native_to_wasm,5974,207455,207463,415039,42236
native_to_wasm,5975,208275,207577,415973,42236
native_to_wasm,5976,207328,207465,414914,42236
native_to_wasm,5977,207854,207749,415724,42236
native_to_wasm,5978,207350,207980,415451,42236
native_to_wasm,5979,207413,207461,414995,42236
native_to_wasm,5980,207332,207518,414971,42236
native_to_wasm,5981,207331,207461,414913,42236
native_to_wasm,5982,207854,207551,415526,42236
native_to_wasm,5983,207328,207987,415436,42236
native_to_wasm,5984,207412,207473,415006,42236
native_to_wasm,5985,207324,207526,414971,42236
native_to_wasm,5986,207321,207467,414909,42236
native_to_wasm,5987,207854,207551,415526,42236
native_to_wasm,5988,207332,207979,415432,42236
native_to_wasm,5989,207455,207463,415039,42236
native_to_wasm,5990,207332,209036,416489,42236
native_to_wasm,5991,207348,207472,414941,42236
native_to_wasm,5992,207871,207541,415533,42236
native_to_wasm,5993,207328,208443,415892,42236
native_to_wasm,5994,207426,207459,415006,42236
native_to_wasm,5995,207336,209737,417194,42236
native_to_wasm,5996,207345,207469,414935,42236
native_to_wasm,5997,207848,207546,415515,42236
native_to_wasm,5998,207326,208622,416069,42236
native_to_wasm,5999,207462,207482,415065,42236
native_to_wasm,6000,207333,208137,415591,42236
native_to_wasm,6001,208325,207485,415931,42236
native_to_wasm,6002,207847,207546,415514,42236
native_to_wasm,6003,207326,208626,416073,42236
native_to_wasm,6004,207454,207465,415040,42236
native_to_wasm,6005,207332,207981,415434,42236
native_to_wasm,6006,208819,207470,416410,42236
native_to_wasm,6007,207846,207546,415513,42236
native_to_wasm,6008,207328,207463,414912,42236
native_to_wasm,6009,208562,207461,416144,42236
native_to_wasm,6010,207332,207983,415436,42236
native_to_wasm,6011,207480,207483,415084,42236
native_to_wasm,6012,207847,207546,415514,42236
native_to_wasm,6013,207326,207473,414920,42236
native_to_wasm,6014,207413,207463,414997,42236
native_to_wasm,6015,207332,207981,415434,42236
native_to_wasm,6016,207413,207463,414997,42236
native_to_wasm,6017,207844,207591,415556,42236
native_to_wasm,6018,207329,207463,414913,42236
native_to_wasm,6019,208347,207462,415930,42236
native_to_wasm,6020,207331,207979,415431,42236
native_to_wasm,6021,207449,207471,415041,42236
native_to_wasm,6022,207871,207541,415533,42236
native_to_wasm,6023,207328,207465,414914,42236
native_to_wasm,6024,209319,207462,416902,42236
native_to_wasm,6025,207340,207986,415447,42236
native_to_wasm,6026,207411,207463,414995,42236
native_to_wasm,6027,208272,207545,415938,42236
native_to_wasm,6028,207326,207465,414912,42236
native_to_wasm,6029,209575,207465,417161,42236
native_to_wasm,6030,207329,207977,415427,42236
native_to_wasm,6031,207457,207463,415041,42236
native_to_wasm,6032,208279,207551,415951,42236
native_to_wasm,6033,207328,207469,414918,42236
native_to_wasm,6034,208086,208604,416811,42236
native_to_wasm,6035,207329,207981,415431,42236
native_to_wasm,6036,207426,207470,415017,42236
native_to_wasm,6037,208271,207557,415949,42236
native_to_wasm,6038,207326,207467,414914,42236
native_to_wasm,6039,207844,209139,417104,42236
native_to_wasm,6040,207336,207979,415436,42236
native_to_wasm,6041,207457,207463,415041,42236
native_to_wasm,6042,208440,207554,416115,42236
native_to_wasm,6043,207324,207467,414912,42236
native_to_wasm,6044,207844,207805,415770,42236
native_to_wasm,6045,207336,207979,415436,42236
native_to_wasm,6046,207426,207461,415008,42236
native_to_wasm,6047,207328,208489,415938,42236
native_to_wasm,6048,207328,207469,414918,42236
native_to_wasm,6049,207842,207591,415554,42236
native_to_wasm,6050,207331,208004,415456,42236
native_to_wasm,6051,207410,207461,414992,42236
native_to_wasm,6052,207334,207518,414973,42236
native_to_wasm,6053,207331,207465,414917,42236
native_to_wasm,6054,207846,207577,415544,42236
native_to_wasm,6055,207328,207983,415432,42236
native_to_wasm,6056,207428,207468,415017,42236
native_to_wasm,6057,207332,208477,415930,42236
native_to_wasm,6058,207327,207463,414911,42236
native_to_wasm,6059,207854,207549,415524,42236
native_to_wasm,6060,207330,208438,415889,42236
native_to_wasm,6061,207460,207484,415065,42236
native_to_wasm,6062,207333,209622,417076,42236
native_to_wasm,6063,207324,207469,414914,42236
native_to_wasm,6064,207858,207553,415532,42236
native_to_wasm,6065,207328,208405,415854,42236
native_to_wasm,6066,207408,207463,414992,42236
native_to_wasm,6067,207328,208212,415661,42236
native_to_wasm,6068,208579,207470,416170,42236
native_to_wasm,6069,207846,207544,415511,42236
native_to_wasm,6070,207336,208413,415870,42236
native_to_wasm,6071,207426,207470,415017,42236
native_to_wasm,6072,207330,207981,415432,42236
native_to_wasm,6073,208991,207469,416581,42236
native_to_wasm,6074,207854,207553,415528,42236
native_to_wasm,6075,207328,208575,416024,42236
native_to_wasm,6076,207428,207459,415008,42236
native_to_wasm,6077,207328,207983,415432,42236
native_to_wasm,6078,207640,207462,415223,42236
native_to_wasm,6079,207850,207546,415517,42236
native_to_wasm,6080,207324,207469,414914,42236
native_to_wasm,6081,208449,207463,416033,42236
native_to_wasm,6082,207321,207991,415433,42236
native_to_wasm,6083,207416,207463,415000,42236
native_to_wasm,6084,207848,207591,415560,42236
native_to_wasm,6085,207350,207462,414933,42236
native_to_wasm,6086,207412,207463,414996,42236
native_to_wasm,6087,207328,207983,415432,42236
native_to_wasm,6088,207409,207467,414997,42236
native_to_wasm,6089,207850,207553,415524,42236
native_to_wasm,6090,207326,207465,414912,42236
native_to_wasm,6091,208503,207482,416106,42236
native_to_wasm,6092,207324,207983,415428,42236
native_to_wasm,6093,207414,207467,415002,42236
native_to_wasm,6094,208278,207545,415944,42236
native_to_wasm,6095,207324,207467,414912,42236
native_to_wasm,6096,209018,207468,416607,42236
native_to_wasm,6097,207325,207983,415429,42236
native_to_wasm,6098,207455,207463,415039,42236
native_to_wasm,6099,208483,207577,416181,42236
native_to_wasm,6100,207326,207465,414912,42236
native_to_wasm,6101,208038,208980,417139,42236
native_to_wasm,6102,207327,207973,415421,42236
native_to_wasm,6103,207408,207461,414990,42236
native_to_wasm,6104,208233,207568,415922,42236
native_to_wasm,6105,207333,207463,414917,42236
native_to_wasm,6106,207850,209130,417101,42236
native_to_wasm,6107,207332,207979,415432,42236
native_to_wasm,6108,207455,207463,415039,42236
native_to_wasm,6109,208275,207577,415973,42236
native_to_wasm,6110,207328,207465,414914,42236
native_to_wasm,6111,207854,207749,415724,42236
native_to_wasm,6112,207350,207980,415451,42236
native_to_wasm,6113,207413,207461,414995,42236
native_to_wasm,6114,207332,207518,414971,42236
native_to_wasm,6115,207331,207461,414913,42236
native_to_wasm,6116,207854,207551,415526,42236
native_to_wasm,6117,207328,207987,415436,42236
native_to_wasm,6118,207412,207473,415006,42236
native_to_wasm,6119,207324,207526,414971,42236
native_to_wasm,6120,207321,207467,414909,42236
native_to_wasm,6121,207854,207551,415526,42236
native_to_wasm,6122,207332,207979,415432,42236
native_to_wasm,6123,207455,207463,415039,42236
native_to_wasm,6124,207332,209036,416489,42236
native_to_wasm,6125,207348,207472,414941,42236
native_to_wasm,6126,207871,207541,415533,42236
native_to_wasm,6127,207328,208443,415892,42236
native_to_wasm,6128,207426,207459,415006,42236
native_to_wasm,6129,207336,209737,417194,42236
native_to_wasm,6130,207345,207469,414935,42236
native_to_wasm,6131,207848,207546,415515,42236
native_to_wasm,6132,207326,208622,416069,42236
native_to_wasm,6133,207462,207482,415065,42236
native_to_wasm,6134,207333,208137,415591,42236
native_to_wasm,6135,208325,207485,415931,42236
native_to_wasm,6136,207847,207546,415514,42236
native_to_wasm,6137,207326,208626,416073,42236
native_to_wasm,6138,207454,207465,415040,42236
native_to_wasm,6139,207332,207981,415434,42236
native_to_wasm,6140,208819,207470,416410,42236
native_to_wasm,6141,207846,207546,415513,42236
native_to_wasm,6142,207328,207463,414912,42236
native_to_wasm,6143,208562,207461,416144,42236
native_to_wasm,6144,207332,207983,415436,42236
native_to_wasm,6145,207480,207483,415084,42236
native_to_wasm,6146,207847,207546,415514,42236
native_to_wasm,6147,207326,207473,414920,42236
native_to_wasm,6148,207413,207463,414997,42236
native_to_wasm,6149,207332,207981,415434,42236
native_to_wasm,6150,207413,207463,414997,42236
native_to_wasm,6151,207844,207591,415556,42236
native_to_wasm,6152,207329,207463,414913,42236
native_to_wasm,6153,208347,207462,415930,42236
native_to_wasm,6154,207331,207979,415431,42236
native_to_wasm,6155,207449,207471,415041,42236
native_to_wasm,6156,207871,207541,415533,42236
native_to_wasm,6157,207328,207465,414914,42236
native_to_wasm,6158,209319,207462,416902,42236
native_to_wasm,6159,207340,207986,415447,42236
native_to_wasm,6160,207411,207463,414995,42236
native_to_wasm,6161,208272,207545,415938,42236
native_to_wasm,6162,207326,207465,414912,42236
native_to_wasm,6163,209575,207465,417161,42236
native_to_wasm,6164,207329,207977,415427,42236
native_to_wasm,6165,207457,207463,415041,42236
native_to_wasm,6166,208279,207551,415951,42236
native_to_wasm,6167,207328,207469,414918,42236
native_to_wasm,6168,208086,208604,416811,42236
native_to_wasm,6169,207329,207981,415431,42236
native_to_wasm,6170,207426,207470,415017,42236
native_to_wasm,6171,208271,207557,415949,42236
native_to_wasm,6172,207326,207467,414914,42236
native_to_wasm,6173,207844,209139,417104,42236
native_to_wasm,6174,207336,207979,415436,42236
native_to_wasm,6175,207457,207463,415041,42236
native_to_wasm,6176,208440,207554,416115,42236
native_to_wasm,6177,207324,207467,414912,42236
native_to_wasm,6178,207844,207805,415770,42236
native_to_wasm,6179,207336,207979,415436,42236
native_to_wasm,6180,207426,207461,415008,42236
native_to_wasm,6181,207328,208489,415938,42236
native_to_wasm,6182,207328,207469,414918,42236
native_to_wasm,6183,207842,207591,415554,42236
native_to_wasm,6184,207331,208004,415456,42236
native_to_wasm,6185,207410,207461,414992,42236
native_to_wasm,6186,207334,207518,414973,42236
native_to_wasm,6187,207331,207465,414917,42236
native_to_wasm,6188,207846,207577,415544,42236
native_to_wasm,6189,207328,207983,415432,42236
native_to_wasm,6190,207428,207468,415017,42236
native_to_wasm,6191,207332,208477,415930,42236
native_to_wasm,6192,207327,207463,414911,42236
native_to_wasm,6193,207854,207549,415524,42236
native_to_wasm,6194,207330,208438,415889,42236
native_to_wasm,6195,207460,207484,415065,42236
native_to_wasm,6196,207333,209622,417076,42236
native_to_wasm,6197,207324,207469,414914,42236
native_to_wasm,6198,207858,207553,415532,42236
native_to_wasm,6199,207328,208405,415854,42236
native_to_wasm,6200,207408,207463,414992,42236
native_to_wasm,6201,207328,208212,415661,42236
native_to_wasm,6202,208579,207470,416170,42236
native_to_wasm,6203,207846,207544,415511,42236
native_to_wasm,6204,207336,208413,415870,42236
native_to_wasm,6205,207426,207470,415017,42236
native_to_wasm,6206,207330,207981,415432,42236
native_to_wasm,6207,208991,207469,416581,42236
native_to_wasm,6208,207854,207553,415528,42236
native_to_wasm,6209,207328,208575,416024,42236
native_to_wasm,6210,207428,207459,415008,42236
native_to_wasm,6211,207328,207983,415432,42236
native_to_wasm,6212,207640,207462,415223,42236
native_to_wasm,6213,207850,207546,415517,42236
native_to_wasm,6214,207324,207469,414914,42236
native_to_wasm,6215,208449,207463,416033,42236
native_to_wasm,6216,207321,207991,415433,42236
native_to_wasm,6217,207416,207463,415000,42236
native_to_wasm,6218,207848,207591,415560,42236
native_to_wasm,6219,207350,207462,414933,42236
native_to_wasm,6220,207412,207463,414996,42236
native_to_wasm,6221,207328,207983,415432,42236
native_to_wasm,6222,207409,207467,414997,42236
native_to_wasm,6223,207850,207553,415524,42236
native_to_wasm,6224,207326,207465,414912,42236
native_to_wasm,6225,208503,207482,416106,42236
native_to_wasm,6226,207324,207983,415428,42236
native_to_wasm,6227,207414,207467,415002,42236
native_to_wasm,6228,208278,207545,415944,42236
native_to_wasm,6229,207324,207467,414912,42236
native_to_wasm,6230,209018,207468,416607,42236
native_to_wasm,6231,207325,207983,415429,42236
native_to_wasm,6232,207455,207463,415039,42236
native_to_wasm,6233,208483,207577,416181,42236
native_to_wasm,6234,207326,207465,414912,42236
native_to_wasm,6235,208038,208980,417139,42236
native_to_wasm,6236,207327,207973,415421,42236
native_to_wasm,6237,207408,207461,414990,42236
native_to_wasm,6238,208233,207568,415922,42236
native_to_wasm,6239,207333,207463,414917,42236
native_to_wasm,6240,207850,209130,417101,42236
native_to_wasm,6241,207332,207979,415432,42236
native_to_wasm,6242,207455,207463,415039,42236
native_to_wasm,6243,208275,207577,415973,42236
native_to_wasm,6244,207328,207465,414914,42236
native_to_wasm,6245,207854,207749,415724,42236
native_to_wasm,6246,207350,207980,415451,42236
native_to_wasm,6247,207413,207461,414995,42236
native_to_wasm,6248,207332,207518,414971,42236
native_to_wasm,6249,207331,207461,414913,42236
native_to_wasm,6250,207854,207551,415526,42236
native_to_wasm,6251,207328,207987,415436,42236
native_to_wasm,6252,207412,207473,415006,42236
native_to_wasm,6253,207324,207526,414971,42236
native_to_wasm,6254,207321,207467,414909,42236
native_to_wasm,6255,207854,207551,415526,42236
native_to_wasm,6256,207332,207979,415432,42236
native_to_wasm,6257,207455,207463,415039,42236
native_to_wasm,6258,207332,209036,416489,42236
native_to_wasm,6259,207348,207472,414941,42236
native_to_wasm,6260,207871,207541,415533,42236
native_to_wasm,6261,207328,208443,415892,42236
native_to_wasm,6262,207426,207459,415006,42236
native_to_wasm,6263,207336,209737,417194,42236
native_to_wasm,6264,207345,207469,414935,42236
native_to_wasm,6265,207848,207546,415515,42236
native_to_wasm,6266,207326,208622,416069,42236
native_to_wasm,6267,207462,207482,415065,42236
native_to_wasm,6268,207333,208137,415591,42236
native_to_wasm,6269,208325,207485,415931,42236
native_to_wasm,6270,207847,207546,415514,42236
native_to_wasm,6271,207326,208626,416073,42236
native_to_wasm,6272,207454,207465,415040,42236
native_to_wasm,6273,207332,207981,415434,42236
native_to_wasm,6274,208819,207470,416410,42236
native_to_wasm,6275,207846,207546,415513,42236
native_to_wasm,6276,207328,207463,414912,42236
native_to_wasm,6277,208562,207461,416144,42236
native_to_wasm,6278,207332,207983,415436,42236
native_to_wasm,6279,207480,207483,415084,42236
native_to_wasm,6280,207847,207546,415514,42236
native_to_wasm,6281,207326,207473,414920,42236
native_to_wasm,6282,207413,207463,414997,42236
native_to_wasm,6283,207332,207981,415434,42236
native_to_wasm,6284,207413,207463,414997,42236
native_to_wasm,6285,207844,207591,415556,42236
native_to_wasm,6286,207329,207463,414913,42236
native_to_wasm,6287,208347,207462,415930,42236
native_to_wasm,6288,207331,207979,415431,42236
native_to_wasm,6289,207449,207471,415041,42236
native_to_wasm,6290,207871,207541,415533,42236
native_to_wasm,6291,207328,207465,414914,42236
native_to_wasm,6292,209319,207462,416902,42236
native_to_wasm,6293,207340,207986,415447,42236
native_to_wasm,6294,207411,207463,414995,42236
native_to_wasm,6295,208272,207545,415938,42236
native_to_wasm,6296,207326,207465,414912,42236
native_to_wasm,6297,209575,207465,417161,42236
native_to_wasm,6298,207329,207977,415427,42236
native_to_wasm,6299,207457,207463,415041,42236
native_to_wasm,6300,208279,207551,415951,42236
native_to_wasm,6301,207328,207469,414918,42236
native_to_wasm,6302,208086,208604,416811,42236
native_to_wasm,6303,207329,207981,415431,42236
native_to_wasm,6304,207426,207470,415017,42236
native_to_wasm,6305,208271,207557,415949,42236
native_to_wasm,6306,207326,207467,414914,42236
native_to_wasm,6307,207844,209139,417104,42236
native_to_wasm,6308,207336,207979,415436,42236
native_to_wasm,6309,207457,207463,415041,42236
native_to_wasm,6310,208440,207554,416115,42236
native_to_wasm,6311,207324,207467,414912,42236
native_to_wasm,6312,207844,207805,415770,42236
native_to_wasm,6313,207336,207979,415436,42236
native_to_wasm,6314,207426,207461,415008,42236
native_to_wasm,6315,207328,208489,415938,42236
native_to_wasm,6316,207328,207469,414918,42236
native_to_wasm,6317,207842,207591,415554,42236
native_to_wasm,6318,207331,208004,415456,42236
native_to_wasm,6319,207410,207461,414992,42236
native_to_wasm,6320,207334,207518,414973,42236
native_to_wasm,6321,207331,207465,414917,42236
native_to_wasm,6322,207846,207577,415544,42236
native_to_wasm,6323,207328,207983,415432,42236
native_to_wasm,6324,207428,207468,415017,42236
native_to_wasm,6325,207332,208477,415930,42236
native_to_wasm,6326,207327,207463,414911,42236
native_to_wasm,6327,207854,207549,415524,42236
native_to_wasm,6328,207330,208438,415889,42236
native_to_wasm,6329,207460,207484,415065,42236
native_to_wasm,6330,207333,209622,417076,42236
native_to_wasm,6331,207324,207469,414914,42236
native_to_wasm,6332,207858,207553,415532,42236
native_to_wasm,6333,207328,208405,415854,42236
native_to_wasm,6334,207408,207463,414992,42236
native_to_wasm,6335,207328,208212,415661,42236
native_to_wasm,6336,208579,207470,416170,42236
native_to_wasm,6337,207846,207544,415511,42236
native_to_wasm,6338,207336,208413,415870,42236
native_to_wasm,6339,207426,207470,415017,42236
native_to_wasm,6340,207330,207981,415432,42236
native_to_wasm,6341,208991,207469,416581,42236
native_to_wasm,6342,207854,207553,415528,42236
native_to_wasm,6343,207328,208575,416024,42236
native_to_wasm,6344,207428,207459,415008,42236
native_to_wasm,6345,207328,207983,415432,42236
native_to_wasm,6346,207640,207462,415223,42236
native_to_wasm,6347,207850,207546,415517,42236
native_to_wasm,6348,207324,207469,414914,42236
native_to_wasm,6349,208449,207463,416033,42236
native_to_wasm,6350,207321,207991,415433,42236
native_to_wasm,6351,207416,207463,415000,42236
native_to_wasm,6352,207848,207591,415560,42236
native_to_wasm,6353,207350,207462,414933,42236
native_to_wasm,6354,207412,207463,414996,42236
native_to_wasm,6355,207328,207983,415432,42236
native_to_wasm,6356,207409,207467,414997,42236
native_to_wasm,6357,207850,207553,415524,42236
native_to_wasm,6358,207326,207465,414912,42236
native_to_wasm,6359,208503,207482,416106,42236
native_to_wasm,6360,207324,207983,415428,42236
native_to_wasm,6361,207414,207467,415002,42236
native_to_wasm,6362,208278,207545,415944,42236
native_to_wasm,6363,207324,207467,414912,42236
native_to_wasm,6364,209018,207468,416607,42236
native_to_wasm,6365,207325,207983,415429,42236
native_to_wasm,6366,207455,207463,415039,42236
native_to_wasm,6367,208483,207577,416181,42236
native_to_wasm,6368,207326,207465,414912,42236
native_to_wasm,6369,208038,208980,417139,42236
native_to_wasm,6370,207327,207973,415421,42236
native_to_wasm,6371,207408,207461,414990,42236
native_to_wasm,6372,208233,207568,415922,42236
native_to_wasm,6373,207333,207463,414917,42236
native_to_wasm,6374,207850,209130,417101,42236
native_to_wasm,6375,207332,207979,415432,42236
native_to_wasm,6376,207455,207463,415039,42236
native_to_wasm,6377,208275,207577,415973,42236
native_to_wasm,6378,207328,207465,414914,42236
native_to_wasm,6379,207854,207749,415724,42236
native_to_wasm,6380,207350,207980,415451,42236
native_to_wasm,6381,207413,207461,414995,42236
native_to_wasm,6382,207332,207518,414971,42236
native_to_wasm,6383,207331,207461,414913,42236
native_to_wasm,6384,207854,207551,415526,42236
native_to_wasm,6385,207328,207987,415436,42236
native_to_wasm,6386,207412,207473,415006,42236
native_to_wasm,6387,207324,207526,414971,42236
native_to_wasm,6388,207321,207467,414909,42236
native_to_wasm,6389,207854,207551,415526,42236
native_to_wasm,6390,207332,207979,415432,42236
native_to_wasm,6391,207455,207463,415039,42236
native_to_wasm,6392,207332,209036,416489,42236
native_to_wasm,6393,207348,207472,414941,42236
native_to_wasm,6394,207871,207541,415533,42236
native_to_wasm,6395,207328,208443,415892,42236
native_to_wasm,6396,207426,207459,415006,42236
native_to_wasm,6397,207336,209737,417194,42236
native_to_wasm,6398,207345,207469,414935,42236
native_to_wasm,6399,207848,207546,415515,42236
native_to_wasm,6400,207326,208622,416069,42236
native_to_wasm,6401,207462,207482,415065,42236
native_to_wasm,6402,207333,208137,415591,42236
native_to_wasm,6403,208325,207485,415931,42236
native_to_wasm,6404,207847,207546,415514,42236
native_to_wasm,6405,207326,208626,416073,42236
native_to_wasm,6406,207454,207465,415040,42236
native_to_wasm,6407,207332,207981,415434,42236
native_to_wasm,6408,208819,207470,416410,42236
native_to_wasm,6409,207846,207546,415513,42236
native_to_wasm,6410,207328,207463,414912,42236
native_to_wasm,6411,208562,207461,416144,42236
native_to_wasm,6412,207332,207983,415436,42236
native_to_wasm,6413,207480,207483,415084,42236
native_to_wasm,6414,207847,207546,415514,42236
native_to_wasm,6415,207326,207473,414920,42236
native_to_wasm,6416,207413,207463,414997,42236
native_to_wasm,6417,207332,207981,415434,42236
native_to_wasm,6418,207413,207463,414997,42236
native_to_wasm,6419,207844,207591,415556,42236
native_to_wasm,6420,207329,207463,414913,42236
native_to_wasm,6421,208347,207462,415930,42236
native_to_wasm,6422,207331,207979,415431,42236
native_to_wasm,6423,207449,207471,415041,42236
native_to_wasm,6424,207871,207541,415533,42236
native_to_wasm,6425,207328,207465,414914,42236
native_to_wasm,6426,209319,207462,416902,42236
native_to_wasm,6427,207340,207986,415447,42236
native_to_wasm,6428,207411,207463,414995,42236
native_to_wasm,6429,208272,207545,415938,42236
native_to_wasm,6430,207326,207465,414912,42236
native_to_wasm,6431,209575,207465,417161,42236
native_to_wasm,6432,207329,207977,415427,42236
native_to_wasm,6433,207457,207463,415041,42236
native_to_wasm,6434,208279,207551,415951,42236
native_to_wasm,6435,207328,207469,414918,42236
native_to_wasm,6436,208086,208604,416811,42236
native_to_wasm,6437,207329,207981,415431,42236
native_to_wasm,6438,207426,207470,415017,42236
native_to_wasm,6439,208271,207557,415949,42236
native_to_wasm,6440,207326,207467,414914,42236
native_to_wasm,6441,207844,209139,417104,42236
native_to_wasm,6442,207336,207979,415436,42236
native_to_wasm,6443,207457,207463,415041,42236
native_to_wasm,6444,208440,207554,416115,42236
native_to_wasm,6445,207324,207467,414912,42236
native_to_wasm,6446,207844,207805,415770,42236
native_to_wasm,6447,207336,207979,415436,42236
native_to_wasm,6448,207426,207461,415008,42236
native_to_wasm,6449,207328,208489,415938,42236
native_to_wasm,6450,207328,207469,414918,42236
native_to_wasm,6451,207842,207591,415554,42236
native_to_wasm,6452,207331,208004,415456,42236
native_to_wasm,6453,207410,207461,414992,42236
native_to_wasm,6454,207334,207518,414973,42236
native_to_wasm,6455,207331,207465,414917,42236
native_to_wasm,6456,207846,207577,415544,42236
native_to_wasm,6457,207328,207983,415432,42236
native_to_wasm,6458,207428,207468,415017,42236
native_to_wasm,6459,207332,208477,415930,42236
native_to_wasm,6460,207327,207463,414911,42236
native_to_wasm,6461,207854,207549,415524,42236
native_to_wasm,6462,207330,208438,415889,42236
native_to_wasm,6463,207460,207484,415065,42236
native_to_wasm,6464,207333,209622,417076,42236
native_to_wasm,6465,207324,207469,414914,42236
native_to_wasm,6466,207858,207553,415532,42236
native_to_wasm,6467,207328,208405,415854,42236
native_to_wasm,6468,207408,207463,414992,42236
native_to_wasm,6469,207328,208212,415661,42236
native_to_wasm,6470,208579,207470,416170,42236
native_to_wasm,6471,207846,207544,415511,42236
native_to_wasm,6472,207336,208413,415870,42236
native_to_wasm,6473,207426,207470,415017,42236
native_to_wasm,6474,207330,207981,415432,42236
native_to_wasm,6475,208991,207469,416581,42236
native_to_wasm,6476,207854,207553,415528,42236
native_to_wasm,6477,207328,208575,416024,42236
native_to_wasm,6478,207428,207459,415008,42236
native_to_wasm,6479,207328,207983,415432,42236
native_to_wasm,6480,207640,207462,415223,42236
native_to_wasm,6481,207850,207546,415517,42236
native_to_wasm,6482,207324,207469,414914,42236
native_to_wasm,6483,208449,207463,416033,42236
native_to_wasm,6484,207321,207991,415433,42236
native_to_wasm,6485,207416,207463,415000,42236
native_to_wasm,6486,207848,207591,415560,42236
native_to_wasm,6487,207350,207462,414933,42236
native_to_wasm,6488,207412,207463,414996,42236
native_to_wasm,6489,207328,207983,415432,42236
native_to_wasm,6490,207409,207467,414997,42236
native_to_wasm,6491,207850,207553,415524,42236
native_to_wasm,6492,207326,207465,414912,42236
native_to_wasm,6493,208503,207482,416106,42236
native_to_wasm,6494,207324,207983,415428,42236
native_to_wasm,6495,207414,207467,415002,42236
native_to_wasm,6496,208278,207545,415944,42236
native_to_wasm,6497,207324,207467,414912,42236
native_to_wasm,6498,209018,207468,416607,42236
native_to_wasm,6499,207325,207983,415429,42236
native_to_wasm,6500,207455,207463,415039,42236
native_to_wasm,6501,208483,207577,416181,42236
native_to_wasm,6502,207326,207465,414912,42236
native_to_wasm,6503,208038,208980,417139,42236
native_to_wasm,6504,207327,207973,415421,42236
native_to_wasm,6505,207408,207461,414990,42236
native_to_wasm,6506,208233,207568,415922,42236
native_to_wasm,6507,207333,207463,414917,42236
native_to_wasm,6508,207850,209130,417101,42236
native_to_wasm,6509,207332,207979,415432,42236
native_to_wasm,6510,207455,207463,415039,42236
native_to_wasm,6511,208275,207577,415973,42236
native_to_wasm,6512,207328,207465,414914,42236
native_to_wasm,6513,207854,207749,415724,42236
native_to_wasm,6514,207350,207980,415451,42236
native_to_wasm,6515,207413,207461,414995,42236
native_to_wasm,6516,207332,207518,414971,42236
native_to_wasm,6517,207331,207461,414913,42236
native_to_wasm,6518,207854,207551,415526,42236
native_to_wasm,6519,207328,207987,415436,42236
native_to_wasm,6520,207412,207473,415006,42236
native_to_wasm,6521,207324,207526,414971,42236
native_to_wasm,6522,207321,207467,414909,42236
native_to_wasm,6523,207854,207551,415526,42236
native_to_wasm,6524,207332,207979,415432,42236
native_to_wasm,6525,207455,207463,415039,42236
native_to_wasm,6526,207332,209036,416489,42236
native_to_wasm,6527,207348,207472,414941,42236
native_to_wasm,6528,207871,207541,415533,42236
native_to_wasm,6529,207328,208443,415892,42236
native_to_wasm,6530,207426,207459,415006,42236
native_to_wasm,6531,207336,209737,417194,42236
native_to_wasm,6532,207345,207469,414935,42236
native_to_wasm,6533,207848,207546,415515,42236
native_to_wasm,6534,207326,208622,416069,42236
native_to_wasm,6535,207462,207482,415065,42236
native_to_wasm,6536,207333,208137,415591,42236
native_to_wasm,6537,208325,207485,415931,42236
native_to_wasm,6538,207847,207546,415514,42236
native_to_wasm,6539,207326,208626,416073,42236
native_to_wasm,6540,207454,207465,415040,42236
native_to_wasm,6541,207332,207981,415434,42236
native_to_wasm,6542,208819,207470,416410,42236
native_to_wasm,6543,207846,207546,415513,42236
native_to_wasm,6544,207328,207463,414912,42236
native_to_wasm,6545,208562,207461,416144,42236
native_to_wasm,6546,207332,207983,415436,42236
native_to_wasm,6547,207480,207483,415084,42236
native_to_wasm,6548,207847,207546,415514,42236
native_to_wasm,6549,207326,207473,414920,42236
native_to_wasm,6550,207413,207463,414997,42236
native_to_wasm,6551,207332,207981,415434,42236
native_to_wasm,6552,207413,207463,414997,42236
native_to_wasm,6553,207844,207591,415556,42236
native_to_wasm,6554,207329,207463,414913,42236
native_to_wasm,6555,208347,207462,415930,42236
native_to_wasm,6556,207331,207979,415431,42236
native_to_wasm,6557,207449,207471,415041,42236
native_to_wasm,6558,207871,207541,415533,42236
native_to_wasm,6559,207328,207465,414914,42236
native_to_wasm,6560,209319,207462,416902,42236
native_to_wasm,6561,207340,207986,415447,42236
native_to_wasm,6562,207411,207463,414995,42236
native_to_wasm,6563,208272,207545,415938,42236
native_to_wasm,6564,207326,207465,414912,42236
native_to_wasm,6565,209575,207465,417161,42236
native_to_wasm,6566,207329,207977,415427,42236
native_to_wasm,6567,207457,207463,415041,42236
native_to_wasm,6568,208279,207551,415951,42236
native_to_wasm,6569,207328,207469,414918,42236
native_to_wasm,6570,208086,208604,416811,42236
native_to_wasm,6571,207329,207981,415431,42236
native_to_wasm,6572,207426,207470,415017,42236
native_to_wasm,6573,208271,207557,415949,42236
native_to_wasm,6574,207326,207467,414914,42236
native_to_wasm,6575,207844,209139,417104,42236
native_to_wasm,6576,207336,207979,415436,42236
native_to_wasm,6577,207457,207463,415041,42236
native_to_wasm,6578,208440,207554,416115,42236
native_to_wasm,6579,207324,207467,414912,42236
native_to_wasm,6580,207844,207805,415770,42236
native_to_wasm,6581,207336,207979,415436,42236
native_to_wasm,6582,207426,207461,415008,42236
native_to_wasm,6583,207328,208489,415938,42236
native_to_wasm,6584,207328,207469,414918,42236
native_to_wasm,6585,207842,207591,415554,42236
native_to_wasm,6586,207331,208004,415456,42236
native_to_wasm,6587,207410,207461,414992,42236
native_to_wasm,6588,207334,207518,414973,42236
native_to_wasm,6589,207331,207465,414917,42236
native_to_wasm,6590,207846,207577,415544,42236
native_to_wasm,6591,207328,207983,415432,42236
native_to_wasm,6592,207428,207468,415017,42236
native_to_wasm,6593,207332,208477,415930,42236
native_to_wasm,6594,207327,207463,414911,42236
native_to_wasm,6595,207854,207549,415524,42236
native_to_wasm,6596,207330,208438,415889,42236
native_to_wasm,6597,207460,207484,415065,42236
native_to_wasm,6598,207333,209622,417076,42236
native_to_wasm,6599,207324,207469,414914,42236
native_to_wasm,6600,207858,207553,415532,42236
native_to_wasm,6601,207328,208405,415854,42236
native_to_wasm,6602,207408,207463,414992,42236
native_to_wasm,6603,207328,208212,415661,42236
native_to_wasm,6604,208579,207470,416170,42236
native_to_wasm,6605,207846,207544,415511,42236
native_to_wasm,6606,207336,208413,415870,42236
native_to_wasm,6607,207426,207470,415017,42236
native_to_wasm,6608,207330,207981,415432,42236
native_to_wasm,6609,208991,207469,416581,42236
native_to_wasm,6610,207854,207553,415528,42236
native_to_wasm,6611,207328,208575,416024,42236
native_to_wasm,6612,207428,207459,415008,42236
native_to_wasm,6613,207328,207983,415432,42236
native_to_wasm,6614,207640,207462,415223,42236
native_to_wasm,6615,207850,207546,415517,42236
native_to_wasm,6616,207324,207469,414914,42236
native_to_wasm,6617,208449,207463,416033,42236
native_to_wasm,6618,207321,207991,415433,42236
native_to_wasm,6619,207416,207463,415000,42236
native_to_wasm,6620,207848,207591,415560,42236
native_to_wasm,6621,207350,207462,414933,42236
native_to_wasm,6622,207412,207463,414996,42236
native_to_wasm,6623,207328,207983,415432,42236
native_to_wasm,6624,207409,207467,414997,42236
native_to_wasm,6625,207850,207553,415524,42236
native_to_wasm,6626,207326,207465,414912,42236
native_to_wasm,6627,208503,207482,416106,42236
native_to_wasm,6628,207324,207983,415428,42236
native_to_wasm,6629,207414,207467,415002,42236
native_to_wasm,6630,208278,207545,415944,42236
native_to_wasm,6631,207324,207467,414912,42236
native_to_wasm,6632,209018,207468,416607,42236
native_to_wasm,6633,207325,207983,415429,42236
native_to_wasm,6634,207455,207463,415039,42236
native_to_wasm,6635,208483,207577,416181,42236
native_to_wasm,6636,207326,207465,414912,42236
native_to_wasm,6637,208038,208980,417139,42236
native_to_wasm,6638,207327,207973,415421,42236
native_to_wasm,6639,207408,207461,414990,42236
native_to_wasm,6640,208233,207568,415922,42236
native_to_wasm,6641,207333,207463,414917,42236
native_to_wasm,6642,207850,209130,417101,42236
native_to_wasm,6643,207332,207979,415432,42236
native_to_wasm,6644,207455,207463,415039,42236
native_to_wasm,6645,208275,207577,415973,42236
native_to_wasm,6646,207328,207465,414914,42236
native_to_wasm,6647,207854,207749,415724,42236
native_to_wasm,6648,207350,207980,415451,42236
native_to_wasm,6649,207413,207461,414995,42236
native_to_wasm,6650,207332,207518,414971,42236
native_to_wasm,6651,207331,207461,414913,42236
native_to_wasm,6652,207854,207551,415526,42236
native_to_wasm,6653,207328,207987,415436,42236
native_to_wasm,6654,207412,207473,415006,42236
native_to_wasm,6655,207324,207526,414971,42236
native_to_wasm,6656,207321,207467,414909,42236
native_to_wasm,6657,207854,207551,415526,42236
native_to_wasm,6658,207332,207979,415432,42236
native_to_wasm,6659,207455,207463,415039,42236
native_to_wasm,6660,207332,209036,416489,42236
native_to_wasm,6661,207348,207472,414941,42236
native_to_wasm,6662,207871,207541,415533,42236
native_to_wasm,6663,207328,208443,415892,42236
native_to_wasm,6664,207426,207459,415006,42236
native_to_wasm,6665,207336,209737,417194,42236
native_to_wasm,6666,207345,207469,414935,42236
native_to_wasm,6667,207848,207546,415515,42236
native_to_wasm,6668,207326,208622,416069,42236
native_to_wasm,6669,207462,207482,415065,42236
native_to_wasm,6670,207333,208137,415591,42236
native_to_wasm,6671,208325,207485,415931,42236
native_to_wasm,6672,207847,207546,415514,42236
native_to_wasm,6673,207326,208626,416073,42236
native_to_wasm,6674,207454,207465,415040,42236
native_to_wasm,6675,207332,207981,415434,42236
native_to_wasm,6676,208819,207470,416410,42236
native_to_wasm,6677,207846,207546,415513,42236
native_to_wasm,6678,207328,207463,414912,42236
native_to_wasm,6679,208562,207461,416144,42236
native_to_wasm,6680,207332,207983,415436,42236
native_to_wasm,6681,207480,207483,415084,42236
native_to_wasm,6682,207847,207546,415514,42236
native_to_wasm,6683,207326,207473,414920,42236
native_to_wasm,6684,207413,207463,414997,42236
native_to_wasm,6685,207332,207981,415434,42236
native_to_wasm,6686,207413,207463,414997,42236
native_to_wasm,6687,207844,207591,415556,42236
native_to_wasm,6688,207329,207463,414913,42236
native_to_wasm,6689,208347,207462,415930,42236
native_to_wasm,6690,207331,207979,415431,42236
native_to_wasm,6691,207449,207471,415041,42236
native_to_wasm,6692,207871,207541,415533,42236
native_to_wasm,6693,207328,207465,414914,42236
native_to_wasm,6694,209319,207462,416902,42236
native_to_wasm,6695,207340,207986,415447,42236
native_to_wasm,6696,207411,207463,414995,42236
native_to_wasm,6697,208272,207545,415938,42236
native_to_wasm,6698,207326,207465,414912,42236
native_to_wasm,6699,209575,207465,417161,42236
native_to_wasm,6700,207329,207977,415427,42236
native_to_wasm,6701,207457,207463,415041,42236
native_to_wasm,6702,208279,207551,415951,42236
native_to_wasm,6703,207328,207469,414918,42236
native_to_wasm,6704,208086,208604,416811,42236
native_to_wasm,6705,207329,207981,415431,42236
native_to_wasm,6706,207426,207470,415017,42236
native_to_wasm,6707,208271,207557,415949,42236
native_to_wasm,6708,207326,207467,414914,42236
native_to_wasm,6709,207844,209139,417104,42236
native_to_wasm,6710,207336,207979,415436,42236
native_to_wasm,6711,207457,207463,415041,42236
native_to_wasm,6712,208440,207554,416115,42236
native_to_wasm,6713,207324,207467,414912,42236
native_to_wasm,6714,207844,207805,415770,42236
native_to_wasm,6715,207336,207979,415436,42236
native_to_wasm,6716,207426,207461,415008,42236
native_to_wasm,6717,207328,208489,415938,42236
native_to_wasm,6718,207328,207469,414918,42236
native_to_wasm,6719,207842,207591,415554,42236
native_to_wasm,6720,207331,208004,415456,42236
native_to_wasm,6721,207410,207461,414992,42236
native_to_wasm,6722,207334,207518,414973,42236
native_to_wasm,6723,207331,207465,414917,42236
native_to_wasm,6724,207846,207577,415544,42236
native_to_wasm,6725,207328,207983,415432,42236
native_to_wasm,6726,207428,207468,415017,42236
native_to_wasm,6727,207332,208477,415930,42236
native_to_wasm,6728,207327,207463,414911,42236
native_to_wasm,6729,207854,207549,415524,42236
native_to_wasm,6730,207330,208438,415889,42236
native_to_wasm,6731,207460,207484,415065,42236
native_to_wasm,6732,207333,209622,417076,42236
native_to_wasm,6733,207324,207469,414914,42236
native_to_wasm,6734,207858,207553,415532,42236
native_to_wasm,6735,207328,208405,415854,42236
native_to_wasm,6736,207408,207463,414992,42236
native_to_wasm,6737,207328,208212,415661,42236
native_to_wasm,6738,208579,207470,416170,42236
native_to_wasm,6739,207846,207544,415511,42236
native_to_wasm,6740,207336,208413,415870,42236
native_to_wasm,6741,207426,207470,415017,42236
native_to_wasm,6742,207330,207981,415432,42236
native_to_wasm,6743,208991,207469,416581,42236
native_to_wasm,6744,207854,207553,415528,42236
native_to_wasm,6745,207328,208575,416024,42236
native_to_wasm,6746,207428,207459,415008,42236
native_to_wasm,6747,207328,207983,415432,42236
native_to_wasm,6748,207640,207462,415223,42236
native_to_wasm,6749,207850,207546,415517,42236
native_to_wasm,6750,207324,207469,414914,42236
native_to_wasm,6751,208449,207463,416033,42236
native_to_wasm,6752,207321,207991,415433,42236
native_to_wasm,6753,207416,207463,415000,42236
native_to_wasm,6754,207848,207591,415560,42236
native_to_wasm,6755,207350,207462,414933,42236
native_to_wasm,6756,207412,207463,414996,42236
native_to_wasm,6757,207328,207983,415432,42236
native_to_wasm,6758,207409,207467,414997,42236
native_to_wasm,6759,207850,207553,415524,42236
native_to_wasm,6760,207326,207465,414912,42236
native_to_wasm,6761,208503,207482,416106,42236
native_to_wasm,6762,207324,207983,415428,42236
native_to_wasm,6763,207414,207467,415002,42236
native_to_wasm,6764,208278,207545,415944,42236
native_to_wasm,6765,207324,207467,414912,42236
native_to_wasm,6766,209018,207468,416607,42236
native_to_wasm,6767,207325,207983,415429,42236
native_to_wasm,6768,207455,207463,415039,42236
native_to_wasm,6769,208483,207577,416181,42236
native_to_wasm,6770,207326,207465,414912,42236
native_to_wasm,6771,208038,208980,417139,42236
native_to_wasm,6772,207327,207973,415421,42236
native_to_wasm,6773,207408,207461,414990,42236
native_to_wasm,6774,208233,207568,415922,42236
native_to_wasm,6775,207333,207463,414917,42236
native_to_wasm,6776,207850,209130,417101,42236
native_to_wasm,6777,207332,207979,415432,42236
native_to_wasm,6778,207455,207463,415039,42236
native_to_wasm,6779,208275,207577,415973,42236
native_to_wasm,6780,207328,207465,414914,42236
native_to_wasm,6781,207854,207749,415724,42236
native_to_wasm,6782,207350,207980,415451,42236
native_to_wasm,6783,207413,207461,414995,42236
native_to_wasm,6784,207332,207518,414971,42236
native_to_wasm,6785,207331,207461,414913,42236
native_to_wasm,6786,207854,207551,415526,42236
native_to_wasm,6787,207328,207987,415436,42236
native_to_wasm,6788,207412,207473,415006,42236
native_to_wasm,6789,207324,207526,414971,42236
native_to_wasm,6790,207321,207467,414909,42236
native_to_wasm,6791,207854,207551,415526,42236
native_to_wasm,6792,207332,207979,415432,42236
native_to_wasm,6793,207455,207463,415039,42236
native_to_wasm,6794,207332,209036,416489,42236
native_to_wasm,6795,207348,207472,414941,42236
native_to_wasm,6796,207871,207541,415533,42236
native_to_wasm,6797,207328,208443,415892,42236
native_to_wasm,6798,207426,207459,415006,42236
native_to_wasm,6799,207336,209737,417194,42236
native_to_wasm,6800,207345,207469,414935,42236
native_to_wasm,6801,207848,207546,415515,42236
native_to_wasm,6802,207326,208622,416069,42236
native_to_wasm,6803,207462,207482,415065,42236
native_to_wasm,6804,207333,208137,415591,42236
native_to_wasm,6805,208325,207485,415931,42236
native_to_wasm,6806,207847,207546,415514,42236
native_to_wasm,6807,207326,208626,416073,42236
native_to_wasm,6808,207454,207465,415040,42236
native_to_wasm,6809,207332,207981,415434,42236
native_to_wasm,6810,208819,207470,416410,42236
native_to_wasm,6811,207846,207546,415513,42236
native_to_wasm,6812,207328,207463,414912,42236
native_to_wasm,6813,208562,207461,416144,42236
native_to_wasm,6814,207332,207983,415436,42236
native_to_wasm,6815,207480,207483,415084,42236
native_to_wasm,6816,207847,207546,415514,42236
native_to_wasm,6817,207326,207473,414920,42236
native_to_wasm,6818,207413,207463,414997,42236
native_to_wasm,6819,207332,207981,415434,42236
native_to_wasm,6820,207413,207463,414997,42236
native_to_wasm,6821,207844,207591,415556,42236
native_to_wasm,6822,207329,207463,414913,42236
native_to_wasm,6823,208347,207462,415930,42236
native_to_wasm,6824,207331,207979,415431,42236
native_to_wasm,6825,207449,207471,415041,42236
native_to_wasm,6826,207871,207541,415533,42236
native_to_wasm,6827,207328,207465,414914,42236
native_to_wasm,6828,209319,207462,416902,42236
native_to_wasm,6829,207340,207986,415447,42236
native_to_wasm,6830,207411,207463,414995,42236
native_to_wasm,6831,208272,207545,415938,42236
native_to_wasm,6832,207326,207465,414912,42236
native_to_wasm,6833,209575,207465,417161,42236
native_to_wasm,6834,207329,207977,415427,42236
native_to_wasm,6835,207457,207463,415041,42236
native_to_wasm,6836,208279,207551,415951,42236
native_to_wasm,6837,207328,207469,414918,42236
native_to_wasm,6838,208086,208604,416811,42236
native_to_wasm,6839,207329,207981,415431,42236
native_to_wasm,6840,207426,207470,415017,42236
native_to_wasm,6841,208271,207557,415949,42236
native_to_wasm,6842,207326,207467,414914,42236
native_to_wasm,6843,207844,209139,417104,42236
native_to_wasm,6844,207336,207979,415436,42236
native_to_wasm,6845,207457,207463,415041,42236
native_to_wasm,6846,208440,207554,416115,42236
native_to_wasm,6847,207324,207467,414912,42236
native_to_wasm,6848,207844,207805,415770,42236
native_to_wasm,6849,207336,207979,415436,42236
native_to_wasm,6850,207426,207461,415008,42236
native_to_wasm,6851,207328,208489,415938,42236
native_to_wasm,6852,207328,207469,414918,42236
native_to_wasm,6853,207842,207591,415554,42236
native_to_wasm,6854,207331,208004,415456,42236
native_to_wasm,6855,207410,207461,414992,42236
native_to_wasm,6856,207334,207518,414973,42236
native_to_wasm,6857,207331,207465,414917,42236
native_to_wasm,6858,207846,207577,415544,42236
native_to_wasm,6859,207328,207983,415432,42236
native_to_wasm,6860,207428,207468,415017,42236
native_to_wasm,6861,207332,208477,415930,42236
native_to_wasm,6862,207327,207463,414911,42236
native_to_wasm,6863,207854,207549,415524,42236
native_to_wasm,6864,207330,208438,415889,42236
native_to_wasm,6865,207460,207484,415065,42236
native_to_wasm,6866,207333,209622,417076,42236
native_to_wasm,6867,207324,207469,414914,42236
native_to_wasm,6868,207858,207553,415532,42236
native_to_wasm,6869,207328,208405,415854,42236
native_to_wasm,6870,207408,207463,414992,42236
native_to_wasm,6871,207328,208212,415661,42236
native_to_wasm,6872,208579,207470,416170,42236
native_to_wasm,6873,207846,207544,415511,42236
native_to_wasm,6874,207336,208413,415870,42236
native_to_wasm,6875,207426,207470,415017,42236
native_to_wasm,6876,207330,207981,415432,42236
native_to_wasm,6877,208991,207469,416581,42236
native_to_wasm,6878,207854,207553,415528,42236
native_to_wasm,6879,207328,208575,416024,42236
native_to_wasm,6880,207428,207459,415008,42236
native_to_wasm,6881,207328,207983,415432,42236
native_to_wasm,6882,207640,207462,415223,42236
native_to_wasm,6883,207850,207546,415517,42236
native_to_wasm,6884,207324,207469,414914,42236
native_to_wasm,6885,208449,207463,416033,42236
native_to_wasm,6886,207321,207991,415433,42236
native_to_wasm,6887,207416,207463,415000,42236
native_to_wasm,6888,207848,207591,415560,42236
native_to_wasm,6889,207350,207462,414933,42236
native_to_wasm,6890,207412,207463,414996,42236
native_to_wasm,6891,207328,207983,415432,42236
native_to_wasm,6892,207409,207467,414997,42236
native_to_wasm,6893,207850,207553,415524,42236
native_to_wasm,6894,207326,207465,414912,42236
native_to_wasm,6895,208503,207482,416106,42236
native_to_wasm,6896,207324,207983,415428,42236
native_to_wasm,6897,207414,207467,415002,42236
native_to_wasm,6898,208278,207545,415944,42236
native_to_wasm,6899,207324,207467,414912,42236
native_to_wasm,6900,209018,207468,416607,42236
native_to_wasm,6901,207325,207983,415429,42236
native_to_wasm,6902,207455,207463,415039,42236
native_to_wasm,6903,208483,207577,416181,42236
native_to_wasm,6904,207326,207465,414912,42236
native_to_wasm,6905,208038,208980,417139,42236
native_to_wasm,6906,207327,207973,415421,42236
native_to_wasm,6907,207408,207461,414990,42236
native_to_wasm,6908,208233,207568,415922,42236
native_to_wasm,6909,207333,207463,414917,42236
native_to_wasm,6910,207850,209130,417101,42236
native_to_wasm,6911,207332,207979,415432,42236
native_to_wasm,6912,207455,207463,415039,42236
native_to_wasm,6913,208275,207577,415973,42236
native_to_wasm,6914,207328,207465,414914,42236
native_to_wasm,6915,207854,207749,415724,42236
native_to_wasm,6916,207350,207980,415451,42236
native_to_wasm,6917,207413,207461,414995,42236
native_to_wasm,6918,207332,207518,414971,42236
native_to_wasm,6919,207331,207461,414913,42236
native_to_wasm,6920,207854,207551,415526,42236
native_to_wasm,6921,207328,207987,415436,42236
native_to_wasm,6922,207412,207473,415006,42236
native_to_wasm,6923,207324,207526,414971,42236
native_to_wasm,6924,207321,207467,414909,42236
native_to_wasm,6925,207854,207551,415526,42236
native_to_wasm,6926,207332,207979,415432,42236
native_to_wasm,6927,207455,207463,415039,42236
native_to_wasm,6928,207332,209036,416489,42236
native_to_wasm,6929,207348,207472,414941,42236
native_to_wasm,6930,207871,207541,415533,42236
native_to_wasm,6931,207328,208443,415892,42236
native_to_wasm,6932,207426,207459,415006,42236
native_to_wasm,6933,207336,209737,417194,42236
native_to_wasm,6934,207345,207469,414935,42236
native_to_wasm,6935,207848,207546,415515,42236
native_to_wasm,6936,207326,208622,416069,42236
native_to_wasm,6937,207462,207482,415065,42236
native_to_wasm,6938,207333,208137,415591,42236
native_to_wasm,6939,208325,207485,415931,42236
native_to_wasm,6940,207847,207546,415514,42236
native_to_wasm,6941,207326,208626,416073,42236
native_to_wasm,6942,207454,207465,415040,42236
native_to_wasm,6943,207332,207981,415434,42236
native_to_wasm,6944,208819,207470,416410,42236
native_to_wasm,6945,207846,207546,415513,42236
native_to_wasm,6946,207328,207463,414912,42236
native_to_wasm,6947,208562,207461,416144,42236
native_to_wasm,6948,207332,207983,415436,42236
native_to_wasm,6949,207480,207483,415084,42236
native_to_wasm,6950,207847,207546,415514,42236
native_to_wasm,6951,207326,207473,414920,42236
native_to_wasm,6952,207413,207463,414997,42236
native_to_wasm,6953,207332,207981,415434,42236
native_to_wasm,6954,207413,207463,414997,42236
native_to_wasm,6955,207844,207591,415556,42236
native_to_wasm,6956,207329,207463,414913,42236
native_to_wasm,6957,208347,207462,415930,42236
native_to_wasm,6958,207331,207979,415431,42236
native_to_wasm,6959,207449,207471,415041,42236
native_to_wasm,6960,207871,207541,415533,42236
native_to_wasm,6961,207328,207465,414914,42236
native_to_wasm,6962,209319,207462,416902,42236
native_to_wasm,6963,207340,207986,415447,42236
native_to_wasm,6964,207411,207463,414995,42236
native_to_wasm,6965,208272,207545,415938,42236
native_to_wasm,6966,207326,207465,414912,42236
native_to_wasm,6967,209575,207465,417161,42236
native_to_wasm,6968,207329,207977,415427,42236
native_to_wasm,6969,207457,207463,415041,42236
native_to_wasm,6970,208279,207551,415951,42236
native_to_wasm,6971,207328,207469,414918,42236
native_to_wasm,6972,208086,208604,416811,42236
native_to_wasm,6973,207329,207981,415431,42236
native_to_wasm,6974,207426,207470,415017,42236
native_to_wasm,6975,208271,207557,415949,42236
native_to_wasm,6976,207326,207467,414914,42236
native_to_wasm,6977,207844,209139,417104,42236
native_to_wasm,6978,207336,207979,415436,42236
native_to_wasm,6979,207457,207463,415041,42236
native_to_wasm,6980,208440,207554,416115,42236
native_to_wasm,6981,207324,207467,414912,42236
native_to_wasm,6982,207844,207805,415770,42236
native_to_wasm,6983,207336,207979,415436,42236
native_to_wasm,6984,207426,207461,415008,42236
native_to_wasm,6985,207328,208489,415938,42236
native_to_wasm,6986,207328,207469,414918,42236
native_to_wasm,6987,207842,207591,415554,42236
native_to_wasm,6988,207331,208004,415456,42236
native_to_wasm,6989,207410,207461,414992,42236
native_to_wasm,6990,207334,207518,414973,42236
native_to_wasm,6991,207331,207465,414917,42236
native_to_wasm,6992,207846,207577,415544,42236
native_to_wasm,6993,207328,207983,415432,42236
native_to_wasm,6994,207428,207468,415017,42236
native_to_wasm,6995,207332,208477,415930,42236
native_to_wasm,6996,207327,207463,414911,42236
native_to_wasm,6997,207854,207549,415524,42236
native_to_wasm,6998,207330,208438,415889,42236
native_to_wasm,6999,207460,207484,415065,42236
native_to_wasm,7000,207333,209622,417076,42236
native_to_wasm,7001,207324,207469,414914,42236
native_to_wasm,7002,207858,207553,415532,42236
native_to_wasm,7003,207328,208405,415854,42236
native_to_wasm,7004,207408,207463,414992,42236
native_to_wasm,7005,207328,208212,415661,42236
native_to_wasm,7006,208579,207470,416170,42236
native_to_wasm,7007,207846,207544,415511,42236
native_to_wasm,7008,207336,208413,415870,42236
native_to_wasm,7009,207426,207470,415017,42236
native_to_wasm,7010,207330,207981,415432,42236
native_to_wasm,7011,208991,207469,416581,42236
native_to_wasm,7012,207854,207553,415528,42236
native_to_wasm,7013,207328,208575,416024,42236
native_to_wasm,7014,207428,207459,415008,42236
native_to_wasm,7015,207328,207983,415432,42236
native_to_wasm,7016,207640,207462,415223,42236
native_to_wasm,7017,207850,207546,415517,42236
native_to_wasm,7018,207324,207469,414914,42236
native_to_wasm,7019,208449,207463,416033,42236
native_to_wasm,7020,207321,207991,415433,42236
native_to_wasm,7021,207416,207463,415000,42236
native_to_wasm,7022,207848,207591,415560,42236
native_to_wasm,7023,207350,207462,414933,42236
native_to_wasm,7024,207412,207463,414996,42236
native_to_wasm,7025,207328,207983,415432,42236
native_to_wasm,7026,207409,207467,414997,42236
native_to_wasm,7027,207850,207553,415524,42236
native_to_wasm,7028,207326,207465,414912,42236
native_to_wasm,7029,208503,207482,416106,42236
native_to_wasm,7030,207324,207983,415428,42236
native_to_wasm,7031,207414,207467,415002,42236
native_to_wasm,7032,208278,207545,415944,42236
native_to_wasm,7033,207324,207467,414912,42236
native_to_wasm,7034,209018,207468,416607,42236
native_to_wasm,7035,207325,207983,415429,42236
native_to_wasm,7036,207455,207463,415039,42236
native_to_wasm,7037,208483,207577,416181,42236
native_to_wasm,7038,207326,207465,414912,42236
native_to_wasm,7039,208038,208980,417139,42236
native_to_wasm,7040,207327,207973,415421,42236
native_to_wasm,7041,207408,207461,414990,42236
native_to_wasm,7042,208233,207568,415922,42236
native_to_wasm,7043,207333,207463,414917,42236
native_to_wasm,7044,207850,209130,417101,42236
native_to_wasm,7045,207332,207979,415432,42236
native_to_wasm,7046,207455,207463,415039,42236
native_to_wasm,7047,208275,207577,415973,42236
native_to_wasm,7048,207328,207465,414914,42236
native_to_wasm,7049,207854,207749,415724,42236
native_to_wasm,7050,207350,207980,415451,42236
native_to_wasm,7051,207413,207461,414995,42236
native_to_wasm,7052,207332,207518,414971,42236
native_to_wasm,7053,207331,207461,414913,42236
native_to_wasm,7054,207854,207551,415526,42236
native_to_wasm,7055,207328,207987,415436,42236
native_to_wasm,7056,207412,207473,415006,42236
native_to_wasm,7057,207324,207526,414971,42236
native_to_wasm,7058,207321,207467,414909,42236
native_to_wasm,7059,207854,207551,415526,42236
native_to_wasm,7060,207332,207979,415432,42236
native_to_wasm,7061,207455,207463,415039,42236
native_to_wasm,7062,207332,209036,416489,42236
native_to_wasm,7063,207348,207472,414941,42236
native_to_wasm,7064,207871,207541,415533,42236
native_to_wasm,7065,207328,208443,415892,42236
native_to_wasm,7066,207426,207459,415006,42236
native_to_wasm,7067,207336,209737,417194,42236
native_to_wasm,7068,207345,207469,414935,42236
native_to_wasm,7069,207848,207546,415515,42236
native_to_wasm,7070,207326,208622,416069,42236
native_to_wasm,7071,207462,207482,415065,42236
native_to_wasm,7072,207333,208137,415591,42236
native_to_wasm,7073,208325,207485,415931,42236
native_to_wasm,7074,207847,207546,415514,42236
native_to_wasm,7075,207326,208626,416073,42236
native_to_wasm,7076,207454,207465,415040,42236
native_to_wasm,7077,207332,207981,415434,42236
native_to_wasm,7078,208819,207470,416410,42236
native_to_wasm,7079,207846,207546,415513,42236
native_to_wasm,7080,207328,207463,414912,42236
native_to_wasm,7081,208562,207461,416144,42236
native_to_wasm,7082,207332,207983,415436,42236
native_to_wasm,7083,207480,207483,415084,42236
native_to_wasm,7084,207847,207546,415514,42236
native_to_wasm,7085,207326,207473,414920,42236
native_to_wasm,7086,207413,207463,414997,42236
native_to_wasm,7087,207332,207981,415434,42236
native_to_wasm,7088,207413,207463,414997,42236
native_to_wasm,7089,207844,207591,415556,42236
native_to_wasm,7090,207329,207463,414913,42236
native_to_wasm,7091,208347,207462,415930,42236
native_to_wasm,7092,207331,207979,415431,42236
native_to_wasm,7093,207449,207471,415041,42236
native_to_wasm,7094,207871,207541,415533,42236
native_to_wasm,7095,207328,207465,414914,42236
native_to_wasm,7096,209319,207462,416902,42236
native_to_wasm,7097,207340,207986,415447,42236
native_to_wasm,7098,207411,207463,414995,42236
native_to_wasm,7099,208272,207545,415938,42236
native_to_wasm,7100,207326,207465,414912,42236
native_to_wasm,7101,209575,207465,417161,42236
native_to_wasm,7102,207329,207977,415427,42236
native_to_wasm,7103,207457,207463,415041,42236
native_to_wasm,7104,208279,207551,415951,42236
native_to_wasm,7105,207328,207469,414918,42236
native_to_wasm,7106,208086,208604,416811,42236
native_to_wasm,7107,207329,207981,415431,42236
native_to_wasm,7108,207426,207470,415017,42236
native_to_wasm,7109,208271,207557,415949,42236
native_to_wasm,7110,207326,207467,414914,42236
native_to_wasm,7111,207844,209139,417104,42236
native_to_wasm,7112,207336,207979,415436,42236
native_to_wasm,7113,207457,207463,415041,42236
native_to_wasm,7114,208440,207554,416115,42236
native_to_wasm,7115,207324,207467,414912,42236
native_to_wasm,7116,207844,207805,415770,42236
native_to_wasm,7117,207336,207979,415436,42236
native_to_wasm,7118,207426,207461,415008,42236
native_to_wasm,7119,207328,208489,415938,42236
native_to_wasm,7120,207328,207469,414918,42236
native_to_wasm,7121,207842,207591,415554,42236
native_to_wasm,7122,207331,208004,415456,42236
native_to_wasm,7123,207410,207461,414992,42236
native_to_wasm,7124,207334,207518,414973,42236
native_to_wasm,7125,207331,207465,414917,42236
native_to_wasm,7126,207846,207577,415544,42236
native_to_wasm,7127,207328,207983,415432,42236
native_to_wasm,7128,207428,207468,415017,42236
native_to_wasm,7129,207332,208477,415930,42236
native_to_wasm,7130,207327,207463,414911,42236
native_to_wasm,7131,207854,207549,415524,42236
native_to_wasm,7132,207330,208438,415889,42236
native_to_wasm,7133,207460,207484,415065,42236
native_to_wasm,7134,207333,209622,417076,42236
native_to_wasm,7135,207324,207469,414914,42236
native_to_wasm,7136,207858,207553,415532,42236
native_to_wasm,7137,207328,208405,415854,42236
native_to_wasm,7138,207408,207463,414992,42236
native_to_wasm,7139,207328,208212,415661,42236
native_to_wasm,7140,208579,207470,416170,42236
native_to_wasm,7141,207846,207544,415511,42236
native_to_wasm,7142,207336,208413,415870,42236
native_to_wasm,7143,207426,207470,415017,42236
native_to_wasm,7144,207330,207981,415432,42236
native_to_wasm,7145,208991,207469,416581,42236
native_to_wasm,7146,207854,207553,415528,42236
native_to_wasm,7147,207328,208575,416024,42236
native_to_wasm,7148,207428,207459,415008,42236
native_to_wasm,7149,207328,207983,415432,42236
native_to_wasm,7150,207640,207462,415223,42236
native_to_wasm,7151,207850,207546,415517,42236
native_to_wasm,7152,207324,207469,414914,42236
native_to_wasm,7153,208449,207463,416033,42236
native_to_wasm,7154,207321,207991,415433,42236
native_to_wasm,7155,207416,207463,415000,42236
native_to_wasm,7156,207848,207591,415560,42236
native_to_wasm,7157,207350,207462,414933,42236
native_to_wasm,7158,207412,207463,414996,42236
native_to_wasm,7159,207328,207983,415432,42236
native_to_wasm,7160,207409,207467,414997,42236
native_to_wasm,7161,207850,207553,415524,42236
native_to_wasm,7162,207326,207465,414912,42236
native_to_wasm,7163,208503,207482,416106,42236
native_to_wasm,7164,207324,207983,415428,42236
native_to_wasm,7165,207414,207467,415002,42236
native_to_wasm,7166,208278,207545,415944,42236
native_to_wasm,7167,207324,207467,414912,42236
native_to_wasm,7168,209018,207468,416607,42236
native_to_wasm,7169,207325,207983,415429,42236
native_to_wasm,7170,207455,207463,415039,42236
native_to_wasm,7171,208483,207577,416181,42236
native_to_wasm,7172,207326,207465,414912,42236
native_to_wasm,7173,208038,208980,417139,42236
native_to_wasm,7174,207327,207973,415421,42236
native_to_wasm,7175,207408,207461,414990,42236
native_to_wasm,7176,208233,207568,415922,42236
native_to_wasm,7177,207333,207463,414917,42236
native_to_wasm,7178,207850,209130,417101,42236
native_to_wasm,7179,207332,207979,415432,42236
native_to_wasm,7180,207455,207463,415039,42236
native_to_wasm,7181,208275,207577,415973,42236
native_to_wasm,7182,207328,207465,414914,42236
native_to_wasm,7183,207854,207749,415724,42236
native_to_wasm,7184,207350,207980,415451,42236
native_to_wasm,7185,207413,207461,414995,42236
native_to_wasm,7186,207332,207518,414971,42236
native_to_wasm,7187,207331,207461,414913,42236
native_to_wasm,7188,207854,207551,415526,42236
native_to_wasm,7189,207328,207987,415436,42236
native_to_wasm,7190,207412,207473,415006,42236
native_to_wasm,7191,207324,207526,414971,42236
native_to_wasm,7192,207321,207467,414909,42236
native_to_wasm,7193,207854,207551,415526,42236
native_to_wasm,7194,207332,207979,415432,42236
native_to_wasm,7195,207455,207463,415039,42236
native_to_wasm,7196,207332,209036,416489,42236
native_to_wasm,7197,207348,207472,414941,42236
native_to_wasm,7198,207871,207541,415533,42236
native_to_wasm,7199,207328,208443,415892,42236
native_to_wasm,7200,207426,207459,415006,42236
native_to_wasm,7201,207336,209737,417194,42236
native_to_wasm,7202,207345,207469,414935,42236
native_to_wasm,7203,207848,207546,415515,42236
native_to_wasm,7204,207326,208622,416069,42236
native_to_wasm,7205,207462,207482,415065,42236
native_to_wasm,7206,207333,208137,415591,42236
native_to_wasm,7207,208325,207485,415931,42236
native_to_wasm,7208,207847,207546,415514,42236
native_to_wasm,7209,207326,208626,416073,42236
native_to_wasm,7210,207454,207465,415040,42236
native_to_wasm,7211,207332,207981,415434,42236
native_to_wasm,7212,208819,207470,416410,42236
native_to_wasm,7213,207846,207546,415513,42236
native_to_wasm,7214,207328,207463,414912,42236
native_to_wasm,7215,208562,207461,416144,42236
native_to_wasm,7216,207332,207983,415436,42236
native_to_wasm,7217,207480,207483,415084,42236
native_to_wasm,7218,207847,207546,415514,42236
native_to_wasm,7219,207326,207473,414920,42236
native_to_wasm,7220,207413,207463,414997,42236
native_to_wasm,7221,207332,207981,415434,42236
native_to_wasm,7222,207413,207463,414997,42236
native_to_wasm,7223,207844,207591,415556,42236
native_to_wasm,7224,207329,207463,414913,42236
native_to_wasm,7225,208347,207462,415930,42236
native_to_wasm,7226,207331,207979,415431,42236
native_to_wasm,7227,207449,207471,415041,42236
native_to_wasm,7228,207871,207541,415533,42236
native_to_wasm,7229,207328,207465,414914,42236
native_to_wasm,7230,209319,207462,416902,42236
native_to_wasm,7231,207340,207986,415447,42236
native_to_wasm,7232,207411,207463,414995,42236
native_to_wasm,7233,208272,207545,415938,42236
native_to_wasm,7234,207326,207465,414912,42236
native_to_wasm,7235,209575,207465,417161,42236
native_to_wasm,7236,207329,207977,415427,42236
native_to_wasm,7237,207457,207463,415041,42236
native_to_wasm,7238,208279,207551,415951,42236
native_to_wasm,7239,207328,207469,414918,42236
native_to_wasm,7240,208086,208604,416811,42236
native_to_wasm,7241,207329,207981,415431,42236
native_to_wasm,7242,207426,207470,415017,42236
native_to_wasm,7243,208271,207557,415949,42236
native_to_wasm,7244,207326,207467,414914,42236
native_to_wasm,7245,207844,209139,417104,42236
native_to_wasm,7246,207336,207979,415436,42236
native_to_wasm,7247,207457,207463,415041,42236
native_to_wasm,7248,208440,207554,416115,42236
native_to_wasm,7249,207324,207467,414912,42236
native_to_wasm,7250,207844,207805,415770,42236
native_to_wasm,7251,207336,207979,415436,42236
native_to_wasm,7252,207426,207461,415008,42236
native_to_wasm,7253,207328,208489,415938,42236
native_to_wasm,7254,207328,207469,414918,42236
native_to_wasm,7255,207842,207591,415554,42236
native_to_wasm,7256,207331,208004,415456,42236
native_to_wasm,7257,207410,207461,414992,42236
native_to_wasm,7258,207334,207518,414973,42236
native_to_wasm,7259,207331,207465,414917,42236
native_to_wasm,7260,207846,207577,415544,42236
native_to_wasm,7261,207328,207983,415432,42236
native_to_wasm,7262,207428,207468,415017,42236
native_to_wasm,7263,207332,208477,415930,42236
native_to_wasm,7264,207327,207463,414911,42236
native_to_wasm,7265,207854,207549,415524,42236
native_to_wasm,7266,207330,208438,415889,42236
native_to_wasm,7267,207460,207484,415065,42236
native_to_wasm,7268,207333,209622,417076,42236
native_to_wasm,7269,207324,207469,414914,42236
native_to_wasm,7270,207858,207553,415532,42236
native_to_wasm,7271,207328,208405,415854,42236
native_to_wasm,7272,207408,207463,414992,42236
native_to_wasm,7273,207328,208212,415661,42236
native_to_wasm,7274,208579,207470,416170,42236
native_to_wasm,7275,207846,207544,415511,42236
native_to_wasm,7276,207336,208413,415870,42236
native_to_wasm,7277,207426,207470,415017,42236
native_to_wasm,7278,207330,207981,415432,42236
native_to_wasm,7279,208991,207469,416581,42236
native_to_wasm,7280,207854,207553,415528,42236
native_to_wasm,7281,207328,208575,416024,42236
native_to_wasm,7282,207428,207459,415008,42236
native_to_wasm,7283,207328,207983,415432,42236
native_to_wasm,7284,207640,207462,415223,42236
native_to_wasm,7285,207850,207546,415517,42236
native_to_wasm,7286,207324,207469,414914,42236
native_to_wasm,7287,208449,207463,416033,42236
native_to_wasm,7288,207321,207991,415433,42236
native_to_wasm,7289,207416,207463,415000,42236
native_to_wasm,7290,207848,207591,415560,42236
native_to_wasm,7291,207350,207462,414933,42236
native_to_wasm,7292,207412,207463,414996,42236
native_to_wasm,7293,207328,207983,415432,42236
native_to_wasm,7294,207409,207467,414997,42236
native_to_wasm,7295,207850,207553,415524,42236
native_to_wasm,7296,207326,207465,414912,42236
native_to_wasm,7297,208503,207482,416106,42236
native_to_wasm,7298,207324,207983,415428,42236
native_to_wasm,7299,207414,207467,415002,42236
native_to_wasm,7300,208278,207545,415944,42236
native_to_wasm,7301,207324,207467,414912,42236
native_to_wasm,7302,209018,207468,416607,42236
native_to_wasm,7303,207325,207983,415429,42236
native_to_wasm,7304,207455,207463,415039,42236
native_to_wasm,7305,208483,207577,416181,42236
native_to_wasm,7306,207326,207465,414912,42236
native_to_wasm,7307,208038,208980,417139,42236
native_to_wasm,7308,207327,207973,415421,42236
native_to_wasm,7309,207408,207461,414990,42236
native_to_wasm,7310,208233,207568,415922,42236
native_to_wasm,7311,207333,207463,414917,42236
native_to_wasm,7312,207850,209130,417101,42236
native_to_wasm,7313,207332,207979,415432,42236
native_to_wasm,7314,207455,207463,415039,42236
native_to_wasm,7315,208275,207577,415973,42236
native_to_wasm,7316,207328,207465,414914,42236
native_to_wasm,7317,207854,207749,415724,42236
native_to_wasm,7318,207350,207980,415451,42236
native_to_wasm,7319,207413,207461,414995,42236
native_to_wasm,7320,207332,207518,414971,42236
native_to_wasm,7321,207331,207461,414913,42236
native_to_wasm,7322,207854,207551,415526,42236
native_to_wasm,7323,207328,207987,415436,42236
native_to_wasm,7324,207412,207473,415006,42236
native_to_wasm,7325,207324,207526,414971,42236
native_to_wasm,7326,207321,207467,414909,42236
native_to_wasm,7327,207854,207551,415526,42236
native_to_wasm,7328,207332,207979,415432,42236
native_to_wasm,7329,207455,207463,415039,42236
native_to_wasm,7330,207332,209036,416489,42236
native_to_wasm,7331,207348,207472,414941,42236
native_to_wasm,7332,207871,207541,415533,42236
native_to_wasm,7333,207328,208443,415892,42236
native_to_wasm,7334,207426,207459,415006,42236
native_to_wasm,7335,207336,209737,417194,42236
native_to_wasm,7336,207345,207469,414935,42236
native_to_wasm,7337,207848,207546,415515,42236
native_to_wasm,7338,207326,208622,416069,42236
native_to_wasm,7339,207462,207482,415065,42236
native_to_wasm,7340,207333,208137,415591,42236
native_to_wasm,7341,208325,207485,415931,42236
native_to_wasm,7342,207847,207546,415514,42236
native_to_wasm,7343,207326,208626,416073,42236
native_to_wasm,7344,207454,207465,415040,42236
native_to_wasm,7345,207332,207981,415434,42236
native_to_wasm,7346,208819,207470,416410,42236
native_to_wasm,7347,207846,207546,415513,42236
native_to_wasm,7348,207328,207463,414912,42236
native_to_wasm,7349,208562,207461,416144,42236
native_to_wasm,7350,207332,207983,415436,42236
native_to_wasm,7351,207480,207483,415084,42236
native_to_wasm,7352,207847,207546,415514,42236
native_to_wasm,7353,207326,207473,414920,42236
native_to_wasm,7354,207413,207463,414997,42236
native_to_wasm,7355,207332,207981,415434,42236
native_to_wasm,7356,207413,207463,414997,42236
native_to_wasm,7357,207844,207591,415556,42236
native_to_wasm,7358,207329,207463,414913,42236
native_to_wasm,7359,208347,207462,415930,42236
native_to_wasm,7360,207331,207979,415431,42236
native_to_wasm,7361,207449,207471,415041,42236
native_to_wasm,7362,207871,207541,415533,42236
native_to_wasm,7363,207328,207465,414914,42236
native_to_wasm,7364,209319,207462,416902,42236
native_to_wasm,7365,207340,207986,415447,42236
native_to_wasm,7366,207411,207463,414995,42236
native_to_wasm,7367,208272,207545,415938,42236
native_to_wasm,7368,207326,207465,414912,42236
native_to_wasm,7369,209575,207465,417161,42236
native_to_wasm,7370,207329,207977,415427,42236
native_to_wasm,7371,207457,207463,415041,42236
native_to_wasm,7372,208279,207551,415951,42236
native_to_wasm,7373,207328,207469,414918,42236
native_to_wasm,7374,208086,208604,416811,42236
native_to_wasm,7375,207329,207981,415431,42236
native_to_wasm,7376,207426,207470,415017,42236
native_to_wasm,7377,208271,207557,415949,42236
native_to_wasm,7378,207326,207467,414914,42236
native_to_wasm,7379,207844,209139,417104,42236
native_to_wasm,7380,207336,207979,415436,42236
native_to_wasm,7381,207457,207463,415041,42236
native_to_wasm,7382,208440,207554,416115,42236
native_to_wasm,7383,207324,207467,414912,42236
native_to_wasm,7384,207844,207805,415770,42236
native_to_wasm,7385,207336,207979,415436,42236
native_to_wasm,7386,207426,207461,415008,42236
native_to_wasm,7387,207328,208489,415938,42236
native_to_wasm,7388,207328,207469,414918,42236
native_to_wasm,7389,207842,207591,415554,42236
native_to_wasm,7390,207331,208004,415456,42236
native_to_wasm,7391,207410,207461,414992,42236
native_to_wasm,7392,207334,207518,414973,42236
native_to_wasm,7393,207331,207465,414917,42236
native_to_wasm,7394,207846,207577,415544,42236
native_to_wasm,7395,207328,207983,415432,42236
native_to_wasm,7396,207428,207468,415017,42236
native_to_wasm,7397,207332,208477,415930,42236
native_to_wasm,7398,207327,207463,414911,42236
native_to_wasm,7399,207854,207549,415524,42236
native_to_wasm,7400,207330,208438,415889,42236
native_to_wasm,7401,207460,207484,415065,42236
native_to_wasm,7402,207333,209622,417076,42236
native_to_wasm,7403,207324,207469,414914,42236
native_to_wasm,7404,207858,207553,415532,42236
native_to_wasm,7405,207328,208405,415854,42236
native_to_wasm,7406,207408,207463,414992,42236
native_to_wasm,7407,207328,208212,415661,42236
native_to_wasm,7408,208579,207470,416170,42236
native_to_wasm,7409,207846,207544,415511,42236
native_to_wasm,7410,207336,208413,415870,42236
native_to_wasm,7411,207426,207470,415017,42236
native_to_wasm,7412,207330,207981,415432,42236
native_to_wasm,7413,208991,207469,416581,42236
native_to_wasm,7414,207854,207553,415528,42236
native_to_wasm,7415,207328,208575,416024,42236
native_to_wasm,7416,207428,207459,415008,42236
native_to_wasm,7417,207328,207983,415432,42236
native_to_wasm,7418,207640,207462,415223,42236
native_to_wasm,7419,207850,207546,415517,42236
native_to_wasm,7420,207324,207469,414914,42236
native_to_wasm,7421,208449,207463,416033,42236
native_to_wasm,7422,207321,207991,415433,42236
native_to_wasm,7423,207416,207463,415000,42236
native_to_wasm,7424,207848,207591,415560,42236
native_to_wasm,7425,207350,207462,414933,42236
native_to_wasm,7426,207412,207463,414996,42236
native_to_wasm,7427,207328,207983,415432,42236
native_to_wasm,7428,207409,207467,414997,42236
native_to_wasm,7429,207850,207553,415524,42236
native_to_wasm,7430,207326,207465,414912,42236
native_to_wasm,7431,208503,207482,416106,42236
native_to_wasm,7432,207324,207983,415428,42236
native_to_wasm,7433,207414,207467,415002,42236
native_to_wasm,7434,208278,207545,415944,42236
native_to_wasm,7435,207324,207467,414912,42236
native_to_wasm,7436,209018,207468,416607,42236
native_to_wasm,7437,207325,207983,415429,42236
native_to_wasm,7438,207455,207463,415039,42236
native_to_wasm,7439,208483,207577,416181,42236
native_to_wasm,7440,207326,207465,414912,42236
native_to_wasm,7441,208038,208980,417139,42236
native_to_wasm,7442,207327,207973,415421,42236
native_to_wasm,7443,207408,207461,414990,42236
native_to_wasm,7444,208233,207568,415922,42236
native_to_wasm,7445,207333,207463,414917,42236
native_to_wasm,7446,207850,209130,417101,42236
native_to_wasm,7447,207332,207979,415432,42236
native_to_wasm,7448,207455,207463,415039,42236
native_to_wasm,7449,208275,207577,415973,42236
native_to_wasm,7450,207328,207465,414914,42236
native_to_wasm,7451,207854,207749,415724,42236
native_to_wasm,7452,207350,207980,415451,42236
native_to_wasm,7453,207413,207461,414995,42236
native_to_wasm,7454,207332,207518,414971,42236
native_to_wasm,7455,207331,207461,414913,42236
native_to_wasm,7456,207854,207551,415526,42236
native_to_wasm,7457,207328,207987,415436,42236
native_to_wasm,7458,207412,207473,415006,42236
native_to_wasm,7459,207324,207526,414971,42236
native_to_wasm,7460,207321,207467,414909,42236
native_to_wasm,7461,207854,207551,415526,42236
native_to_wasm,7462,207332,207979,415432,42236
native_to_wasm,7463,207455,207463,415039,42236
native_to_wasm,7464,207332,209036,416489,42236
native_to_wasm,7465,207348,207472,414941,42236
native_to_wasm,7466,207871,207541,415533,42236
native_to_wasm,7467,207328,208443,415892,42236
native_to_wasm,7468,207426,207459,415006,42236
native_to_wasm,7469,207336,209737,417194,42236
native_to_wasm,7470,207345,207469,414935,42236
native_to_wasm,7471,207848,207546,415515,42236
native_to_wasm,7472,207326,208622,416069,42236
native_to_wasm,7473,207462,207482,415065,42236
native_to_wasm,7474,207333,208137,415591,42236
native_to_wasm,7475,208325,207485,415931,42236
native_to_wasm,7476,207847,207546,415514,42236
native_to_wasm,7477,207326,208626,416073,42236
native_to_wasm,7478,207454,207465,415040,42236
native_to_wasm,7479,207332,207981,415434,42236
native_to_wasm,7480,208819,207470,416410,42236
native_to_wasm,7481,207846,207546,415513,42236
native_to_wasm,7482,207328,207463,414912,42236
native_to_wasm,7483,208562,207461,416144,42236
native_to_wasm,7484,207332,207983,415436,42236
native_to_wasm,7485,207480,207483,415084,42236
native_to_wasm,7486,207847,207546,415514,42236
native_to_wasm,7487,207326,207473,414920,42236
native_to_wasm,7488,207413,207463,414997,42236
native_to_wasm,7489,207332,207981,415434,42236
native_to_wasm,7490,207413,207463,414997,42236
native_to_wasm,7491,207844,207591,415556,42236
native_to_wasm,7492,207329,207463,414913,42236
native_to_wasm,7493,208347,207462,415930,42236
native_to_wasm,7494,207331,207979,415431,42236
native_to_wasm,7495,207449,207471,415041,42236
native_to_wasm,7496,207871,207541,415533,42236
native_to_wasm,7497,207328,207465,414914,42236
native_to_wasm,7498,209319,207462,416902,42236
native_to_wasm,7499,207340,207986,415447,42236
native_to_wasm,7500,207411,207463,414995,42236
native_to_wasm,7501,208272,207545,415938,42236
native_to_wasm,7502,207326,207465,414912,42236
native_to_wasm,7503,209575,207465,417161,42236
native_to_wasm,7504,207329,207977,415427,42236
native_to_wasm,7505,207457,207463,415041,42236
native_to_wasm,7506,208279,207551,415951,42236
native_to_wasm,7507,207328,207469,414918,42236
native_to_wasm,7508,208086,208604,416811,42236
native_to_wasm,7509,207329,207981,415431,42236
native_to_wasm,7510,207426,207470,415017,42236
native_to_wasm,7511,208271,207557,415949,42236
native_to_wasm,7512,207326,207467,414914,42236
native_to_wasm,7513,207844,209139,417104,42236
native_to_wasm,7514,207336,207979,415436,42236
native_to_wasm,7515,207457,207463,415041,42236
native_to_wasm,7516,208440,207554,416115,42236
native_to_wasm,7517,207324,207467,414912,42236
native_to_wasm,7518,207844,207805,415770,42236
native_to_wasm,7519,207336,207979,415436,42236
native_to_wasm,7520,207426,207461,415008,42236
native_to_wasm,7521,207328,208489,415938,42236
native_to_wasm,7522,207328,207469,414918,42236
native_to_wasm,7523,207842,207591,415554,42236
native_to_wasm,7524,207331,208004,415456,42236
native_to_wasm,7525,207410,207461,414992,42236
native_to_wasm,7526,207334,207518,414973,42236
native_to_wasm,7527,207331,207465,414917,42236
native_to_wasm,7528,207846,207577,415544,42236
native_to_wasm,7529,207328,207983,415432,42236
native_to_wasm,7530,207428,207468,415017,42236
native_to_wasm,7531,207332,208477,415930,42236
native_to_wasm,7532,207327,207463,414911,42236
native_to_wasm,7533,207854,207549,415524,42236
native_to_wasm,7534,207330,208438,415889,42236
native_to_wasm,7535,207460,207484,415065,42236
native_to_wasm,7536,207333,209622,417076,42236
native_to_wasm,7537,207324,207469,414914,42236
native_to_wasm,7538,207858,207553,415532,42236
native_to_wasm,7539,207328,208405,415854,42236
native_to_wasm,7540,207408,207463,414992,42236
native_to_wasm,7541,207328,208212,415661,42236
native_to_wasm,7542,208579,207470,416170,42236
native_to_wasm,7543,207846,207544,415511,42236
native_to_wasm,7544,207336,208413,415870,42236
native_to_wasm,7545,207426,207470,415017,42236
native_to_wasm,7546,207330,207981,415432,42236
native_to_wasm,7547,208991,207469,416581,42236
native_to_wasm,7548,207854,207553,415528,42236
native_to_wasm,7549,207328,208575,416024,42236
native_to_wasm,7550,207428,207459,415008,42236
native_to_wasm,7551,207328,207983,415432,42236
native_to_wasm,7552,207640,207462,415223,42236
native_to_wasm,7553,207850,207546,415517,42236
native_to_wasm,7554,207324,207469,414914,42236
native_to_wasm,7555,208449,207463,416033,42236
native_to_wasm,7556,207321,207991,415433,42236
native_to_wasm,7557,207416,207463,415000,42236
native_to_wasm,7558,207848,207591,415560,42236
native_to_wasm,7559,207350,207462,414933,42236
native_to_wasm,7560,207412,207463,414996,42236
native_to_wasm,7561,207328,207983,415432,42236
native_to_wasm,7562,207409,207467,414997,42236
native_to_wasm,7563,207850,207553,415524,42236
native_to_wasm,7564,207326,207465,414912,42236
native_to_wasm,7565,208503,207482,416106,42236
native_to_wasm,7566,207324,207983,415428,42236
native_to_wasm,7567,207414,207467,415002,42236
native_to_wasm,7568,208278,207545,415944,42236
native_to_wasm,7569,207324,207467,414912,42236
native_to_wasm,7570,209018,207468,416607,42236
native_to_wasm,7571,207325,207983,415429,42236
native_to_wasm,7572,207455,207463,415039,42236
native_to_wasm,7573,208483,207577,416181,42236
native_to_wasm,7574,207326,207465,414912,42236
native_to_wasm,7575,208038,208980,417139,42236
native_to_wasm,7576,207327,207973,415421,42236
native_to_wasm,7577,207408,207461,414990,42236
native_to_wasm,7578,208233,207568,415922,42236
native_to_wasm,7579,207333,207463,414917,42236
native_to_wasm,7580,207850,209130,417101,42236
native_to_wasm,7581,207332,207979,415432,42236
native_to_wasm,7582,207455,207463,415039,42236
native_to_wasm,7583,208275,207577,415973,42236
native_to_wasm,7584,207328,207465,414914,42236
native_to_wasm,7585,207854,207749,415724,42236
native_to_wasm,7586,207350,207980,415451,42236
native_to_wasm,7587,207413,207461,414995,42236
native_to_wasm,7588,207332,207518,414971,42236
native_to_wasm,7589,207331,207461,414913,42236
native_to_wasm,7590,207854,207551,415526,42236
native_to_wasm,7591,207328,207987,415436,42236
native_to_wasm,7592,207412,207473,415006,42236
native_to_wasm,7593,207324,207526,414971,42236
native_to_wasm,7594,207321,207467,414909,42236
native_to_wasm,7595,207854,207551,415526,42236
native_to_wasm,7596,207332,207979,415432,42236
native_to_wasm,7597,207455,205922,413498,42236
native_to_wasm,7598,205781,206410,412312,42236
native_to_wasm,7599,205730,205864,411715,42236
native_to_wasm,7600,206277,205864,412262,42236
native_to_wasm,7601,205782,205864,411767,42236
native_to_wasm,7602,206222,205913,412256,42236
native_to_wasm,7603,205730,206355,412206,42236
native_to_wasm,7604,4254221,207463,4461805,42236
native_to_wasm,7605,207410,207463,414994,42236
native_to_wasm,7606,207334,207992,415447,42236
native_to_wasm,7607,207455,207463,415039,42236
native_to_wasm,7608,207848,207542,415511,42236
native_to_wasm,7609,207332,207463,414916,42236
native_to_wasm,7610,208469,207458,416048,42236
native_to_wasm,7611,207338,207973,415432,42236
native_to_wasm,7612,207459,207463,415043,42236
native_to_wasm,7613,207848,207550,415519,42236
native_to_wasm,7614,207324,207469,414914,42236
native_to_wasm,7615,208967,207462,416550,42236
native_to_wasm,7616,207370,207980,415471,42236
native_to_wasm,7617,207411,207465,414997,42236
native_to_wasm,7618,208481,207544,416146,42236
native_to_wasm,7619,207324,207473,414918,42236
native_to_wasm,7620,207990,208466,416577,42236
native_to_wasm,7621,207327,207981,415429,42236
native_to_wasm,7622,207428,207468,415017,42236
native_to_wasm,7623,208275,207591,415987,42236
native_to_wasm,7624,207350,207462,414933,42236
native_to_wasm,7625,207850,209218,417189,42236
native_to_wasm,7626,207338,207977,415436,42236
native_to_wasm,7627,207428,207459,415008,42236
native_to_wasm,7628,207328,208697,416146,42236
native_to_wasm,7629,207324,207473,414918,42236
native_to_wasm,7630,207855,207686,415662,42236
native_to_wasm,7631,207326,207979,415426,42236
native_to_wasm,7632,207426,207470,415017,42236
native_to_wasm,7633,207330,207543,414994,42236
native_to_wasm,7634,207328,207463,414912,42236
native_to_wasm,7635,207850,207546,415517,42236
native_to_wasm,7636,207328,207981,415430,42236
native_to_wasm,7637,207455,207463,415039,42236
native_to_wasm,7638,207332,208479,415932,42236
native_to_wasm,7639,207332,207467,414920,42236
native_to_wasm,7640,207852,207540,415513,42236
native_to_wasm,7641,207336,207979,415436,42236
native_to_wasm,7642,207426,207466,415013,42236
native_to_wasm,7643,207334,209223,416678,42236
native_to_wasm,7644,207335,207469,414925,42236
native_to_wasm,7645,207846,207593,415560,42236
native_to_wasm,7646,207329,208357,415807,42236
native_to_wasm,7647,207429,207468,415018,42236
native_to_wasm,7648,207332,209754,417207,42236
native_to_wasm,7649,207336,207473,414930,42236
native_to_wasm,7650,207851,207546,415518,42236
native_to_wasm,7651,207328,208408,415857,42236
native_to_wasm,7652,207411,207455,414987,42236
native_to_wasm,7653,207348,208230,415699,42236
native_to_wasm,7654,208603,207467,416191,42236
native_to_wasm,7655,207854,207551,415526,42236
native_to_wasm,7656,207332,208577,416030,42236
native_to_wasm,7657,207457,207463,415041,42236
native_to_wasm,7658,207328,207981,415430,42236
native_to_wasm,7659,208592,207462,416175,42236
native_to_wasm,7660,207840,207565,415526,42236
native_to_wasm,7661,207324,208408,415853,42236
native_to_wasm,7662,207444,207482,415047,42236
native_to_wasm,7663,207335,208002,415458,42236
native_to_wasm,7664,207572,207461,415154,42236
native_to_wasm,7665,207854,207551,415526,42236
native_to_wasm,7666,207328,207469,414918,42236
native_to_wasm,7667,207381,207462,414964,42236
native_to_wasm,7668,207336,207977,415434,42236
native_to_wasm,7669,207457,207463,415041,42236
native_to_wasm,7670,207846,207550,415517,42236
native_to_wasm,7671,207324,207467,414912,42236
native_to_wasm,7672,207387,207458,414966,42236
native_to_wasm,7673,207338,207977,415436,42236
native_to_wasm,7674,207428,207459,415008,42236
native_to_wasm,7675,207846,207557,415524,42236
native_to_wasm,7676,207326,207467,414914,42236
native_to_wasm,7677,209227,207467,416815,42236
native_to_wasm,7678,207327,207981,415429,42236
native_to_wasm,7679,207426,207470,415017,42236
native_to_wasm,7680,208440,207552,416113,42236
native_to_wasm,7681,207324,207473,414918,42236
native_to_wasm,7682,209327,207466,416914,42236
native_to_wasm,7683,207336,207979,415436,42236
native_to_wasm,7684,207426,207459,415006,42236
native_to_wasm,7685,208489,207564,416174,42236
native_to_wasm,7686,207324,207465,414910,42236
native_to_wasm,7687,207967,208473,416561,42236
native_to_wasm,7688,207331,207977,415429,42236
native_to_wasm,7689,207428,207459,415008,42236
native_to_wasm,7690,208314,207549,415984,42236
native_to_wasm,7691,207326,207467,414914,42236
native_to_wasm,7692,207846,207552,415519,42236
native_to_wasm,7693,207329,207987,415437,42236
native_to_wasm,7694,207426,207468,415015,42236
native_to_wasm,7695,207332,208664,416117,42236
native_to_wasm,7696,207328,207455,414904,42236
native_to_wasm,7697,207858,207555,415534,42236
native_to_wasm,7698,207328,207973,415422,42236
native_to_wasm,7699,207406,207461,414988,42236
native_to_wasm,7700,207330,207518,414969,42236
native_to_wasm,7701,207339,207468,414928,42236
native_to_wasm,7702,207848,207542,415511,42236
native_to_wasm,7703,207332,207981,415434,42236
native_to_wasm,7704,207426,207470,415017,42236
native_to_wasm,7705,207330,208581,416032,42236
native_to_wasm,7706,207337,207465,414923,42236
native_to_wasm,7707,207854,207549,415524,42236
native_to_wasm,7708,207330,207981,415432,42236
native_to_wasm,7709,207428,207468,415017,42236
native_to_wasm,7710,207332,209754,417207,42236
native_to_wasm,7711,207336,207473,414930,42236
native_to_wasm,7712,207851,207546,415518,42236
native_to_wasm,7713,207328,208408,415857,42236
native_to_wasm,7714,207411,207455,414987,42236
native_to_wasm,7715,207348,208230,415699,42236
native_to_wasm,7716,208603,207467,416191,42236
native_to_wasm,7717,207854,207551,415526,42236
native_to_wasm,7718,207332,208577,416030,42236
native_to_wasm,7719,207457,207463,415041,42236
native_to_wasm,7720,207328,207981,415430,42236
native_to_wasm,7721,208592,207462,416175,42236
native_to_wasm,7722,207840,207565,415526,42236
native_to_wasm,7723,207324,208408,415853,42236
native_to_wasm,7724,207444,207482,415047,42236
native_to_wasm,7725,207335,208002,415458,42236
native_to_wasm,7726,207572,207461,415154,42236
native_to_wasm,7727,207854,207551,415526,42236
native_to_wasm,7728,207328,207469,414918,42236
native_to_wasm,7729,207381,207462,414964,42236
native_to_wasm,7730,207336,207977,415434,42236
native_to_wasm,7731,207457,207463,415041,42236
native_to_wasm,7732,207846,207550,415517,42236
native_to_wasm,7733,207324,207467,414912,42236
native_to_wasm,7734,207387,207458,414966,42236
native_to_wasm,7735,207338,207977,415436,42236
native_to_wasm,7736,207428,207459,415008,42236
native_to_wasm,7737,207846,207557,415524,42236
native_to_wasm,7738,207326,207467,414914,42236
native_to_wasm,7739,209227,207467,416815,42236
native_to_wasm,7740,207327,207981,415429,42236
native_to_wasm,7741,207426,207470,415017,42236
native_to_wasm,7742,208440,207552,416113,42236
native_to_wasm,7743,207324,207473,414918,42236
native_to_wasm,7744,209327,207466,416914,42236
native_to_wasm,7745,207336,207979,415436,42236
native_to_wasm,7746,207426,207459,415006,42236
native_to_wasm,7747,208489,207564,416174,42236
native_to_wasm,7748,207324,207465,414910,42236
native_to_wasm,7749,207967,208473,416561,42236
native_to_wasm,7750,207331,207977,415429,42236
native_to_wasm,7751,207428,207459,415008,42236
native_to_wasm,7752,208314,207549,415984,42236
native_to_wasm,7753,207326,207467,414914,42236
native_to_wasm,7754,207846,207552,415519,42236
native_to_wasm,7755,207329,207987,415437,42236
native_to_wasm,7756,207426,207468,415015,42236
native_to_wasm,7757,207332,208664,416117,42236
native_to_wasm,7758,207328,207455,414904,42236
native_to_wasm,7759,207858,207555,415534,42236
native_to_wasm,7760,207328,207973,415422,42236
native_to_wasm,7761,207406,207461,414988,42236
native_to_wasm,7762,207330,207518,414969,42236
native_to_wasm,7763,207339,207468,414928,42236
native_to_wasm,7764,207848,207542,415511,42236
native_to_wasm,7765,207332,207981,415434,42236
native_to_wasm,7766,207426,207470,415017,42236
native_to_wasm,7767,207330,208581,416032,42236
native_to_wasm,7768,207337,207465,414923,42236
native_to_wasm,7769,207854,207549,415524,42236
native_to_wasm,7770,207330,207981,415432,42236
native_to_wasm,7771,207428,207468,415017,42236
native_to_wasm,7772,207332,209754,417207,42236
native_to_wasm,7773,207336,207473,414930,42236
native_to_wasm,7774,207851,207546,415518,42236
native_to_wasm,7775,207328,208408,415857,42236
native_to_wasm,7776,207411,207455,414987,42236
native_to_wasm,7777,207348,208230,415699,42236
native_to_wasm,7778,208603,207467,416191,42236
native_to_wasm,7779,207854,207551,415526,42236
native_to_wasm,7780,207332,208577,416030,42236
native_to_wasm,7781,207457,207463,415041,42236
native_to_wasm,7782,207328,207981,415430,42236
native_to_wasm,7783,208592,207462,416175,42236
native_to_wasm,7784,207840,207565,415526,42236
native_to_wasm,7785,207324,208408,415853,42236
native_to_wasm,7786,207444,207482,415047,42236
native_to_wasm,7787,207335,208002,415458,42236
native_to_wasm,7788,207572,207461,415154,42236
native_to_wasm,7789,207854,207551,415526,42236
native_to_wasm,7790,207328,207469,414918,42236
native_to_wasm,7791,207381,207462,414964,42236
native_to_wasm,7792,207336,207977,415434,42236
native_to_wasm,7793,207457,207463,415041,42236
native_to_wasm,7794,207846,207550,415517,42236
native_to_wasm,7795,207324,207467,414912,42236
native_to_wasm,7796,207387,207458,414966,42236
native_to_wasm,7797,207338,207977,415436,42236
native_to_wasm,7798,207428,207459,415008,42236
native_to_wasm,7799,207846,207557,415524,42236
native_to_wasm,7800,207326,207467,414914,42236
native_to_wasm,7801,209227,207467,416815,42236
native_to_wasm,7802,207327,207981,415429,42236
native_to_wasm,7803,207426,207470,415017,42236
native_to_wasm,7804,208440,207552,416113,42236
native_to_wasm,7805,207324,207473,414918,42236
native_to_wasm,7806,209327,207466,416914,42236
native_to_wasm,7807,207336,207979,415436,42236
native_to_wasm,7808,207426,207459,415006,42236
native_to_wasm,7809,208489,207564,416174,42236
native_to_wasm,7810,207324,207465,414910,42236
native_to_wasm,7811,207967,208473,416561,42236
native_to_wasm,7812,207331,207977,415429,42236
native_to_wasm,7813,207428,207459,415008,42236
native_to_wasm,7814,208314,207549,415984,42236
native_to_wasm,7815,207326,207467,414914,42236
native_to_wasm,7816,207846,207552,415519,42236
native_to_wasm,7817,207329,207987,415437,42236
native_to_wasm,7818,207426,207468,415015,42236
native_to_wasm,7819,207332,208664,416117,42236
native_to_wasm,7820,207328,207455,414904,42236
native_to_wasm,7821,207858,207555,415534,42236
native_to_wasm,7822,207328,207973,415422,42236
native_to_wasm,7823,207406,207461,414988,42236
native_to_wasm,7824,207330,207518,414969,42236
native_to_wasm,7825,207339,207468,414928,42236
native_to_wasm,7826,207848,207542,415511,42236
native_to_wasm,7827,207332,207981,415434,42236
native_to_wasm,7828,207426,207470,415017,42236
native_to_wasm,7829,207330,208581,416032,42236
native_to_wasm,7830,207337,207465,414923,42236
native_to_wasm,7831,207854,207549,415524,42236
native_to_wasm,7832,207330,207981,415432,42236
native_to_wasm,7833,207428,207468,415017,42236
native_to_wasm,7834,207332,209754,417207,42236
native_to_wasm,7835,207336,207473,414930,42236
native_to_wasm,7836,207851,207546,415518,42236
native_to_wasm,7837,207328,208408,415857,42236
native_to_wasm,7838,207411,207455,414987,42236
native_to_wasm,7839,207348,208230,415699,42236
native_to_wasm,7840,208603,207467,416191,42236
native_to_wasm,7841,207854,207551,415526,42236
native_to_wasm,7842,207332,208577,416030,42236
native_to_wasm,7843,207457,207463,415041,42236
native_to_wasm,7844,207328,207981,415430,42236
native_to_wasm,7845,208592,207462,416175,42236
native_to_wasm,7846,207840,207565,415526,42236
native_to_wasm,7847,207324,208408,415853,42236
native_to_wasm,7848,207444,207482,415047,42236
native_to_wasm,7849,207335,208002,415458,42236
native_to_wasm,7850,207572,207461,415154,42236
native_to_wasm,7851,207854,207551,415526,42236
native_to_wasm,7852,207328,207469,414918,42236
native_to_wasm,7853,207381,207462,414964,42236
native_to_wasm,7854,207336,207977,415434,42236
native_to_wasm,7855,207457,207463,415041,42236
native_to_wasm,7856,207846,207550,415517,42236
native_to_wasm,7857,207324,207467,414912,42236
native_to_wasm,7858,207387,207458,414966,42236
native_to_wasm,7859,207338,207977,415436,42236
native_to_wasm,7860,207428,207459,415008,42236
native_to_wasm,7861,207846,207557,415524,42236
native_to_wasm,7862,207326,207467,414914,42236
native_to_wasm,7863,209227,207467,416815,42236
native_to_wasm,7864,207327,207981,415429,42236
native_to_wasm,7865,207426,207470,415017,42236
native_to_wasm,7866,208440,207552,416113,42236
native_to_wasm,7867,207324,207473,414918,42236
native_to_wasm,7868,209327,207466,416914,42236
native_to_wasm,7869,207336,207979,415436,42236
native_to_wasm,7870,207426,207459,415006,42236
native_to_wasm,7871,208489,207564,416174,42236
native_to_wasm,7872,207324,207465,414910,42236
native_to_wasm,7873,207967,208473,416561,42236
native_to_wasm,7874,207331,207977,415429,42236
native_to_wasm,7875,207428,207459,415008,42236
native_to_wasm,7876,208314,207549,415984,42236
native_to_wasm,7877,207326,207467,414914,42236
native_to_wasm,7878,207846,207552,415519,42236
native_to_wasm,7879,207329,207987,415437,42236
native_to_wasm,7880,207426,207468,415015,42236
native_to_wasm,7881,207332,208664,416117,42236
native_to_wasm,7882,207328,207455,414904,42236
native_to_wasm,7883,207858,207555,415534,42236
native_to_wasm,7884,207328,207973,415422,42236
native_to_wasm,7885,207406,207461,414988,42236
native_to_wasm,7886,207330,207518,414969,42236
native_to_wasm,7887,207339,207468,414928,42236
native_to_wasm,7888,207848,207542,415511,42236
native_to_wasm,7889,207332,207981,415434,42236
native_to_wasm,7890,207426,207470,415017,42236
native_to_wasm,7891,207330,208581,416032,42236
native_to_wasm,7892,207337,207465,414923,42236
native_to_wasm,7893,207854,207549,415524,42236
native_to_wasm,7894,207330,207981,415432,42236
native_to_wasm,7895,207428,207468,415017,42236
native_to_wasm,7896,207332,209754,417207,42236
native_to_wasm,7897,207336,207473,414930,42236
native_to_wasm,7898,207851,207546,415518,42236
native_to_wasm,7899,207328,208408,415857,42236
native_to_wasm,7900,207411,207455,414987,42236
native_to_wasm,7901,207348,208230,415699,42236
native_to_wasm,7902,208603,207467,416191,42236
native_to_wasm,7903,207854,207551,415526,42236
native_to_wasm,7904,207332,208577,416030,42236
native_to_wasm,7905,207457,207463,415041,42236
native_to_wasm,7906,207328,207981,415430,42236
native_to_wasm,7907,208592,207462,416175,42236
native_to_wasm,7908,207840,207565,415526,42236
native_to_wasm,7909,207324,208408,415853,42236
native_to_wasm,7910,207444,207482,415047,42236
native_to_wasm,7911,207335,208002,415458,42236
native_to_wasm,7912,207572,207461,415154,42236
native_to_wasm,7913,207854,207551,415526,42236
native_to_wasm,7914,207328,207469,414918,42236
native_to_wasm,7915,207381,207462,414964,42236
native_to_wasm,7916,207336,207977,415434,42236
native_to_wasm,7917,207457,207463,415041,42236
native_to_wasm,7918,207846,207550,415517,42236
native_to_wasm,7919,207324,207467,414912,42236
native_to_wasm,7920,207387,207458,414966,42236
native_to_wasm,7921,207338,207977,415436,42236
native_to_wasm,7922,207428,207459,415008,42236
native_to_wasm,7923,207846,207557,415524,42236
native_to_wasm,7924,207326,207467,414914,42236
native_to_wasm,7925,209227,207467,416815,42236
native_to_wasm,7926,207327,207981,415429,42236
native_to_wasm,7927,207426,207470,415017,42236
native_to_wasm,7928,208440,207552,416113,42236
native_to_wasm,7929,207324,207473,414918,42236
native_to_wasm,7930,209327,207466,416914,42236
native_to_wasm,7931,207336,207979,415436,42236
native_to_wasm,7932,207426,207459,415006,42236
native_to_wasm,7933,208489,207564,416174,42236
native_to_wasm,7934,207324,207465,414910,42236
native_to_wasm,7935,207967,208473,416561,42236
native_to_wasm,7936,207331,207977,415429,42236
native_to_wasm,7937,207428,207459,415008,42236
native_to_wasm,7938,208314,207549,415984,42236
native_to_wasm,7939,207326,207467,414914,42236
native_to_wasm,7940,207846,207552,415519,42236
native_to_wasm,7941,207329,207987,415437,42236
native_to_wasm,7942,207426,207468,415015,42236
native_to_wasm,7943,207332,208664,416117,42236
native_to_wasm,7944,207328,207455,414904,42236
native_to_wasm,7945,207858,207555,415534,42236
native_to_wasm,7946,207328,207973,415422,42236
native_to_wasm,7947,207406,207461,414988,42236
native_to_wasm,7948,207330,207518,414969,42236
native_to_wasm,7949,207339,207468,414928,42236
native_to_wasm,7950,207848,207542,415511,42236
native_to_wasm,7951,207332,207981,415434,42236
native_to_wasm,7952,207426,207470,415017,42236
native_to_wasm,7953,207330,208581,416032,42236
native_to_wasm,7954,207337,207465,414923,42236
native_to_wasm,7955,207854,207549,415524,42236
native_to_wasm,7956,207330,207981,415432,42236
native_to_wasm,7957,207428,207468,415017,42236
native_to_wasm,7958,207332,209754,417207,42236
native_to_wasm,7959,207336,207473,414930,42236
native_to_wasm,7960,207851,207546,415518,42236
native_to_wasm,7961,207328,208408,415857,42236
native_to_wasm,7962,207411,207455,414987,42236
native_to_wasm,7963,207348,208230,415699,42236
native_to_wasm,7964,208603,207467,416191,42236
native_to_wasm,7965,207854,207551,415526,42236
native_to_wasm,7966,207332,208577,416030,42236
native_to_wasm,7967,207457,207463,415041,42236
native_to_wasm,7968,207328,207981,415430,42236
native_to_wasm,7969,208592,207462,416175,42236
native_to_wasm,7970,207840,207565,415526,42236
native_to_wasm,7971,207324,208408,415853,42236
native_to_wasm,7972,207444,207482,415047,42236
native_to_wasm,7973,207335,208002,415458,42236
native_to_wasm,7974,207572,207461,415154,42236
native_to_wasm,7975,207854,207551,415526,42236
native_to_wasm,7976,207328,207469,414918,42236
native_to_wasm,7977,207381,207462,414964,42236
native_to_wasm,7978,207336,207977,415434,42236
native_to_wasm,7979,207457,207463,415041,42236
native_to_wasm,7980,207846,207550,415517,42236
native_to_wasm,7981,207324,207467,414912,42236
native_to_wasm,7982,207387,207458,414966,42236
native_to_wasm,7983,207338,207977,415436,42236
native_to_wasm,7984,207428,207459,415008,42236
native_to_wasm,7985,207846,207557,415524,42236
native_to_wasm,7986,207326,207467,414914,42236
native_to_wasm,7987,209227,207467,416815,42236
native_to_wasm,7988,207327,207981,415429,42236
native_to_wasm,7989,207426,207470,415017,42236
native_to_wasm,7990,208440,207552,416113,42236
native_to_wasm,7991,207324,207473,414918,42236
native_to_wasm,7992,209327,207466,416914,42236
native_to_wasm,7993,207336,207979,415436,42236
native_to_wasm,7994,207426,207459,415006,42236
native_to_wasm,7995,208489,207564,416174,42236
native_to_wasm,7996,207324,207465,414910,42236
native_to_wasm,7997,207967,208473,416561,42236
native_to_wasm,7998,207331,207977,415429,42236
native_to_wasm,7999,207428,207459,415008,42236
native_to_wasm,8000,208314,207549,415984,42236
native_to_wasm,8001,207326,207467,414914,42236
native_to_wasm,8002,207846,207552,415519,42236
native_to_wasm,8003,207329,207987,415437,42236
native_to_wasm,8004,207426,207468,415015,42236
native_to_wasm,8005,207332,208664,416117,42236
native_to_wasm,8006,207328,207455,414904,42236
native_to_wasm,8007,207858,207555,415534,42236
native_to_wasm,8008,207328,207973,415422,42236
native_to_wasm,8009,207406,207461,414988,42236
native_to_wasm,8010,207330,207518,414969,42236
native_to_wasm,8011,207339,207468,414928,42236
native_to_wasm,8012,207848,207542,415511,42236
native_to_wasm,8013,207332,207981,415434,42236
native_to_wasm,8014,207426,207470,415017,42236
native_to_wasm,8015,207330,208581,416032,42236
native_to_wasm,8016,207337,207465,414923,42236
native_to_wasm,8017,207854,207549,415524,42236
native_to_wasm,8018,207330,207981,415432,42236
native_to_wasm,8019,207428,207468,415017,42236
native_to_wasm,8020,207332,209754,417207,42236
native_to_wasm,8021,207336,207473,414930,42236
native_to_wasm,8022,207851,207546,415518,42236
native_to_wasm,8023,207328,208408,415857,42236
native_to_wasm,8024,207411,207455,414987,42236
native_to_wasm,8025,207348,208230,415699,42236
native_to_wasm,8026,208603,207467,416191,42236
native_to_wasm,8027,207854,207551,415526,42236
native_to_wasm,8028,207332,208577,416030,42236
native_to_wasm,8029,207457,207463,415041,42236
native_to_wasm,8030,207328,207981,415430,42236
native_to_wasm,8031,208592,207462,416175,42236
native_to_wasm,8032,207840,207565,415526,42236
native_to_wasm,8033,207324,208408,415853,42236
native_to_wasm,8034,207444,207482,415047,42236
native_to_wasm,8035,207335,208002,415458,42236
native_to_wasm,8036,207572,207461,415154,42236
native_to_wasm,8037,207854,207551,415526,42236
native_to_wasm,8038,207328,207469,414918,42236
native_to_wasm,8039,207381,207462,414964,42236
native_to_wasm,8040,207336,207977,415434,42236
native_to_wasm,8041,207457,207463,415041,42236
native_to_wasm,8042,207846,207550,415517,42236
native_to_wasm,8043,207324,207467,414912,42236
native_to_wasm,8044,207387,207458,414966,42236
native_to_wasm,8045,207338,207977,415436,42236
native_to_wasm,8046,207428,207459,415008,42236
native_to_wasm,8047,207846,207557,415524,42236
native_to_wasm,8048,207326,207467,414914,42236
native_to_wasm,8049,209227,207467,416815,42236
native_to_wasm,8050,207327,207981,415429,42236
native_to_wasm,8051,207426,207470,415017,42236
native_to_wasm,8052,208440,207552,416113,42236
native_to_wasm,8053,207324,207473,414918,42236
native_to_wasm,8054,209327,207466,416914,42236
native_to_wasm,8055,207336,207979,415436,42236
native_to_wasm,8056,207426,207459,415006,42236
native_to_wasm,8057,208489,207564,416174,42236
native_to_wasm,8058,207324,207465,414910,42236
native_to_wasm,8059,207967,208473,416561,42236
native_to_wasm,8060,207331,207977,415429,42236
native_to_wasm,8061,207428,207459,415008,42236
native_to_wasm,8062,208314,207549,415984,42236
native_to_wasm,8063,207326,207467,414914,42236
native_to_wasm,8064,207846,207552,415519,42236
native_to_wasm,8065,207329,207987,415437,42236
native_to_wasm,8066,207426,207468,415015,42236
native_to_wasm,8067,207332,208664,416117,42236
native_to_wasm,8068,207328,207455,414904,42236
native_to_wasm,8069,207858,207555,415534,42236
native_to_wasm,8070,207328,207973,415422,42236
native_to_wasm,8071,207406,207461,414988,42236
native_to_wasm,8072,207330,207518,414969,42236
native_to_wasm,8073,207339,207468,414928,42236
native_to_wasm,8074,207848,207542,415511,42236
native_to_wasm,8075,207332,207981,415434,42236
native_to_wasm,8076,207426,207470,415017,42236
native_to_wasm,8077,207330,208581,416032,42236
native_to_wasm,8078,207337,207465,414923,42236
native_to_wasm,8079,207854,207549,415524,42236
native_to_wasm,8080,207330,207981,415432,42236
native_to_wasm,8081,207428,207468,415017,42236
native_to_wasm,8082,207332,209754,417207,42236
native_to_wasm,8083,207336,207473,414930,42236
native_to_wasm,8084,207851,207546,415518,42236
native_to_wasm,8085,207328,208408,415857,42236
native_to_wasm,8086,207411,207455,414987,42236
native_to_wasm,8087,207348,208230,415699,42236
native_to_wasm,8088,208603,207467,416191,42236
native_to_wasm,8089,207854,207551,415526,42236
native_to_wasm,8090,207332,208577,416030,42236
native_to_wasm,8091,207457,207463,415041,42236
native_to_wasm,8092,207328,207981,415430,42236
native_to_wasm,8093,208592,207462,416175,42236
native_to_wasm,8094,207840,207565,415526,42236
native_to_wasm,8095,207324,208408,415853,42236
native_to_wasm,8096,207444,207482,415047,42236
native_to_wasm,8097,207335,208002,415458,42236
native_to_wasm,8098,207572,207461,415154,42236
native_to_wasm,8099,207854,207551,415526,42236
native_to_wasm,8100,207328,207469,414918,42236
native_to_wasm,8101,207381,207462,414964,42236
native_to_wasm,8102,207336,207977,415434,42236
native_to_wasm,8103,207457,207463,415041,42236
native_to_wasm,8104,207846,207550,415517,42236
native_to_wasm,8105,207324,207467,414912,42236
native_to_wasm,8106,207387,207458,414966,42236
native_to_wasm,8107,207338,207977,415436,42236
native_to_wasm,8108,207428,207459,415008,42236
native_to_wasm,8109,207846,207557,415524,42236
native_to_wasm,8110,207326,207467,414914,42236
native_to_wasm,8111,209227,207467,416815,42236
native_to_wasm,8112,207327,207981,415429,42236
native_to_wasm,8113,207426,207470,415017,42236
native_to_wasm,8114,208440,207552,416113,42236
native_to_wasm,8115,207324,207473,414918,42236
native_to_wasm,8116,209327,207466,416914,42236
native_to_wasm,8117,207336,207979,415436,42236
native_to_wasm,8118,207426,207459,415006,42236
native_to_wasm,8119,208489,207564,416174,42236
native_to_wasm,8120,207324,207465,414910,42236
native_to_wasm,8121,207967,208473,416561,42236
native_to_wasm,8122,207331,207977,415429,42236
native_to_wasm,8123,207428,207459,415008,42236
native_to_wasm,8124,208314,207549,415984,42236
native_to_wasm,8125,207326,207467,414914,42236
native_to_wasm,8126,207846,207552,415519,42236
native_to_wasm,8127,207329,207987,415437,42236
native_to_wasm,8128,207426,207468,415015,42236
native_to_wasm,8129,207332,208664,416117,42236
native_to_wasm,8130,207328,207455,414904,42236
native_to_wasm,8131,207858,207555,415534,42236
native_to_wasm,8132,207328,207973,415422,42236
native_to_wasm,8133,207406,207461,414988,42236
native_to_wasm,8134,207330,207518,414969,42236
native_to_wasm,8135,207339,207468,414928,42236
native_to_wasm,8136,207848,207542,415511,42236
native_to_wasm,8137,207332,207981,415434,42236
native_to_wasm,8138,207426,207470,415017,42236
native_to_wasm,8139,207330,208581,416032,42236
native_to_wasm,8140,207337,207465,414923,42236
native_to_wasm,8141,207854,207549,415524,42236
native_to_wasm,8142,207330,207981,415432,42236
native_to_wasm,8143,207428,207468,415017,42236
native_to_wasm,8144,207332,209754,417207,42236
native_to_wasm,8145,207336,207473,414930,42236
native_to_wasm,8146,207851,207546,415518,42236
native_to_wasm,8147,207328,208408,415857,42236
native_to_wasm,8148,207411,207455,414987,42236
native_to_wasm,8149,207348,208230,415699,42236
native_to_wasm,8150,208603,207467,416191,42236
native_to_wasm,8151,207854,207551,415526,42236
native_to_wasm,8152,207332,208577,416030,42236
native_to_wasm,8153,207457,207463,415041,42236
native_to_wasm,8154,207328,207981,415430,42236
native_to_wasm,8155,208592,207462,416175,42236
native_to_wasm,8156,207840,207565,415526,42236
native_to_wasm,8157,207324,208408,415853,42236
native_to_wasm,8158,207444,207482,415047,42236
native_to_wasm,8159,207335,208002,415458,42236
native_to_wasm,8160,207572,207461,415154,42236
native_to_wasm,8161,207854,207551,415526,42236
native_to_wasm,8162,207328,207469,414918,42236
native_to_wasm,8163,207381,207462,414964,42236
native_to_wasm,8164,207336,207977,415434,42236
native_to_wasm,8165,207457,207463,415041,42236
native_to_wasm,8166,207846,207550,415517,42236
native_to_wasm,8167,207324,207467,414912,42236
native_to_wasm,8168,207387,207458,414966,42236
native_to_wasm,8169,207338,207977,415436,42236
native_to_wasm,8170,207428,207459,415008,42236
native_to_wasm,8171,207846,207557,415524,42236
native_to_wasm,8172,207326,207467,414914,42236
native_to_wasm,8173,209227,207467,416815,42236
native_to_wasm,8174,207327,207981,415429,42236
native_to_wasm,8175,207426,207470,415017,42236
native_to_wasm,8176,208440,207552,416113,42236
native_to_wasm,8177,207324,207473,414918,42236
native_to_wasm,8178,209327,207466,416914,42236
native_to_wasm,8179,207336,207979,415436,42236
native_to_wasm,8180,207426,207459,415006,42236
native_to_wasm,8181,208489,207564,416174,42236
native_to_wasm,8182,207324,207465,414910,42236
native_to_wasm,8183,207967,208473,416561,42236
native_to_wasm,8184,207331,207977,415429,42236
native_to_wasm,8185,207428,207459,415008,42236
native_to_wasm,8186,208314,207549,415984,42236
native_to_wasm,8187,207326,207467,414914,42236
native_to_wasm,8188,207846,207552,415519,42236
native_to_wasm,8189,207329,207987,415437,42236
native_to_wasm,8190,207426,207468,415015,42236
native_to_wasm,8191,207332,208664,416117,42236
native_to_wasm,8192,207328,207455,414904,42236
native_to_wasm,8193,207858,207555,415534,42236
native_to_wasm,8194,207328,207973,415422,42236
native_to_wasm,8195,207406,207461,414988,42236
native_to_wasm,8196,207330,207518,414969,42236
native_to_wasm,8197,207339,207468,414928,42236
native_to_wasm,8198,207848,207542,415511,42236
native_to_wasm,8199,207332,207981,415434,42236
native_to_wasm,8200,207426,207470,415017,42236
native_to_wasm,8201,207330,208581,416032,42236
native_to_wasm,8202,207337,207465,414923,42236
native_to_wasm,8203,207854,207549,415524,42236
native_to_wasm,8204,207330,207981,415432,42236
native_to_wasm,8205,207428,207468,415017,42236
native_to_wasm,8206,207332,209754,417207,42236
native_to_wasm,8207,207336,207473,414930,42236
native_to_wasm,8208,207851,207546,415518,42236
native_to_wasm,8209,207328,208408,415857,42236
native_to_wasm,8210,207411,207455,414987,42236
native_to_wasm,8211,207348,208230,415699,42236
native_to_wasm,8212,208603,207467,416191,42236
native_to_wasm,8213,207854,207551,415526,42236
native_to_wasm,8214,207332,208577,416030,42236
native_to_wasm,8215,207457,207463,415041,42236
native_to_wasm,8216,207328,207981,415430,42236
native_to_wasm,8217,208592,207462,416175,42236
native_to_wasm,8218,207840,207565,415526,42236
native_to_wasm,8219,207324,208408,415853,42236
native_to_wasm,8220,207444,207482,415047,42236
native_to_wasm,8221,207335,208002,415458,42236
native_to_wasm,8222,207572,207461,415154,42236
native_to_wasm,8223,207854,207551,415526,42236
native_to_wasm,8224,207328,207469,414918,42236
native_to_wasm,8225,207381,207462,414964,42236
native_to_wasm,8226,207336,207977,415434,42236
native_to_wasm,8227,207457,207463,415041,42236
native_to_wasm,8228,207846,207550,415517,42236
native_to_wasm,8229,207324,207467,414912,42236
native_to_wasm,8230,207387,207458,414966,42236
native_to_wasm,8231,207338,207977,415436,42236
native_to_wasm,8232,207428,207459,415008,42236
native_to_wasm,8233,207846,207557,415524,42236
native_to_wasm,8234,207326,207467,414914,42236
native_to_wasm,8235,209227,207467,416815,42236
native_to_wasm,8236,207327,207981,415429,42236
native_to_wasm,8237,207426,207470,415017,42236
native_to_wasm,8238,208440,207552,416113,42236
native_to_wasm,8239,207324,207473,414918,42236
native_to_wasm,8240,209327,207466,416914,42236
native_to_wasm,8241,207336,207979,415436,42236
native_to_wasm,8242,207426,207459,415006,42236
native_to_wasm,8243,208489,207564,416174,42236
native_to_wasm,8244,207324,207465,414910,42236
native_to_wasm,8245,207967,208473,416561,42236
native_to_wasm,8246,207331,207977,415429,42236
native_to_wasm,8247,207428,207459,415008,42236
native_to_wasm,8248,208314,207549,415984,42236
native_to_wasm,8249,207326,207467,414914,42236
native_to_wasm,8250,207846,207552,415519,42236
native_to_wasm,8251,207329,207987,415437,42236
native_to_wasm,8252,207426,207468,415015,42236
native_to_wasm,8253,207332,208664,416117,42236
native_to_wasm,8254,207328,207455,414904,42236
native_to_wasm,8255,207858,207555,415534,42236
native_to_wasm,8256,207328,207973,415422,42236
native_to_wasm,8257,207406,207461,414988,42236
native_to_wasm,8258,207330,207518,414969,42236
native_to_wasm,8259,207339,207468,414928,42236
native_to_wasm,8260,207848,207542,415511,42236
native_to_wasm,8261,207332,207981,415434,42236
native_to_wasm,8262,207426,207470,415017,42236
native_to_wasm,8263,207330,208581,416032,42236
native_to_wasm,8264,207337,207465,414923,42236
native_to_wasm,8265,207854,207549,415524,42236
native_to_wasm,8266,207330,207981,415432,42236
native_to_wasm,8267,207428,207468,415017,42236
native_to_wasm,8268,207332,209754,417207,42236
native_to_wasm,8269,207336,207473,414930,42236
native_to_wasm,8270,207851,207546,415518,42236
native_to_wasm,8271,207328,208408,415857,42236
native_to_wasm,8272,207411,207455,414987,42236
native_to_wasm,8273,207348,208230,415699,42236
native_to_wasm,8274,208603,207467,416191,42236
native_to_wasm,8275,207854,207551,415526,42236
native_to_wasm,8276,207332,208577,416030,42236
native_to_wasm,8277,207457,207463,415041,42236
native_to_wasm,8278,207328,207981,415430,42236
native_to_wasm,8279,208592,207462,416175,42236
native_to_wasm,8280,207840,207565,415526,42236
native_to_wasm,8281,207324,208408,415853,42236
native_to_wasm,8282,207444,207482,415047,42236
native_to_wasm,8283,207335,208002,415458,42236
native_to_wasm,8284,207572,207461,415154,42236
native_to_wasm,8285,207854,207551,415526,42236
native_to_wasm,8286,207328,207469,414918,42236
native_to_wasm,8287,207381,207462,414964,42236
native_to_wasm,8288,207336,207977,415434,42236
native_to_wasm,8289,207457,207463,415041,42236
native_to_wasm,8290,207846,207550,415517,42236
native_to_wasm,8291,207324,207467,414912,42236
native_to_wasm,8292,207387,207458,414966,42236
native_to_wasm,8293,207338,207977,415436,42236
native_to_wasm,8294,207428,207459,415008,42236
native_to_wasm,8295,207846,207557,415524,42236
native_to_wasm,8296,207326,207467,414914,42236
native_to_wasm,8297,209227,207467,416815,42236
native_to_wasm,8298,207327,207981,415429,42236
native_to_wasm,8299,207426,207470,415017,42236
native_to_wasm,8300,208440,207552,416113,42236
native_to_wasm,8301,207324,207473,414918,42236
native_to_wasm,8302,209327,207466,416914,42236
native_to_wasm,8303,207336,207979,415436,42236
native_to_wasm,8304,207426,207459,415006,42236
native_to_wasm,8305,208489,207564,416174,42236
native_to_wasm,8306,207324,207465,414910,42236
native_to_wasm,8307,207967,208473,416561,42236
native_to_wasm,8308,207331,207977,415429,42236
native_to_wasm,8309,207428,207459,415008,42236
native_to_wasm,8310,208314,207549,415984,42236
native_to_wasm,8311,207326,207467,414914,42236
native_to_wasm,8312,207846,207552,415519,42236
native_to_wasm,8313,207329,207987,415437,42236
native_to_wasm,8314,207426,207468,415015,42236
native_to_wasm,8315,207332,208664,416117,42236
native_to_wasm,8316,207328,207455,414904,42236
native_to_wasm,8317,207858,207555,415534,42236
native_to_wasm,8318,207328,207973,415422,42236
native_to_wasm,8319,207406,207461,414988,42236
native_to_wasm,8320,207330,207518,414969,42236
native_to_wasm,8321,207339,207468,414928,42236
native_to_wasm,8322,207848,207542,415511,42236
native_to_wasm,8323,207332,207981,415434,42236
native_to_wasm,8324,207426,207470,415017,42236
native_to_wasm,8325,207330,208581,416032,42236
native_to_wasm,8326,207337,207465,414923,42236
native_to_wasm,8327,207854,207549,415524,42236
native_to_wasm,8328,207330,207981,415432,42236
native_to_wasm,8329,207428,207468,415017,42236
native_to_wasm,8330,207332,209754,417207,42236
native_to_wasm,8331,207336,207473,414930,42236
native_to_wasm,8332,207851,207546,415518,42236
native_to_wasm,8333,207328,208408,415857,42236
native_to_wasm,8334,207411,207455,414987,42236
native_to_wasm,8335,207348,208230,415699,42236
native_to_wasm,8336,208603,207467,416191,42236
native_to_wasm,8337,207854,207551,415526,42236
native_to_wasm,8338,207332,208577,416030,42236
native_to_wasm,8339,207457,207463,415041,42236
native_to_wasm,8340,207328,207981,415430,42236
native_to_wasm,8341,208592,207462,416175,42236
native_to_wasm,8342,207840,207565,415526,42236
native_to_wasm,8343,207324,208408,415853,42236
native_to_wasm,8344,207444,207482,415047,42236
native_to_wasm,8345,207335,208002,415458,42236
native_to_wasm,8346,207572,207461,415154,42236
native_to_wasm,8347,207854,207551,415526,42236
native_to_wasm,8348,207328,207469,414918,42236
native_to_wasm,8349,207381,207462,414964,42236
native_to_wasm,8350,207336,207977,415434,42236
native_to_wasm,8351,207457,207463,415041,42236
native_to_wasm,8352,207846,207550,415517,42236
native_to_wasm,8353,207324,207467,414912,42236
native_to_wasm,8354,207387,207458,414966,42236
native_to_wasm,8355,207338,207977,415436,42236
native_to_wasm,8356,207428,207459,415008,42236
native_to_wasm,8357,207846,207557,415524,42236
native_to_wasm,8358,207326,207467,414914,42236
native_to_wasm,8359,209227,207467,416815,42236
native_to_wasm,8360,207327,207981,415429,42236
native_to_wasm,8361,207426,207470,415017,42236
native_to_wasm,8362,208440,207552,416113,42236
native_to_wasm,8363,207324,207473,414918,42236
native_to_wasm,8364,209327,207466,416914,42236
native_to_wasm,8365,207336,207979,415436,42236
native_to_wasm,8366,207426,207459,415006,42236
native_to_wasm,8367,208489,207564,416174,42236
native_to_wasm,8368,207324,207465,414910,42236
native_to_wasm,8369,207967,208473,416561,42236
native_to_wasm,8370,207331,207977,415429,42236
native_to_wasm,8371,207428,207459,415008,42236
native_to_wasm,8372,208314,207549,415984,42236
native_to_wasm,8373,207326,207467,414914,42236
native_to_wasm,8374,207846,207552,415519,42236
native_to_wasm,8375,207329,207987,415437,42236
native_to_wasm,8376,207426,207468,415015,42236
native_to_wasm,8377,207332,208664,416117,42236
native_to_wasm,8378,207328,207455,414904,42236
native_to_wasm,8379,207858,207555,415534,42236
native_to_wasm,8380,207328,207973,415422,42236
native_to_wasm,8381,207406,207461,414988,42236
native_to_wasm,8382,207330,207518,414969,42236
native_to_wasm,8383,207339,207468,414928,42236
native_to_wasm,8384,207848,207542,415511,42236
native_to_wasm,8385,207332,207981,415434,42236
native_to_wasm,8386,207426,207470,415017,42236
native_to_wasm,8387,207330,208581,416032,42236
native_to_wasm,8388,207337,207465,414923,42236
native_to_wasm,8389,207854,207549,415524,42236
native_to_wasm,8390,207330,207981,415432,42236
native_to_wasm,8391,207428,207468,415017,42236
native_to_wasm,8392,207332,209754,417207,42236
native_to_wasm,8393,207336,207473,414930,42236
native_to_wasm,8394,207851,207546,415518,42236
native_to_wasm,8395,207328,208408,415857,42236
native_to_wasm,8396,207411,207455,414987,42236
native_to_wasm,8397,207348,208230,415699,42236
native_to_wasm,8398,208603,207467,416191,42236
native_to_wasm,8399,207854,207551,415526,42236
native_to_wasm,8400,207332,208577,416030,42236
native_to_wasm,8401,207457,207463,415041,42236
native_to_wasm,8402,207328,207981,415430,42236
native_to_wasm,8403,208592,207462,416175,42236
native_to_wasm,8404,207840,207565,415526,42236
native_to_wasm,8405,207324,208408,415853,42236
native_to_wasm,8406,207444,207482,415047,42236
native_to_wasm,8407,207335,208002,415458,42236
native_to_wasm,8408,207572,207461,415154,42236
native_to_wasm,8409,207854,207551,415526,42236
native_to_wasm,8410,207328,207469,414918,42236
native_to_wasm,8411,207381,207462,414964,42236
native_to_wasm,8412,207336,207977,415434,42236
native_to_wasm,8413,207457,207463,415041,42236
native_to_wasm,8414,207846,207550,415517,42236
native_to_wasm,8415,207324,207467,414912,42236
native_to_wasm,8416,207387,207458,414966,42236
native_to_wasm,8417,207338,207977,415436,42236
native_to_wasm,8418,207428,207459,415008,42236
native_to_wasm,8419,207846,207557,415524,42236
native_to_wasm,8420,207326,207467,414914,42236
native_to_wasm,8421,209227,207467,416815,42236
native_to_wasm,8422,207327,207981,415429,42236
native_to_wasm,8423,207426,207470,415017,42236
native_to_wasm,8424,208440,207552,416113,42236
native_to_wasm,8425,207324,207473,414918,42236
native_to_wasm,8426,209327,207466,416914,42236
native_to_wasm,8427,207336,207979,415436,42236
native_to_wasm,8428,207426,207459,415006,42236
native_to_wasm,8429,208489,207564,416174,42236
native_to_wasm,8430,207324,207465,414910,42236
native_to_wasm,8431,207967,208473,416561,42236
native_to_wasm,8432,207331,207977,415429,42236
native_to_wasm,8433,207428,207459,415008,42236
native_to_wasm,8434,208314,207549,415984,42236
native_to_wasm,8435,207326,207467,414914,42236
native_to_wasm,8436,207846,207552,415519,42236
native_to_wasm,8437,207329,207987,415437,42236
native_to_wasm,8438,207426,207468,415015,42236
native_to_wasm,8439,207332,208664,416117,42236
native_to_wasm,8440,207328,207455,414904,42236
native_to_wasm,8441,207858,207555,415534,42236
native_to_wasm,8442,207328,207973,415422,42236
native_to_wasm,8443,207406,207461,414988,42236
native_to_wasm,8444,207330,207518,414969,42236
native_to_wasm,8445,207339,207468,414928,42236
native_to_wasm,8446,207848,207542,415511,42236
native_to_wasm,8447,207332,207981,415434,42236
native_to_wasm,8448,207426,207470,415017,42236
native_to_wasm,8449,207330,208581,416032,42236
native_to_wasm,8450,207337,207465,414923,42236
native_to_wasm,8451,207854,207549,415524,42236
native_to_wasm,8452,207330,207981,415432,42236
native_to_wasm,8453,207428,207468,415017,42236
native_to_wasm,8454,207332,209754,417207,42236
native_to_wasm,8455,207336,207473,414930,42236
native_to_wasm,8456,207851,207546,415518,42236
native_to_wasm,8457,207328,208408,415857,42236
native_to_wasm,8458,207411,207455,414987,42236
native_to_wasm,8459,207348,208230,415699,42236
native_to_wasm,8460,208603,207467,416191,42236
native_to_wasm,8461,207854,207551,415526,42236
native_to_wasm,8462,207332,208577,416030,42236
native_to_wasm,8463,207457,207463,415041,42236
native_to_wasm,8464,207328,207981,415430,42236
native_to_wasm,8465,208592,207462,416175,42236
native_to_wasm,8466,207840,207565,415526,42236
native_to_wasm,8467,207324,208408,415853,42236
native_to_wasm,8468,207444,207482,415047,42236
native_to_wasm,8469,207335,208002,415458,42236
native_to_wasm,8470,207572,207461,415154,42236
native_to_wasm,8471,207854,207551,415526,42236
native_to_wasm,8472,207328,207469,414918,42236
native_to_wasm,8473,207381,207462,414964,42236
native_to_wasm,8474,207336,207977,415434,42236
native_to_wasm,8475,207457,207463,415041,42236
native_to_wasm,8476,207846,207550,415517,42236
native_to_wasm,8477,207324,207467,414912,42236
native_to_wasm,8478,207387,207458,414966,42236
native_to_wasm,8479,207338,207977,415436,42236
native_to_wasm,8480,207428,207459,415008,42236
native_to_wasm,8481,207846,207557,415524,42236
native_to_wasm,8482,207326,207467,414914,42236
native_to_wasm,8483,209227,207467,416815,42236
native_to_wasm,8484,207327,207981,415429,42236
native_to_wasm,8485,207426,207470,415017,42236
native_to_wasm,8486,208440,207552,416113,42236
native_to_wasm,8487,207324,207473,414918,42236
native_to_wasm,8488,209327,207466,416914,42236
native_to_wasm,8489,207336,207979,415436,42236
native_to_wasm,8490,207426,207459,415006,42236
native_to_wasm,8491,208489,207564,416174,42236
native_to_wasm,8492,207324,207465,414910,42236
native_to_wasm,8493,207967,208473,416561,42236
native_to_wasm,8494,207331,207977,415429,42236
native_to_wasm,8495,207428,207459,415008,42236
native_to_wasm,8496,208314,207549,415984,42236
native_to_wasm,8497,207326,207467,414914,42236
native_to_wasm,8498,207846,207552,415519,42236
native_to_wasm,8499,207329,207987,415437,42236
native_to_wasm,8500,207426,207468,415015,42236
native_to_wasm,8501,207332,208664,416117,42236
native_to_wasm,8502,207328,207455,414904,42236
native_to_wasm,8503,207858,207555,415534,42236
native_to_wasm,8504,207328,207973,415422,42236
native_to_wasm,8505,207406,207461,414988,42236
native_to_wasm,8506,207330,207518,414969,42236
native_to_wasm,8507,207339,207468,414928,42236
native_to_wasm,8508,207848,207542,415511,42236
native_to_wasm,8509,207332,207981,415434,42236
native_to_wasm,8510,207426,207470,415017,42236
native_to_wasm,8511,207330,208581,416032,42236
native_to_wasm,8512,207337,207465,414923,42236
native_to_wasm,8513,207854,207549,415524,42236
native_to_wasm,8514,207330,207981,415432,42236
native_to_wasm,8515,207428,207468,415017,42236
native_to_wasm,8516,207332,209754,417207,42236
native_to_wasm,8517,207336,207473,414930,42236
native_to_wasm,8518,207851,207546,415518,42236
native_to_wasm,8519,207328,208408,415857,42236
native_to_wasm,8520,207411,207455,414987,42236
native_to_wasm,8521,207348,208230,415699,42236
native_to_wasm,8522,208603,207467,416191,42236
native_to_wasm,8523,207854,207551,415526,42236
native_to_wasm,8524,207332,208577,416030,42236
native_to_wasm,8525,207457,207463,415041,42236
native_to_wasm,8526,207328,207981,415430,42236
native_to_wasm,8527,208592,207462,416175,42236
native_to_wasm,8528,207840,207565,415526,42236
native_to_wasm,8529,207324,208408,415853,42236
native_to_wasm,8530,207444,207482,415047,42236
native_to_wasm,8531,207335,208002,415458,42236
native_to_wasm,8532,207572,207461,415154,42236
native_to_wasm,8533,207854,207551,415526,42236
native_to_wasm,8534,207328,207469,414918,42236
native_to_wasm,8535,207381,207462,414964,42236
native_to_wasm,8536,207336,207977,415434,42236
native_to_wasm,8537,207457,207463,415041,42236
native_to_wasm,8538,207846,207550,415517,42236
native_to_wasm,8539,207324,207467,414912,42236
native_to_wasm,8540,207387,207458,414966,42236
native_to_wasm,8541,207338,207977,415436,42236
native_to_wasm,8542,207428,207459,415008,42236
native_to_wasm,8543,207846,207557,415524,42236
native_to_wasm,8544,207326,207467,414914,42236
native_to_wasm,8545,209227,207467,416815,42236
native_to_wasm,8546,207327,207981,415429,42236
native_to_wasm,8547,207426,207470,415017,42236
native_to_wasm,8548,208440,207552,416113,42236
native_to_wasm,8549,207324,207473,414918,42236
native_to_wasm,8550,209327,207466,416914,42236
native_to_wasm,8551,207336,207979,415436,42236
native_to_wasm,8552,207426,207459,415006,42236
native_to_wasm,8553,208489,207564,416174,42236
native_to_wasm,8554,207324,207465,414910,42236
native_to_wasm,8555,207967,208473,416561,42236
native_to_wasm,8556,207331,207977,415429,42236
native_to_wasm,8557,207428,207459,415008,42236
native_to_wasm,8558,208314,207549,415984,42236
native_to_wasm,8559,207326,207467,414914,42236
native_to_wasm,8560,207846,207552,415519,42236
native_to_wasm,8561,207329,207987,415437,42236
native_to_wasm,8562,207426,207468,415015,42236
native_to_wasm,8563,207332,208664,416117,42236
native_to_wasm,8564,207328,207455,414904,42236
native_to_wasm,8565,207858,207555,415534,42236
native_to_wasm,8566,207328,207973,415422,42236
native_to_wasm,8567,207406,207461,414988,42236
native_to_wasm,8568,207330,207518,414969,42236
native_to_wasm,8569,207339,207468,414928,42236
native_to_wasm,8570,207848,207542,415511,42236
native_to_wasm,8571,207332,207981,415434,42236
native_to_wasm,8572,207426,207470,415017,42236
native_to_wasm,8573,207330,208581,416032,42236
native_to_wasm,8574,207337,207465,414923,42236
native_to_wasm,8575,207854,207549,415524,42236
native_to_wasm,8576,207330,207981,415432,42236
native_to_wasm,8577,207428,207468,415017,42236
native_to_wasm,8578,207332,209754,417207,42236
native_to_wasm,8579,207336,207473,414930,42236
native_to_wasm,8580,207851,207546,415518,42236
native_to_wasm,8581,207328,208408,415857,42236
native_to_wasm,8582,207411,207455,414987,42236
native_to_wasm,8583,207348,208230,415699,42236
native_to_wasm,8584,208603,207467,416191,42236
native_to_wasm,8585,207854,207551,415526,42236
native_to_wasm,8586,207332,208577,416030,42236
native_to_wasm,8587,207457,207463,415041,42236
native_to_wasm,8588,207328,207981,415430,42236
native_to_wasm,8589,208592,207462,416175,42236
native_to_wasm,8590,207840,207565,415526,42236
native_to_wasm,8591,207324,208408,415853,42236
native_to_wasm,8592,207444,207482,415047,42236
native_to_wasm,8593,207335,208002,415458,42236
native_to_wasm,8594,207572,207461,415154,42236
native_to_wasm,8595,207854,207551,415526,42236
native_to_wasm,8596,207328,207469,414918,42236
native_to_wasm,8597,207381,207462,414964,42236
native_to_wasm,8598,207336,207977,415434,42236
native_to_wasm,8599,207457,207463,415041,42236
native_to_wasm,8600,207846,207550,415517,42236
native_to_wasm,8601,207324,207467,414912,42236
native_to_wasm,8602,207387,207458,414966,42236
native_to_wasm,8603,207338,207977,415436,42236
native_to_wasm,8604,207428,207459,415008,42236
native_to_wasm,8605,207846,207557,415524,42236
native_to_wasm,8606,207326,207467,414914,42236
native_to_wasm,8607,209227,207467,416815,42236
native_to_wasm,8608,207327,207981,415429,42236
native_to_wasm,8609,207426,207470,415017,42236
native_to_wasm,8610,208440,207552,416113,42236
native_to_wasm,8611,207324,207473,414918,42236
native_to_wasm,8612,209327,207466,416914,42236
native_to_wasm,8613,207336,207979,415436,42236
native_to_wasm,8614,207426,207459,415006,42236
native_to_wasm,8615,208489,207564,416174,42236
native_to_wasm,8616,207324,207465,414910,42236
native_to_wasm,8617,207967,208473,416561,42236
native_to_wasm,8618,207331,207977,415429,42236
native_to_wasm,8619,207428,207459,415008,42236
native_to_wasm,8620,208314,207549,415984,42236
native_to_wasm,8621,207326,207467,414914,42236
native_to_wasm,8622,207846,207552,415519,42236
native_to_wasm,8623,207329,207987,415437,42236
native_to_wasm,8624,207426,207468,415015,42236
native_to_wasm,8625,207332,208664,416117,42236
native_to_wasm,8626,207328,207455,414904,42236
native_to_wasm,8627,207858,207555,415534,42236
native_to_wasm,8628,207328,207973,415422,42236
native_to_wasm,8629,207406,207461,414988,42236
native_to_wasm,8630,207330,207518,414969,42236
native_to_wasm,8631,207339,207468,414928,42236
native_to_wasm,8632,207848,207542,415511,42236
native_to_wasm,8633,207332,207981,415434,42236
native_to_wasm,8634,207426,207470,415017,42236
native_to_wasm,8635,207330,208581,416032,42236
native_to_wasm,8636,207337,207465,414923,42236
native_to_wasm,8637,207854,207549,415524,42236
native_to_wasm,8638,207330,207981,415432,42236
native_to_wasm,8639,207428,207468,415017,42236
native_to_wasm,8640,207332,209754,417207,42236
native_to_wasm,8641,207336,207473,414930,42236
native_to_wasm,8642,207851,207546,415518,42236
native_to_wasm,8643,207328,208408,415857,42236
native_to_wasm,8644,207411,207455,414987,42236
native_to_wasm,8645,207348,208230,415699,42236
native_to_wasm,8646,208603,207467,416191,42236
native_to_wasm,8647,207854,207551,415526,42236
native_to_wasm,8648,207332,208577,416030,42236
native_to_wasm,8649,207457,207463,415041,42236
native_to_wasm,8650,207328,207981,415430,42236
native_to_wasm,8651,208592,207462,416175,42236
native_to_wasm,8652,207840,207565,415526,42236
native_to_wasm,8653,207324,208408,415853,42236
native_to_wasm,8654,207444,207482,415047,42236
native_to_wasm,8655,207335,208002,415458,42236
native_to_wasm,8656,207572,207461,415154,42236
native_to_wasm,8657,207854,207551,415526,42236
native_to_wasm,8658,207328,207469,414918,42236
native_to_wasm,8659,207381,207462,414964,42236
native_to_wasm,8660,207336,207977,415434,42236
native_to_wasm,8661,207457,207463,415041,42236
native_to_wasm,8662,207846,207550,415517,42236
native_to_wasm,8663,207324,207467,414912,42236
native_to_wasm,8664,207387,207458,414966,42236
native_to_wasm,8665,207338,207977,415436,42236
native_to_wasm,8666,207428,207459,415008,42236
native_to_wasm,8667,207846,207557,415524,42236
native_to_wasm,8668,207326,207467,414914,42236
native_to_wasm,8669,209227,207467,416815,42236
native_to_wasm,8670,207327,207981,415429,42236
native_to_wasm,8671,207426,207470,415017,42236
native_to_wasm,8672,208440,207552,416113,42236
native_to_wasm,8673,207324,207473,414918,42236
native_to_wasm,8674,209327,207466,416914,42236
native_to_wasm,8675,207336,207979,415436,42236
native_to_wasm,8676,207426,207459,415006,42236
native_to_wasm,8677,208489,207564,416174,42236
native_to_wasm,8678,207324,207465,414910,42236
native_to_wasm,8679,207967,208473,416561,42236
native_to_wasm,8680,207331,207977,415429,42236
native_to_wasm,8681,207428,207459,415008,42236
native_to_wasm,8682,208314,207549,415984,42236
native_to_wasm,8683,207326,207467,414914,42236
native_to_wasm,8684,207846,207552,415519,42236
native_to_wasm,8685,207329,207987,415437,42236
native_to_wasm,8686,207426,207468,415015,42236
native_to_wasm,8687,207332,208664,416117,42236
native_to_wasm,8688,207328,207455,414904,42236
native_to_wasm,8689,207858,207555,415534,42236
native_to_wasm,8690,207328,207973,415422,42236
native_to_wasm,8691,207406,207461,414988,42236
native_to_wasm,8692,207330,207518,414969,42236
native_to_wasm,8693,207339,207468,414928,42236
native_to_wasm,8694,207848,207542,415511,42236
native_to_wasm,8695,207332,207981,415434,42236
native_to_wasm,8696,207426,207470,415017,42236
native_to_wasm,8697,207330,208581,416032,42236
native_to_wasm,8698,207337,207465,414923,42236
native_to_wasm,8699,207854,207549,415524,42236
native_to_wasm,8700,207330,207981,415432,42236
native_to_wasm,8701,207428,207468,415017,42236
native_to_wasm,8702,207332,209754,417207,42236
native_to_wasm,8703,207336,207473,414930,42236
native_to_wasm,8704,207851,207546,415518,42236
native_to_wasm,8705,207328,208408,415857,42236
native_to_wasm,8706,207411,207455,414987,42236
native_to_wasm,8707,207348,208230,415699,42236
native_to_wasm,8708,208603,207467,416191,42236
native_to_wasm,8709,207854,207551,415526,42236
native_to_wasm,8710,207332,208577,416030,42236
native_to_wasm,8711,207457,207463,415041,42236
native_to_wasm,8712,207328,207981,415430,42236
native_to_wasm,8713,208592,207462,416175,42236
native_to_wasm,8714,207840,207565,415526,42236
native_to_wasm,8715,207324,208408,415853,42236
native_to_wasm,8716,207444,207482,415047,42236
native_to_wasm,8717,207335,208002,415458,42236
native_to_wasm,8718,207572,207461,415154,42236
native_to_wasm,8719,207854,207551,415526,42236
native_to_wasm,8720,207328,207469,414918,42236
native_to_wasm,8721,207381,207462,414964,42236
native_to_wasm,8722,207336,207977,415434,42236
native_to_wasm,8723,207457,207463,415041,42236
native_to_wasm,8724,207846,207550,415517,42236
native_to_wasm,8725,207324,207467,414912,42236
native_to_wasm,8726,207387,207458,414966,42236
native_to_wasm,8727,207338,207977,415436,42236
native_to_wasm,8728,207428,207459,415008,42236
native_to_wasm,8729,207846,207557,415524,42236
native_to_wasm,8730,207326,207467,414914,42236
native_to_wasm,8731,209227,207467,416815,42236
native_to_wasm,8732,207327,207981,415429,42236
native_to_wasm,8733,207426,207470,415017,42236
native_to_wasm,8734,208440,207552,416113,42236
native_to_wasm,8735,207324,207473,414918,42236
native_to_wasm,8736,209327,207466,416914,42236
native_to_wasm,8737,207336,207979,415436,42236
native_to_wasm,8738,207426,207459,415006,42236
native_to_wasm,8739,208489,207564,416174,42236
native_to_wasm,8740,207324,207465,414910,42236
native_to_wasm,8741,207967,208473,416561,42236
native_to_wasm,8742,207331,207977,415429,42236
native_to_wasm,8743,207428,207459,415008,42236
native_to_wasm,8744,208314,207549,415984,42236
native_to_wasm,8745,207326,207467,414914,42236
native_to_wasm,8746,207846,207552,415519,42236
native_to_wasm,8747,207329,207987,415437,42236
native_to_wasm,8748,207426,207468,415015,42236
native_to_wasm,8749,207332,208664,416117,42236
native_to_wasm,8750,207328,207455,414904,42236
native_to_wasm,8751,207858,207555,415534,42236
native_to_wasm,8752,207328,207973,415422,42236
native_to_wasm,8753,207406,207461,414988,42236
native_to_wasm,8754,207330,207518,414969,42236
native_to_wasm,8755,207339,207468,414928,42236
native_to_wasm,8756,207848,207542,415511,42236
native_to_wasm,8757,207332,207981,415434,42236
native_to_wasm,8758,207426,207470,415017,42236
native_to_wasm,8759,207330,208581,416032,42236
native_to_wasm,8760,207337,207465,414923,42236
native_to_wasm,8761,207854,207549,415524,42236
native_to_wasm,8762,207330,207981,415432,42236
native_to_wasm,8763,207428,207468,415017,42236
native_to_wasm,8764,207332,209754,417207,42236
native_to_wasm,8765,207336,207473,414930,42236
native_to_wasm,8766,207851,207546,415518,42236
native_to_wasm,8767,207328,208408,415857,42236
native_to_wasm,8768,207411,207455,414987,42236
native_to_wasm,8769,207348,208230,415699,42236
native_to_wasm,8770,208603,207467,416191,42236
native_to_wasm,8771,207854,207551,415526,42236
native_to_wasm,8772,207332,208577,416030,42236
native_to_wasm,8773,207457,207463,415041,42236
native_to_wasm,8774,207328,207981,415430,42236
native_to_wasm,8775,208592,207462,416175,42236
native_to_wasm,8776,207840,207565,415526,42236
native_to_wasm,8777,207324,208408,415853,42236
native_to_wasm,8778,207444,207482,415047,42236
native_to_wasm,8779,207335,208002,415458,42236
native_to_wasm,8780,207572,207461,415154,42236
native_to_wasm,8781,207854,207551,415526,42236
native_to_wasm,8782,207328,207469,414918,42236
native_to_wasm,8783,207381,207462,414964,42236
native_to_wasm,8784,207336,207977,415434,42236
native_to_wasm,8785,207457,207463,415041,42236
native_to_wasm,8786,207846,207550,415517,42236
native_to_wasm,8787,207324,207467,414912,42236
native_to_wasm,8788,207387,207458,414966,42236
native_to_wasm,8789,207338,207977,415436,42236
native_to_wasm,8790,207428,207459,415008,42236
native_to_wasm,8791,207846,207557,415524,42236
native_to_wasm,8792,207326,207467,414914,42236
native_to_wasm,8793,209227,207467,416815,42236
native_to_wasm,8794,207327,207981,415429,42236
native_to_wasm,8795,207426,207470,415017,42236
native_to_wasm,8796,208440,207552,416113,42236
native_to_wasm,8797,207324,207473,414918,42236
native_to_wasm,8798,209327,207466,416914,42236
native_to_wasm,8799,207336,207979,415436,42236
native_to_wasm,8800,207426,207459,415006,42236
native_to_wasm,8801,208489,207564,416174,42236
native_to_wasm,8802,207324,207465,414910,42236
native_to_wasm,8803,207967,208473,416561,42236
native_to_wasm,8804,207331,207977,415429,42236
native_to_wasm,8805,207428,207459,415008,42236
native_to_wasm,8806,208314,207549,415984,42236
native_to_wasm,8807,207326,207467,414914,42236
native_to_wasm,8808,207846,207552,415519,42236
native_to_wasm,8809,207329,207987,415437,42236
native_to_wasm,8810,207426,207468,415015,42236
native_to_wasm,8811,207332,208664,416117,42236
native_to_wasm,8812,207328,207455,414904,42236
native_to_wasm,8813,207858,207555,415534,42236
native_to_wasm,8814,207328,207973,415422,42236
native_to_wasm,8815,207406,207461,414988,42236
native_to_wasm,8816,207330,207518,414969,42236
native_to_wasm,8817,207339,207468,414928,42236
native_to_wasm,8818,207848,207542,415511,42236
native_to_wasm,8819,207332,207981,415434,42236
native_to_wasm,8820,207426,207470,415017,42236
native_to_wasm,8821,207330,208581,416032,42236
native_to_wasm,8822,207337,207465,414923,42236
native_to_wasm,8823,207854,207549,415524,42236
native_to_wasm,8824,207330,207981,415432,42236
native_to_wasm,8825,207428,207468,415017,42236
native_to_wasm,8826,207332,209754,417207,42236
native_to_wasm,8827,207336,207473,414930,42236
native_to_wasm,8828,207851,207546,415518,42236
native_to_wasm,8829,207328,208408,415857,42236
native_to_wasm,8830,207411,207455,414987,42236
native_to_wasm,8831,207348,208230,415699,42236
native_to_wasm,8832,208603,207467,416191,42236
native_to_wasm,8833,207854,207551,415526,42236
native_to_wasm,8834,207332,208577,416030,42236
native_to_wasm,8835,207457,207463,415041,42236
native_to_wasm,8836,207328,207981,415430,42236
native_to_wasm,8837,208592,207462,416175,42236
native_to_wasm,8838,207840,207565,415526,42236
native_to_wasm,8839,207324,208408,415853,42236
native_to_wasm,8840,207444,207482,415047,42236
native_to_wasm,8841,207335,208002,415458,42236
native_to_wasm,8842,207572,207461,415154,42236
native_to_wasm,8843,207854,207551,415526,42236
native_to_wasm,8844,207328,207469,414918,42236
native_to_wasm,8845,207381,207462,414964,42236
native_to_wasm,8846,207336,207977,415434,42236
native_to_wasm,8847,207457,207463,415041,42236
native_to_wasm,8848,207846,207550,415517,42236
native_to_wasm,8849,207324,207467,414912,42236
native_to_wasm,8850,207387,207458,414966,42236
native_to_wasm,8851,207338,207977,415436,42236
native_to_wasm,8852,207428,207459,415008,42236
native_to_wasm,8853,207846,207557,415524,42236
native_to_wasm,8854,207326,207467,414914,42236
native_to_wasm,8855,209227,207467,416815,42236
native_to_wasm,8856,207327,207981,415429,42236
native_to_wasm,8857,207426,207470,415017,42236
native_to_wasm,8858,208440,207552,416113,42236
native_to_wasm,8859,207324,207473,414918,42236
native_to_wasm,8860,209327,207466,416914,42236
native_to_wasm,8861,207336,207979,415436,42236
native_to_wasm,8862,207426,207459,415006,42236
native_to_wasm,8863,208489,207564,416174,42236
native_to_wasm,8864,207324,207465,414910,42236
native_to_wasm,8865,207967,208473,416561,42236
native_to_wasm,8866,207331,207977,415429,42236
native_to_wasm,8867,207428,207459,415008,42236
native_to_wasm,8868,208314,207549,415984,42236
native_to_wasm,8869,207326,207467,414914,42236
native_to_wasm,8870,207846,207552,415519,42236
native_to_wasm,8871,207329,207987,415437,42236
native_to_wasm,8872,207426,207468,415015,42236
native_to_wasm,8873,207332,208664,416117,42236
native_to_wasm,8874,207328,207455,414904,42236
native_to_wasm,8875,207858,207555,415534,42236
native_to_wasm,8876,207328,207973,415422,42236
native_to_wasm,8877,207406,207461,414988,42236
native_to_wasm,8878,207330,207518,414969,42236
native_to_wasm,8879,207339,207468,414928,42236
native_to_wasm,8880,207848,207542,415511,42236
native_to_wasm,8881,207332,207981,415434,42236
native_to_wasm,8882,207426,207470,415017,42236
native_to_wasm,8883,207330,208581,416032,42236
native_to_wasm,8884,207337,207465,414923,42236
native_to_wasm,8885,207854,207549,415524,42236
native_to_wasm,8886,207330,207981,415432,42236
native_to_wasm,8887,207428,207468,415017,42236
native_to_wasm,8888,207332,209754,417207,42236
native_to_wasm,8889,207336,207473,414930,42236
native_to_wasm,8890,207851,207546,415518,42236
native_to_wasm,8891,207328,208408,415857,42236
native_to_wasm,8892,207411,207455,414987,42236
native_to_wasm,8893,207348,208230,415699,42236
native_to_wasm,8894,208603,207467,416191,42236
native_to_wasm,8895,207854,207551,415526,42236
native_to_wasm,8896,207332,208577,416030,42236
native_to_wasm,8897,207457,207463,415041,42236
native_to_wasm,8898,207328,207981,415430,42236
native_to_wasm,8899,208592,207462,416175,42236
native_to_wasm,8900,207840,207565,415526,42236
native_to_wasm,8901,207324,208408,415853,42236
native_to_wasm,8902,207444,207482,415047,42236
native_to_wasm,8903,207335,208002,415458,42236
native_to_wasm,8904,207572,207461,415154,42236
native_to_wasm,8905,207854,207551,415526,42236
native_to_wasm,8906,207328,207469,414918,42236
native_to_wasm,8907,207381,207462,414964,42236
native_to_wasm,8908,207336,207977,415434,42236
native_to_wasm,8909,207457,207463,415041,42236
native_to_wasm,8910,207846,207550,415517,42236
native_to_wasm,8911,207324,207467,414912,42236
native_to_wasm,8912,207387,207458,414966,42236
native_to_wasm,8913,207338,207977,415436,42236
native_to_wasm,8914,207428,207459,415008,42236
native_to_wasm,8915,207846,207557,415524,42236
native_to_wasm,8916,207326,207467,414914,42236
native_to_wasm,8917,209227,207467,416815,42236
native_to_wasm,8918,207327,207981,415429,42236
native_to_wasm,8919,207426,207470,415017,42236
native_to_wasm,8920,208440,207552,416113,42236
native_to_wasm,8921,207324,207473,414918,42236
native_to_wasm,8922,209327,207466,416914,42236
native_to_wasm,8923,207336,207979,415436,42236
native_to_wasm,8924,207426,207459,415006,42236
native_to_wasm,8925,208489,207564,416174,42236
native_to_wasm,8926,207324,207465,414910,42236
native_to_wasm,8927,207967,208473,416561,42236
native_to_wasm,8928,207331,207977,415429,42236
native_to_wasm,8929,207428,207459,415008,42236
native_to_wasm,8930,208314,207549,415984,42236
native_to_wasm,8931,207326,207467,414914,42236
native_to_wasm,8932,207846,207552,415519,42236
native_to_wasm,8933,207329,207987,415437,42236
native_to_wasm,8934,207426,207468,415015,42236
native_to_wasm,8935,207332,208664,416117,42236
native_to_wasm,8936,207328,207455,414904,42236
native_to_wasm,8937,207858,207555,415534,42236
native_to_wasm,8938,207328,207973,415422,42236
native_to_wasm,8939,207406,207461,414988,42236
native_to_wasm,8940,207330,207518,414969,42236
native_to_wasm,8941,207339,207468,414928,42236
native_to_wasm,8942,207848,207542,415511,42236
native_to_wasm,8943,207332,207981,415434,42236
native_to_wasm,8944,207426,207470,415017,42236
native_to_wasm,8945,207330,208581,416032,42236
native_to_wasm,8946,207337,207465,414923,42236
native_to_wasm,8947,207854,207549,415524,42236
native_to_wasm,8948,207330,207981,415432,42236
native_to_wasm,8949,207428,207468,415017,42236
native_to_wasm,8950,207332,209754,417207,42236
native_to_wasm,8951,207336,207473,414930,42236
native_to_wasm,8952,207851,207546,415518,42236
native_to_wasm,8953,207328,208408,415857,42236
native_to_wasm,8954,207411,207455,414987,42236
native_to_wasm,8955,207348,208230,415699,42236
native_to_wasm,8956,208603,207467,416191,42236
native_to_wasm,8957,207854,207551,415526,42236
native_to_wasm,8958,207332,208577,416030,42236
native_to_wasm,8959,207457,207463,415041,42236
native_to_wasm,8960,207328,207981,415430,42236
native_to_wasm,8961,208592,207462,416175,42236
native_to_wasm,8962,207840,207565,415526,42236
native_to_wasm,8963,207324,208408,415853,42236
native_to_wasm,8964,207444,207482,415047,42236
native_to_wasm,8965,207335,208002,415458,42236
native_to_wasm,8966,207572,207461,415154,42236
native_to_wasm,8967,207854,207551,415526,42236
native_to_wasm,8968,207328,207469,414918,42236
native_to_wasm,8969,207381,207462,414964,42236
native_to_wasm,8970,207336,207977,415434,42236
native_to_wasm,8971,207457,207463,415041,42236
native_to_wasm,8972,207846,207550,415517,42236
native_to_wasm,8973,207324,207467,414912,42236
native_to_wasm,8974,207387,207458,414966,42236
native_to_wasm,8975,207338,207977,415436,42236
native_to_wasm,8976,207428,207459,415008,42236
native_to_wasm,8977,207846,207557,415524,42236
native_to_wasm,8978,207326,207467,414914,42236
native_to_wasm,8979,209227,207467,416815,42236
native_to_wasm,8980,207327,207981,415429,42236
native_to_wasm,8981,207426,207470,415017,42236
native_to_wasm,8982,208440,207552,416113,42236
native_to_wasm,8983,207324,207473,414918,42236
native_to_wasm,8984,209327,207466,416914,42236
native_to_wasm,8985,207336,207979,415436,42236
native_to_wasm,8986,207426,207459,415006,42236
native_to_wasm,8987,208489,207564,416174,42236
native_to_wasm,8988,207324,207465,414910,42236
native_to_wasm,8989,207967,208473,416561,42236
native_to_wasm,8990,207331,207977,415429,42236
native_to_wasm,8991,207428,207459,415008,42236
native_to_wasm,8992,208314,207549,415984,42236
native_to_wasm,8993,207326,207467,414914,42236
native_to_wasm,8994,207846,207552,415519,42236
native_to_wasm,8995,207329,207987,415437,42236
native_to_wasm,8996,207426,207468,415015,42236
native_to_wasm,8997,207332,208664,416117,42236
native_to_wasm,8998,207328,207455,414904,42236
native_to_wasm,8999,207858,207555,415534,42236
native_to_wasm,9000,207328,207973,415422,42236
native_to_wasm,9001,207406,207461,414988,42236
native_to_wasm,9002,207330,207518,414969,42236
native_to_wasm,9003,207339,207468,414928,42236
native_to_wasm,9004,207848,207542,415511,42236
native_to_wasm,9005,207332,207981,415434,42236
native_to_wasm,9006,207426,207470,415017,42236
native_to_wasm,9007,207330,208581,416032,42236
native_to_wasm,9008,207337,207465,414923,42236
native_to_wasm,9009,207854,207549,415524,42236
native_to_wasm,9010,207330,207981,415432,42236
native_to_wasm,9011,207428,207468,415017,42236
native_to_wasm,9012,207332,209754,417207,42236
native_to_wasm,9013,207336,207473,414930,42236
native_to_wasm,9014,207851,207546,415518,42236
native_to_wasm,9015,207328,208408,415857,42236
native_to_wasm,9016,207411,207455,414987,42236
native_to_wasm,9017,207348,208230,415699,42236
native_to_wasm,9018,208603,207467,416191,42236
native_to_wasm,9019,207854,207551,415526,42236
native_to_wasm,9020,207332,208577,416030,42236
native_to_wasm,9021,207457,207463,415041,42236
native_to_wasm,9022,207328,207981,415430,42236
native_to_wasm,9023,208592,207462,416175,42236
native_to_wasm,9024,207840,207565,415526,42236
native_to_wasm,9025,207324,208408,415853,42236
native_to_wasm,9026,207444,207482,415047,42236
native_to_wasm,9027,207335,208002,415458,42236
native_to_wasm,9028,207572,207461,415154,42236
native_to_wasm,9029,207854,207551,415526,42236
native_to_wasm,9030,207328,207469,414918,42236
native_to_wasm,9031,207381,207462,414964,42236
native_to_wasm,9032,207336,207977,415434,42236
native_to_wasm,9033,207457,207463,415041,42236
native_to_wasm,9034,207846,207550,415517,42236
native_to_wasm,9035,207324,207467,414912,42236
native_to_wasm,9036,207387,207458,414966,42236
native_to_wasm,9037,207338,207977,415436,42236
native_to_wasm,9038,207428,207459,415008,42236
native_to_wasm,9039,207846,207557,415524,42236
native_to_wasm,9040,207326,207467,414914,42236
native_to_wasm,9041,209227,207467,416815,42236
native_to_wasm,9042,207327,207981,415429,42236
native_to_wasm,9043,207426,207470,415017,42236
native_to_wasm,9044,208440,207552,416113,42236
native_to_wasm,9045,207324,207473,414918,42236
native_to_wasm,9046,209327,207466,416914,42236
native_to_wasm,9047,207336,207979,415436,42236
native_to_wasm,9048,207426,207459,415006,42236
native_to_wasm,9049,208489,207564,416174,42236
native_to_wasm,9050,207324,207465,414910,42236
native_to_wasm,9051,207967,208473,416561,42236
native_to_wasm,9052,207331,207977,415429,42236
native_to_wasm,9053,207428,207459,415008,42236
native_to_wasm,9054,208314,207549,415984,42236
native_to_wasm,9055,207326,207467,414914,42236
native_to_wasm,9056,207846,207552,415519,42236
native_to_wasm,9057,207329,207987,415437,42236
native_to_wasm,9058,207426,207468,415015,42236
native_to_wasm,9059,207332,208664,416117,42236
native_to_wasm,9060,207328,207455,414904,42236
native_to_wasm,9061,207858,207555,415534,42236
native_to_wasm,9062,207328,207973,415422,42236
native_to_wasm,9063,207406,207461,414988,42236
native_to_wasm,9064,207330,207518,414969,42236
native_to_wasm,9065,207339,207468,414928,42236
native_to_wasm,9066,207848,207542,415511,42236
native_to_wasm,9067,207332,207981,415434,42236
native_to_wasm,9068,207426,207470,415017,42236
native_to_wasm,9069,207330,208581,416032,42236
native_to_wasm,9070,207337,207465,414923,42236
native_to_wasm,9071,207854,207549,415524,42236
native_to_wasm,9072,207330,207981,415432,42236
native_to_wasm,9073,207428,207468,415017,42236
native_to_wasm,9074,207332,209754,417207,42236
native_to_wasm,9075,207336,207473,414930,42236
native_to_wasm,9076,207851,207546,415518,42236
native_to_wasm,9077,207328,208408,415857,42236
native_to_wasm,9078,207411,207455,414987,42236
native_to_wasm,9079,207348,208230,415699,42236
native_to_wasm,9080,208603,207467,416191,42236
native_to_wasm,9081,207854,207551,415526,42236
native_to_wasm,9082,207332,208577,416030,42236
native_to_wasm,9083,207457,207463,415041,42236
native_to_wasm,9084,207328,207981,415430,42236
native_to_wasm,9085,208592,207462,416175,42236
native_to_wasm,9086,207840,207565,415526,42236
native_to_wasm,9087,207324,208408,415853,42236
native_to_wasm,9088,207444,207482,415047,42236
native_to_wasm,9089,207335,208002,415458,42236
native_to_wasm,9090,207572,207461,415154,42236
native_to_wasm,9091,207854,207551,415526,42236
native_to_wasm,9092,207328,207469,414918,42236
native_to_wasm,9093,207381,207462,414964,42236
native_to_wasm,9094,207336,207977,415434,42236
native_to_wasm,9095,207457,207463,415041,42236
native_to_wasm,9096,207846,207550,415517,42236
native_to_wasm,9097,207324,207467,414912,42236
native_to_wasm,9098,207387,207458,414966,42236
native_to_wasm,9099,207338,207977,415436,42236
native_to_wasm,9100,207428,207459,415008,42236
native_to_wasm,9101,207846,207557,415524,42236
native_to_wasm,9102,207326,207467,414914,42236
native_to_wasm,9103,209227,207467,416815,42236
native_to_wasm,9104,207327,207981,415429,42236
native_to_wasm,9105,207426,207470,415017,42236
native_to_wasm,9106,208440,207552,416113,42236
native_to_wasm,9107,207324,207473,414918,42236
native_to_wasm,9108,209327,207466,416914,42236
native_to_wasm,9109,207336,207979,415436,42236
native_to_wasm,9110,207426,207459,415006,42236
native_to_wasm,9111,208489,207564,416174,42236
native_to_wasm,9112,207324,207465,414910,42236
native_to_wasm,9113,207967,208473,416561,42236
native_to_wasm,9114,207331,207977,415429,42236
native_to_wasm,9115,207428,207459,415008,42236
native_to_wasm,9116,208314,207549,415984,42236
native_to_wasm,9117,207326,207467,414914,42236
native_to_wasm,9118,207846,207552,415519,42236
native_to_wasm,9119,207329,207987,415437,42236
native_to_wasm,9120,207426,207468,415015,42236
native_to_wasm,9121,207332,208664,416117,42236
native_to_wasm,9122,207328,207455,414904,42236
native_to_wasm,9123,207858,207555,415534,42236
native_to_wasm,9124,207328,207973,415422,42236
native_to_wasm,9125,207406,207461,414988,42236
native_to_wasm,9126,207330,207518,414969,42236
native_to_wasm,9127,207339,207468,414928,42236
native_to_wasm,9128,207848,207542,415511,42236
native_to_wasm,9129,207332,207981,415434,42236
native_to_wasm,9130,207426,207470,415017,42236
native_to_wasm,9131,207330,208581,416032,42236
native_to_wasm,9132,207337,207465,414923,42236
native_to_wasm,9133,207854,207549,415524,42236
native_to_wasm,9134,207330,207981,415432,42236
native_to_wasm,9135,207428,207468,415017,42236
native_to_wasm,9136,207332,209754,417207,42236
native_to_wasm,9137,207336,207473,414930,42236
native_to_wasm,9138,207851,207546,415518,42236
native_to_wasm,9139,207328,208408,415857,42236
native_to_wasm,9140,207411,207455,414987,42236
native_to_wasm,9141,207348,208230,415699,42236
native_to_wasm,9142,208603,207467,416191,42236
native_to_wasm,9143,207854,207551,415526,42236
native_to_wasm,9144,207332,208577,416030,42236
native_to_wasm,9145,207457,207463,415041,42236
native_to_wasm,9146,207328,207981,415430,42236
native_to_wasm,9147,208592,207462,416175,42236
native_to_wasm,9148,207840,207565,415526,42236
native_to_wasm,9149,207324,208408,415853,42236
native_to_wasm,9150,207444,207482,415047,42236
native_to_wasm,9151,207335,208002,415458,42236
native_to_wasm,9152,207572,207461,415154,42236
native_to_wasm,9153,207854,207551,415526,42236
native_to_wasm,9154,207328,207469,414918,42236
native_to_wasm,9155,207381,207462,414964,42236
native_to_wasm,9156,207336,207977,415434,42236
native_to_wasm,9157,207457,207463,415041,42236
native_to_wasm,9158,207846,207550,415517,42236
native_to_wasm,9159,207324,207467,414912,42236
native_to_wasm,9160,207387,207458,414966,42236
native_to_wasm,9161,207338,207977,415436,42236
native_to_wasm,9162,207428,207459,415008,42236
native_to_wasm,9163,207846,207557,415524,42236
native_to_wasm,9164,207326,207467,414914,42236
native_to_wasm,9165,209227,207467,416815,42236
native_to_wasm,9166,207327,207981,415429,42236
native_to_wasm,9167,207426,207470,415017,42236
native_to_wasm,9168,208440,207552,416113,42236
native_to_wasm,9169,207324,207473,414918,42236
native_to_wasm,9170,209327,207466,416914,42236
native_to_wasm,9171,207336,207979,415436,42236
native_to_wasm,9172,207426,207459,415006,42236
native_to_wasm,9173,208489,207564,416174,42236
native_to_wasm,9174,207324,207465,414910,42236
native_to_wasm,9175,207967,208473,416561,42236
native_to_wasm,9176,207331,207977,415429,42236
native_to_wasm,9177,207428,207459,415008,42236
native_to_wasm,9178,208314,207549,415984,42236
native_to_wasm,9179,207326,207467,414914,42236
native_to_wasm,9180,207846,207552,415519,42236
native_to_wasm,9181,207329,207987,415437,42236
native_to_wasm,9182,207426,207468,415015,42236
native_to_wasm,9183,207332,208664,416117,42236
native_to_wasm,9184,207328,207455,414904,42236
native_to_wasm,9185,207858,207555,415534,42236
native_to_wasm,9186,207328,207973,415422,42236
native_to_wasm,9187,207406,207461,414988,42236
native_to_wasm,9188,207330,207518,414969,42236
native_to_wasm,9189,207339,207468,414928,42236
native_to_wasm,9190,207848,207542,415511,42236
native_to_wasm,9191,207332,207981,415434,42236
native_to_wasm,9192,207426,207470,415017,42236
native_to_wasm,9193,207330,208581,416032,42236
native_to_wasm,9194,207337,207465,414923,42236
native_to_wasm,9195,207854,207549,415524,42236
native_to_wasm,9196,207330,207981,415432,42236
native_to_wasm,9197,207428,207468,415017,42236
native_to_wasm,9198,207332,209754,417207,42236
native_to_wasm,9199,207336,207473,414930,42236
native_to_wasm,9200,207851,207546,415518,42236
native_to_wasm,9201,207328,208408,415857,42236
native_to_wasm,9202,207411,207455,414987,42236
native_to_wasm,9203,207348,208230,415699,42236
native_to_wasm,9204,208603,207467,416191,42236
native_to_wasm,9205,207854,207551,415526,42236
native_to_wasm,9206,207332,208577,416030,42236
native_to_wasm,9207,207457,207463,415041,42236
native_to_wasm,9208,207328,207981,415430,42236
native_to_wasm,9209,208592,207462,416175,42236
native_to_wasm,9210,207840,207565,415526,42236
native_to_wasm,9211,207324,208408,415853,42236
native_to_wasm,9212,207444,207482,415047,42236
native_to_wasm,9213,207335,208002,415458,42236
native_to_wasm,9214,207572,207461,415154,42236
native_to_wasm,9215,207854,207551,415526,42236
native_to_wasm,9216,207328,207469,414918,42236
native_to_wasm,9217,207381,207462,414964,42236
native_to_wasm,9218,207336,207977,415434,42236
native_to_wasm,9219,207457,207463,415041,42236
native_to_wasm,9220,207846,207550,415517,42236
native_to_wasm,9221,207324,207467,414912,42236
native_to_wasm,9222,207387,207458,414966,42236
native_to_wasm,9223,207338,207977,415436,42236
native_to_wasm,9224,207428,207459,415008,42236
native_to_wasm,9225,207846,207557,415524,42236
native_to_wasm,9226,207326,207467,414914,42236
native_to_wasm,9227,209227,207467,416815,42236
native_to_wasm,9228,207327,207981,415429,42236
native_to_wasm,9229,207426,207470,415017,42236
native_to_wasm,9230,208440,207552,416113,42236
native_to_wasm,9231,207324,207473,414918,42236
native_to_wasm,9232,209327,207466,416914,42236
native_to_wasm,9233,207336,207979,415436,42236
native_to_wasm,9234,207426,207459,415006,42236
native_to_wasm,9235,208489,207564,416174,42236
native_to_wasm,9236,207324,207465,414910,42236
native_to_wasm,9237,207967,208473,416561,42236
native_to_wasm,9238,207331,207977,415429,42236
native_to_wasm,9239,207428,207459,415008,42236
native_to_wasm,9240,208314,207549,415984,42236
native_to_wasm,9241,207326,207467,414914,42236
native_to_wasm,9242,207846,207552,415519,42236
native_to_wasm,9243,207329,207987,415437,42236
native_to_wasm,9244,207426,207468,415015,42236
native_to_wasm,9245,207332,208664,416117,42236
native_to_wasm,9246,207328,207455,414904,42236
native_to_wasm,9247,207858,207555,415534,42236
native_to_wasm,9248,207328,207973,415422,42236
native_to_wasm,9249,207406,207461,414988,42236
native_to_wasm,9250,207330,207518,414969,42236
native_to_wasm,9251,207339,207468,414928,42236
native_to_wasm,9252,207848,207542,415511,42236
native_to_wasm,9253,207332,207981,415434,42236
native_to_wasm,9254,207426,207470,415017,42236
native_to_wasm,9255,207330,208581,416032,42236
native_to_wasm,9256,207337,207465,414923,42236
native_to_wasm,9257,207854,207549,415524,42236
native_to_wasm,9258,207330,207981,415432,42236
native_to_wasm,9259,207428,207468,415017,42236
native_to_wasm,9260,207332,209754,417207,42236
native_to_wasm,9261,207336,207473,414930,42236
native_to_wasm,9262,207851,207546,415518,42236
native_to_wasm,9263,207328,208408,415857,42236
native_to_wasm,9264,207411,207455,414987,42236
native_to_wasm,9265,207348,208230,415699,42236
native_to_wasm,9266,208603,207467,416191,42236
native_to_wasm,9267,207854,207551,415526,42236
native_to_wasm,9268,207332,208577,416030,42236
native_to_wasm,9269,207457,207463,415041,42236
native_to_wasm,9270,207328,207981,415430,42236
native_to_wasm,9271,208592,207462,416175,42236
native_to_wasm,9272,207840,207565,415526,42236
native_to_wasm,9273,207324,208408,415853,42236
native_to_wasm,9274,207444,207482,415047,42236
native_to_wasm,9275,207335,208002,415458,42236
native_to_wasm,9276,207572,207461,415154,42236
native_to_wasm,9277,207854,207551,415526,42236
native_to_wasm,9278,207328,207469,414918,42236
native_to_wasm,9279,207381,207462,414964,42236
native_to_wasm,9280,207336,207977,415434,42236
native_to_wasm,9281,207457,207463,415041,42236
native_to_wasm,9282,207846,207550,415517,42236
native_to_wasm,9283,207324,207467,414912,42236
native_to_wasm,9284,207387,207458,414966,42236
native_to_wasm,9285,207338,207977,415436,42236
native_to_wasm,9286,207428,207459,415008,42236
native_to_wasm,9287,207846,207557,415524,42236
native_to_wasm,9288,207326,207467,414914,42236
native_to_wasm,9289,209227,207467,416815,42236
native_to_wasm,9290,207327,207981,415429,42236
native_to_wasm,9291,207426,207470,415017,42236
native_to_wasm,9292,208440,207552,416113,42236
native_to_wasm,9293,207324,207473,414918,42236
native_to_wasm,9294,209327,207466,416914,42236
native_to_wasm,9295,207336,207979,415436,42236
native_to_wasm,9296,207426,207459,415006,42236
native_to_wasm,9297,208489,207564,416174,42236
native_to_wasm,9298,207324,207465,414910,42236
native_to_wasm,9299,207967,208473,416561,42236
native_to_wasm,9300,207331,207977,415429,42236
native_to_wasm,9301,207428,207459,415008,42236
native_to_wasm,9302,208314,207549,415984,42236
native_to_wasm,9303,207326,207467,414914,42236
native_to_wasm,9304,207846,207552,415519,42236
native_to_wasm,9305,207329,207987,415437,42236
native_to_wasm,9306,207426,207468,415015,42236
native_to_wasm,9307,207332,208664,416117,42236
native_to_wasm,9308,207328,207455,414904,42236
native_to_wasm,9309,207858,207555,415534,42236
native_to_wasm,9310,207328,207973,415422,42236
native_to_wasm,9311,207406,207461,414988,42236
native_to_wasm,9312,207330,207518,414969,42236
native_to_wasm,9313,207339,207468,414928,42236
native_to_wasm,9314,207848,207542,415511,42236
native_to_wasm,9315,207332,207981,415434,42236
native_to_wasm,9316,207426,207470,415017,42236
native_to_wasm,9317,207330,208581,416032,42236
native_to_wasm,9318,207337,207465,414923,42236
native_to_wasm,9319,207854,207549,415524,42236
native_to_wasm,9320,207330,207981,415432,42236
native_to_wasm,9321,207428,207468,415017,42236
native_to_wasm,9322,207332,209754,417207,42236
native_to_wasm,9323,207336,207473,414930,42236
native_to_wasm,9324,207851,207546,415518,42236
native_to_wasm,9325,207328,208408,415857,42236
native_to_wasm,9326,207411,207455,414987,42236
native_to_wasm,9327,207348,208230,415699,42236
native_to_wasm,9328,208603,207467,416191,42236
native_to_wasm,9329,207854,207551,415526,42236
native_to_wasm,9330,207332,208577,416030,42236
native_to_wasm,9331,207457,207463,415041,42236
native_to_wasm,9332,207328,207981,415430,42236
native_to_wasm,9333,208592,207462,416175,42236
native_to_wasm,9334,207840,207565,415526,42236
native_to_wasm,9335,207324,208408,415853,42236
native_to_wasm,9336,207444,207482,415047,42236
native_to_wasm,9337,207335,208002,415458,42236
native_to_wasm,9338,207572,207461,415154,42236
native_to_wasm,9339,207854,207551,415526,42236
native_to_wasm,9340,207328,207469,414918,42236
native_to_wasm,9341,207381,207462,414964,42236
native_to_wasm,9342,207336,207977,415434,42236
native_to_wasm,9343,207457,207463,415041,42236
native_to_wasm,9344,207846,207550,415517,42236
native_to_wasm,9345,207324,207467,414912,42236
native_to_wasm,9346,207387,207458,414966,42236
native_to_wasm,9347,207338,207977,415436,42236
native_to_wasm,9348,207428,207459,415008,42236
native_to_wasm,9349,207846,207557,415524,42236
native_to_wasm,9350,207326,207467,414914,42236
native_to_wasm,9351,209227,207467,416815,42236
native_to_wasm,9352,207327,207981,415429,42236
native_to_wasm,9353,207426,207470,415017,42236
native_to_wasm,9354,208440,207552,416113,42236
native_to_wasm,9355,207324,207473,414918,42236
native_to_wasm,9356,209327,207466,416914,42236
native_to_wasm,9357,207336,207979,415436,42236
native_to_wasm,9358,207426,207459,415006,42236
native_to_wasm,9359,208489,207564,416174,42236
native_to_wasm,9360,207324,207465,414910,42236
native_to_wasm,9361,207967,208473,416561,42236
native_to_wasm,9362,207331,207977,415429,42236
native_to_wasm,9363,207428,207459,415008,42236
native_to_wasm,9364,208314,207549,415984,42236
native_to_wasm,9365,207326,207467,414914,42236
native_to_wasm,9366,207846,207552,415519,42236
native_to_wasm,9367,207329,207987,415437,42236
native_to_wasm,9368,207426,207468,415015,42236
native_to_wasm,9369,207332,208664,416117,42236
native_to_wasm,9370,207328,207455,414904,42236
native_to_wasm,9371,207858,207555,415534,42236
native_to_wasm,9372,207328,207973,415422,42236
native_to_wasm,9373,207406,207461,414988,42236
native_to_wasm,9374,207330,207518,414969,42236
native_to_wasm,9375,207339,207468,414928,42236
native_to_wasm,9376,207848,207542,415511,42236
native_to_wasm,9377,207332,207981,415434,42236
native_to_wasm,9378,207426,207470,415017,42236
native_to_wasm,9379,207330,208581,416032,42236
native_to_wasm,9380,207337,207465,414923,42236
native_to_wasm,9381,207854,207549,415524,42236
native_to_wasm,9382,207330,207981,415432,42236
native_to_wasm,9383,207428,207468,415017,42236
native_to_wasm,9384,207332,209754,417207,42236
native_to_wasm,9385,207336,207473,414930,42236
native_to_wasm,9386,207851,207546,415518,42236
native_to_wasm,9387,207328,208408,415857,42236
native_to_wasm,9388,207411,207455,414987,42236
native_to_wasm,9389,207348,208230,415699,42236
native_to_wasm,9390,208603,207467,416191,42236
native_to_wasm,9391,207854,207551,415526,42236
native_to_wasm,9392,207332,208577,416030,42236
native_to_wasm,9393,207457,207463,415041,42236
native_to_wasm,9394,207328,207981,415430,42236
native_to_wasm,9395,208592,207462,416175,42236
native_to_wasm,9396,207840,207565,415526,42236
native_to_wasm,9397,207324,208408,415853,42236
native_to_wasm,9398,207444,207482,415047,42236
native_to_wasm,9399,207335,208002,415458,42236
native_to_wasm,9400,207572,207461,415154,42236
native_to_wasm,9401,207854,207551,415526,42236
native_to_wasm,9402,207328,207469,414918,42236
native_to_wasm,9403,207381,207462,414964,42236
native_to_wasm,9404,207336,207977,415434,42236
native_to_wasm,9405,207457,207463,415041,42236
native_to_wasm,9406,207846,207550,415517,42236
native_to_wasm,9407,207324,207467,414912,42236
native_to_wasm,9408,207387,207458,414966,42236
native_to_wasm,9409,207338,207977,415436,42236
native_to_wasm,9410,207428,207459,415008,42236
native_to_wasm,9411,207846,207557,415524,42236
native_to_wasm,9412,207326,207467,414914,42236
native_to_wasm,9413,209227,207467,416815,42236
native_to_wasm,9414,207327,207981,415429,42236
native_to_wasm,9415,207426,207470,415017,42236
native_to_wasm,9416,208440,207552,416113,42236
native_to_wasm,9417,207324,207473,414918,42236
native_to_wasm,9418,209327,207466,416914,42236
native_to_wasm,9419,207336,207979,415436,42236
native_to_wasm,9420,207426,207459,415006,42236
native_to_wasm,9421,208489,207564,416174,42236
native_to_wasm,9422,207324,207465,414910,42236
native_to_wasm,9423,207967,208473,416561,42236
native_to_wasm,9424,207331,207977,415429,42236
native_to_wasm,9425,207428,207459,415008,42236
native_to_wasm,9426,208314,207549,415984,42236
native_to_wasm,9427,207326,207467,414914,42236
native_to_wasm,9428,207846,207552,415519,42236
native_to_wasm,9429,207329,207987,415437,42236
native_to_wasm,9430,207426,207468,415015,42236
native_to_wasm,9431,207332,208664,416117,42236
native_to_wasm,9432,207328,207455,414904,42236
native_to_wasm,9433,207858,207555,415534,42236
native_to_wasm,9434,207328,207973,415422,42236
native_to_wasm,9435,207406,207461,414988,42236
native_to_wasm,9436,207330,207518,414969,42236
native_to_wasm,9437,207339,207468,414928,42236
native_to_wasm,9438,207848,207542,415511,42236
native_to_wasm,9439,207332,207981,415434,42236
native_to_wasm,9440,207426,207470,415017,42236
native_to_wasm,9441,207330,208581,416032,42236
native_to_wasm,9442,207337,207465,414923,42236
native_to_wasm,9443,207854,207549,415524,42236
native_to_wasm,9444,207330,207981,415432,42236
native_to_wasm,9445,207428,207468,415017,42236
native_to_wasm,9446,207332,209754,417207,42236
native_to_wasm,9447,207336,207473,414930,42236
native_to_wasm,9448,207851,207546,415518,42236
native_to_wasm,9449,207328,208408,415857,42236
native_to_wasm,9450,207411,207455,414987,42236
native_to_wasm,9451,207348,208230,415699,42236
native_to_wasm,9452,208603,207467,416191,42236
native_to_wasm,9453,207854,207551,415526,42236
native_to_wasm,9454,207332,208577,416030,42236
native_to_wasm,9455,207457,207463,415041,42236
native_to_wasm,9456,207328,207981,415430,42236
native_to_wasm,9457,208592,207462,416175,42236
native_to_wasm,9458,207840,207565,415526,42236
native_to_wasm,9459,207324,208408,415853,42236
native_to_wasm,9460,207444,207482,415047,42236
native_to_wasm,9461,207335,208002,415458,42236
native_to_wasm,9462,207572,207461,415154,42236
native_to_wasm,9463,207854,207551,415526,42236
native_to_wasm,9464,207328,207469,414918,42236
native_to_wasm,9465,207381,207462,414964,42236
native_to_wasm,9466,207336,207977,415434,42236
native_to_wasm,9467,207457,207463,415041,42236
native_to_wasm,9468,207846,207550,415517,42236
native_to_wasm,9469,207324,207467,414912,42236
native_to_wasm,9470,207387,207458,414966,42236
native_to_wasm,9471,207338,207977,415436,42236
native_to_wasm,9472,207428,207459,415008,42236
native_to_wasm,9473,207846,207557,415524,42236
native_to_wasm,9474,207326,207467,414914,42236
native_to_wasm,9475,209227,207467,416815,42236
native_to_wasm,9476,207327,207981,415429,42236
native_to_wasm,9477,207426,207470,415017,42236
native_to_wasm,9478,208440,207552,416113,42236
native_to_wasm,9479,207324,207473,414918,42236
native_to_wasm,9480,209327,207466,416914,42236
native_to_wasm,9481,207336,207979,415436,42236
native_to_wasm,9482,207426,207459,415006,42236
native_to_wasm,9483,208489,207564,416174,42236
native_to_wasm,9484,207324,207465,414910,42236
native_to_wasm,9485,207967,208473,416561,42236
native_to_wasm,9486,207331,207977,415429,42236
native_to_wasm,9487,207428,207459,415008,42236
native_to_wasm,9488,208314,207549,415984,42236
native_to_wasm,9489,207326,207467,414914,42236
native_to_wasm,9490,207846,207552,415519,42236
native_to_wasm,9491,207329,207987,415437,42236
native_to_wasm,9492,207426,207468,415015,42236
native_to_wasm,9493,207332,208664,416117,42236
native_to_wasm,9494,207328,207455,414904,42236
native_to_wasm,9495,207858,207555,415534,42236
native_to_wasm,9496,207328,207973,415422,42236
native_to_wasm,9497,207406,207461,414988,42236
native_to_wasm,9498,207330,207518,414969,42236
native_to_wasm,9499,207339,207468,414928,42236
native_to_wasm,9500,207848,207542,415511,42236
native_to_wasm,9501,207332,207981,415434,42236
native_to_wasm,9502,207426,207470,415017,42236
native_to_wasm,9503,207330,208581,416032,42236
native_to_wasm,9504,207337,207465,414923,42236
native_to_wasm,9505,207854,207549,415524,42236
native_to_wasm,9506,207330,207981,415432,42236
native_to_wasm,9507,207428,207468,415017,42236
native_to_wasm,9508,207332,209754,417207,42236
native_to_wasm,9509,207336,207473,414930,42236
native_to_wasm,9510,207851,207546,415518,42236
native_to_wasm,9511,207328,208408,415857,42236
native_to_wasm,9512,207411,207455,414987,42236
native_to_wasm,9513,207348,206410,413879,42236
native_to_wasm,9514,205788,205918,411827,42236
native_to_wasm,9515,206221,205864,412206,42236
native_to_wasm,9516,205780,205864,411765,42236
native_to_wasm,9517,206273,205864,412258,42236
native_to_wasm,9518,205730,206402,412253,42236
native_to_wasm,9519,205730,205864,411715,42236
native_to_wasm,9520,4256551,207461,4464133,42236
native_to_wasm,9521,207332,207983,415436,42236
native_to_wasm,9522,207422,207461,415004,42236
native_to_wasm,9523,207850,207551,415522,42236
native_to_wasm,9524,207332,207465,414918,42236
native_to_wasm,9525,208460,207473,416054,42236
native_to_wasm,9526,207324,207985,415430,42236
native_to_wasm,9527,207451,207490,415062,42236
native_to_wasm,9528,208217,207544,415882,42236
native_to_wasm,9529,207326,207467,414914,42236
native_to_wasm,9530,208984,207473,416578,42236
native_to_wasm,9531,207338,207988,415447,42236
native_to_wasm,9532,207407,207473,415001,42236
native_to_wasm,9533,208490,207549,416160,42236
native_to_wasm,9534,207328,207473,414922,42236
native_to_wasm,9535,207949,208508,416578,42236
native_to_wasm,9536,207324,207985,415430,42236
native_to_wasm,9537,207451,207467,415039,42236
native_to_wasm,9538,208228,207562,415911,42236
native_to_wasm,9539,207333,207463,414917,42236
native_to_wasm,9540,207846,207579,415546,42236
native_to_wasm,9541,207351,207986,415458,42236
native_to_wasm,9542,207409,207463,414993,42236
native_to_wasm,9543,207328,208653,416102,42236
native_to_wasm,9544,207324,207473,414918,42236
native_to_wasm,9545,207844,207555,415520,42236
native_to_wasm,9546,207328,207979,415428,42236
native_to_wasm,9547,207428,207470,415019,42236
native_to_wasm,9548,207330,207543,414994,42236
native_to_wasm,9549,207328,207465,414914,42236
native_to_wasm,9550,207848,207546,415515,42236
native_to_wasm,9551,207326,207991,415438,42236
native_to_wasm,9552,207414,207463,414998,42236
native_to_wasm,9553,207336,208576,416033,42236
native_to_wasm,9554,207327,207463,414911,42236
native_to_wasm,9555,207854,207549,415524,42236
native_to_wasm,9556,207330,207981,415432,42236
native_to_wasm,9557,207428,207468,415017,42236
native_to_wasm,9558,207332,209754,417207,42236
native_to_wasm,9559,207336,207473,414930,42236
native_to_wasm,9560,207851,207546,415518,42236
native_to_wasm,9561,207328,208408,415857,42236
native_to_wasm,9562,207411,207455,414987,42236
native_to_wasm,9563,207348,208230,415699,42236
native_to_wasm,9564,208603,207467,416191,42236
native_to_wasm,9565,207854,207551,415526,42236
native_to_wasm,9566,207332,208577,416030,42236
native_to_wasm,9567,207457,207463,415041,42236
native_to_wasm,9568,207328,207981,415430,42236
native_to_wasm,9569,208592,207462,416175,42236
native_to_wasm,9570,207840,207565,415526,42236
native_to_wasm,9571,207324,208408,415853,42236
native_to_wasm,9572,207444,207482,415047,42236
native_to_wasm,9573,207335,208002,415458,42236
native_to_wasm,9574,207572,207461,415154,42236
native_to_wasm,9575,207854,207551,415526,42236
native_to_wasm,9576,207328,207469,414918,42236
native_to_wasm,9577,207381,207462,414964,42236
native_to_wasm,9578,207336,207977,415434,42236
native_to_wasm,9579,207457,207463,415041,42236
native_to_wasm,9580,207846,207550,415517,42236
native_to_wasm,9581,207324,207467,414912,42236
native_to_wasm,9582,207387,207458,414966,42236
native_to_wasm,9583,207338,207977,415436,42236
native_to_wasm,9584,207428,207459,415008,42236
native_to_wasm,9585,207846,207557,415524,42236
native_to_wasm,9586,207326,207467,414914,42236
native_to_wasm,9587,209227,207467,416815,42236
native_to_wasm,9588,207327,207981,415429,42236
native_to_wasm,9589,207426,207470,415017,42236
native_to_wasm,9590,208440,207552,416113,42236
native_to_wasm,9591,207324,207473,414918,42236
native_to_wasm,9592,209327,207466,416914,42236
native_to_wasm,9593,207336,207979,415436,42236
native_to_wasm,9594,207426,207459,415006,42236
native_to_wasm,9595,208489,207564,416174,42236
native_to_wasm,9596,207324,207465,414910,42236
native_to_wasm,9597,207967,208473,416561,42236
native_to_wasm,9598,207331,207977,415429,42236
native_to_wasm,9599,207428,207459,415008,42236
native_to_wasm,9600,208314,207549,415984,42236
native_to_wasm,9601,207326,207467,414914,42236
native_to_wasm,9602,207846,207552,415519,42236
native_to_wasm,9603,207329,207987,415437,42236
native_to_wasm,9604,207426,207468,415015,42236
native_to_wasm,9605,207332,208664,416117,42236
native_to_wasm,9606,207328,207455,414904,42236
native_to_wasm,9607,207858,207555,415534,42236
native_to_wasm,9608,207328,207973,415422,42236
native_to_wasm,9609,207406,207461,414988,42236
native_to_wasm,9610,207330,207518,414969,42236
native_to_wasm,9611,207339,207468,414928,42236
native_to_wasm,9612,207848,207542,415511,42236
native_to_wasm,9613,207332,207981,415434,42236
native_to_wasm,9614,207426,207470,415017,42236
native_to_wasm,9615,207330,208581,416032,42236
native_to_wasm,9616,207337,207465,414923,42236
native_to_wasm,9617,207854,207549,415524,42236
native_to_wasm,9618,207330,207981,415432,42236
native_to_wasm,9619,207428,207468,415017,42236
native_to_wasm,9620,207332,209754,417207,42236
native_to_wasm,9621,207336,207473,414930,42236
native_to_wasm,9622,207851,207546,415518,42236
native_to_wasm,9623,207328,208408,415857,42236
native_to_wasm,9624,207411,207455,414987,42236
native_to_wasm,9625,207348,208230,415699,42236
native_to_wasm,9626,208603,207467,416191,42236
native_to_wasm,9627,207854,207551,415526,42236
native_to_wasm,9628,207332,208577,416030,42236
native_to_wasm,9629,207457,207463,415041,42236
native_to_wasm,9630,207328,207981,415430,42236
native_to_wasm,9631,208592,207462,416175,42236
native_to_wasm,9632,207840,207565,415526,42236
native_to_wasm,9633,207324,208408,415853,42236
native_to_wasm,9634,207444,207482,415047,42236
native_to_wasm,9635,207335,208002,415458,42236
native_to_wasm,9636,207572,207461,415154,42236
native_to_wasm,9637,207854,207551,415526,42236
native_to_wasm,9638,207328,207469,414918,42236
native_to_wasm,9639,207381,207462,414964,42236
native_to_wasm,9640,207336,207977,415434,42236
native_to_wasm,9641,207457,207463,415041,42236
native_to_wasm,9642,207846,207550,415517,42236
native_to_wasm,9643,207324,207467,414912,42236
native_to_wasm,9644,207387,207458,414966,42236
native_to_wasm,9645,207338,207977,415436,42236
native_to_wasm,9646,207428,207459,415008,42236
native_to_wasm,9647,207846,207557,415524,42236
native_to_wasm,9648,207326,207467,414914,42236
native_to_wasm,9649,209227,207467,416815,42236
native_to_wasm,9650,207327,207981,415429,42236
native_to_wasm,9651,207426,207470,415017,42236
native_to_wasm,9652,208440,207552,416113,42236
native_to_wasm,9653,207324,207473,414918,42236
native_to_wasm,9654,209327,207466,416914,42236
native_to_wasm,9655,207336,207979,415436,42236
native_to_wasm,9656,207426,207459,415006,42236
native_to_wasm,9657,208489,207564,416174,42236
native_to_wasm,9658,207324,207465,414910,42236
native_to_wasm,9659,207967,208473,416561,42236
native_to_wasm,9660,207331,207977,415429,42236
native_to_wasm,9661,207428,207459,415008,42236
native_to_wasm,9662,208314,207549,415984,42236
native_to_wasm,9663,207326,207467,414914,42236
native_to_wasm,9664,207846,207552,415519,42236
native_to_wasm,9665,207329,207987,415437,42236
native_to_wasm,9666,207426,207468,415015,42236
native_to_wasm,9667,207332,208664,416117,42236
native_to_wasm,9668,207328,207455,414904,42236
native_to_wasm,9669,207858,207555,415534,42236
native_to_wasm,9670,207328,207973,415422,42236
native_to_wasm,9671,207406,207461,414988,42236
native_to_wasm,9672,207330,207518,414969,42236
native_to_wasm,9673,207339,207468,414928,42236
native_to_wasm,9674,207848,207542,415511,42236
native_to_wasm,9675,207332,207981,415434,42236
native_to_wasm,9676,207426,207470,415017,42236
native_to_wasm,9677,207330,208581,416032,42236
native_to_wasm,9678,207337,207465,414923,42236
native_to_wasm,9679,207854,207549,415524,42236
native_to_wasm,9680,207330,207981,415432,42236
native_to_wasm,9681,207428,207468,415017,42236
native_to_wasm,9682,207332,209754,417207,42236
native_to_wasm,9683,207336,207473,414930,42236
native_to_wasm,9684,207851,207546,415518,42236
native_to_wasm,9685,207328,208408,415857,42236
native_to_wasm,9686,207411,207455,414987,42236
native_to_wasm,9687,207348,208230,415699,42236
native_to_wasm,9688,208603,207467,416191,42236
native_to_wasm,9689,207854,207551,415526,42236
native_to_wasm,9690,207332,208577,416030,42236
native_to_wasm,9691,207457,207463,415041,42236
native_to_wasm,9692,207328,207981,415430,42236
native_to_wasm,9693,208592,207462,416175,42236
native_to_wasm,9694,207840,207565,415526,42236
native_to_wasm,9695,207324,208408,415853,42236
native_to_wasm,9696,207444,207482,415047,42236
native_to_wasm,9697,207335,208002,415458,42236
native_to_wasm,9698,207572,207461,415154,42236
native_to_wasm,9699,207854,207551,415526,42236
native_to_wasm,9700,207328,207469,414918,42236
native_to_wasm,9701,207381,207462,414964,42236
native_to_wasm,9702,207336,207977,415434,42236
native_to_wasm,9703,207457,207463,415041,42236
native_to_wasm,9704,207846,207550,415517,42236
native_to_wasm,9705,207324,207467,414912,42236
native_to_wasm,9706,207387,207458,414966,42236
native_to_wasm,9707,207338,207977,415436,42236
native_to_wasm,9708,207428,207459,415008,42236
native_to_wasm,9709,207846,207557,415524,42236
native_to_wasm,9710,207326,207467,414914,42236
native_to_wasm,9711,209227,207467,416815,42236
native_to_wasm,9712,207327,207981,415429,42236
native_to_wasm,9713,207426,207470,415017,42236
native_to_wasm,9714,208440,207552,416113,42236
native_to_wasm,9715,207324,207473,414918,42236
native_to_wasm,9716,209327,207466,416914,42236
native_to_wasm,9717,207336,207979,415436,42236
native_to_wasm,9718,207426,207459,415006,42236
native_to_wasm,9719,208489,207564,416174,42236
native_to_wasm,9720,207324,207465,414910,42236
native_to_wasm,9721,207967,208473,416561,42236
native_to_wasm,9722,207331,207977,415429,42236
native_to_wasm,9723,207428,207459,415008,42236
native_to_wasm,9724,208314,207549,415984,42236
native_to_wasm,9725,207326,207467,414914,42236
native_to_wasm,9726,207846,207552,415519,42236
native_to_wasm,9727,207329,207987,415437,42236
native_to_wasm,9728,207426,207468,415015,42236
native_to_wasm,9729,207332,208664,416117,42236
native_to_wasm,9730,207328,207455,414904,42236
native_to_wasm,9731,207858,207555,415534,42236
native_to_wasm,9732,207328,207973,415422,42236
native_to_wasm,9733,207406,207461,414988,42236
native_to_wasm,9734,207330,207518,414969,42236
native_to_wasm,9735,207339,207468,414928,42236
native_to_wasm,9736,207848,207542,415511,42236
native_to_wasm,9737,207332,207981,415434,42236
native_to_wasm,9738,207426,207470,415017,42236
native_to_wasm,9739,207330,208581,416032,42236
native_to_wasm,9740,207337,207465,414923,42236
native_to_wasm,9741,207854,207549,415524,42236
native_to_wasm,9742,207330,207981,415432,42236
native_to_wasm,9743,207428,207468,415017,42236
native_to_wasm,9744,207332,209754,417207,42236
native_to_wasm,9745,207336,207473,414930,42236
native_to_wasm,9746,207851,207546,415518,42236
native_to_wasm,9747,207328,208408,415857,42236
native_to_wasm,9748,207411,207455,414987,42236
native_to_wasm,9749,207348,208230,415699,42236
native_to_wasm,9750,208603,207467,416191,42236
native_to_wasm,9751,207854,207551,415526,42236
native_to_wasm,9752,207332,208577,416030,42236
native_to_wasm,9753,207457,207463,415041,42236
native_to_wasm,9754,207328,207981,415430,42236
native_to_wasm,9755,208592,207462,416175,42236
native_to_wasm,9756,207840,207565,415526,42236
native_to_wasm,9757,207324,208408,415853,42236
native_to_wasm,9758,207444,207482,415047,42236
native_to_wasm,9759,207335,208002,415458,42236
native_to_wasm,9760,207572,207461,415154,42236
native_to_wasm,9761,207854,207551,415526,42236
native_to_wasm,9762,207328,207469,414918,42236
native_to_wasm,9763,207381,207462,414964,42236
native_to_wasm,9764,207336,207977,415434,42236
native_to_wasm,9765,207457,207463,415041,42236
native_to_wasm,9766,207846,207550,415517,42236
native_to_wasm,9767,207324,207467,414912,42236
native_to_wasm,9768,207387,207458,414966,42236
native_to_wasm,9769,207338,207977,415436,42236
native_to_wasm,9770,207428,207459,415008,42236
native_to_wasm,9771,207846,207557,415524,42236
native_to_wasm,9772,207326,207467,414914,42236
native_to_wasm,9773,209227,207467,416815,42236
native_to_wasm,9774,207327,207981,415429,42236
native_to_wasm,9775,207426,207470,415017,42236
native_to_wasm,9776,208440,207552,416113,42236
native_to_wasm,9777,207324,207473,414918,42236
native_to_wasm,9778,209327,207466,416914,42236
native_to_wasm,9779,207336,207979,415436,42236
native_to_wasm,9780,207426,207459,415006,42236
native_to_wasm,9781,208489,207564,416174,42236
native_to_wasm,9782,207324,207465,414910,42236
native_to_wasm,9783,207967,208473,416561,42236
native_to_wasm,9784,207331,207977,415429,42236
native_to_wasm,9785,207428,207459,415008,42236
native_to_wasm,9786,208314,207549,415984,42236
native_to_wasm,9787,207326,207467,414914,42236
native_to_wasm,9788,207846,207552,415519,42236
native_to_wasm,9789,207329,207987,415437,42236
native_to_wasm,9790,207426,207468,415015,42236
native_to_wasm,9791,207332,208664,416117,42236
native_to_wasm,9792,207328,207455,414904,42236
native_to_wasm,9793,207858,207555,415534,42236
native_to_wasm,9794,207328,207973,415422,42236
native_to_wasm,9795,207406,207461,414988,42236
native_to_wasm,9796,207330,207518,414969,42236
native_to_wasm,9797,207339,207468,414928,42236
native_to_wasm,9798,207848,207542,415511,42236
native_to_wasm,9799,207332,207981,415434,42236
native_to_wasm,9800,207426,207470,415017,42236
native_to_wasm,9801,207330,208581,416032,42236
native_to_wasm,9802,207337,207465,414923,42236
native_to_wasm,9803,207854,207549,415524,42236
native_to_wasm,9804,207330,207981,415432,42236
native_to_wasm,9805,207428,207468,415017,42236
native_to_wasm,9806,207332,209754,417207,42236
native_to_wasm,9807,207336,207473,414930,42236
native_to_wasm,9808,207851,207546,415518,42236
native_to_wasm,9809,207328,208408,415857,42236
native_to_wasm,9810,207411,207455,414987,42236
native_to_wasm,9811,207348,208230,415699,42236
native_to_wasm,9812,208603,207467,416191,42236
native_to_wasm,9813,207854,207551,415526,42236
native_to_wasm,9814,207332,208577,416030,42236
native_to_wasm,9815,207457,207463,415041,42236
native_to_wasm,9816,207328,207981,415430,42236
native_to_wasm,9817,208592,207462,416175,42236
native_to_wasm,9818,207840,207565,415526,42236
native_to_wasm,9819,207324,208408,415853,42236
native_to_wasm,9820,207444,207482,415047,42236
native_to_wasm,9821,207335,208002,415458,42236
native_to_wasm,9822,207572,207461,415154,42236
native_to_wasm,9823,207854,207551,415526,42236
native_to_wasm,9824,207328,207469,414918,42236
native_to_wasm,9825,207381,207462,414964,42236
native_to_wasm,9826,207336,207977,415434,42236
native_to_wasm,9827,207457,207463,415041,42236
native_to_wasm,9828,207846,207550,415517,42236
native_to_wasm,9829,207324,207467,414912,42236
native_to_wasm,9830,207387,207458,414966,42236
native_to_wasm,9831,207338,207977,415436,42236
native_to_wasm,9832,207428,207459,415008,42236
native_to_wasm,9833,207846,207557,415524,42236
native_to_wasm,9834,207326,207467,414914,42236
native_to_wasm,9835,209227,207467,416815,42236
native_to_wasm,9836,207327,207981,415429,42236
native_to_wasm,9837,207426,207470,415017,42236
native_to_wasm,9838,208440,207552,416113,42236
native_to_wasm,9839,207324,207473,414918,42236
native_to_wasm,9840,209327,207466,416914,42236
native_to_wasm,9841,207336,207979,415436,42236
native_to_wasm,9842,207426,207459,415006,42236
native_to_wasm,9843,208489,207564,416174,42236
native_to_wasm,9844,207324,207465,414910,42236
native_to_wasm,9845,207967,208473,416561,42236
native_to_wasm,9846,207331,207977,415429,42236
native_to_wasm,9847,207428,207459,415008,42236
native_to_wasm,9848,208314,207549,415984,42236
native_to_wasm,9849,207326,207467,414914,42236
native_to_wasm,9850,207846,207552,415519,42236
native_to_wasm,9851,207329,207987,415437,42236
native_to_wasm,9852,207426,207468,415015,42236
native_to_wasm,9853,207332,208664,416117,42236
native_to_wasm,9854,207328,207455,414904,42236
native_to_wasm,9855,207858,207555,415534,42236
native_to_wasm,9856,207328,207973,415422,42236
native_to_wasm,9857,207406,207461,414988,42236
native_to_wasm,9858,207330,207518,414969,42236
native_to_wasm,9859,207339,207468,414928,42236
native_to_wasm,9860,207848,207542,415511,42236
native_to_wasm,9861,207332,207981,415434,42236
native_to_wasm,9862,207426,207470,415017,42236
native_to_wasm,9863,207330,208581,416032,42236
native_to_wasm,9864,207337,207465,414923,42236
native_to_wasm,9865,207854,207549,415524,42236
native_to_wasm,9866,207330,207981,415432,42236
native_to_wasm,9867,207428,207468,415017,42236
native_to_wasm,9868,207332,209754,417207,42236
native_to_wasm,9869,207336,207473,414930,42236
native_to_wasm,9870,207851,207546,415518,42236
native_to_wasm,9871,207328,208408,415857,42236
native_to_wasm,9872,207411,207455,414987,42236
native_to_wasm,9873,207348,208230,415699,42236
native_to_wasm,9874,208603,207467,416191,42236
native_to_wasm,9875,207854,207551,415526,42236
native_to_wasm,9876,207332,208577,416030,42236
native_to_wasm,9877,207457,207463,415041,42236
native_to_wasm,9878,207328,207981,415430,42236
native_to_wasm,9879,208592,207462,416175,42236
native_to_wasm,9880,207840,207565,415526,42236
native_to_wasm,9881,207324,208408,415853,42236
native_to_wasm,9882,207444,207482,415047,42236
native_to_wasm,9883,207335,208002,415458,42236
native_to_wasm,9884,207572,207461,415154,42236
native_to_wasm,9885,207854,207551,415526,42236
native_to_wasm,9886,207328,207469,414918,42236
native_to_wasm,9887,207381,207462,414964,42236
native_to_wasm,9888,207336,207977,415434,42236
native_to_wasm,9889,207457,207463,415041,42236
native_to_wasm,9890,207846,207550,415517,42236
native_to_wasm,9891,207324,207467,414912,42236
native_to_wasm,9892,207387,207458,414966,42236
native_to_wasm,9893,207338,207977,415436,42236
native_to_wasm,9894,207428,207459,415008,42236
native_to_wasm,9895,207846,207557,415524,42236
native_to_wasm,9896,207326,207467,414914,42236
native_to_wasm,9897,209227,207467,416815,42236
native_to_wasm,9898,207327,207981,415429,42236
native_to_wasm,9899,207426,207470,415017,42236
native_to_wasm,9900,208440,207552,416113,42236
native_to_wasm,9901,207324,207473,414918,42236
native_to_wasm,9902,209327,207466,416914,42236
native_to_wasm,9903,207336,207979,415436,42236
native_to_wasm,9904,207426,207459,415006,42236
native_to_wasm,9905,208489,207564,416174,42236
native_to_wasm,9906,207324,207465,414910,42236
native_to_wasm,9907,207967,208473,416561,42236
native_to_wasm,9908,207331,207977,415429,42236
native_to_wasm,9909,207428,207459,415008,42236
native_to_wasm,9910,208314,207549,415984,42236
native_to_wasm,9911,207326,207467,414914,42236
native_to_wasm,9912,207846,207552,415519,42236
native_to_wasm,9913,207329,207987,415437,42236
native_to_wasm,9914,207426,207468,415015,42236
native_to_wasm,9915,207332,208664,416117,42236
native_to_wasm,9916,207328,207455,414904,42236
native_to_wasm,9917,207858,207555,415534,42236
native_to_wasm,9918,207328,207973,415422,42236
native_to_wasm,9919,207406,207461,414988,42236
native_to_wasm,9920,207330,207518,414969,42236
native_to_wasm,9921,207339,207468,414928,42236
native_to_wasm,9922,207848,207542,415511,42236
native_to_wasm,9923,207332,207981,415434,42236
native_to_wasm,9924,207426,207470,415017,42236
native_to_wasm,9925,207330,208581,416032,42236
native_to_wasm,9926,207337,207465,414923,42236
native_to_wasm,9927,207854,207549,415524,42236
native_to_wasm,9928,207330,207981,415432,42236
native_to_wasm,9929,207428,207468,415017,42236
native_to_wasm,9930,207332,209754,417207,42236
native_to_wasm,9931,207336,207473,414930,42236
native_to_wasm,9932,207851,207546,415518,42236
native_to_wasm,9933,207328,208408,415857,42236
native_to_wasm,9934,207411,207455,414987,42236
native_to_wasm,9935,207348,208230,415699,42236
native_to_wasm,9936,208603,207467,416191,42236
native_to_wasm,9937,207854,207551,415526,42236
native_to_wasm,9938,207332,208577,416030,42236
native_to_wasm,9939,207457,207463,415041,42236
native_to_wasm,9940,207328,207981,415430,42236
native_to_wasm,9941,208592,207462,416175,42236
native_to_wasm,9942,207840,207565,415526,42236
native_to_wasm,9943,207324,208408,415853,42236
native_to_wasm,9944,207444,207482,415047,42236
native_to_wasm,9945,207335,208002,415458,42236
native_to_wasm,9946,207572,207461,415154,42236
native_to_wasm,9947,207854,207551,415526,42236
native_to_wasm,9948,207328,207469,414918,42236
native_to_wasm,9949,207381,207462,414964,42236
native_to_wasm,9950,207336,207977,415434,42236
native_to_wasm,9951,207457,207463,415041,42236
native_to_wasm,9952,207846,207550,415517,42236
native_to_wasm,9953,207324,207467,414912,42236
native_to_wasm,9954,207387,207458,414966,42236
native_to_wasm,9955,207338,207977,415436,42236
native_to_wasm,9956,207428,207459,415008,42236
native_to_wasm,9957,207846,207557,415524,42236
native_to_wasm,9958,207326,207467,414914,42236
native_to_wasm,9959,209227,207467,416815,42236
native_to_wasm,9960,207327,207981,415429,42236
native_to_wasm,9961,207426,207470,415017,42236
native_to_wasm,9962,208440,207552,416113,42236
native_to_wasm,9963,207324,207473,414918,42236
native_to_wasm,9964,209327,207466,416914,42236
native_to_wasm,9965,207336,207979,415436,42236
native_to_wasm,9966,207426,207459,415006,42236
native_to_wasm,9967,208489,207564,416174,42236
native_to_wasm,9968,207324,207465,414910,42236
native_to_wasm,9969,207967,208473,416561,42236
native_to_wasm,9970,207331,207977,415429,42236
native_to_wasm,9971,207428,207459,415008,42236
native_to_wasm,9972,208314,207549,415984,42236
native_to_wasm,9973,207326,207467,414914,42236
native_to_wasm,9974,207846,207552,415519,42236
native_to_wasm,9975,207329,207987,415437,42236
native_to_wasm,9976,207426,207468,415015,42236
native_to_wasm,9977,207332,208664,416117,42236
native_to_wasm,9978,207328,207455,414904,42236
native_to_wasm,9979,207858,207555,415534,42236
native_to_wasm,9980,207328,207973,415422,42236
native_to_wasm,9981,207406,207461,414988,42236
native_to_wasm,9982,207330,207518,414969,42236
native_to_wasm,9983,207339,207468,414928,42236
native_to_wasm,9984,207848,207542,415511,42236
native_to_wasm,9985,207332,207981,415434,42236
native_to_wasm,9986,207426,207470,415017,42236
native_to_wasm,9987,207330,208581,416032,42236
native_to_wasm,9988,207337,207465,414923,42236
native_to_wasm,9989,207854,207549,415524,42236
native_to_wasm,9990,207330,207981,415432,42236
native_to_wasm,9991,207428,207468,415017,42236
native_to_wasm,9992,207332,209754,417207,42236
native_to_wasm,9993,207336,207473,414930,42236
native_to_wasm,9994,207851,207546,415518,42236
native_to_wasm,9995,207328,208408,415857,42236
native_to_wasm,9996,207411,207455,414987,42236
native_to_wasm,9997,207348,208230,415699,42236
native_to_wasm,9998,208603,207467,416191,42236
native_to_wasm,9999,207854,207551,415526,42236
