method       , iteration, write_cycles, read_cycles, round_trip_cycles, free_heap
shared_memory,         0,          640,          18,               658,    104464
shared_memory,         1,            7,          18,                25,    104464
shared_memory,         2,            7,          18,                25,    104464
shared_memory,         3,            7,          18,                25,    104464
shared_memory,         4,            7,          18,                25,    104464
shared_memory,         5,            7,          18,                25,    104464
shared_memory,         6,            7,          18,                25,    104464
shared_memory,         7,            7,          18,                25,    104464
shared_memory,         8,            7,          18,                25,    104464
shared_memory,         9,            7,          18,                25,    104464
shared_memory,        10,            7,          18,                25,    104464
shared_memory,        11,            7,          18,                25,    104464
shared_memory,        12,            7,          18,                25,    104464
shared_memory,        13,            7,          18,                25,    104464
shared_memory,        14,            7,          18,                25,    104464
shared_memory,        15,            7,          18,                25,    104464
shared_memory,        16,            7,          18,                25,    104464
shared_memory,        17,            7,          18,                25,    104464
shared_memory,        18,            7,          18,                25,    104464
shared_memory,        19,            7,          18,                25,    104464
shared_memory,        20,            7,          18,                25,    104464
shared_memory,        21,            7,          18,                25,    104464
shared_memory,        22,            7,          18,                25,    104464
shared_memory,        23,            7,          18,                25,    104464
shared_memory,        24,            7,          18,                25,    104464
shared_memory,        25,            7,          18,                25,    104464
shared_memory,        26,            7,          18,                25,    104464
shared_memory,        27,            7,          18,                25,    104464
shared_memory,        28,            7,          18,                25,    104464
shared_memory,        29,            7,          18,                25,    104464
shared_memory,        30,            7,          18,                25,    104464
shared_memory,        31,            7,          18,                25,    104464
shared_memory,        32,            7,          18,                25,    104464
shared_memory,        33,            7,          18,                25,    104464
shared_memory,        34,            7,          18,                25,    104464
shared_memory,        35,            7,          18,                25,    104464
shared_memory,        36,            7,          18,                25,    104464
shared_memory,        37,            7,          18,                25,    104464
shared_memory,        38,            7,          18,                25,    104464
shared_memory,        39,            7,          18,                25,    104464
shared_memory,        40,            7,          18,                25,    104464
shared_memory,        41,            7,          18,                25,    104464
shared_memory,        42,            7,          18,                25,    104464
shared_memory,        43,            7,          18,                25,    104464
shared_memory,        44,            7,          18,                25,    104464
shared_memory,        45,            7,          18,                25,    104464
shared_memory,        46,            7,          18,                25,    104464
shared_memory,        47,            7,          18,                25,    104464
shared_memory,        48,            7,          18,                25,    104464
shared_memory,        49,            7,          18,                25,    104464
shared_memory,        50,            7,          18,                25,    104464
shared_memory,        51,            7,          18,                25,    104464
shared_memory,        52,            7,          18,                25,    104464
shared_memory,        53,            7,          18,                25,    104464
shared_memory,        54,            7,          18,                25,    104464
shared_memory,        55,            7,          18,                25,    104464
shared_memory,        56,            7,          18,                25,    104464
shared_memory,        57,            7,          18,                25,    104464
shared_memory,        58,            7,          18,                25,    104464
shared_memory,        59,            7,          18,                25,    104464
shared_memory,        60,            7,          18,                25,    104464
shared_memory,        61,            7,          18,                25,    104464
shared_memory,        62,            7,          18,                25,    104464
shared_memory,        63,            7,          18,                25,    104464
shared_memory,        64,            7,          18,                25,    104464
shared_memory,        65,            7,          18,                25,    104464
shared_memory,        66,            7,          18,                25,    104464
shared_memory,        67,            7,          18,                25,    104464
shared_memory,        68,            7,          18,                25,    104464
shared_memory,        69,            7,          18,                25,    104464
shared_memory,        70,            7,          18,                25,    104464
shared_memory,        71,            7,          18,                25,    104464
shared_memory,        72,            7,          18,                25,    104464
shared_memory,        73,            7,          18,                25,    104464
shared_memory,        74,            7,          18,                25,    104464
shared_memory,        75,            7,          18,                25,    104464
shared_memory,        76,            7,          18,                25,    104464
shared_memory,        77,            7,          18,                25,    104464
shared_memory,        78,            7,          18,                25,    104464
shared_memory,        79,            7,          18,                25,    104464
shared_memory,        80,            7,          18,                25,    104464
shared_memory,        81,            7,          18,                25,    104464
shared_memory,        82,            7,          18,                25,    104464
shared_memory,        83,            7,          18,                25,    104464
shared_memory,        84,            7,          18,                25,    104464
shared_memory,        85,            7,          18,                25,    104464
shared_memory,        86,            7,          18,                25,    104464
shared_memory,        87,            7,          18,                25,    104464
shared_memory,        88,            7,          18,                25,    104464
shared_memory,        89,            7,          18,                25,    104464
shared_memory,        90,            7,          18,                25,    104464
shared_memory,        91,            7,          18,                25,    104464
shared_memory,        92,            7,          18,                25,    104464
shared_memory,        93,            7,          18,                25,    104464
shared_memory,        94,            7,          18,                25,    104464
shared_memory,        95,            7,          18,                25,    104464
shared_memory,        96,            7,          18,                25,    104464
shared_memory,        97,            7,          18,                25,    104464
shared_memory,        98,            7,          18,                25,    104464
shared_memory,        99,            7,          18,                25,    104464
shared_memory,       100,            7,          18,                25,    104464
shared_memory,       101,            7,          18,                25,    104464
shared_memory,       102,            7,          18,                25,    104464
shared_memory,       103,            7,          18,                25,    104464
shared_memory,       104,            7,          18,                25,    104464
shared_memory,       105,            7,          18,                25,    104464
shared_memory,       106,            7,          18,                25,    104464
shared_memory,       107,            7,          18,                25,    104464
shared_memory,       108,            7,          18,                25,    104464
shared_memory,       109,            7,          18,                25,    104464
shared_memory,       110,            7,          18,                25,    104464
shared_memory,       111,            7,          18,                25,    104464
shared_memory,       112,            7,          18,                25,    104464
shared_memory,       113,            7,          18,                25,    104464
shared_memory,       114,            7,          18,                25,    104464
shared_memory,       115,            7,          18,                25,    104464
shared_memory,       116,            7,          18,                25,    104464
shared_memory,       117,            7,          18,                25,    104464
shared_memory,       118,            7,          18,                25,    104464
shared_memory,       119,            7,          18,                25,    104464
shared_memory,       120,            7,          18,                25,    104464
shared_memory,       121,            7,          18,                25,    104464
shared_memory,       122,            7,          18,                25,    104464
shared_memory,       123,            7,          18,                25,    104464
shared_memory,       124,            7,          18,                25,    104464
shared_memory,       125,            7,          18,                25,    104464
shared_memory,       126,            7,          18,                25,    104464
shared_memory,       127,            7,          18,                25,    104464
shared_memory,       128,            7,          18,                25,    104464
shared_memory,       129,            7,          18,                25,    104464
shared_memory,       130,            7,          18,                25,    104464
shared_memory,       131,            7,          18,                25,    104464
shared_memory,       132,            7,          18,                25,    104464
shared_memory,       133,            7,          18,                25,    104464
shared_memory,       134,            7,          18,                25,    104464
shared_memory,       135,            7,          18,                25,    104464
shared_memory,       136,            7,          18,                25,    104464
shared_memory,       137,            7,          18,                25,    104464
shared_memory,       138,            7,          18,                25,    104464
shared_memory,       139,            7,          18,                25,    104464
shared_memory,       140,            7,          18,                25,    104464
shared_memory,       141,            7,          18,                25,    104464
shared_memory,       142,            7,          18,                25,    104464
shared_memory,       143,            7,          18,                25,    104464
shared_memory,       144,            7,          18,                25,    104464
shared_memory,       145,            7,          18,                25,    104464
shared_memory,       146,            7,          18,                25,    104464
shared_memory,       147,            7,          18,                25,    104464
shared_memory,       148,            7,          18,                25,    104464
shared_memory,       149,            7,          18,                25,    104464
shared_memory,       150,            7,          18,                25,    104464
shared_memory,       151,            7,          18,                25,    104464
shared_memory,       152,            7,          18,                25,    104464
shared_memory,       153,            7,          18,                25,    104464
shared_memory,       154,            7,          18,                25,    104464
shared_memory,       155,            7,          18,                25,    104464
shared_memory,       156,            7,          18,                25,    104464
shared_memory,       157,            7,          18,                25,    104464
shared_memory,       158,            7,          18,                25,    104464
shared_memory,       159,            7,          18,                25,    104464
shared_memory,       160,            7,          18,                25,    104464
shared_memory,       161,            7,          18,                25,    104464
shared_memory,       162,            7,          18,                25,    104464
shared_memory,       163,            7,          18,                25,    104464
shared_memory,       164,            7,          18,                25,    104464
shared_memory,       165,            7,          18,                25,    104464
shared_memory,       166,            7,          18,                25,    104464
shared_memory,       167,            7,          18,                25,    104464
shared_memory,       168,            7,          18,                25,    104464
shared_memory,       169,            7,          18,                25,    104464
shared_memory,       170,            7,          18,                25,    104464
shared_memory,       171,            7,          18,                25,    104464
shared_memory,       172,            7,          18,                25,    104464
shared_memory,       173,            7,          18,                25,    104464
shared_memory,       174,            7,          18,                25,    104464
shared_memory,       175,            7,          18,                25,    104464
shared_memory,       176,            7,          18,                25,    104464
shared_memory,       177,            7,          18,                25,    104464
shared_memory,       178,            7,          18,                25,    104464
shared_memory,       179,            7,          18,                25,    104464
shared_memory,       180,            7,          18,                25,    104464
shared_memory,       181,            7,          18,                25,    104464
shared_memory,       182,            7,          18,                25,    104464
shared_memory,       183,            7,          18,                25,    104464
shared_memory,       184,            7,          18,                25,    104464
shared_memory,       185,            7,          18,                25,    104464
shared_memory,       186,            7,          18,                25,    104464
shared_memory,       187,            7,          18,                25,    104464
shared_memory,       188,            7,          18,                25,    104464
shared_memory,       189,            7,          18,                25,    104464
shared_memory,       190,            7,          18,                25,    104464
shared_memory,       191,            7,          18,                25,    104464
shared_memory,       192,            7,          18,                25,    104464
shared_memory,       193,            7,          18,                25,    104464
shared_memory,       194,            7,          18,                25,    104464
shared_memory,       195,            7,          18,                25,    104464
shared_memory,       196,            7,          18,                25,    104464
shared_memory,       197,            7,          18,                25,    104464
shared_memory,       198,            7,          18,                25,    104464
shared_memory,       199,            7,          18,                25,    104464
shared_memory,       200,            7,          18,                25,    104464
shared_memory,       201,            7,          18,                25,    104464
shared_memory,       202,            7,          18,                25,    104464
shared_memory,       203,            7,          18,                25,    104464
shared_memory,       204,            7,          18,                25,    104464
shared_memory,       205,            7,          18,                25,    104464
shared_memory,       206,            7,          18,                25,    104464
shared_memory,       207,            7,          18,                25,    104464
shared_memory,       208,            7,          18,                25,    104464
shared_memory,       209,            7,          18,                25,    104464
shared_memory,       210,            7,          18,                25,    104464
shared_memory,       211,            7,          18,                25,    104464
shared_memory,       212,            7,          18,                25,    104464
shared_memory,       213,            7,          18,                25,    104464
shared_memory,       214,            7,          18,                25,    104464
shared_memory,       215,            7,          18,                25,    104464
shared_memory,       216,            7,          18,                25,    104464
shared_memory,       217,            7,          18,                25,    104464
shared_memory,       218,            7,          18,                25,    104464
shared_memory,       219,            7,          18,                25,    104464
shared_memory,       220,            7,          18,                25,    104464
shared_memory,       221,            7,          18,                25,    104464
shared_memory,       222,            7,          18,                25,    104464
shared_memory,       223,            7,          18,                25,    104464
shared_memory,       224,            7,          18,                25,    104464
shared_memory,       225,            7,          18,                25,    104464
shared_memory,       226,            7,          18,                25,    104464
shared_memory,       227,            7,          18,                25,    104464
shared_memory,       228,            7,          18,                25,    104464
shared_memory,       229,            7,          18,                25,    104464
shared_memory,       230,            7,          18,                25,    104464
shared_memory,       231,            7,          18,                25,    104464
shared_memory,       232,            7,          18,                25,    104464
shared_memory,       233,            7,          18,                25,    104464
shared_memory,       234,            7,          18,                25,    104464
shared_memory,       235,            7,          18,                25,    104464
shared_memory,       236,            7,          18,                25,    104464
shared_memory,       237,            7,          18,                25,    104464
shared_memory,       238,            7,          18,                25,    104464
shared_memory,       239,            7,          18,                25,    104464
shared_memory,       240,            7,          18,                25,    104464
shared_memory,       241,            7,          18,                25,    104464
shared_memory,       242,            7,          18,                25,    104464
shared_memory,       243,            7,          18,                25,    104464
shared_memory,       244,            7,          18,                25,    104464
shared_memory,       245,            7,          18,                25,    104464
shared_memory,       246,            7,          18,                25,    104464
shared_memory,       247,            7,          18,                25,    104464
shared_memory,       248,            7,          18,                25,    104464
shared_memory,       249,            7,          18,                25,    104464
shared_memory,       250,            7,          18,                25,    104464
shared_memory,       251,            7,          18,                25,    104464
shared_memory,       252,            7,          18,                25,    104464
shared_memory,       253,            7,          18,                25,    104464
shared_memory,       254,            7,          18,                25,    104464
shared_memory,       255,            7,          18,                25,    104464
shared_memory,       256,            7,          18,                25,    104464
shared_memory,       257,            7,          18,                25,    104464
shared_memory,       258,            7,          18,                25,    104464
shared_memory,       259,            7,          18,                25,    104464
shared_memory,       260,            7,          18,                25,    104464
shared_memory,       261,            7,          18,                25,    104464
shared_memory,       262,            7,          18,                25,    104464
shared_memory,       263,            7,          18,                25,    104464
shared_memory,       264,            7,          18,                25,    104464
shared_memory,       265,            7,          18,                25,    104464
shared_memory,       266,            7,          18,                25,    104464
shared_memory,       267,            7,          18,                25,    104464
shared_memory,       268,            7,          18,                25,    104464
shared_memory,       269,            7,          18,                25,    104464
shared_memory,       270,            7,          18,                25,    104464
shared_memory,       271,            7,          18,                25,    104464
shared_memory,       272,            7,          18,                25,    104464
shared_memory,       273,            7,          18,                25,    104464
shared_memory,       274,            7,          18,                25,    104464
shared_memory,       275,            7,          18,                25,    104464
shared_memory,       276,            7,          18,                25,    104464
shared_memory,       277,            7,          18,                25,    104464
shared_memory,       278,            7,          18,                25,    104464
shared_memory,       279,            7,          18,                25,    104464
shared_memory,       280,            7,          18,                25,    104464
shared_memory,       281,            7,          18,                25,    104464
shared_memory,       282,            7,          18,                25,    104464
shared_memory,       283,            7,          18,                25,    104464
shared_memory,       284,            7,          18,                25,    104464
shared_memory,       285,            7,          18,                25,    104464
shared_memory,       286,            7,          18,                25,    104464
shared_memory,       287,            7,          18,                25,    104464
shared_memory,       288,            7,          18,                25,    104464
shared_memory,       289,            7,          18,                25,    104464
shared_memory,       290,            7,          18,                25,    104464
shared_memory,       291,            7,          18,                25,    104464
shared_memory,       292,            7,          18,                25,    104464
shared_memory,       293,            7,          18,                25,    104464
shared_memory,       294,            7,          18,                25,    104464
shared_memory,       295,            7,          18,                25,    104464
shared_memory,       296,            7,          18,                25,    104464
shared_memory,       297,            7,          18,                25,    104464
shared_memory,       298,            7,          18,                25,    104464
shared_memory,       299,            7,          18,                25,    104464
shared_memory,       300,            7,          18,                25,    104464
shared_memory,       301,            7,          18,                25,    104464
shared_memory,       302,            7,          18,                25,    104464
shared_memory,       303,            7,          18,                25,    104464
shared_memory,       304,            7,          18,                25,    104464
shared_memory,       305,            7,          18,                25,    104464
shared_memory,       306,            7,          18,                25,    104464
shared_memory,       307,            7,          18,                25,    104464
shared_memory,       308,            7,          18,                25,    104464
shared_memory,       309,            7,          18,                25,    104464
shared_memory,       310,            7,          18,                25,    104464
shared_memory,       311,            7,          18,                25,    104464
shared_memory,       312,            7,          18,                25,    104464
shared_memory,       313,            7,          18,                25,    104464
shared_memory,       314,            7,          18,                25,    104464
shared_memory,       315,            7,          18,                25,    104464
shared_memory,       316,            7,          18,                25,    104464
shared_memory,       317,            7,          18,                25,    104464
shared_memory,       318,            7,          18,                25,    104464
shared_memory,       319,            7,          18,                25,    104464
shared_memory,       320,            7,          18,                25,    104464
shared_memory,       321,            7,          18,                25,    104464
shared_memory,       322,            7,          18,                25,    104464
shared_memory,       323,            7,          18,                25,    104464
shared_memory,       324,            7,          18,                25,    104464
shared_memory,       325,            7,          18,                25,    104464
shared_memory,       326,            7,          18,                25,    104464
shared_memory,       327,            7,          18,                25,    104464
shared_memory,       328,            7,          18,                25,    104464
shared_memory,       329,            7,          18,                25,    104464
shared_memory,       330,            7,          18,                25,    104464
shared_memory,       331,            7,          18,                25,    104464
shared_memory,       332,            7,          18,                25,    104464
shared_memory,       333,            7,          18,                25,    104464
shared_memory,       334,            7,          18,                25,    104464
shared_memory,       335,            7,          18,                25,    104464
shared_memory,       336,            7,          18,                25,    104464
shared_memory,       337,            7,          18,                25,    104464
shared_memory,       338,            7,          18,                25,    104464
shared_memory,       339,            7,          18,                25,    104464
shared_memory,       340,            7,          18,                25,    104464
shared_memory,       341,            7,          18,                25,    104464
shared_memory,       342,            7,          18,                25,    104464
shared_memory,       343,            7,          18,                25,    104464
shared_memory,       344,            7,          18,                25,    104464
shared_memory,       345,            7,          18,                25,    104464
shared_memory,       346,            7,          18,                25,    104464
shared_memory,       347,            7,          18,                25,    104464
shared_memory,       348,            7,          18,                25,    104464
shared_memory,       349,            7,          18,                25,    104464
shared_memory,       350,            7,          18,                25,    104464
shared_memory,       351,            7,          18,                25,    104464
shared_memory,       352,            7,          18,                25,    104464
shared_memory,       353,            7,          18,                25,    104464
shared_memory,       354,            7,          18,                25,    104464
shared_memory,       355,            7,          18,                25,    104464
shared_memory,       356,            7,          18,                25,    104464
shared_memory,       357,            7,          18,                25,    104464
shared_memory,       358,            7,          18,                25,    104464
shared_memory,       359,            7,          18,                25,    104464
shared_memory,       360,            7,          18,                25,    104464
shared_memory,       361,            7,          18,                25,    104464
shared_memory,       362,            7,          18,                25,    104464
shared_memory,       363,            7,          18,                25,    104464
shared_memory,       364,            7,          18,                25,    104464
shared_memory,       365,            7,          18,                25,    104464
shared_memory,       366,            7,          18,                25,    104464
shared_memory,       367,            7,          18,                25,    104464
shared_memory,       368,            7,          18,                25,    104464
shared_memory,       369,            7,          18,                25,    104464
shared_memory,       370,            7,          18,                25,    104464
shared_memory,       371,            7,          18,                25,    104464
shared_memory,       372,            7,          18,                25,    104464
shared_memory,       373,            7,          18,                25,    104464
shared_memory,       374,            7,          18,                25,    104464
shared_memory,       375,            7,          18,                25,    104464
shared_memory,       376,            7,          18,                25,    104464
shared_memory,       377,            7,          18,                25,    104464
shared_memory,       378,            7,          18,                25,    104464
shared_memory,       379,            7,          18,                25,    104464
shared_memory,       380,            7,          18,                25,    104464
shared_memory,       381,            7,          18,                25,    104464
shared_memory,       382,            7,          18,                25,    104464
shared_memory,       383,            7,          18,                25,    104464
shared_memory,       384,            7,          18,                25,    104464
shared_memory,       385,            7,          18,                25,    104464
shared_memory,       386,            7,          18,                25,    104464
shared_memory,       387,            7,          18,                25,    104464
shared_memory,       388,            7,          18,                25,    104464
shared_memory,       389,            7,          18,                25,    104464
shared_memory,       390,            7,          18,                25,    104464
shared_memory,       391,            7,          18,                25,    104464
shared_memory,       392,            7,          18,                25,    104464
shared_memory,       393,            7,          18,                25,    104464
shared_memory,       394,            7,          18,                25,    104464
shared_memory,       395,            7,          18,                25,    104464
shared_memory,       396,            7,          18,                25,    104464
shared_memory,       397,            7,          18,                25,    104464
shared_memory,       398,            7,          18,                25,    104464
shared_memory,       399,            7,          18,                25,    104464
shared_memory,       400,            7,          18,                25,    104464
shared_memory,       401,            7,          18,                25,    104464
shared_memory,       402,            7,          18,                25,    104464
shared_memory,       403,            7,          18,                25,    104464
shared_memory,       404,            7,          18,                25,    104464
shared_memory,       405,            7,          18,                25,    104464
shared_memory,       406,            7,          18,                25,    104464
shared_memory,       407,            7,          18,                25,    104464
shared_memory,       408,            7,          18,                25,    104464
shared_memory,       409,            7,          18,                25,    104464
shared_memory,       410,            7,          18,                25,    104464
shared_memory,       411,            7,          18,                25,    104464
shared_memory,       412,            7,          18,                25,    104464
shared_memory,       413,            7,          18,                25,    104464
shared_memory,       414,            7,          18,                25,    104464
shared_memory,       415,            7,          18,                25,    104464
shared_memory,       416,            7,          18,                25,    104464
shared_memory,       417,            7,          18,                25,    104464
shared_memory,       418,            7,          18,                25,    104464
shared_memory,       419,            7,          18,                25,    104464
shared_memory,       420,            7,          18,                25,    104464
shared_memory,       421,            7,          18,                25,    104464
shared_memory,       422,            7,          18,                25,    104464
shared_memory,       423,            7,          18,                25,    104464
shared_memory,       424,            7,          18,                25,    104464
shared_memory,       425,            7,          18,                25,    104464
shared_memory,       426,            7,          18,                25,    104464
shared_memory,       427,            7,          18,                25,    104464
shared_memory,       428,            7,          18,                25,    104464
shared_memory,       429,            7,          18,                25,    104464
shared_memory,       430,            7,          18,                25,    104464
shared_memory,       431,            7,          18,                25,    104464
shared_memory,       432,            7,          18,                25,    104464
shared_memory,       433,            7,          18,                25,    104464
shared_memory,       434,            7,          18,                25,    104464
shared_memory,       435,            7,          18,                25,    104464
shared_memory,       436,            7,          18,                25,    104464
shared_memory,       437,            7,          18,                25,    104464
shared_memory,       438,            7,          18,                25,    104464
shared_memory,       439,            7,          18,                25,    104464
shared_memory,       440,            7,          18,                25,    104464
shared_memory,       441,            7,          18,                25,    104464
shared_memory,       442,            7,          18,                25,    104464
shared_memory,       443,            7,          18,                25,    104464
shared_memory,       444,            7,          18,                25,    104464
shared_memory,       445,            7,          18,                25,    104464
shared_memory,       446,            7,          18,                25,    104464
shared_memory,       447,            7,          18,                25,    104464
shared_memory,       448,            7,          18,                25,    104464
shared_memory,       449,            7,          18,                25,    104464
shared_memory,       450,            7,          18,                25,    104464
shared_memory,       451,            7,          18,                25,    104464
shared_memory,       452,            7,          18,                25,    104464
shared_memory,       453,            7,          18,                25,    104464
shared_memory,       454,            7,          18,                25,    104464
shared_memory,       455,            7,          18,                25,    104464
shared_memory,       456,            7,          18,                25,    104464
shared_memory,       457,            7,          18,                25,    104464
shared_memory,       458,            7,          18,                25,    104464
shared_memory,       459,            7,          18,                25,    104464
shared_memory,       460,            7,          18,                25,    104464
shared_memory,       461,            7,          18,                25,    104464
shared_memory,       462,            7,          18,                25,    104464
shared_memory,       463,            7,          18,                25,    104464
shared_memory,       464,            7,          18,                25,    104464
shared_memory,       465,            7,          18,                25,    104464
shared_memory,       466,            7,          18,                25,    104464
shared_memory,       467,            7,          18,                25,    104464
shared_memory,       468,            7,          18,                25,    104464
shared_memory,       469,            7,          18,                25,    104464
shared_memory,       470,            7,          18,                25,    104464
shared_memory,       471,            7,          18,                25,    104464
shared_memory,       472,            7,          18,                25,    104464
shared_memory,       473,            7,          18,                25,    104464
shared_memory,       474,            7,          18,                25,    104464
shared_memory,       475,            7,          18,                25,    104464
shared_memory,       476,            7,          18,                25,    104464
shared_memory,       477,            7,          18,                25,    104464
shared_memory,       478,            7,          18,                25,    104464
shared_memory,       479,            7,          18,                25,    104464
shared_memory,       480,            7,          18,                25,    104464
shared_memory,       481,            7,          18,                25,    104464
shared_memory,       482,            7,          18,                25,    104464
shared_memory,       483,            7,          18,                25,    104464
shared_memory,       484,            7,          18,                25,    104464
shared_memory,       485,            7,          18,                25,    104464
shared_memory,       486,            7,          18,                25,    104464
shared_memory,       487,            7,          18,                25,    104464
shared_memory,       488,            7,          18,                25,    104464
shared_memory,       489,            7,          18,                25,    104464
shared_memory,       490,            7,          18,                25,    104464
shared_memory,       491,            7,          18,                25,    104464
shared_memory,       492,            7,          18,                25,    104464
shared_memory,       493,            7,          18,                25,    104464
shared_memory,       494,            7,          18,                25,    104464
shared_memory,       495,            7,          18,                25,    104464
shared_memory,       496,            7,          18,                25,    104464
shared_memory,       497,            7,          18,                25,    104464
shared_memory,       498,            7,          18,                25,    104464
shared_memory,       499,            7,          18,                25,    104464
shared_memory,       500,            7,          18,                25,    104464
shared_memory,       501,            7,          18,                25,    104464
shared_memory,       502,            7,          18,                25,    104464
shared_memory,       503,            7,          18,                25,    104464
shared_memory,       504,            7,          18,                25,    104464
shared_memory,       505,            7,          18,                25,    104464
shared_memory,       506,            7,          18,                25,    104464
shared_memory,       507,            7,          18,                25,    104464
shared_memory,       508,            7,          18,                25,    104464
shared_memory,       509,            7,          18,                25,    104464
shared_memory,       510,            7,          18,                25,    104464
shared_memory,       511,            7,          18,                25,    104464
shared_memory,       512,            7,          18,                25,    104464
shared_memory,       513,            7,          18,                25,    104464
shared_memory,       514,            7,          18,                25,    104464
shared_memory,       515,            7,          18,                25,    104464
shared_memory,       516,            7,          18,                25,    104464
shared_memory,       517,            7,          18,                25,    104464
shared_memory,       518,            7,          18,                25,    104464
shared_memory,       519,            7,          18,                25,    104464
shared_memory,       520,            7,          18,                25,    104464
shared_memory,       521,            7,          18,                25,    104464
shared_memory,       522,            7,          18,                25,    104464
shared_memory,       523,            7,          18,                25,    104464
shared_memory,       524,            7,          18,                25,    104464
shared_memory,       525,            7,          18,                25,    104464
shared_memory,       526,            7,          18,                25,    104464
shared_memory,       527,            7,          18,                25,    104464
shared_memory,       528,            7,          18,                25,    104464
shared_memory,       529,            7,          18,                25,    104464
shared_memory,       530,            7,          18,                25,    104464
shared_memory,       531,            7,          18,                25,    104464
shared_memory,       532,            7,          18,                25,    104464
shared_memory,       533,            7,          18,                25,    104464
shared_memory,       534,            7,          18,                25,    104464
shared_memory,       535,            7,          18,                25,    104464
shared_memory,       536,            7,          18,                25,    104464
shared_memory,       537,            7,          18,                25,    104464
shared_memory,       538,            7,          18,                25,    104464
shared_memory,       539,            7,          18,                25,    104464
shared_memory,       540,            7,          18,                25,    104464
shared_memory,       541,            7,          18,                25,    104464
shared_memory,       542,            7,          18,                25,    104464
shared_memory,       543,            7,          18,                25,    104464
shared_memory,       544,            7,          18,                25,    104464
shared_memory,       545,            7,          18,                25,    104464
shared_memory,       546,            7,          18,                25,    104464
shared_memory,       547,            7,          18,                25,    104464
shared_memory,       548,            7,          18,                25,    104464
shared_memory,       549,            7,          18,                25,    104464
shared_memory,       550,            7,          18,                25,    104464
shared_memory,       551,            7,          18,                25,    104464
shared_memory,       552,            7,          18,                25,    104464
shared_memory,       553,            7,          18,                25,    104464
shared_memory,       554,            7,          18,                25,    104464
shared_memory,       555,            7,          18,                25,    104464
shared_memory,       556,            7,          18,                25,    104464
shared_memory,       557,            7,          18,                25,    104464
shared_memory,       558,            7,          18,                25,    104464
shared_memory,       559,            7,          18,                25,    104464
shared_memory,       560,            7,          18,                25,    104464
shared_memory,       561,            7,          18,                25,    104464
shared_memory,       562,            7,          18,                25,    104464
shared_memory,       563,            7,          18,                25,    104464
shared_memory,       564,            7,          18,                25,    104464
shared_memory,       565,            7,          18,                25,    104464
shared_memory,       566,            7,          18,                25,    104464
shared_memory,       567,            7,          18,                25,    104464
shared_memory,       568,            7,          18,                25,    104464
shared_memory,       569,            7,          18,                25,    104464
shared_memory,       570,            7,          18,                25,    104464
shared_memory,       571,            7,          18,                25,    104464
shared_memory,       572,            7,          18,                25,    104464
shared_memory,       573,            7,          18,                25,    104464
shared_memory,       574,            7,          18,                25,    104464
shared_memory,       575,            7,          18,                25,    104464
shared_memory,       576,            7,          18,                25,    104464
shared_memory,       577,            7,          18,                25,    104464
shared_memory,       578,            7,          18,                25,    104464
shared_memory,       579,            7,          18,                25,    104464
shared_memory,       580,            7,          18,                25,    104464
shared_memory,       581,            7,          18,                25,    104464
shared_memory,       582,            7,          18,                25,    104464
shared_memory,       583,            7,          18,                25,    104464
shared_memory,       584,            7,          18,                25,    104464
shared_memory,       585,            7,          18,                25,    104464
shared_memory,       586,            7,          18,                25,    104464
shared_memory,       587,            7,          18,                25,    104464
shared_memory,       588,            7,          18,                25,    104464
shared_memory,       589,            7,          18,                25,    104464
shared_memory,       590,            7,          18,                25,    104464
shared_memory,       591,            7,          18,                25,    104464
shared_memory,       592,            7,          18,                25,    104464
shared_memory,       593,            7,          18,                25,    104464
shared_memory,       594,            7,          18,                25,    104464
shared_memory,       595,            7,          18,                25,    104464
shared_memory,       596,            7,          18,                25,    104464
shared_memory,       597,            7,          18,                25,    104464
shared_memory,       598,            7,          18,                25,    104464
shared_memory,       599,            7,          18,                25,    104464
shared_memory,       600,            7,          18,                25,    104464
shared_memory,       601,            7,          18,                25,    104464
shared_memory,       602,            7,          18,                25,    104464
shared_memory,       603,            7,          18,                25,    104464
shared_memory,       604,            7,          18,                25,    104464
shared_memory,       605,            7,          18,                25,    104464
shared_memory,       606,            7,          18,                25,    104464
shared_memory,       607,            7,          18,                25,    104464
shared_memory,       608,            7,          18,                25,    104464
shared_memory,       609,            7,          18,                25,    104464
shared_memory,       610,            7,          18,                25,    104464
shared_memory,       611,            7,          18,                25,    104464
shared_memory,       612,            7,          18,                25,    104464
shared_memory,       613,            7,          18,                25,    104464
shared_memory,       614,            7,          18,                25,    104464
shared_memory,       615,            7,          18,                25,    104464
shared_memory,       616,            7,          18,                25,    104464
shared_memory,       617,            7,          18,                25,    104464
shared_memory,       618,            7,          18,                25,    104464
shared_memory,       619,            7,          18,                25,    104464
shared_memory,       620,            7,          18,                25,    104464
shared_memory,       621,            7,          18,                25,    104464
shared_memory,       622,            7,          18,                25,    104464
shared_memory,       623,            7,          18,                25,    104464
shared_memory,       624,            7,          18,                25,    104464
shared_memory,       625,            7,          18,                25,    104464
shared_memory,       626,            7,          18,                25,    104464
shared_memory,       627,            7,          18,                25,    104464
shared_memory,       628,            7,          18,                25,    104464
shared_memory,       629,            7,          18,                25,    104464
shared_memory,       630,            7,          18,                25,    104464
shared_memory,       631,            7,          18,                25,    104464
shared_memory,       632,            7,          18,                25,    104464
shared_memory,       633,            7,          18,                25,    104464
shared_memory,       634,            7,          18,                25,    104464
shared_memory,       635,            7,          18,                25,    104464
shared_memory,       636,            7,          18,                25,    104464
shared_memory,       637,            7,          18,                25,    104464
shared_memory,       638,            7,          18,                25,    104464
shared_memory,       639,            7,          18,                25,    104464
shared_memory,       640,            7,          18,                25,    104464
shared_memory,       641,            7,          18,                25,    104464
shared_memory,       642,            7,          18,                25,    104464
shared_memory,       643,            7,          18,                25,    104464
shared_memory,       644,            7,          18,                25,    104464
shared_memory,       645,            7,          18,                25,    104464
shared_memory,       646,            7,          18,                25,    104464
shared_memory,       647,            7,          18,                25,    104464
shared_memory,       648,            7,          18,                25,    104464
shared_memory,       649,            7,          18,                25,    104464
shared_memory,       650,            7,          18,                25,    104464
shared_memory,       651,            7,          18,                25,    104464
shared_memory,       652,            7,          18,                25,    104464
shared_memory,       653,            7,          18,                25,    104464
shared_memory,       654,            7,          18,                25,    104464
shared_memory,       655,            7,          18,                25,    104464
shared_memory,       656,            7,          18,                25,    104464
shared_memory,       657,            7,          18,                25,    104464
shared_memory,       658,            7,          18,                25,    104464
shared_memory,       659,            7,          18,                25,    104464
shared_memory,       660,            7,          18,                25,    104464
shared_memory,       661,            7,          18,                25,    104464
shared_memory,       662,            7,          18,                25,    104464
shared_memory,       663,            7,          18,                25,    104464
shared_memory,       664,            7,          18,                25,    104464
shared_memory,       665,            7,          18,                25,    104464
shared_memory,       666,            7,          18,                25,    104464
shared_memory,       667,            7,          18,                25,    104464
shared_memory,       668,            7,          18,                25,    104464
shared_memory,       669,            7,          18,                25,    104464
shared_memory,       670,            7,          18,                25,    104464
shared_memory,       671,            7,          18,                25,    104464
shared_memory,       672,            7,          18,                25,    104464
shared_memory,       673,            7,          18,                25,    104464
shared_memory,       674,            7,          18,                25,    104464
shared_memory,       675,            7,          18,                25,    104464
shared_memory,       676,            7,          18,                25,    104464
shared_memory,       677,            7,          18,                25,    104464
shared_memory,       678,            7,          18,                25,    104464
shared_memory,       679,            7,          18,                25,    104464
shared_memory,       680,            7,          18,                25,    104464
shared_memory,       681,            7,          18,                25,    104464
shared_memory,       682,            7,          18,                25,    104464
shared_memory,       683,            7,          18,                25,    104464
shared_memory,       684,            7,          18,                25,    104464
shared_memory,       685,            7,          18,                25,    104464
shared_memory,       686,            7,          18,                25,    104464
shared_memory,       687,            7,          18,                25,    104464
shared_memory,       688,            7,          18,                25,    104464
shared_memory,       689,            7,          18,                25,    104464
shared_memory,       690,            7,          18,                25,    104464
shared_memory,       691,            7,          18,                25,    104464
shared_memory,       692,            7,          18,                25,    104464
shared_memory,       693,            7,          18,                25,    104464
shared_memory,       694,            7,          18,                25,    104464
shared_memory,       695,            7,          18,                25,    104464
shared_memory,       696,            7,          18,                25,    104464
shared_memory,       697,            7,          18,                25,    104464
shared_memory,       698,            7,          18,                25,    104464
shared_memory,       699,            7,          18,                25,    104464
shared_memory,       700,            7,          18,                25,    104464
shared_memory,       701,            7,          18,                25,    104464
shared_memory,       702,            7,          18,                25,    104464
shared_memory,       703,            7,          18,                25,    104464
shared_memory,       704,            7,          18,                25,    104464
shared_memory,       705,            7,          18,                25,    104464
shared_memory,       706,            7,          18,                25,    104464
shared_memory,       707,            7,          18,                25,    104464
shared_memory,       708,            7,          18,                25,    104464
shared_memory,       709,            7,          18,                25,    104464
shared_memory,       710,            7,          18,                25,    104464
shared_memory,       711,            7,          18,                25,    104464
shared_memory,       712,            7,          18,                25,    104464
shared_memory,       713,            7,          18,                25,    104464
shared_memory,       714,            7,          18,                25,    104464
shared_memory,       715,            7,          18,                25,    104464
shared_memory,       716,            7,          18,                25,    104464
shared_memory,       717,            7,          18,                25,    104464
shared_memory,       718,            7,          18,                25,    104464
shared_memory,       719,            7,          18,                25,    104464
shared_memory,       720,            7,          18,                25,    104464
shared_memory,       721,            7,          18,                25,    104464
shared_memory,       722,            7,          18,                25,    104464
shared_memory,       723,            7,          18,                25,    104464
shared_memory,       724,            7,          18,                25,    104464
shared_memory,       725,            7,          18,                25,    104464
shared_memory,       726,            7,          18,                25,    104464
shared_memory,       727,            7,          18,                25,    104464
shared_memory,       728,            7,          18,                25,    104464
shared_memory,       729,            7,          18,                25,    104464
shared_memory,       730,            7,          18,                25,    104464
shared_memory,       731,            7,          18,                25,    104464
shared_memory,       732,            7,          18,                25,    104464
shared_memory,       733,            7,          18,                25,    104464
shared_memory,       734,            7,          18,                25,    104464
shared_memory,       735,            7,          18,                25,    104464
shared_memory,       736,            7,          18,                25,    104464
shared_memory,       737,            7,          18,                25,    104464
shared_memory,       738,            7,          18,                25,    104464
shared_memory,       739,            7,          18,                25,    104464
shared_memory,       740,            7,          18,                25,    104464
shared_memory,       741,            7,          18,                25,    104464
shared_memory,       742,            7,          18,                25,    104464
shared_memory,       743,            7,          18,                25,    104464
shared_memory,       744,            7,          18,                25,    104464
shared_memory,       745,            7,          18,                25,    104464
shared_memory,       746,            7,          18,                25,    104464
shared_memory,       747,            7,          18,                25,    104464
shared_memory,       748,            7,          18,                25,    104464
shared_memory,       749,            7,          18,                25,    104464
shared_memory,       750,            7,          18,                25,    104464
shared_memory,       751,            7,          18,                25,    104464
shared_memory,       752,            7,          18,                25,    104464
shared_memory,       753,            7,          18,                25,    104464
shared_memory,       754,            7,          18,                25,    104464
shared_memory,       755,            7,          18,                25,    104464
shared_memory,       756,            7,          18,                25,    104464
shared_memory,       757,            7,          18,                25,    104464
shared_memory,       758,            7,          18,                25,    104464
shared_memory,       759,            7,          18,                25,    104464
shared_memory,       760,            7,          18,                25,    104464
shared_memory,       761,            7,          18,                25,    104464
shared_memory,       762,            7,          18,                25,    104464
shared_memory,       763,            7,          18,                25,    104464
shared_memory,       764,            7,          18,                25,    104464
shared_memory,       765,            7,          18,                25,    104464
shared_memory,       766,            7,          18,                25,    104464
shared_memory,       767,            7,          18,                25,    104464
shared_memory,       768,            7,          18,                25,    104464
shared_memory,       769,            7,          18,                25,    104464
shared_memory,       770,            7,          18,                25,    104464
shared_memory,       771,            7,          18,                25,    104464
shared_memory,       772,            7,          18,                25,    104464
shared_memory,       773,            7,          18,                25,    104464
shared_memory,       774,            7,          18,                25,    104464
shared_memory,       775,            7,          18,                25,    104464
shared_memory,       776,            7,          18,                25,    104464
shared_memory,       777,            7,          18,                25,    104464
shared_memory,       778,            7,          18,                25,    104464
shared_memory,       779,            7,          18,                25,    104464
shared_memory,       780,            7,          18,                25,    104464
shared_memory,       781,            7,          18,                25,    104464
shared_memory,       782,            7,          18,                25,    104464
shared_memory,       783,            7,          18,                25,    104464
shared_memory,       784,            7,          18,                25,    104464
shared_memory,       785,            7,          18,                25,    104464
shared_memory,       786,            7,          18,                25,    104464
shared_memory,       787,            7,          18,                25,    104464
shared_memory,       788,            7,          18,                25,    104464
shared_memory,       789,            7,          18,                25,    104464
shared_memory,       790,            7,          18,                25,    104464
shared_memory,       791,            7,          18,                25,    104464
shared_memory,       792,            7,          18,                25,    104464
shared_memory,       793,            7,          18,                25,    104464
shared_memory,       794,            7,          18,                25,    104464
shared_memory,       795,            7,          18,                25,    104464
shared_memory,       796,            7,          18,                25,    104464
shared_memory,       797,            7,          18,                25,    104464
shared_memory,       798,            7,          18,                25,    104464
shared_memory,       799,            7,          18,                25,    104464
shared_memory,       800,            7,          18,                25,    104464
shared_memory,       801,            7,          18,                25,    104464
shared_memory,       802,            7,          18,                25,    104464
shared_memory,       803,            7,          18,                25,    104464
shared_memory,       804,            7,          18,                25,    104464
shared_memory,       805,            7,          18,                25,    104464
shared_memory,       806,            7,          18,                25,    104464
shared_memory,       807,            7,          18,                25,    104464
shared_memory,       808,            7,          18,                25,    104464
shared_memory,       809,            7,          18,                25,    104464
shared_memory,       810,            7,          18,                25,    104464
shared_memory,       811,            7,          18,                25,    104464
shared_memory,       812,            7,          18,                25,    104464
shared_memory,       813,            7,          18,                25,    104464
shared_memory,       814,            7,          18,                25,    104464
shared_memory,       815,            7,          18,                25,    104464
shared_memory,       816,            7,          18,                25,    104464
shared_memory,       817,            7,          18,                25,    104464
shared_memory,       818,            7,          18,                25,    104464
shared_memory,       819,            7,          18,                25,    104464
shared_memory,       820,            7,          18,                25,    104464
shared_memory,       821,            7,          18,                25,    104464
shared_memory,       822,            7,          18,                25,    104464
shared_memory,       823,            7,          18,                25,    104464
shared_memory,       824,            7,          18,                25,    104464
shared_memory,       825,            7,          18,                25,    104464
shared_memory,       826,            7,          18,                25,    104464
shared_memory,       827,            7,          18,                25,    104464
shared_memory,       828,            7,          18,                25,    104464
shared_memory,       829,            7,          18,                25,    104464
shared_memory,       830,            7,          18,                25,    104464
shared_memory,       831,            7,          18,                25,    104464
shared_memory,       832,            7,          18,                25,    104464
shared_memory,       833,            7,          18,                25,    104464
shared_memory,       834,            7,          18,                25,    104464
shared_memory,       835,            7,          18,                25,    104464
shared_memory,       836,            7,          18,                25,    104464
shared_memory,       837,            7,          18,                25,    104464
shared_memory,       838,            7,          18,                25,    104464
shared_memory,       839,            7,          18,                25,    104464
shared_memory,       840,            7,          18,                25,    104464
shared_memory,       841,            7,          18,                25,    104464
shared_memory,       842,            7,          18,                25,    104464
shared_memory,       843,            7,          18,                25,    104464
shared_memory,       844,            7,          18,                25,    104464
shared_memory,       845,            7,          18,                25,    104464
shared_memory,       846,            7,          18,                25,    104464
shared_memory,       847,            7,          18,                25,    104464
shared_memory,       848,            7,          18,                25,    104464
shared_memory,       849,            7,          18,                25,    104464
shared_memory,       850,            7,          18,                25,    104464
shared_memory,       851,            7,          18,                25,    104464
shared_memory,       852,            7,          18,                25,    104464
shared_memory,       853,            7,          18,                25,    104464
shared_memory,       854,            7,          18,                25,    104464
shared_memory,       855,            7,          18,                25,    104464
shared_memory,       856,            7,          18,                25,    104464
shared_memory,       857,            7,          18,                25,    104464
shared_memory,       858,            7,          18,                25,    104464
shared_memory,       859,            7,          18,                25,    104464
shared_memory,       860,            7,          18,                25,    104464
shared_memory,       861,            7,          18,                25,    104464
shared_memory,       862,            7,          18,                25,    104464
shared_memory,       863,            7,          18,                25,    104464
shared_memory,       864,            7,          18,                25,    104464
shared_memory,       865,            7,          18,                25,    104464
shared_memory,       866,            7,          18,                25,    104464
shared_memory,       867,            7,          18,                25,    104464
shared_memory,       868,            7,          18,                25,    104464
shared_memory,       869,            7,          18,                25,    104464
shared_memory,       870,            7,          18,                25,    104464
shared_memory,       871,            7,          18,                25,    104464
shared_memory,       872,            7,          18,                25,    104464
shared_memory,       873,            7,          18,                25,    104464
shared_memory,       874,            7,          18,                25,    104464
shared_memory,       875,            7,          18,                25,    104464
shared_memory,       876,            7,          18,                25,    104464
shared_memory,       877,            7,          18,                25,    104464
shared_memory,       878,            7,          18,                25,    104464
shared_memory,       879,            7,          18,                25,    104464
shared_memory,       880,            7,          18,                25,    104464
shared_memory,       881,            7,          18,                25,    104464
shared_memory,       882,            7,          18,                25,    104464
shared_memory,       883,            7,          18,                25,    104464
shared_memory,       884,            7,          18,                25,    104464
shared_memory,       885,            7,          18,                25,    104464
shared_memory,       886,            7,          18,                25,    104464
shared_memory,       887,            7,          18,                25,    104464
shared_memory,       888,            7,          18,                25,    104464
shared_memory,       889,            7,          18,                25,    104464
shared_memory,       890,            7,          18,                25,    104464
shared_memory,       891,            7,          18,                25,    104464
shared_memory,       892,            7,          18,                25,    104464
shared_memory,       893,            7,          18,                25,    104464
shared_memory,       894,            7,          18,                25,    104464
shared_memory,       895,            7,          18,                25,    104464
shared_memory,       896,            7,          18,                25,    104464
shared_memory,       897,            7,          18,                25,    104464
shared_memory,       898,            7,          18,                25,    104464
shared_memory,       899,            7,          18,                25,    104464
shared_memory,       900,            7,          18,                25,    104464
shared_memory,       901,            7,          18,                25,    104464
shared_memory,       902,            7,          18,                25,    104464
shared_memory,       903,            7,          18,                25,    104464
shared_memory,       904,            7,          18,                25,    104464
shared_memory,       905,            7,          18,                25,    104464
shared_memory,       906,            7,          18,                25,    104464
shared_memory,       907,            7,          18,                25,    104464
shared_memory,       908,            7,          18,                25,    104464
shared_memory,       909,            7,          18,                25,    104464
shared_memory,       910,            7,          18,                25,    104464
shared_memory,       911,            7,          18,                25,    104464
shared_memory,       912,            7,          18,                25,    104464
shared_memory,       913,            7,          18,                25,    104464
shared_memory,       914,            7,          18,                25,    104464
shared_memory,       915,            7,          18,                25,    104464
shared_memory,       916,            7,          18,                25,    104464
shared_memory,       917,            7,          18,                25,    104464
shared_memory,       918,            7,          18,                25,    104464
shared_memory,       919,            7,          18,                25,    104464
shared_memory,       920,            7,          18,                25,    104464
shared_memory,       921,            7,          18,                25,    104464
shared_memory,       922,            7,          18,                25,    104464
shared_memory,       923,            7,          18,                25,    104464
shared_memory,       924,            7,          18,                25,    104464
shared_memory,       925,            7,          18,                25,    104464
shared_memory,       926,            7,          18,                25,    104464
shared_memory,       927,            7,          18,                25,    104464
shared_memory,       928,            7,          18,                25,    104464
shared_memory,       929,            7,          18,                25,    104464
shared_memory,       930,            7,          18,                25,    104464
shared_memory,       931,            7,          18,                25,    104464
shared_memory,       932,            7,          18,                25,    104464
shared_memory,       933,            7,          18,                25,    104464
shared_memory,       934,            7,          18,                25,    104464
shared_memory,       935,            7,          18,                25,    104464
shared_memory,       936,            7,          18,                25,    104464
shared_memory,       937,            7,          18,                25,    104464
shared_memory,       938,            7,          18,                25,    104464
shared_memory,       939,            7,          18,                25,    104464
shared_memory,       940,            7,          18,                25,    104464
shared_memory,       941,            7,          18,                25,    104464
shared_memory,       942,            7,          18,                25,    104464
shared_memory,       943,            7,          18,                25,    104464
shared_memory,       944,            7,          18,                25,    104464
shared_memory,       945,            7,          18,                25,    104464
shared_memory,       946,            7,          18,                25,    104464
shared_memory,       947,            7,          18,                25,    104464
shared_memory,       948,            7,          18,                25,    104464
shared_memory,       949,            7,          18,                25,    104464
shared_memory,       950,            7,          18,                25,    104464
shared_memory,       951,            7,          18,                25,    104464
shared_memory,       952,            7,          18,                25,    104464
shared_memory,       953,            7,          18,                25,    104464
shared_memory,       954,            7,          18,                25,    104464
shared_memory,       955,            7,          18,                25,    104464
shared_memory,       956,            7,          18,                25,    104464
shared_memory,       957,            7,          18,                25,    104464
shared_memory,       958,            7,          18,                25,    104464
shared_memory,       959,            7,          18,                25,    104464
shared_memory,       960,            7,          18,                25,    104464
shared_memory,       961,            7,          18,                25,    104464
shared_memory,       962,            7,          18,                25,    104464
shared_memory,       963,            7,          18,                25,    104464
shared_memory,       964,            7,          18,                25,    104464
shared_memory,       965,            7,          18,                25,    104464
shared_memory,       966,            7,          18,                25,    104464
shared_memory,       967,            7,          18,                25,    104464
shared_memory,       968,            7,          18,                25,    104464
shared_memory,       969,            7,          18,                25,    104464
shared_memory,       970,            7,          18,                25,    104464
shared_memory,       971,            7,          18,                25,    104464
shared_memory,       972,            7,          18,                25,    104464
shared_memory,       973,            7,          18,                25,    104464
shared_memory,       974,            7,          18,                25,    104464
shared_memory,       975,            7,          18,                25,    104464
shared_memory,       976,            7,          18,                25,    104464
shared_memory,       977,            7,          18,                25,    104464
shared_memory,       978,            7,          18,                25,    104464
shared_memory,       979,            7,          18,                25,    104464
shared_memory,       980,            7,          18,                25,    104464
shared_memory,       981,            7,          18,                25,    104464
shared_memory,       982,            7,          18,                25,    104464
shared_memory,       983,            7,          18,                25,    104464
shared_memory,       984,            7,          18,                25,    104464
shared_memory,       985,            7,          18,                25,    104464
shared_memory,       986,            7,          18,                25,    104464
shared_memory,       987,            7,          18,                25,    104464
shared_memory,       988,            7,          18,                25,    104464
shared_memory,       989,            7,          18,                25,    104464
shared_memory,       990,            7,          18,                25,    104464
shared_memory,       991,            7,          18,                25,    104464
shared_memory,       992,            7,          18,                25,    104464
shared_memory,       993,            7,          18,                25,    104464
shared_memory,       994,            7,          18,                25,    104464
shared_memory,       995,            7,          18,                25,    104464
shared_memory,       996,            7,          18,                25,    104464
shared_memory,       997,            7,          18,                25,    104464
shared_memory,       998,            7,          18,                25,    104464
shared_memory,       999,            7,          18,                25,    104464
shared_memory,      1000,            7,          18,                25,    104464
shared_memory,      1001,            7,          18,                25,    104464
shared_memory,      1002,            7,          18,                25,    104464
shared_memory,      1003,            7,          18,                25,    104464
shared_memory,      1004,            7,          18,                25,    104464
shared_memory,      1005,            7,          18,                25,    104464
shared_memory,      1006,            7,          18,                25,    104464
shared_memory,      1007,            7,          18,                25,    104464
shared_memory,      1008,            7,          18,                25,    104464
shared_memory,      1009,            7,          18,                25,    104464
shared_memory,      1010,            7,          18,                25,    104464
shared_memory,      1011,            7,          18,                25,    104464
shared_memory,      1012,            7,          18,                25,    104464
shared_memory,      1013,            7,          18,                25,    104464
shared_memory,      1014,            7,          18,                25,    104464
shared_memory,      1015,            7,          18,                25,    104464
shared_memory,      1016,            7,          18,                25,    104464
shared_memory,      1017,            7,          18,                25,    104464
shared_memory,      1018,            7,          18,                25,    104464
shared_memory,      1019,            7,          18,                25,    104464
shared_memory,      1020,            7,          18,                25,    104464
shared_memory,      1021,            7,          18,                25,    104464
shared_memory,      1022,            7,          18,                25,    104464
shared_memory,      1023,            7,          18,                25,    104464
shared_memory,      1024,            7,          18,                25,    104464
shared_memory,      1025,            7,          18,                25,    104464
shared_memory,      1026,            7,          18,                25,    104464
shared_memory,      1027,            7,          18,                25,    104464
shared_memory,      1028,            7,          18,                25,    104464
shared_memory,      1029,            7,          18,                25,    104464
shared_memory,      1030,            7,          18,                25,    104464
shared_memory,      1031,            7,          18,                25,    104464
shared_memory,      1032,            7,          18,                25,    104464
shared_memory,      1033,            7,          18,                25,    104464
shared_memory,      1034,            7,          18,                25,    104464
shared_memory,      1035,            7,          18,                25,    104464
shared_memory,      1036,            7,          18,                25,    104464
shared_memory,      1037,            7,          18,                25,    104464
shared_memory,      1038,            7,          18,                25,    104464
shared_memory,      1039,            7,          18,                25,    104464
shared_memory,      1040,            7,          18,                25,    104464
shared_memory,      1041,            7,          18,                25,    104464
shared_memory,      1042,            7,          18,                25,    104464
shared_memory,      1043,            7,          18,                25,    104464
shared_memory,      1044,            7,          18,                25,    104464
shared_memory,      1045,            7,          18,                25,    104464
shared_memory,      1046,            7,          18,                25,    104464
shared_memory,      1047,            7,          18,                25,    104464
shared_memory,      1048,            7,          18,                25,    104464
shared_memory,      1049,            7,          18,                25,    104464
shared_memory,      1050,            7,          18,                25,    104464
shared_memory,      1051,            7,          18,                25,    104464
shared_memory,      1052,            7,          18,                25,    104464
shared_memory,      1053,            7,          18,                25,    104464
shared_memory,      1054,            7,          18,                25,    104464
shared_memory,      1055,            7,          18,                25,    104464
shared_memory,      1056,            7,          18,                25,    104464
shared_memory,      1057,            7,          18,                25,    104464
shared_memory,      1058,            7,          18,                25,    104464
shared_memory,      1059,            7,          18,                25,    104464
shared_memory,      1060,            7,          18,                25,    104464
shared_memory,      1061,            7,          18,                25,    104464
shared_memory,      1062,            7,          18,                25,    104464
shared_memory,      1063,            7,          18,                25,    104464
shared_memory,      1064,            7,          18,                25,    104464
shared_memory,      1065,            7,          18,                25,    104464
shared_memory,      1066,            7,          18,                25,    104464
shared_memory,      1067,            7,          18,                25,    104464
shared_memory,      1068,            7,          18,                25,    104464
shared_memory,      1069,            7,          18,                25,    104464
shared_memory,      1070,            7,          18,                25,    104464
shared_memory,      1071,            7,          18,                25,    104464
shared_memory,      1072,            7,          18,                25,    104464
shared_memory,      1073,            7,          18,                25,    104464
shared_memory,      1074,            7,          18,                25,    104464
shared_memory,      1075,            7,          18,                25,    104464
shared_memory,      1076,            7,          18,                25,    104464
shared_memory,      1077,            7,          18,                25,    104464
shared_memory,      1078,            7,          18,                25,    104464
shared_memory,      1079,            7,          18,                25,    104464
shared_memory,      1080,            7,          18,                25,    104464
shared_memory,      1081,            7,          18,                25,    104464
shared_memory,      1082,            7,          18,                25,    104464
shared_memory,      1083,            7,          18,                25,    104464
shared_memory,      1084,            7,          18,                25,    104464
shared_memory,      1085,            7,          18,                25,    104464
shared_memory,      1086,            7,          18,                25,    104464
shared_memory,      1087,            7,          18,                25,    104464
shared_memory,      1088,            7,          18,                25,    104464
shared_memory,      1089,            7,          18,                25,    104464
shared_memory,      1090,            7,          18,                25,    104464
shared_memory,      1091,            7,          18,                25,    104464
shared_memory,      1092,            7,          18,                25,    104464
shared_memory,      1093,            7,          18,                25,    104464
shared_memory,      1094,            7,          18,                25,    104464
shared_memory,      1095,            7,          18,                25,    104464
shared_memory,      1096,            7,          18,                25,    104464
shared_memory,      1097,            7,          18,                25,    104464
shared_memory,      1098,            7,          18,                25,    104464
shared_memory,      1099,            7,          18,                25,    104464
shared_memory,      1100,            7,          18,                25,    104464
shared_memory,      1101,            7,          18,                25,    104464
shared_memory,      1102,            7,          18,                25,    104464
shared_memory,      1103,            7,          18,                25,    104464
shared_memory,      1104,            7,          18,                25,    104464
shared_memory,      1105,            7,          18,                25,    104464
shared_memory,      1106,            7,          18,                25,    104464
shared_memory,      1107,            7,          18,                25,    104464
shared_memory,      1108,            7,          18,                25,    104464
shared_memory,      1109,            7,          18,                25,    104464
shared_memory,      1110,            7,          18,                25,    104464
shared_memory,      1111,            7,          18,                25,    104464
shared_memory,      1112,            7,          18,                25,    104464
shared_memory,      1113,            7,          18,                25,    104464
shared_memory,      1114,            7,          18,                25,    104464
shared_memory,      1115,            7,          18,                25,    104464
shared_memory,      1116,            7,          18,                25,    104464
shared_memory,      1117,            7,          18,                25,    104464
shared_memory,      1118,            7,          18,                25,    104464
shared_memory,      1119,            7,          18,                25,    104464
shared_memory,      1120,            7,          18,                25,    104464
shared_memory,      1121,            7,          18,                25,    104464
shared_memory,      1122,            7,          18,                25,    104464
shared_memory,      1123,            7,          18,                25,    104464
shared_memory,      1124,            7,          18,                25,    104464
shared_memory,      1125,            7,          18,                25,    104464
shared_memory,      1126,            7,          18,                25,    104464
shared_memory,      1127,            7,          18,                25,    104464
shared_memory,      1128,            7,          18,                25,    104464
shared_memory,      1129,            7,          18,                25,    104464
shared_memory,      1130,            7,          18,                25,    104464
shared_memory,      1131,            7,          18,                25,    104464
shared_memory,      1132,            7,          18,                25,    104464
shared_memory,      1133,            7,          18,                25,    104464
shared_memory,      1134,            7,          18,                25,    104464
shared_memory,      1135,            7,          18,                25,    104464
shared_memory,      1136,            7,          18,                25,    104464
shared_memory,      1137,            7,          18,                25,    104464
shared_memory,      1138,            7,          18,                25,    104464
shared_memory,      1139,            7,          18,                25,    104464
shared_memory,      1140,            7,          18,                25,    104464
shared_memory,      1141,            7,          18,                25,    104464
shared_memory,      1142,            7,          18,                25,    104464
shared_memory,      1143,            7,          18,                25,    104464
shared_memory,      1144,            7,          18,                25,    104464
shared_memory,      1145,            7,          18,                25,    104464
shared_memory,      1146,            7,          18,                25,    104464
shared_memory,      1147,            7,          18,                25,    104464
shared_memory,      1148,            7,          18,                25,    104464
shared_memory,      1149,            7,          18,                25,    104464
shared_memory,      1150,            7,          18,                25,    104464
shared_memory,      1151,            7,          18,                25,    104464
shared_memory,      1152,            7,          18,                25,    104464
shared_memory,      1153,            7,          18,                25,    104464
shared_memory,      1154,            7,          18,                25,    104464
shared_memory,      1155,            7,          18,                25,    104464
shared_memory,      1156,            7,          18,                25,    104464
shared_memory,      1157,            7,          18,                25,    104464
shared_memory,      1158,            7,          18,                25,    104464
shared_memory,      1159,            7,          18,                25,    104464
shared_memory,      1160,            7,          18,                25,    104464
shared_memory,      1161,            7,          18,                25,    104464
shared_memory,      1162,            7,          18,                25,    104464
shared_memory,      1163,            7,          18,                25,    104464
shared_memory,      1164,            7,          18,                25,    104464
shared_memory,      1165,            7,          18,                25,    104464
shared_memory,      1166,            7,          18,                25,    104464
shared_memory,      1167,            7,          18,                25,    104464
shared_memory,      1168,            7,          18,                25,    104464
shared_memory,      1169,            7,          18,                25,    104464
shared_memory,      1170,            7,          18,                25,    104464
shared_memory,      1171,            7,          18,                25,    104464
shared_memory,      1172,            7,          18,                25,    104464
shared_memory,      1173,            7,          18,                25,    104464
shared_memory,      1174,            7,          18,                25,    104464
shared_memory,      1175,            7,          18,                25,    104464
shared_memory,      1176,            7,          18,                25,    104464
shared_memory,      1177,            7,          18,                25,    104464
shared_memory,      1178,            7,          18,                25,    104464
shared_memory,      1179,            7,          18,                25,    104464
shared_memory,      1180,            7,          18,                25,    104464
shared_memory,      1181,            7,          18,                25,    104464
shared_memory,      1182,            7,          18,                25,    104464
shared_memory,      1183,            7,          18,                25,    104464
shared_memory,      1184,            7,          18,                25,    104464
shared_memory,      1185,            7,          18,                25,    104464
shared_memory,      1186,            7,          18,                25,    104464
shared_memory,      1187,            7,          18,                25,    104464
shared_memory,      1188,            7,          18,                25,    104464
shared_memory,      1189,            7,          18,                25,    104464
shared_memory,      1190,            7,          18,                25,    104464
shared_memory,      1191,            7,          18,                25,    104464
shared_memory,      1192,            7,          18,                25,    104464
shared_memory,      1193,            7,          18,                25,    104464
shared_memory,      1194,            7,          18,                25,    104464
shared_memory,      1195,            7,          18,                25,    104464
shared_memory,      1196,            7,          18,                25,    104464
shared_memory,      1197,            7,          18,                25,    104464
shared_memory,      1198,            7,          18,                25,    104464
shared_memory,      1199,            7,          18,                25,    104464
shared_memory,      1200,            7,          18,                25,    104464
shared_memory,      1201,            7,          18,                25,    104464
shared_memory,      1202,            7,          18,                25,    104464
shared_memory,      1203,            7,          18,                25,    104464
shared_memory,      1204,            7,          18,                25,    104464
shared_memory,      1205,            7,          18,                25,    104464
shared_memory,      1206,            7,          18,                25,    104464
shared_memory,      1207,            7,          18,                25,    104464
shared_memory,      1208,            7,          18,                25,    104464
shared_memory,      1209,            7,          18,                25,    104464
shared_memory,      1210,            7,          18,                25,    104464
shared_memory,      1211,            7,          18,                25,    104464
shared_memory,      1212,            7,          18,                25,    104464
shared_memory,      1213,            7,          18,                25,    104464
shared_memory,      1214,            7,          18,                25,    104464
shared_memory,      1215,            7,          18,                25,    104464
shared_memory,      1216,            7,          18,                25,    104464
shared_memory,      1217,            7,          18,                25,    104464
shared_memory,      1218,            7,          18,                25,    104464
shared_memory,      1219,            7,          18,                25,    104464
shared_memory,      1220,            7,          18,                25,    104464
shared_memory,      1221,            7,          18,                25,    104464
shared_memory,      1222,            7,          18,                25,    104464
shared_memory,      1223,            7,          18,                25,    104464
shared_memory,      1224,            7,          18,                25,    104464
shared_memory,      1225,            7,          18,                25,    104464
shared_memory,      1226,            7,          18,                25,    104464
shared_memory,      1227,            7,          18,                25,    104464
shared_memory,      1228,            7,          18,                25,    104464
shared_memory,      1229,            7,          18,                25,    104464
shared_memory,      1230,            7,          18,                25,    104464
shared_memory,      1231,            7,          18,                25,    104464
shared_memory,      1232,            7,          18,                25,    104464
shared_memory,      1233,            7,          18,                25,    104464
shared_memory,      1234,            7,          18,                25,    104464
shared_memory,      1235,            7,          18,                25,    104464
shared_memory,      1236,            7,          18,                25,    104464
shared_memory,      1237,            7,          18,                25,    104464
shared_memory,      1238,            7,          18,                25,    104464
shared_memory,      1239,            7,          18,                25,    104464
shared_memory,      1240,            7,          18,                25,    104464
shared_memory,      1241,            7,          18,                25,    104464
shared_memory,      1242,            7,          18,                25,    104464
shared_memory,      1243,            7,          18,                25,    104464
shared_memory,      1244,            7,          18,                25,    104464
shared_memory,      1245,            7,          18,                25,    104464
shared_memory,      1246,            7,          18,                25,    104464
shared_memory,      1247,            7,          18,                25,    104464
shared_memory,      1248,            7,          18,                25,    104464
shared_memory,      1249,            7,          18,                25,    104464
shared_memory,      1250,            7,          18,                25,    104464
shared_memory,      1251,            7,          18,                25,    104464
shared_memory,      1252,            7,          18,                25,    104464
shared_memory,      1253,            7,          18,                25,    104464
shared_memory,      1254,            7,          18,                25,    104464
shared_memory,      1255,            7,          18,                25,    104464
shared_memory,      1256,            7,          18,                25,    104464
shared_memory,      1257,            7,          18,                25,    104464
shared_memory,      1258,            7,          18,                25,    104464
shared_memory,      1259,            7,          18,                25,    104464
shared_memory,      1260,            7,          18,                25,    104464
shared_memory,      1261,            7,          18,                25,    104464
shared_memory,      1262,            7,          18,                25,    104464
shared_memory,      1263,            7,          18,                25,    104464
shared_memory,      1264,            7,          18,                25,    104464
shared_memory,      1265,            7,          18,                25,    104464
shared_memory,      1266,            7,          18,                25,    104464
shared_memory,      1267,            7,          18,                25,    104464
shared_memory,      1268,            7,          18,                25,    104464
shared_memory,      1269,            7,          18,                25,    104464
shared_memory,      1270,            7,          18,                25,    104464
shared_memory,      1271,            7,          18,                25,    104464
shared_memory,      1272,            7,          18,                25,    104464
shared_memory,      1273,            7,          18,                25,    104464
shared_memory,      1274,            7,          18,                25,    104464
shared_memory,      1275,            7,          18,                25,    104464
shared_memory,      1276,            7,          18,                25,    104464
shared_memory,      1277,            7,          18,                25,    104464
shared_memory,      1278,            7,          18,                25,    104464
shared_memory,      1279,            7,          18,                25,    104464
shared_memory,      1280,            7,          18,                25,    104464
shared_memory,      1281,            7,          18,                25,    104464
shared_memory,      1282,            7,          18,                25,    104464
shared_memory,      1283,            7,          18,                25,    104464
shared_memory,      1284,            7,          18,                25,    104464
shared_memory,      1285,            7,          18,                25,    104464
shared_memory,      1286,            7,          18,                25,    104464
shared_memory,      1287,            7,          18,                25,    104464
shared_memory,      1288,            7,          18,                25,    104464
shared_memory,      1289,            7,          18,                25,    104464
shared_memory,      1290,            7,          18,                25,    104464
shared_memory,      1291,            7,          18,                25,    104464
shared_memory,      1292,            7,          18,                25,    104464
shared_memory,      1293,            7,          18,                25,    104464
shared_memory,      1294,            7,          18,                25,    104464
shared_memory,      1295,            7,          18,                25,    104464
shared_memory,      1296,            7,          18,                25,    104464
shared_memory,      1297,            7,          18,                25,    104464
shared_memory,      1298,            7,          18,                25,    104464
shared_memory,      1299,            7,          18,                25,    104464
shared_memory,      1300,            7,          18,                25,    104464
shared_memory,      1301,            7,          18,                25,    104464
shared_memory,      1302,            7,          18,                25,    104464
shared_memory,      1303,            7,          18,                25,    104464
shared_memory,      1304,            7,          18,                25,    104464
shared_memory,      1305,            7,          18,                25,    104464
shared_memory,      1306,            7,          18,                25,    104464
shared_memory,      1307,            7,          18,                25,    104464
shared_memory,      1308,            7,          18,                25,    104464
shared_memory,      1309,            7,          18,                25,    104464
shared_memory,      1310,            7,          18,                25,    104464
shared_memory,      1311,            7,          18,                25,    104464
shared_memory,      1312,            7,          18,                25,    104464
shared_memory,      1313,            7,          18,                25,    104464
shared_memory,      1314,            7,          18,                25,    104464
shared_memory,      1315,            7,          18,                25,    104464
shared_memory,      1316,            7,          18,                25,    104464
shared_memory,      1317,            7,          18,                25,    104464
shared_memory,      1318,            7,          18,                25,    104464
shared_memory,      1319,            7,          18,                25,    104464
shared_memory,      1320,            7,          18,                25,    104464
shared_memory,      1321,            7,          18,                25,    104464
shared_memory,      1322,            7,          18,                25,    104464
shared_memory,      1323,            7,          18,                25,    104464
shared_memory,      1324,            7,          18,                25,    104464
shared_memory,      1325,            7,          18,                25,    104464
shared_memory,      1326,            7,          18,                25,    104464
shared_memory,      1327,            7,          18,                25,    104464
shared_memory,      1328,            7,          18,                25,    104464
shared_memory,      1329,            7,          18,                25,    104464
shared_memory,      1330,            7,          18,                25,    104464
shared_memory,      1331,            7,          18,                25,    104464
shared_memory,      1332,            7,          18,                25,    104464
shared_memory,      1333,            7,          18,                25,    104464
shared_memory,      1334,            7,          18,                25,    104464
shared_memory,      1335,            7,          18,                25,    104464
shared_memory,      1336,            7,          18,                25,    104464
shared_memory,      1337,            7,          18,                25,    104464
shared_memory,      1338,            7,          18,                25,    104464
shared_memory,      1339,            7,          18,                25,    104464
shared_memory,      1340,            7,          18,                25,    104464
shared_memory,      1341,            7,          18,                25,    104464
shared_memory,      1342,            7,          18,                25,    104464
shared_memory,      1343,            7,          18,                25,    104464
shared_memory,      1344,            7,          18,                25,    104464
shared_memory,      1345,            7,          18,                25,    104464
shared_memory,      1346,            7,          18,                25,    104464
shared_memory,      1347,            7,          18,                25,    104464
shared_memory,      1348,            7,          18,                25,    104464
shared_memory,      1349,            7,          18,                25,    104464
shared_memory,      1350,            7,          18,                25,    104464
shared_memory,      1351,            7,          18,                25,    104464
shared_memory,      1352,            7,          18,                25,    104464
shared_memory,      1353,            7,          18,                25,    104464
shared_memory,      1354,            7,          18,                25,    104464
shared_memory,      1355,            7,          18,                25,    104464
shared_memory,      1356,            7,          18,                25,    104464
shared_memory,      1357,            7,          18,                25,    104464
shared_memory,      1358,            7,          18,                25,    104464
shared_memory,      1359,            7,          18,                25,    104464
shared_memory,      1360,            7,          18,                25,    104464
shared_memory,      1361,            7,          18,                25,    104464
shared_memory,      1362,            7,          18,                25,    104464
shared_memory,      1363,            7,          18,                25,    104464
shared_memory,      1364,            7,          18,                25,    104464
shared_memory,      1365,            7,          18,                25,    104464
shared_memory,      1366,            7,          18,                25,    104464
shared_memory,      1367,            7,          18,                25,    104464
shared_memory,      1368,            7,          18,                25,    104464
shared_memory,      1369,            7,          18,                25,    104464
shared_memory,      1370,            7,          18,                25,    104464
shared_memory,      1371,            7,          18,                25,    104464
shared_memory,      1372,            7,          18,                25,    104464
shared_memory,      1373,            7,          18,                25,    104464
shared_memory,      1374,            7,          18,                25,    104464
shared_memory,      1375,            7,          18,                25,    104464
shared_memory,      1376,            7,          18,                25,    104464
shared_memory,      1377,            7,          18,                25,    104464
shared_memory,      1378,            7,          18,                25,    104464
shared_memory,      1379,            7,          18,                25,    104464
shared_memory,      1380,            7,          18,                25,    104464
shared_memory,      1381,            7,          18,                25,    104464
shared_memory,      1382,            7,          18,                25,    104464
shared_memory,      1383,            7,          18,                25,    104464
shared_memory,      1384,            7,          18,                25,    104464
shared_memory,      1385,            7,          18,                25,    104464
shared_memory,      1386,            7,          18,                25,    104464
shared_memory,      1387,            7,          18,                25,    104464
shared_memory,      1388,            7,          18,                25,    104464
shared_memory,      1389,            7,          18,                25,    104464
shared_memory,      1390,            7,          18,                25,    104464
shared_memory,      1391,            7,          18,                25,    104464
shared_memory,      1392,            7,          18,                25,    104464
shared_memory,      1393,            7,          18,                25,    104464
shared_memory,      1394,            7,          18,                25,    104464
shared_memory,      1395,            7,          18,                25,    104464
shared_memory,      1396,            7,          18,                25,    104464
shared_memory,      1397,            7,          18,                25,    104464
shared_memory,      1398,            7,          18,                25,    104464
shared_memory,      1399,            7,          18,                25,    104464
shared_memory,      1400,            7,          18,                25,    104464
shared_memory,      1401,            7,          18,                25,    104464
shared_memory,      1402,            7,          18,                25,    104464
shared_memory,      1403,            7,          18,                25,    104464
shared_memory,      1404,            7,          18,                25,    104464
shared_memory,      1405,            7,          18,                25,    104464
shared_memory,      1406,            7,          18,                25,    104464
shared_memory,      1407,            7,          18,                25,    104464
shared_memory,      1408,            7,          18,                25,    104464
shared_memory,      1409,            7,          18,                25,    104464
shared_memory,      1410,            7,          18,                25,    104464
shared_memory,      1411,            7,          18,                25,    104464
shared_memory,      1412,            7,          18,                25,    104464
shared_memory,      1413,            7,          18,                25,    104464
shared_memory,      1414,            7,          18,                25,    104464
shared_memory,      1415,            7,          18,                25,    104464
shared_memory,      1416,            7,          18,                25,    104464
shared_memory,      1417,            7,          18,                25,    104464
shared_memory,      1418,            7,          18,                25,    104464
shared_memory,      1419,            7,          18,                25,    104464
shared_memory,      1420,            7,          18,                25,    104464
shared_memory,      1421,            7,          18,                25,    104464
shared_memory,      1422,            7,          18,                25,    104464
shared_memory,      1423,            7,          18,                25,    104464
shared_memory,      1424,            7,          18,                25,    104464
shared_memory,      1425,            7,          18,                25,    104464
shared_memory,      1426,            7,          18,                25,    104464
shared_memory,      1427,            7,          18,                25,    104464
shared_memory,      1428,            7,          18,                25,    104464
shared_memory,      1429,            7,          18,                25,    104464
shared_memory,      1430,            7,          18,                25,    104464
shared_memory,      1431,            7,          18,                25,    104464
shared_memory,      1432,            7,          18,                25,    104464
shared_memory,      1433,            7,          18,                25,    104464
shared_memory,      1434,            7,          18,                25,    104464
shared_memory,      1435,            7,          18,                25,    104464
shared_memory,      1436,            7,          18,                25,    104464
shared_memory,      1437,            7,          18,                25,    104464
shared_memory,      1438,            7,          18,                25,    104464
shared_memory,      1439,            7,          18,                25,    104464
shared_memory,      1440,            7,          18,                25,    104464
shared_memory,      1441,            7,          18,                25,    104464
shared_memory,      1442,            7,          18,                25,    104464
shared_memory,      1443,            7,          18,                25,    104464
shared_memory,      1444,            7,          18,                25,    104464
shared_memory,      1445,            7,          18,                25,    104464
shared_memory,      1446,            7,          18,                25,    104464
shared_memory,      1447,            7,          18,                25,    104464
shared_memory,      1448,            7,          18,                25,    104464
shared_memory,      1449,            7,          18,                25,    104464
shared_memory,      1450,            7,          18,                25,    104464
shared_memory,      1451,            7,          18,                25,    104464
shared_memory,      1452,            7,          18,                25,    104464
shared_memory,      1453,            7,          18,                25,    104464
shared_memory,      1454,            7,          18,                25,    104464
shared_memory,      1455,            7,          18,                25,    104464
shared_memory,      1456,            7,          18,                25,    104464
shared_memory,      1457,            7,          18,                25,    104464
shared_memory,      1458,            7,          18,                25,    104464
shared_memory,      1459,            7,          18,                25,    104464
shared_memory,      1460,            7,          18,                25,    104464
shared_memory,      1461,            7,          18,                25,    104464
shared_memory,      1462,            7,          18,                25,    104464
shared_memory,      1463,            7,          18,                25,    104464
shared_memory,      1464,            7,          18,                25,    104464
shared_memory,      1465,            7,          18,                25,    104464
shared_memory,      1466,            7,          18,                25,    104464
shared_memory,      1467,            7,          18,                25,    104464
shared_memory,      1468,            7,          18,                25,    104464
shared_memory,      1469,            7,          18,                25,    104464
shared_memory,      1470,            7,          18,                25,    104464
shared_memory,      1471,            7,          18,                25,    104464
shared_memory,      1472,            7,          18,                25,    104464
shared_memory,      1473,            7,          18,                25,    104464
shared_memory,      1474,            7,          18,                25,    104464
shared_memory,      1475,            7,          18,                25,    104464
shared_memory,      1476,            7,          18,                25,    104464
shared_memory,      1477,            7,          18,                25,    104464
shared_memory,      1478,            7,          18,                25,    104464
shared_memory,      1479,            7,          18,                25,    104464
shared_memory,      1480,            7,          18,                25,    104464
shared_memory,      1481,            7,          18,                25,    104464
shared_memory,      1482,            7,          18,                25,    104464
shared_memory,      1483,            7,          18,                25,    104464
shared_memory,      1484,            7,          18,                25,    104464
shared_memory,      1485,            7,          18,                25,    104464
shared_memory,      1486,            7,          18,                25,    104464
shared_memory,      1487,            7,          18,                25,    104464
shared_memory,      1488,            7,          18,                25,    104464
shared_memory,      1489,            7,          18,                25,    104464
shared_memory,      1490,            7,          18,                25,    104464
shared_memory,      1491,            7,          18,                25,    104464
shared_memory,      1492,            7,          18,                25,    104464
shared_memory,      1493,            7,          18,                25,    104464
shared_memory,      1494,            7,          18,                25,    104464
shared_memory,      1495,            7,          18,                25,    104464
shared_memory,      1496,            7,          18,                25,    104464
shared_memory,      1497,            7,          18,                25,    104464
shared_memory,      1498,            7,          18,                25,    104464
shared_memory,      1499,            7,          18,                25,    104464
shared_memory,      1500,            7,          18,                25,    104464
shared_memory,      1501,            7,          18,                25,    104464
shared_memory,      1502,            7,          18,                25,    104464
shared_memory,      1503,            7,          18,                25,    104464
shared_memory,      1504,            7,          18,                25,    104464
shared_memory,      1505,            7,          18,                25,    104464
shared_memory,      1506,            7,          18,                25,    104464
shared_memory,      1507,            7,          18,                25,    104464
shared_memory,      1508,            7,          18,                25,    104464
shared_memory,      1509,            7,          18,                25,    104464
shared_memory,      1510,            7,          18,                25,    104464
shared_memory,      1511,            7,          18,                25,    104464
shared_memory,      1512,            7,          18,                25,    104464
shared_memory,      1513,            7,          18,                25,    104464
shared_memory,      1514,            7,          18,                25,    104464
shared_memory,      1515,            7,          18,                25,    104464
shared_memory,      1516,            7,          18,                25,    104464
shared_memory,      1517,            7,          18,                25,    104464
shared_memory,      1518,            7,          18,                25,    104464
shared_memory,      1519,            7,          18,                25,    104464
shared_memory,      1520,            7,          18,                25,    104464
shared_memory,      1521,            7,          18,                25,    104464
shared_memory,      1522,            7,          18,                25,    104464
shared_memory,      1523,            7,          18,                25,    104464
shared_memory,      1524,            7,          18,                25,    104464
shared_memory,      1525,            7,          18,                25,    104464
shared_memory,      1526,            7,          18,                25,    104464
shared_memory,      1527,            7,          18,                25,    104464
shared_memory,      1528,            7,          18,                25,    104464
shared_memory,      1529,            7,          18,                25,    104464
shared_memory,      1530,            7,          18,                25,    104464
shared_memory,      1531,            7,          18,                25,    104464
shared_memory,      1532,            7,          18,                25,    104464
shared_memory,      1533,            7,          18,                25,    104464
shared_memory,      1534,            7,          18,                25,    104464
shared_memory,      1535,            7,          18,                25,    104464
shared_memory,      1536,            7,          18,                25,    104464
shared_memory,      1537,            7,          18,                25,    104464
shared_memory,      1538,            7,          18,                25,    104464
shared_memory,      1539,            7,          18,                25,    104464
shared_memory,      1540,            7,          18,                25,    104464
shared_memory,      1541,            7,          18,                25,    104464
shared_memory,      1542,            7,          18,                25,    104464
shared_memory,      1543,            7,          18,                25,    104464
shared_memory,      1544,            7,          18,                25,    104464
shared_memory,      1545,            7,          18,                25,    104464
shared_memory,      1546,            7,          18,                25,    104464
shared_memory,      1547,            7,          18,                25,    104464
shared_memory,      1548,            7,          18,                25,    104464
shared_memory,      1549,            7,          18,                25,    104464
shared_memory,      1550,            7,          18,                25,    104464
shared_memory,      1551,            7,          18,                25,    104464
shared_memory,      1552,            7,          18,                25,    104464
shared_memory,      1553,            7,          18,                25,    104464
shared_memory,      1554,            7,          18,                25,    104464
shared_memory,      1555,            7,          18,                25,    104464
shared_memory,      1556,            7,          18,                25,    104464
shared_memory,      1557,            7,          18,                25,    104464
shared_memory,      1558,            7,          18,                25,    104464
shared_memory,      1559,            7,          18,                25,    104464
shared_memory,      1560,            7,          18,                25,    104464
shared_memory,      1561,            7,          18,                25,    104464
shared_memory,      1562,            7,          18,                25,    104464
shared_memory,      1563,            7,          18,                25,    104464
shared_memory,      1564,            7,          18,                25,    104464
shared_memory,      1565,            7,          18,                25,    104464
shared_memory,      1566,            7,          18,                25,    104464
shared_memory,      1567,            7,          18,                25,    104464
shared_memory,      1568,            7,          18,                25,    104464
shared_memory,      1569,            7,          18,                25,    104464
shared_memory,      1570,            7,          18,                25,    104464
shared_memory,      1571,            7,          18,                25,    104464
shared_memory,      1572,            7,          18,                25,    104464
shared_memory,      1573,            7,          18,                25,    104464
shared_memory,      1574,            7,          18,                25,    104464
shared_memory,      1575,            7,          18,                25,    104464
shared_memory,      1576,            7,          18,                25,    104464
shared_memory,      1577,            7,          18,                25,    104464
shared_memory,      1578,            7,          18,                25,    104464
shared_memory,      1579,            7,          18,                25,    104464
shared_memory,      1580,            7,          18,                25,    104464
shared_memory,      1581,            7,          18,                25,    104464
shared_memory,      1582,            7,          18,                25,    104464
shared_memory,      1583,            7,          18,                25,    104464
shared_memory,      1584,            7,          18,                25,    104464
shared_memory,      1585,            7,          18,                25,    104464
shared_memory,      1586,            7,          18,                25,    104464
shared_memory,      1587,            7,          18,                25,    104464
shared_memory,      1588,            7,          18,                25,    104464
shared_memory,      1589,            7,          18,                25,    104464
shared_memory,      1590,            7,          18,                25,    104464
shared_memory,      1591,            7,          18,                25,    104464
shared_memory,      1592,            7,          18,                25,    104464
shared_memory,      1593,            7,          18,                25,    104464
shared_memory,      1594,            7,          18,                25,    104464
shared_memory,      1595,            7,          18,                25,    104464
shared_memory,      1596,            7,          18,                25,    104464
shared_memory,      1597,            7,          18,                25,    104464
shared_memory,      1598,            7,          18,                25,    104464
shared_memory,      1599,            7,          18,                25,    104464
shared_memory,      1600,            7,          18,                25,    104464
shared_memory,      1601,            7,          18,                25,    104464
shared_memory,      1602,            7,          18,                25,    104464
shared_memory,      1603,            7,          18,                25,    104464
shared_memory,      1604,            7,          18,                25,    104464
shared_memory,      1605,            7,          18,                25,    104464
shared_memory,      1606,            7,          18,                25,    104464
shared_memory,      1607,            7,          18,                25,    104464
shared_memory,      1608,            7,          18,                25,    104464
shared_memory,      1609,            7,          18,                25,    104464
shared_memory,      1610,            7,          18,                25,    104464
shared_memory,      1611,            7,          18,                25,    104464
shared_memory,      1612,            7,          18,                25,    104464
shared_memory,      1613,            7,          18,                25,    104464
shared_memory,      1614,            7,          18,                25,    104464
shared_memory,      1615,            7,          18,                25,    104464
shared_memory,      1616,            7,          18,                25,    104464
shared_memory,      1617,            7,          18,                25,    104464
shared_memory,      1618,            7,          18,                25,    104464
shared_memory,      1619,            7,          18,                25,    104464
shared_memory,      1620,            7,          18,                25,    104464
shared_memory,      1621,            7,          18,                25,    104464
shared_memory,      1622,            7,          18,                25,    104464
shared_memory,      1623,            7,          18,                25,    104464
shared_memory,      1624,            7,          18,                25,    104464
shared_memory,      1625,            7,          18,                25,    104464
shared_memory,      1626,            7,          18,                25,    104464
shared_memory,      1627,            7,          18,                25,    104464
shared_memory,      1628,            7,          18,                25,    104464
shared_memory,      1629,            7,          18,                25,    104464
shared_memory,      1630,            7,          18,                25,    104464
shared_memory,      1631,            7,          18,                25,    104464
shared_memory,      1632,            7,          18,                25,    104464
shared_memory,      1633,            7,          18,                25,    104464
shared_memory,      1634,            7,          18,                25,    104464
shared_memory,      1635,            7,          18,                25,    104464
shared_memory,      1636,            7,          18,                25,    104464
shared_memory,      1637,            7,          18,                25,    104464
shared_memory,      1638,            7,          18,                25,    104464
shared_memory,      1639,            7,          18,                25,    104464
shared_memory,      1640,            7,          18,                25,    104464
shared_memory,      1641,            7,          18,                25,    104464
shared_memory,      1642,            7,          18,                25,    104464
shared_memory,      1643,            7,          18,                25,    104464
shared_memory,      1644,            7,          18,                25,    104464
shared_memory,      1645,            7,          18,                25,    104464
shared_memory,      1646,            7,          18,                25,    104464
shared_memory,      1647,            7,          18,                25,    104464
shared_memory,      1648,            7,          18,                25,    104464
shared_memory,      1649,            7,          18,                25,    104464
shared_memory,      1650,            7,          18,                25,    104464
shared_memory,      1651,            7,          18,                25,    104464
shared_memory,      1652,            7,          18,                25,    104464
shared_memory,      1653,            7,          18,                25,    104464
shared_memory,      1654,            7,          18,                25,    104464
shared_memory,      1655,            7,          18,                25,    104464
shared_memory,      1656,            7,          18,                25,    104464
shared_memory,      1657,            7,          18,                25,    104464
shared_memory,      1658,            7,          18,                25,    104464
shared_memory,      1659,            7,          18,                25,    104464
shared_memory,      1660,            7,          18,                25,    104464
shared_memory,      1661,            7,          18,                25,    104464
shared_memory,      1662,            7,          18,                25,    104464
shared_memory,      1663,            7,          18,                25,    104464
shared_memory,      1664,            7,          18,                25,    104464
shared_memory,      1665,            7,          18,                25,    104464
shared_memory,      1666,            7,          18,                25,    104464
shared_memory,      1667,            7,          18,                25,    104464
shared_memory,      1668,            7,          18,                25,    104464
shared_memory,      1669,            7,          18,                25,    104464
shared_memory,      1670,            7,          18,                25,    104464
shared_memory,      1671,            7,          18,                25,    104464
shared_memory,      1672,            7,          18,                25,    104464
shared_memory,      1673,            7,          18,                25,    104464
shared_memory,      1674,            7,          18,                25,    104464
shared_memory,      1675,            7,          18,                25,    104464
shared_memory,      1676,            7,          18,                25,    104464
shared_memory,      1677,            7,          18,                25,    104464
shared_memory,      1678,            7,          18,                25,    104464
shared_memory,      1679,            7,          18,                25,    104464
shared_memory,      1680,            7,          18,                25,    104464
shared_memory,      1681,            7,          18,                25,    104464
shared_memory,      1682,            7,          18,                25,    104464
shared_memory,      1683,            7,          18,                25,    104464
shared_memory,      1684,            7,          18,                25,    104464
shared_memory,      1685,            7,          18,                25,    104464
shared_memory,      1686,            7,          18,                25,    104464
shared_memory,      1687,            7,          18,                25,    104464
shared_memory,      1688,            7,          18,                25,    104464
shared_memory,      1689,            7,          18,                25,    104464
shared_memory,      1690,            7,          18,                25,    104464
shared_memory,      1691,            7,          18,                25,    104464
shared_memory,      1692,            7,          18,                25,    104464
shared_memory,      1693,            7,          18,                25,    104464
shared_memory,      1694,            7,          18,                25,    104464
shared_memory,      1695,            7,          18,                25,    104464
shared_memory,      1696,            7,          18,                25,    104464
shared_memory,      1697,            7,          18,                25,    104464
shared_memory,      1698,            7,          18,                25,    104464
shared_memory,      1699,            7,          18,                25,    104464
shared_memory,      1700,            7,          18,                25,    104464
shared_memory,      1701,            7,          18,                25,    104464
shared_memory,      1702,            7,          18,                25,    104464
shared_memory,      1703,            7,          18,                25,    104464
shared_memory,      1704,            7,          18,                25,    104464
shared_memory,      1705,            7,          18,                25,    104464
shared_memory,      1706,            7,          18,                25,    104464
shared_memory,      1707,            7,          18,                25,    104464
shared_memory,      1708,            7,          18,                25,    104464
shared_memory,      1709,            7,          18,                25,    104464
shared_memory,      1710,            7,          18,                25,    104464
shared_memory,      1711,            7,          18,                25,    104464
shared_memory,      1712,            7,          18,                25,    104464
shared_memory,      1713,            7,          18,                25,    104464
shared_memory,      1714,            7,          18,                25,    104464
shared_memory,      1715,            7,          18,                25,    104464
shared_memory,      1716,            7,          18,                25,    104464
shared_memory,      1717,            7,          18,                25,    104464
shared_memory,      1718,            7,          18,                25,    104464
shared_memory,      1719,            7,          18,                25,    104464
shared_memory,      1720,            7,          18,                25,    104464
shared_memory,      1721,            7,          18,                25,    104464
shared_memory,      1722,            7,          18,                25,    104464
shared_memory,      1723,            7,          18,                25,    104464
shared_memory,      1724,            7,          18,                25,    104464
shared_memory,      1725,            7,          18,                25,    104464
shared_memory,      1726,            7,          18,                25,    104464
shared_memory,      1727,            7,          18,                25,    104464
shared_memory,      1728,            7,          18,                25,    104464
shared_memory,      1729,            7,          18,                25,    104464
shared_memory,      1730,            7,          18,                25,    104464
shared_memory,      1731,            7,          18,                25,    104464
shared_memory,      1732,            7,          18,                25,    104464
shared_memory,      1733,            7,          18,                25,    104464
shared_memory,      1734,            7,          18,                25,    104464
shared_memory,      1735,            7,          18,                25,    104464
shared_memory,      1736,            7,          18,                25,    104464
shared_memory,      1737,            7,          18,                25,    104464
shared_memory,      1738,            7,          18,                25,    104464
shared_memory,      1739,            7,          18,                25,    104464
shared_memory,      1740,            7,          18,                25,    104464
shared_memory,      1741,            7,          18,                25,    104464
shared_memory,      1742,            7,          18,                25,    104464
shared_memory,      1743,            7,          18,                25,    104464
shared_memory,      1744,            7,          18,                25,    104464
shared_memory,      1745,            7,          18,                25,    104464
shared_memory,      1746,            7,          18,                25,    104464
shared_memory,      1747,            7,          18,                25,    104464
shared_memory,      1748,            7,          18,                25,    104464
shared_memory,      1749,            7,          18,                25,    104464
shared_memory,      1750,            7,          18,                25,    104464
shared_memory,      1751,            7,          18,                25,    104464
shared_memory,      1752,            7,          18,                25,    104464
shared_memory,      1753,            7,          18,                25,    104464
shared_memory,      1754,            7,          18,                25,    104464
shared_memory,      1755,            7,          18,                25,    104464
shared_memory,      1756,            7,          18,                25,    104464
shared_memory,      1757,            7,          18,                25,    104464
shared_memory,      1758,            7,          18,                25,    104464
shared_memory,      1759,            7,          18,                25,    104464
shared_memory,      1760,            7,          18,                25,    104464
shared_memory,      1761,            7,          18,                25,    104464
shared_memory,      1762,            7,          18,                25,    104464
shared_memory,      1763,            7,          18,                25,    104464
shared_memory,      1764,            7,          18,                25,    104464
shared_memory,      1765,            7,          18,                25,    104464
shared_memory,      1766,            7,          18,                25,    104464
shared_memory,      1767,            7,          18,                25,    104464
shared_memory,      1768,            7,          18,                25,    104464
shared_memory,      1769,            7,          18,                25,    104464
shared_memory,      1770,            7,          18,                25,    104464
shared_memory,      1771,            7,          18,                25,    104464
shared_memory,      1772,            7,          18,                25,    104464
shared_memory,      1773,            7,          18,                25,    104464
shared_memory,      1774,            7,          18,                25,    104464
shared_memory,      1775,            7,          18,                25,    104464
shared_memory,      1776,            7,          18,                25,    104464
shared_memory,      1777,            7,          18,                25,    104464
shared_memory,      1778,            7,          18,                25,    104464
shared_memory,      1779,            7,          18,                25,    104464
shared_memory,      1780,            7,          18,                25,    104464
shared_memory,      1781,            7,          18,                25,    104464
shared_memory,      1782,            7,          18,                25,    104464
shared_memory,      1783,            7,          18,                25,    104464
shared_memory,      1784,            7,          18,                25,    104464
shared_memory,      1785,            7,          18,                25,    104464
shared_memory,      1786,            7,          18,                25,    104464
shared_memory,      1787,            7,          18,                25,    104464
shared_memory,      1788,            7,          18,                25,    104464
shared_memory,      1789,            7,          18,                25,    104464
shared_memory,      1790,            7,          18,                25,    104464
shared_memory,      1791,            7,          18,                25,    104464
shared_memory,      1792,            7,          18,                25,    104464
shared_memory,      1793,            7,          18,                25,    104464
shared_memory,      1794,            7,          18,                25,    104464
shared_memory,      1795,            7,          18,                25,    104464
shared_memory,      1796,            7,          18,                25,    104464
shared_memory,      1797,            7,          18,                25,    104464
shared_memory,      1798,            7,          18,                25,    104464
shared_memory,      1799,            7,          18,                25,    104464
shared_memory,      1800,            7,          18,                25,    104464
shared_memory,      1801,            7,          18,                25,    104464
shared_memory,      1802,            7,          18,                25,    104464
shared_memory,      1803,            7,          18,                25,    104464
shared_memory,      1804,            7,          18,                25,    104464
shared_memory,      1805,            7,          18,                25,    104464
shared_memory,      1806,            7,          18,                25,    104464
shared_memory,      1807,            7,          18,                25,    104464
shared_memory,      1808,            7,          18,                25,    104464
shared_memory,      1809,            7,          18,                25,    104464
shared_memory,      1810,            7,          18,                25,    104464
shared_memory,      1811,            7,          18,                25,    104464
shared_memory,      1812,            7,          18,                25,    104464
shared_memory,      1813,            7,          18,                25,    104464
shared_memory,      1814,            7,          18,                25,    104464
shared_memory,      1815,            7,          18,                25,    104464
shared_memory,      1816,            7,          18,                25,    104464
shared_memory,      1817,            7,          18,                25,    104464
shared_memory,      1818,            7,          18,                25,    104464
shared_memory,      1819,            7,          18,                25,    104464
shared_memory,      1820,            7,          18,                25,    104464
shared_memory,      1821,            7,          18,                25,    104464
shared_memory,      1822,            7,          18,                25,    104464
shared_memory,      1823,            7,          18,                25,    104464
shared_memory,      1824,            7,          18,                25,    104464
shared_memory,      1825,            7,          18,                25,    104464
shared_memory,      1826,            7,          18,                25,    104464
shared_memory,      1827,            7,          18,                25,    104464
shared_memory,      1828,            7,          18,                25,    104464
shared_memory,      1829,            7,          18,                25,    104464
shared_memory,      1830,            7,          18,                25,    104464
shared_memory,      1831,            7,          18,                25,    104464
shared_memory,      1832,            7,          18,                25,    104464
shared_memory,      1833,            7,          18,                25,    104464
shared_memory,      1834,            7,          18,                25,    104464
shared_memory,      1835,            7,          18,                25,    104464
shared_memory,      1836,            7,          18,                25,    104464
shared_memory,      1837,            7,          18,                25,    104464
shared_memory,      1838,            7,          18,                25,    104464
shared_memory,      1839,            7,          18,                25,    104464
shared_memory,      1840,            7,          18,                25,    104464
shared_memory,      1841,            7,          18,                25,    104464
shared_memory,      1842,            7,          18,                25,    104464
shared_memory,      1843,            7,          18,                25,    104464
shared_memory,      1844,            7,          18,                25,    104464
shared_memory,      1845,            7,          18,                25,    104464
shared_memory,      1846,            7,          18,                25,    104464
shared_memory,      1847,            7,          18,                25,    104464
shared_memory,      1848,            7,          18,                25,    104464
shared_memory,      1849,            7,          18,                25,    104464
shared_memory,      1850,            7,          18,                25,    104464
shared_memory,      1851,            7,          18,                25,    104464
shared_memory,      1852,            7,          18,                25,    104464
shared_memory,      1853,            7,          18,                25,    104464
shared_memory,      1854,            7,          18,                25,    104464
shared_memory,      1855,            7,          18,                25,    104464
shared_memory,      1856,            7,          18,                25,    104464
shared_memory,      1857,            7,          18,                25,    104464
shared_memory,      1858,            7,          18,                25,    104464
shared_memory,      1859,            7,          18,                25,    104464
shared_memory,      1860,            7,          18,                25,    104464
shared_memory,      1861,            7,          18,                25,    104464
shared_memory,      1862,            7,          18,                25,    104464
shared_memory,      1863,            7,          18,                25,    104464
shared_memory,      1864,            7,          18,                25,    104464
shared_memory,      1865,            7,          18,                25,    104464
shared_memory,      1866,            7,          18,                25,    104464
shared_memory,      1867,            7,          18,                25,    104464
shared_memory,      1868,            7,          18,                25,    104464
shared_memory,      1869,            7,          18,                25,    104464
shared_memory,      1870,            7,          18,                25,    104464
shared_memory,      1871,            7,          18,                25,    104464
shared_memory,      1872,            7,          18,                25,    104464
shared_memory,      1873,            7,          18,                25,    104464
shared_memory,      1874,            7,          18,                25,    104464
shared_memory,      1875,            7,          18,                25,    104464
shared_memory,      1876,            7,          18,                25,    104464
shared_memory,      1877,            7,          18,                25,    104464
shared_memory,      1878,            7,          18,                25,    104464
shared_memory,      1879,            7,          18,                25,    104464
shared_memory,      1880,            7,          18,                25,    104464
shared_memory,      1881,            7,          18,                25,    104464
shared_memory,      1882,            7,          18,                25,    104464
shared_memory,      1883,            7,          18,                25,    104464
shared_memory,      1884,            7,          18,                25,    104464
shared_memory,      1885,            7,          18,                25,    104464
shared_memory,      1886,            7,          18,                25,    104464
shared_memory,      1887,            7,          18,                25,    104464
shared_memory,      1888,            7,          18,                25,    104464
shared_memory,      1889,            7,          18,                25,    104464
shared_memory,      1890,            7,          18,                25,    104464
shared_memory,      1891,            7,          18,                25,    104464
shared_memory,      1892,            7,          18,                25,    104464
shared_memory,      1893,            7,          18,                25,    104464
shared_memory,      1894,            7,          18,                25,    104464
shared_memory,      1895,            7,          18,                25,    104464
shared_memory,      1896,            7,          18,                25,    104464
shared_memory,      1897,            7,          18,                25,    104464
shared_memory,      1898,            7,          18,                25,    104464
shared_memory,      1899,            7,          18,                25,    104464
shared_memory,      1900,            7,          18,                25,    104464
shared_memory,      1901,            7,          18,                25,    104464
shared_memory,      1902,            7,          18,                25,    104464
shared_memory,      1903,            7,          18,                25,    104464
shared_memory,      1904,            7,          18,                25,    104464
shared_memory,      1905,            7,          18,                25,    104464
shared_memory,      1906,            7,          18,                25,    104464
shared_memory,      1907,            7,          18,                25,    104464
shared_memory,      1908,            7,          18,                25,    104464
shared_memory,      1909,            7,          18,                25,    104464
shared_memory,      1910,            7,          18,                25,    104464
shared_memory,      1911,            7,          18,                25,    104464
shared_memory,      1912,            7,          18,                25,    104464
shared_memory,      1913,            7,          18,                25,    104464
shared_memory,      1914,            7,          18,                25,    104464
shared_memory,      1915,            7,          18,                25,    104464
shared_memory,      1916,            7,          18,                25,    104464
shared_memory,      1917,            7,          18,                25,    104464
shared_memory,      1918,            7,          18,                25,    104464
shared_memory,      1919,            7,          18,                25,    104464
shared_memory,      1920,            7,          18,                25,    104464
shared_memory,      1921,            7,          18,                25,    104464
shared_memory,      1922,            7,          18,                25,    104464
shared_memory,      1923,            7,          18,                25,    104464
shared_memory,      1924,            7,          18,                25,    104464
shared_memory,      1925,            7,          18,                25,    104464
shared_memory,      1926,            7,          18,                25,    104464
shared_memory,      1927,            7,          18,                25,    104464
shared_memory,      1928,            7,          18,                25,    104464
shared_memory,      1929,            7,          18,                25,    104464
shared_memory,      1930,            7,          18,                25,    104464
shared_memory,      1931,            7,          18,                25,    104464
shared_memory,      1932,            7,          18,                25,    104464
shared_memory,      1933,            7,          18,                25,    104464
shared_memory,      1934,            7,          18,                25,    104464
shared_memory,      1935,            7,          18,                25,    104464
shared_memory,      1936,            7,          18,                25,    104464
shared_memory,      1937,            7,          18,                25,    104464
shared_memory,      1938,            7,          18,                25,    104464
shared_memory,      1939,            7,          18,                25,    104464
shared_memory,      1940,            7,          18,                25,    104464
shared_memory,      1941,            7,          18,                25,    104464
shared_memory,      1942,            7,          18,                25,    104464
shared_memory,      1943,            7,          18,                25,    104464
shared_memory,      1944,            7,          18,                25,    104464
shared_memory,      1945,            7,          18,                25,    104464
shared_memory,      1946,            7,          18,                25,    104464
shared_memory,      1947,            7,          18,                25,    104464
shared_memory,      1948,            7,          18,                25,    104464
shared_memory,      1949,            7,          18,                25,    104464
shared_memory,      1950,            7,          18,                25,    104464
shared_memory,      1951,            7,          18,                25,    104464
shared_memory,      1952,            7,          18,                25,    104464
shared_memory,      1953,            7,          18,                25,    104464
shared_memory,      1954,            7,          18,                25,    104464
shared_memory,      1955,            7,          18,                25,    104464
shared_memory,      1956,            7,          18,                25,    104464
shared_memory,      1957,            7,          18,                25,    104464
shared_memory,      1958,            7,          18,                25,    104464
shared_memory,      1959,            7,          18,                25,    104464
shared_memory,      1960,            7,          18,                25,    104464
shared_memory,      1961,            7,          18,                25,    104464
shared_memory,      1962,            7,          18,                25,    104464
shared_memory,      1963,            7,          18,                25,    104464
shared_memory,      1964,            7,          18,                25,    104464
shared_memory,      1965,            7,          18,                25,    104464
shared_memory,      1966,            7,          18,                25,    104464
shared_memory,      1967,            7,          18,                25,    104464
shared_memory,      1968,            7,          18,                25,    104464
shared_memory,      1969,            7,          18,                25,    104464
shared_memory,      1970,            7,          18,                25,    104464
shared_memory,      1971,            7,          18,                25,    104464
shared_memory,      1972,            7,          18,                25,    104464
shared_memory,      1973,            7,          18,                25,    104464
shared_memory,      1974,            7,          18,                25,    104464
shared_memory,      1975,            7,          18,                25,    104464
shared_memory,      1976,            7,          18,                25,    104464
shared_memory,      1977,            7,          18,                25,    104464
shared_memory,      1978,            7,          18,                25,    104464
shared_memory,      1979,            7,          18,                25,    104464
shared_memory,      1980,            7,          18,                25,    104464
shared_memory,      1981,            7,          18,                25,    104464
shared_memory,      1982,            7,          18,                25,    104464
shared_memory,      1983,            7,          18,                25,    104464
shared_memory,      1984,            7,          18,                25,    104464
shared_memory,      1985,            7,          18,                25,    104464
shared_memory,      1986,            7,          18,                25,    104464
shared_memory,      1987,            7,          18,                25,    104464
shared_memory,      1988,            7,          18,                25,    104464
shared_memory,      1989,            7,          18,                25,    104464
shared_memory,      1990,            7,          18,                25,    104464
shared_memory,      1991,            7,          18,                25,    104464
shared_memory,      1992,            7,          18,                25,    104464
shared_memory,      1993,            7,          18,                25,    104464
shared_memory,      1994,            7,          18,                25,    104464
shared_memory,      1995,            7,          18,                25,    104464
shared_memory,      1996,            7,          18,                25,    104464
shared_memory,      1997,            7,          18,                25,    104464
shared_memory,      1998,            7,          18,                25,    104464
shared_memory,      1999,            7,          18,                25,    104464
shared_memory,      2000,            7,          18,                25,    104464
shared_memory,      2001,            7,          18,                25,    104464
shared_memory,      2002,            7,          18,                25,    104464
shared_memory,      2003,            7,          18,                25,    104464
shared_memory,      2004,            7,          18,                25,    104464
shared_memory,      2005,            7,          18,                25,    104464
shared_memory,      2006,            7,          18,                25,    104464
shared_memory,      2007,            7,          18,                25,    104464
shared_memory,      2008,            7,          18,                25,    104464
shared_memory,      2009,            7,          18,                25,    104464
shared_memory,      2010,            7,          18,                25,    104464
shared_memory,      2011,            7,          18,                25,    104464
shared_memory,      2012,            7,          18,                25,    104464
shared_memory,      2013,            7,          18,                25,    104464
shared_memory,      2014,            7,          18,                25,    104464
shared_memory,      2015,            7,          18,                25,    104464
shared_memory,      2016,            7,          18,                25,    104464
shared_memory,      2017,            7,          18,                25,    104464
shared_memory,      2018,            7,          18,                25,    104464
shared_memory,      2019,            7,          18,                25,    104464
shared_memory,      2020,            7,          18,                25,    104464
shared_memory,      2021,            7,          18,                25,    104464
shared_memory,      2022,            7,          18,                25,    104464
shared_memory,      2023,            7,          18,                25,    104464
shared_memory,      2024,            7,          18,                25,    104464
shared_memory,      2025,            7,          18,                25,    104464
shared_memory,      2026,            7,          18,                25,    104464
shared_memory,      2027,            7,          18,                25,    104464
shared_memory,      2028,            7,          18,                25,    104464
shared_memory,      2029,            7,          18,                25,    104464
shared_memory,      2030,            7,          18,                25,    104464
shared_memory,      2031,            7,          18,                25,    104464
shared_memory,      2032,            7,          18,                25,    104464
shared_memory,      2033,            7,          18,                25,    104464
shared_memory,      2034,            7,          18,                25,    104464
shared_memory,      2035,            7,          18,                25,    104464
shared_memory,      2036,            7,          18,                25,    104464
shared_memory,      2037,            7,          18,                25,    104464
shared_memory,      2038,            7,          18,                25,    104464
shared_memory,      2039,            7,          18,                25,    104464
shared_memory,      2040,            7,          18,                25,    104464
shared_memory,      2041,            7,          18,                25,    104464
shared_memory,      2042,            7,          18,                25,    104464
shared_memory,      2043,            7,          18,                25,    104464
shared_memory,      2044,            7,          18,                25,    104464
shared_memory,      2045,            7,          18,                25,    104464
shared_memory,      2046,            7,          18,                25,    104464
shared_memory,      2047,            7,          18,                25,    104464
shared_memory,      2048,            7,          18,                25,    104464
shared_memory,      2049,            7,          18,                25,    104464
shared_memory,      2050,            7,          18,                25,    104464
shared_memory,      2051,            7,          18,                25,    104464
shared_memory,      2052,            7,          18,                25,    104464
shared_memory,      2053,            7,          18,                25,    104464
shared_memory,      2054,            7,          18,                25,    104464
shared_memory,      2055,            7,          18,                25,    104464
shared_memory,      2056,            7,          18,                25,    104464
shared_memory,      2057,            7,          18,                25,    104464
shared_memory,      2058,            7,          18,                25,    104464
shared_memory,      2059,            7,          18,                25,    104464
shared_memory,      2060,            7,          18,                25,    104464
shared_memory,      2061,            7,          18,                25,    104464
shared_memory,      2062,            7,          18,                25,    104464
shared_memory,      2063,            7,          18,                25,    104464
shared_memory,      2064,            7,          18,                25,    104464
shared_memory,      2065,            7,          18,                25,    104464
shared_memory,      2066,            7,          18,                25,    104464
shared_memory,      2067,            7,          18,                25,    104464
shared_memory,      2068,            7,          18,                25,    104464
shared_memory,      2069,            7,          18,                25,    104464
shared_memory,      2070,            7,          18,                25,    104464
shared_memory,      2071,            7,          18,                25,    104464
shared_memory,      2072,            7,          18,                25,    104464
shared_memory,      2073,            7,          18,                25,    104464
shared_memory,      2074,            7,          18,                25,    104464
shared_memory,      2075,            7,          18,                25,    104464
shared_memory,      2076,            7,          18,                25,    104464
shared_memory,      2077,            7,          18,                25,    104464
shared_memory,      2078,            7,          18,                25,    104464
shared_memory,      2079,            7,          18,                25,    104464
shared_memory,      2080,            7,          18,                25,    104464
shared_memory,      2081,            7,          18,                25,    104464
shared_memory,      2082,            7,          18,                25,    104464
shared_memory,      2083,            7,          18,                25,    104464
shared_memory,      2084,            7,          18,                25,    104464
shared_memory,      2085,            7,          18,                25,    104464
shared_memory,      2086,            7,          18,                25,    104464
shared_memory,      2087,            7,          18,                25,    104464
shared_memory,      2088,            7,          18,                25,    104464
shared_memory,      2089,            7,          18,                25,    104464
shared_memory,      2090,            7,          18,                25,    104464
shared_memory,      2091,            7,          18,                25,    104464
shared_memory,      2092,            7,          18,                25,    104464
shared_memory,      2093,            7,          18,                25,    104464
shared_memory,      2094,            7,          18,                25,    104464
shared_memory,      2095,            7,          18,                25,    104464
shared_memory,      2096,            7,          18,                25,    104464
shared_memory,      2097,            7,          18,                25,    104464
shared_memory,      2098,            7,          18,                25,    104464
shared_memory,      2099,            7,          18,                25,    104464
shared_memory,      2100,            7,          18,                25,    104464
shared_memory,      2101,            7,          18,                25,    104464
shared_memory,      2102,            7,          18,                25,    104464
shared_memory,      2103,            7,          18,                25,    104464
shared_memory,      2104,            7,          18,                25,    104464
shared_memory,      2105,            7,          18,                25,    104464
shared_memory,      2106,            7,          18,                25,    104464
shared_memory,      2107,            7,          18,                25,    104464
shared_memory,      2108,            7,          18,                25,    104464
shared_memory,      2109,            7,          18,                25,    104464
shared_memory,      2110,            7,          18,                25,    104464
shared_memory,      2111,            7,          18,                25,    104464
shared_memory,      2112,            7,          18,                25,    104464
shared_memory,      2113,            7,          18,                25,    104464
shared_memory,      2114,            7,          18,                25,    104464
shared_memory,      2115,            7,          18,                25,    104464
shared_memory,      2116,            7,          18,                25,    104464
shared_memory,      2117,            7,          18,                25,    104464
shared_memory,      2118,            7,          18,                25,    104464
shared_memory,      2119,            7,          18,                25,    104464
shared_memory,      2120,            7,          18,                25,    104464
shared_memory,      2121,            7,          18,                25,    104464
shared_memory,      2122,            7,          18,                25,    104464
shared_memory,      2123,            7,          18,                25,    104464
shared_memory,      2124,            7,          18,                25,    104464
shared_memory,      2125,            7,          18,                25,    104464
shared_memory,      2126,            7,          18,                25,    104464
shared_memory,      2127,            7,          18,                25,    104464
shared_memory,      2128,            7,          18,                25,    104464
shared_memory,      2129,            7,          18,                25,    104464
shared_memory,      2130,            7,          18,                25,    104464
shared_memory,      2131,            7,          18,                25,    104464
shared_memory,      2132,            7,          18,                25,    104464
shared_memory,      2133,            7,          18,                25,    104464
shared_memory,      2134,            7,          18,                25,    104464
shared_memory,      2135,            7,          18,                25,    104464
shared_memory,      2136,            7,          18,                25,    104464
shared_memory,      2137,            7,          18,                25,    104464
shared_memory,      2138,            7,          18,                25,    104464
shared_memory,      2139,            7,          18,                25,    104464
shared_memory,      2140,            7,          18,                25,    104464
shared_memory,      2141,            7,          18,                25,    104464
shared_memory,      2142,            7,          18,                25,    104464
shared_memory,      2143,            7,          18,                25,    104464
shared_memory,      2144,            7,          18,                25,    104464
shared_memory,      2145,            7,          18,                25,    104464
shared_memory,      2146,            7,          18,                25,    104464
shared_memory,      2147,            7,          18,                25,    104464
shared_memory,      2148,            7,          18,                25,    104464
shared_memory,      2149,            7,          18,                25,    104464
shared_memory,      2150,            7,          18,                25,    104464
shared_memory,      2151,            7,          18,                25,    104464
shared_memory,      2152,            7,          18,                25,    104464
shared_memory,      2153,            7,          18,                25,    104464
shared_memory,      2154,            7,          18,                25,    104464
shared_memory,      2155,            7,          18,                25,    104464
shared_memory,      2156,            7,          18,                25,    104464
shared_memory,      2157,            7,          18,                25,    104464
shared_memory,      2158,            7,          18,                25,    104464
shared_memory,      2159,            7,          18,                25,    104464
shared_memory,      2160,            7,          18,                25,    104464
shared_memory,      2161,            7,          18,                25,    104464
shared_memory,      2162,            7,          18,                25,    104464
shared_memory,      2163,            7,          18,                25,    104464
shared_memory,      2164,            7,          18,                25,    104464
shared_memory,      2165,            7,          18,                25,    104464
shared_memory,      2166,            7,          18,                25,    104464
shared_memory,      2167,            7,          18,                25,    104464
shared_memory,      2168,            7,          18,                25,    104464
shared_memory,      2169,            7,          18,                25,    104464
shared_memory,      2170,            7,          18,                25,    104464
shared_memory,      2171,            7,          18,                25,    104464
shared_memory,      2172,            7,          18,                25,    104464
shared_memory,      2173,            7,          18,                25,    104464
shared_memory,      2174,            7,          18,                25,    104464
shared_memory,      2175,            7,          18,                25,    104464
shared_memory,      2176,            7,          18,                25,    104464
shared_memory,      2177,            7,          18,                25,    104464
shared_memory,      2178,            7,          18,                25,    104464
shared_memory,      2179,            7,          18,                25,    104464
shared_memory,      2180,            7,          18,                25,    104464
shared_memory,      2181,            7,          18,                25,    104464
shared_memory,      2182,            7,          18,                25,    104464
shared_memory,      2183,            7,          18,                25,    104464
shared_memory,      2184,            7,          18,                25,    104464
shared_memory,      2185,            7,          18,                25,    104464
shared_memory,      2186,            7,          18,                25,    104464
shared_memory,      2187,            7,          18,                25,    104464
shared_memory,      2188,            7,          18,                25,    104464
shared_memory,      2189,            7,          18,                25,    104464
shared_memory,      2190,            7,          18,                25,    104464
shared_memory,      2191,            7,          18,                25,    104464
shared_memory,      2192,            7,          18,                25,    104464
shared_memory,      2193,            7,          18,                25,    104464
shared_memory,      2194,            7,          18,                25,    104464
shared_memory,      2195,            7,          18,                25,    104464
shared_memory,      2196,            7,          18,                25,    104464
shared_memory,      2197,            7,          18,                25,    104464
shared_memory,      2198,            7,          18,                25,    104464
shared_memory,      2199,            7,          18,                25,    104464
shared_memory,      2200,            7,          18,                25,    104464
shared_memory,      2201,            7,          18,                25,    104464
shared_memory,      2202,            7,          18,                25,    104464
shared_memory,      2203,            7,          18,                25,    104464
shared_memory,      2204,            7,          18,                25,    104464
shared_memory,      2205,            7,          18,                25,    104464
shared_memory,      2206,            7,          18,                25,    104464
shared_memory,      2207,            7,          18,                25,    104464
shared_memory,      2208,            7,          18,                25,    104464
shared_memory,      2209,            7,          18,                25,    104464
shared_memory,      2210,            7,          18,                25,    104464
shared_memory,      2211,            7,          18,                25,    104464
shared_memory,      2212,            7,          18,                25,    104464
shared_memory,      2213,            7,          18,                25,    104464
shared_memory,      2214,            7,          18,                25,    104464
shared_memory,      2215,            7,          18,                25,    104464
shared_memory,      2216,            7,          18,                25,    104464
shared_memory,      2217,            7,          18,                25,    104464
shared_memory,      2218,            7,          18,                25,    104464
shared_memory,      2219,            7,          18,                25,    104464
shared_memory,      2220,            7,          18,                25,    104464
shared_memory,      2221,            7,          18,                25,    104464
shared_memory,      2222,            7,          18,                25,    104464
shared_memory,      2223,            7,          18,                25,    104464
shared_memory,      2224,            7,          18,                25,    104464
shared_memory,      2225,            7,          18,                25,    104464
shared_memory,      2226,            7,          18,                25,    104464
shared_memory,      2227,            7,          18,                25,    104464
shared_memory,      2228,            7,          18,                25,    104464
shared_memory,      2229,            7,          18,                25,    104464
shared_memory,      2230,            7,          18,                25,    104464
shared_memory,      2231,            7,          18,                25,    104464
shared_memory,      2232,            7,          18,                25,    104464
shared_memory,      2233,            7,          18,                25,    104464
shared_memory,      2234,            7,          18,                25,    104464
shared_memory,      2235,            7,          18,                25,    104464
shared_memory,      2236,            7,          18,                25,    104464
shared_memory,      2237,            7,          18,                25,    104464
shared_memory,      2238,            7,          18,                25,    104464
shared_memory,      2239,            7,          18,                25,    104464
shared_memory,      2240,            7,          18,                25,    104464
shared_memory,      2241,            7,          18,                25,    104464
shared_memory,      2242,            7,          18,                25,    104464
shared_memory,      2243,            7,          18,                25,    104464
shared_memory,      2244,            7,          18,                25,    104464
shared_memory,      2245,            7,          18,                25,    104464
shared_memory,      2246,            7,          18,                25,    104464
shared_memory,      2247,            7,          18,                25,    104464
shared_memory,      2248,            7,          18,                25,    104464
shared_memory,      2249,            7,          18,                25,    104464
shared_memory,      2250,            7,          18,                25,    104464
shared_memory,      2251,            7,          18,                25,    104464
shared_memory,      2252,            7,          18,                25,    104464
shared_memory,      2253,            7,          18,                25,    104464
shared_memory,      2254,            7,          18,                25,    104464
shared_memory,      2255,            7,          18,                25,    104464
shared_memory,      2256,            7,          18,                25,    104464
shared_memory,      2257,            7,          18,                25,    104464
shared_memory,      2258,            7,          18,                25,    104464
shared_memory,      2259,            7,          18,                25,    104464
shared_memory,      2260,            7,          18,                25,    104464
shared_memory,      2261,            7,          18,                25,    104464
shared_memory,      2262,            7,          18,                25,    104464
shared_memory,      2263,            7,          18,                25,    104464
shared_memory,      2264,            7,          18,                25,    104464
shared_memory,      2265,            7,          18,                25,    104464
shared_memory,      2266,            7,          18,                25,    104464
shared_memory,      2267,            7,          18,                25,    104464
shared_memory,      2268,            7,          18,                25,    104464
shared_memory,      2269,            7,          18,                25,    104464
shared_memory,      2270,            7,          18,                25,    104464
shared_memory,      2271,            7,          18,                25,    104464
shared_memory,      2272,            7,          18,                25,    104464
shared_memory,      2273,            7,          18,                25,    104464
shared_memory,      2274,            7,          18,                25,    104464
shared_memory,      2275,            7,          18,                25,    104464
shared_memory,      2276,            7,          18,                25,    104464
shared_memory,      2277,            7,          18,                25,    104464
shared_memory,      2278,            7,          18,                25,    104464
shared_memory,      2279,            7,          18,                25,    104464
shared_memory,      2280,            7,          18,                25,    104464
shared_memory,      2281,            7,          18,                25,    104464
shared_memory,      2282,            7,          18,                25,    104464
shared_memory,      2283,            7,          18,                25,    104464
shared_memory,      2284,            7,          18,                25,    104464
shared_memory,      2285,            7,          18,                25,    104464
shared_memory,      2286,            7,          18,                25,    104464
shared_memory,      2287,            7,          18,                25,    104464
shared_memory,      2288,            7,          18,                25,    104464
shared_memory,      2289,            7,          18,                25,    104464
shared_memory,      2290,            7,          18,                25,    104464
shared_memory,      2291,            7,          18,                25,    104464
shared_memory,      2292,            7,          18,                25,    104464
shared_memory,      2293,            7,          18,                25,    104464
shared_memory,      2294,            7,          18,                25,    104464
shared_memory,      2295,            7,          18,                25,    104464
shared_memory,      2296,            7,          18,                25,    104464
shared_memory,      2297,            7,          18,                25,    104464
shared_memory,      2298,            7,          18,                25,    104464
shared_memory,      2299,            7,          18,                25,    104464
shared_memory,      2300,            7,          18,                25,    104464
shared_memory,      2301,            7,          18,                25,    104464
shared_memory,      2302,            7,          18,                25,    104464
shared_memory,      2303,            7,          18,                25,    104464
shared_memory,      2304,            7,          18,                25,    104464
shared_memory,      2305,            7,          18,                25,    104464
shared_memory,      2306,            7,          18,                25,    104464
shared_memory,      2307,            7,          18,                25,    104464
shared_memory,      2308,            7,          18,                25,    104464
shared_memory,      2309,            7,          18,                25,    104464
shared_memory,      2310,            7,          18,                25,    104464
shared_memory,      2311,            7,          18,                25,    104464
shared_memory,      2312,            7,          18,                25,    104464
shared_memory,      2313,            7,          18,                25,    104464
shared_memory,      2314,            7,          18,                25,    104464
shared_memory,      2315,            7,          18,                25,    104464
shared_memory,      2316,            7,          18,                25,    104464
shared_memory,      2317,            7,          18,                25,    104464
shared_memory,      2318,            7,          18,                25,    104464
shared_memory,      2319,            7,          18,                25,    104464
shared_memory,      2320,            7,          18,                25,    104464
shared_memory,      2321,            7,          18,                25,    104464
shared_memory,      2322,            7,          18,                25,    104464
shared_memory,      2323,            7,          18,                25,    104464
shared_memory,      2324,            7,          18,                25,    104464
shared_memory,      2325,            7,          18,                25,    104464
shared_memory,      2326,            7,          18,                25,    104464
shared_memory,      2327,            7,          18,                25,    104464
shared_memory,      2328,            7,          18,                25,    104464
shared_memory,      2329,            7,          18,                25,    104464
shared_memory,      2330,            7,          18,                25,    104464
shared_memory,      2331,            7,          18,                25,    104464
shared_memory,      2332,            7,          18,                25,    104464
shared_memory,      2333,            7,          18,                25,    104464
shared_memory,      2334,            7,          18,                25,    104464
shared_memory,      2335,            7,          18,                25,    104464
shared_memory,      2336,            7,          18,                25,    104464
shared_memory,      2337,            7,          18,                25,    104464
shared_memory,      2338,            7,          18,                25,    104464
shared_memory,      2339,            7,          18,                25,    104464
shared_memory,      2340,            7,          18,                25,    104464
shared_memory,      2341,            7,          18,                25,    104464
shared_memory,      2342,            7,          18,                25,    104464
shared_memory,      2343,            7,          18,                25,    104464
shared_memory,      2344,            7,          18,                25,    104464
shared_memory,      2345,            7,          18,                25,    104464
shared_memory,      2346,            7,          18,                25,    104464
shared_memory,      2347,            7,          18,                25,    104464
shared_memory,      2348,            7,          18,                25,    104464
shared_memory,      2349,            7,          18,                25,    104464
shared_memory,      2350,            7,          18,                25,    104464
shared_memory,      2351,            7,          18,                25,    104464
shared_memory,      2352,            7,          18,                25,    104464
shared_memory,      2353,            7,          18,                25,    104464
shared_memory,      2354,            7,          18,                25,    104464
shared_memory,      2355,            7,          18,                25,    104464
shared_memory,      2356,            7,          18,                25,    104464
shared_memory,      2357,            7,          18,                25,    104464
shared_memory,      2358,            7,          18,                25,    104464
shared_memory,      2359,            7,          18,                25,    104464
shared_memory,      2360,            7,          18,                25,    104464
shared_memory,      2361,            7,          18,                25,    104464
shared_memory,      2362,            7,          18,                25,    104464
shared_memory,      2363,            7,          18,                25,    104464
shared_memory,      2364,            7,          18,                25,    104464
shared_memory,      2365,            7,          18,                25,    104464
shared_memory,      2366,            7,          18,                25,    104464
shared_memory,      2367,            7,          18,                25,    104464
shared_memory,      2368,            7,          18,                25,    104464
shared_memory,      2369,            7,          18,                25,    104464
shared_memory,      2370,            7,          18,                25,    104464
shared_memory,      2371,            7,          18,                25,    104464
shared_memory,      2372,            7,          18,                25,    104464
shared_memory,      2373,            7,          18,                25,    104464
shared_memory,      2374,            7,          18,                25,    104464
shared_memory,      2375,            7,          18,                25,    104464
shared_memory,      2376,            7,          18,                25,    104464
shared_memory,      2377,            7,          18,                25,    104464
shared_memory,      2378,            7,          18,                25,    104464
shared_memory,      2379,            7,          18,                25,    104464
shared_memory,      2380,            7,          18,                25,    104464
shared_memory,      2381,            7,          18,                25,    104464
shared_memory,      2382,            7,          18,                25,    104464
shared_memory,      2383,            7,          18,                25,    104464
shared_memory,      2384,            7,          18,                25,    104464
shared_memory,      2385,            7,          18,                25,    104464
shared_memory,      2386,            7,          18,                25,    104464
shared_memory,      2387,            7,          18,                25,    104464
shared_memory,      2388,            7,          18,                25,    104464
shared_memory,      2389,            7,          18,                25,    104464
shared_memory,      2390,            7,          18,                25,    104464
shared_memory,      2391,            7,          18,                25,    104464
shared_memory,      2392,            7,          18,                25,    104464
shared_memory,      2393,            7,          18,                25,    104464
shared_memory,      2394,            7,          18,                25,    104464
shared_memory,      2395,            7,          18,                25,    104464
shared_memory,      2396,            7,          18,                25,    104464
shared_memory,      2397,            7,          18,                25,    104464
shared_memory,      2398,            7,          18,                25,    104464
shared_memory,      2399,            7,          18,                25,    104464
shared_memory,      2400,            7,          18,                25,    104464
shared_memory,      2401,            7,          18,                25,    104464
shared_memory,      2402,            7,          18,                25,    104464
shared_memory,      2403,            7,          18,                25,    104464
shared_memory,      2404,            7,          18,                25,    104464
shared_memory,      2405,            7,          18,                25,    104464
shared_memory,      2406,            7,          18,                25,    104464
shared_memory,      2407,            7,          18,                25,    104464
shared_memory,      2408,            7,          18,                25,    104464
shared_memory,      2409,            7,          18,                25,    104464
shared_memory,      2410,            7,          18,                25,    104464
shared_memory,      2411,            7,          18,                25,    104464
shared_memory,      2412,            7,          18,                25,    104464
shared_memory,      2413,            7,          18,                25,    104464
shared_memory,      2414,            7,          18,                25,    104464
shared_memory,      2415,            7,          18,                25,    104464
shared_memory,      2416,            7,          18,                25,    104464
shared_memory,      2417,            7,          18,                25,    104464
shared_memory,      2418,            7,          18,                25,    104464
shared_memory,      2419,            7,          18,                25,    104464
shared_memory,      2420,            7,          18,                25,    104464
shared_memory,      2421,            7,          18,                25,    104464
shared_memory,      2422,            7,          18,                25,    104464
shared_memory,      2423,            7,          18,                25,    104464
shared_memory,      2424,            7,          18,                25,    104464
shared_memory,      2425,            7,          18,                25,    104464
shared_memory,      2426,            7,          18,                25,    104464
shared_memory,      2427,            7,          18,                25,    104464
shared_memory,      2428,            7,          18,                25,    104464
shared_memory,      2429,            7,          18,                25,    104464
shared_memory,      2430,            7,          18,                25,    104464
shared_memory,      2431,            7,          18,                25,    104464
shared_memory,      2432,            7,          18,                25,    104464
shared_memory,      2433,            7,          18,                25,    104464
shared_memory,      2434,            7,          18,                25,    104464
shared_memory,      2435,            7,          18,                25,    104464
shared_memory,      2436,            7,          18,                25,    104464
shared_memory,      2437,            7,          18,                25,    104464
shared_memory,      2438,            7,          18,                25,    104464
shared_memory,      2439,            7,          18,                25,    104464
shared_memory,      2440,            7,          18,                25,    104464
shared_memory,      2441,            7,          18,                25,    104464
shared_memory,      2442,            7,          18,                25,    104464
shared_memory,      2443,            7,          18,                25,    104464
shared_memory,      2444,            7,          18,                25,    104464
shared_memory,      2445,            7,          18,                25,    104464
shared_memory,      2446,            7,          18,                25,    104464
shared_memory,      2447,            7,          18,                25,    104464
shared_memory,      2448,            7,          18,                25,    104464
shared_memory,      2449,            7,          18,                25,    104464
shared_memory,      2450,            7,          18,                25,    104464
shared_memory,      2451,            7,          18,                25,    104464
shared_memory,      2452,            7,          18,                25,    104464
shared_memory,      2453,            7,          18,                25,    104464
shared_memory,      2454,            7,          18,                25,    104464
shared_memory,      2455,            7,          18,                25,    104464
shared_memory,      2456,            7,          18,                25,    104464
shared_memory,      2457,            7,          18,                25,    104464
shared_memory,      2458,            7,          18,                25,    104464
shared_memory,      2459,            7,          18,                25,    104464
shared_memory,      2460,            7,          18,                25,    104464
shared_memory,      2461,            7,          18,                25,    104464
shared_memory,      2462,            7,          18,                25,    104464
shared_memory,      2463,            7,          18,                25,    104464
shared_memory,      2464,            7,          18,                25,    104464
shared_memory,      2465,            7,          18,                25,    104464
shared_memory,      2466,            7,          18,                25,    104464
shared_memory,      2467,            7,          18,                25,    104464
shared_memory,      2468,            7,          18,                25,    104464
shared_memory,      2469,            7,          18,                25,    104464
shared_memory,      2470,            7,          18,                25,    104464
shared_memory,      2471,            7,          18,                25,    104464
shared_memory,      2472,            7,          18,                25,    104464
shared_memory,      2473,            7,          18,                25,    104464
shared_memory,      2474,            7,          18,                25,    104464
shared_memory,      2475,            7,          18,                25,    104464
shared_memory,      2476,            7,          18,                25,    104464
shared_memory,      2477,            7,          18,                25,    104464
shared_memory,      2478,            7,          18,                25,    104464
shared_memory,      2479,            7,          18,                25,    104464
shared_memory,      2480,            7,          18,                25,    104464
shared_memory,      2481,            7,          18,                25,    104464
shared_memory,      2482,            7,          18,                25,    104464
shared_memory,      2483,            7,          18,                25,    104464
shared_memory,      2484,            7,          18,                25,    104464
shared_memory,      2485,            7,          18,                25,    104464
shared_memory,      2486,            7,          18,                25,    104464
shared_memory,      2487,            7,          18,                25,    104464
shared_memory,      2488,            7,          18,                25,    104464
shared_memory,      2489,            7,          18,                25,    104464
shared_memory,      2490,            7,          18,                25,    104464
shared_memory,      2491,            7,          18,                25,    104464
shared_memory,      2492,            7,          18,                25,    104464
shared_memory,      2493,            7,          18,                25,    104464
shared_memory,      2494,            7,          18,                25,    104464
shared_memory,      2495,            7,          18,                25,    104464
shared_memory,      2496,            7,          18,                25,    104464
shared_memory,      2497,            7,          18,                25,    104464
shared_memory,      2498,            7,          18,                25,    104464
shared_memory,      2499,            7,          18,                25,    104464
shared_memory,      2500,            7,          18,                25,    104464
shared_memory,      2501,            7,          18,                25,    104464
shared_memory,      2502,            7,          18,                25,    104464
shared_memory,      2503,            7,          18,                25,    104464
shared_memory,      2504,            7,          18,                25,    104464
shared_memory,      2505,            7,          18,                25,    104464
shared_memory,      2506,            7,          18,                25,    104464
shared_memory,      2507,            7,          18,                25,    104464
shared_memory,      2508,            7,          18,                25,    104464
shared_memory,      2509,            7,          18,                25,    104464
shared_memory,      2510,            7,          18,                25,    104464
shared_memory,      2511,            7,          18,                25,    104464
shared_memory,      2512,            7,          18,                25,    104464
shared_memory,      2513,            7,          18,                25,    104464
shared_memory,      2514,            7,          18,                25,    104464
shared_memory,      2515,            7,          18,                25,    104464
shared_memory,      2516,            7,          18,                25,    104464
shared_memory,      2517,            7,          18,                25,    104464
shared_memory,      2518,            7,          18,                25,    104464
shared_memory,      2519,            7,          18,                25,    104464
shared_memory,      2520,            7,          18,                25,    104464
shared_memory,      2521,            7,          18,                25,    104464
shared_memory,      2522,            7,          18,                25,    104464
shared_memory,      2523,            7,          18,                25,    104464
shared_memory,      2524,            7,          18,                25,    104464
shared_memory,      2525,            7,          18,                25,    104464
shared_memory,      2526,            7,          18,                25,    104464
shared_memory,      2527,            7,          18,                25,    104464
shared_memory,      2528,            7,          18,                25,    104464
shared_memory,      2529,            7,          18,                25,    104464
shared_memory,      2530,            7,          18,                25,    104464
shared_memory,      2531,            7,          18,                25,    104464
shared_memory,      2532,            7,          18,                25,    104464
shared_memory,      2533,            7,          18,                25,    104464
shared_memory,      2534,            7,          18,                25,    104464
shared_memory,      2535,            7,          18,                25,    104464
shared_memory,      2536,            7,          18,                25,    104464
shared_memory,      2537,            7,          18,                25,    104464
shared_memory,      2538,            7,          18,                25,    104464
shared_memory,      2539,            7,          18,                25,    104464
shared_memory,      2540,            7,          18,                25,    104464
shared_memory,      2541,            7,          18,                25,    104464
shared_memory,      2542,            7,          18,                25,    104464
shared_memory,      2543,            7,          18,                25,    104464
shared_memory,      2544,            7,          18,                25,    104464
shared_memory,      2545,            7,          18,                25,    104464
shared_memory,      2546,            7,          18,                25,    104464
shared_memory,      2547,            7,          18,                25,    104464
shared_memory,      2548,            7,          18,                25,    104464
shared_memory,      2549,            7,          18,                25,    104464
shared_memory,      2550,            7,          18,                25,    104464
shared_memory,      2551,            7,          18,                25,    104464
shared_memory,      2552,            7,          18,                25,    104464
shared_memory,      2553,            7,          18,                25,    104464
shared_memory,      2554,            7,          18,                25,    104464
shared_memory,      2555,            7,          18,                25,    104464
shared_memory,      2556,            7,          18,                25,    104464
shared_memory,      2557,            7,          18,                25,    104464
shared_memory,      2558,            7,          18,                25,    104464
shared_memory,      2559,            7,          18,                25,    104464
shared_memory,      2560,            7,          18,                25,    104464
shared_memory,      2561,            7,          18,                25,    104464
shared_memory,      2562,            7,          18,                25,    104464
shared_memory,      2563,            7,          18,                25,    104464
shared_memory,      2564,            7,          18,                25,    104464
shared_memory,      2565,            7,          18,                25,    104464
shared_memory,      2566,            7,          18,                25,    104464
shared_memory,      2567,            7,          18,                25,    104464
shared_memory,      2568,            7,          18,                25,    104464
shared_memory,      2569,            7,          18,                25,    104464
shared_memory,      2570,            7,          18,                25,    104464
shared_memory,      2571,            7,          18,                25,    104464
shared_memory,      2572,            7,          18,                25,    104464
shared_memory,      2573,            7,          18,                25,    104464
shared_memory,      2574,            7,          18,                25,    104464
shared_memory,      2575,            7,          18,                25,    104464
shared_memory,      2576,            7,          18,                25,    104464
shared_memory,      2577,            7,          18,                25,    104464
shared_memory,      2578,            7,          18,                25,    104464
shared_memory,      2579,            7,          18,                25,    104464
shared_memory,      2580,            7,          18,                25,    104464
shared_memory,      2581,            7,          18,                25,    104464
shared_memory,      2582,            7,          18,                25,    104464
shared_memory,      2583,            7,          18,                25,    104464
shared_memory,      2584,            7,          18,                25,    104464
shared_memory,      2585,            7,          18,                25,    104464
shared_memory,      2586,            7,          18,                25,    104464
shared_memory,      2587,            7,          18,                25,    104464
shared_memory,      2588,            7,          18,                25,    104464
shared_memory,      2589,            7,          18,                25,    104464
shared_memory,      2590,            7,          18,                25,    104464
shared_memory,      2591,            7,          18,                25,    104464
shared_memory,      2592,            7,          18,                25,    104464
shared_memory,      2593,            7,          18,                25,    104464
shared_memory,      2594,            7,          18,                25,    104464
shared_memory,      2595,            7,          18,                25,    104464
shared_memory,      2596,            7,          18,                25,    104464
shared_memory,      2597,            7,          18,                25,    104464
shared_memory,      2598,            7,          18,                25,    104464
shared_memory,      2599,            7,          18,                25,    104464
shared_memory,      2600,            7,          18,                25,    104464
shared_memory,      2601,            7,          18,                25,    104464
shared_memory,      2602,            7,          18,                25,    104464
shared_memory,      2603,            7,          18,                25,    104464
shared_memory,      2604,            7,          18,                25,    104464
shared_memory,      2605,            7,          18,                25,    104464
shared_memory,      2606,            7,          18,                25,    104464
shared_memory,      2607,            7,          18,                25,    104464
shared_memory,      2608,            7,          18,                25,    104464
shared_memory,      2609,            7,          18,                25,    104464
shared_memory,      2610,            7,          18,                25,    104464
shared_memory,      2611,            7,          18,                25,    104464
shared_memory,      2612,            7,          18,                25,    104464
shared_memory,      2613,            7,          18,                25,    104464
shared_memory,      2614,            7,          18,                25,    104464
shared_memory,      2615,            7,          18,                25,    104464
shared_memory,      2616,            7,          18,                25,    104464
shared_memory,      2617,            7,          18,                25,    104464
shared_memory,      2618,            7,          18,                25,    104464
shared_memory,      2619,            7,          18,                25,    104464
shared_memory,      2620,            7,          18,                25,    104464
shared_memory,      2621,            7,          18,                25,    104464
shared_memory,      2622,            7,          18,                25,    104464
shared_memory,      2623,            7,          18,                25,    104464
shared_memory,      2624,            7,          18,                25,    104464
shared_memory,      2625,            7,          18,                25,    104464
shared_memory,      2626,            7,          18,                25,    104464
shared_memory,      2627,            7,          18,                25,    104464
shared_memory,      2628,            7,          18,                25,    104464
shared_memory,      2629,            7,          18,                25,    104464
shared_memory,      2630,            7,          18,                25,    104464
shared_memory,      2631,            7,          18,                25,    104464
shared_memory,      2632,            7,          18,                25,    104464
shared_memory,      2633,            7,          18,                25,    104464
shared_memory,      2634,            7,          18,                25,    104464
shared_memory,      2635,            7,          18,                25,    104464
shared_memory,      2636,            7,          18,                25,    104464
shared_memory,      2637,            7,          18,                25,    104464
shared_memory,      2638,            7,          18,                25,    104464
shared_memory,      2639,            7,          18,                25,    104464
shared_memory,      2640,            7,          18,                25,    104464
shared_memory,      2641,            7,          18,                25,    104464
shared_memory,      2642,            7,          18,                25,    104464
shared_memory,      2643,            7,          18,                25,    104464
shared_memory,      2644,            7,          18,                25,    104464
shared_memory,      2645,            7,          18,                25,    104464
shared_memory,      2646,            7,          18,                25,    104464
shared_memory,      2647,            7,          18,                25,    104464
shared_memory,      2648,            7,          18,                25,    104464
shared_memory,      2649,            7,          18,                25,    104464
shared_memory,      2650,            7,          18,                25,    104464
shared_memory,      2651,            7,          18,                25,    104464
shared_memory,      2652,            7,          18,                25,    104464
shared_memory,      2653,            7,          18,                25,    104464
shared_memory,      2654,            7,          18,                25,    104464
shared_memory,      2655,            7,          18,                25,    104464
shared_memory,      2656,            7,          18,                25,    104464
shared_memory,      2657,            7,          18,                25,    104464
shared_memory,      2658,            7,          18,                25,    104464
shared_memory,      2659,            7,          18,                25,    104464
shared_memory,      2660,            7,          18,                25,    104464
shared_memory,      2661,            7,          18,                25,    104464
shared_memory,      2662,            7,          18,                25,    104464
shared_memory,      2663,            7,          18,                25,    104464
shared_memory,      2664,            7,          18,                25,    104464
shared_memory,      2665,            7,          18,                25,    104464
shared_memory,      2666,            7,          18,                25,    104464
shared_memory,      2667,            7,          18,                25,    104464
shared_memory,      2668,            7,          18,                25,    104464
shared_memory,      2669,            7,          18,                25,    104464
shared_memory,      2670,            7,          18,                25,    104464
shared_memory,      2671,            7,          18,                25,    104464
shared_memory,      2672,            7,          18,                25,    104464
shared_memory,      2673,            7,          18,                25,    104464
shared_memory,      2674,            7,          18,                25,    104464
shared_memory,      2675,            7,          18,                25,    104464
shared_memory,      2676,            7,          18,                25,    104464
shared_memory,      2677,            7,          18,                25,    104464
shared_memory,      2678,            7,          18,                25,    104464
shared_memory,      2679,            7,          18,                25,    104464
shared_memory,      2680,            7,          18,                25,    104464
shared_memory,      2681,            7,          18,                25,    104464
shared_memory,      2682,            7,          18,                25,    104464
shared_memory,      2683,            7,          18,                25,    104464
shared_memory,      2684,            7,          18,                25,    104464
shared_memory,      2685,            7,          18,                25,    104464
shared_memory,      2686,            7,          18,                25,    104464
shared_memory,      2687,            7,          18,                25,    104464
shared_memory,      2688,            7,          18,                25,    104464
shared_memory,      2689,            7,          18,                25,    104464
shared_memory,      2690,            7,          18,                25,    104464
shared_memory,      2691,            7,          18,                25,    104464
shared_memory,      2692,            7,          18,                25,    104464
shared_memory,      2693,            7,          18,                25,    104464
shared_memory,      2694,            7,          18,                25,    104464
shared_memory,      2695,            7,          18,                25,    104464
shared_memory,      2696,            7,          18,                25,    104464
shared_memory,      2697,            7,          18,                25,    104464
shared_memory,      2698,            7,          18,                25,    104464
shared_memory,      2699,            7,          18,                25,    104464
shared_memory,      2700,            7,          18,                25,    104464
shared_memory,      2701,            7,          18,                25,    104464
shared_memory,      2702,            7,          18,                25,    104464
shared_memory,      2703,            7,          18,                25,    104464
shared_memory,      2704,            7,          18,                25,    104464
shared_memory,      2705,            7,          18,                25,    104464
shared_memory,      2706,            7,          18,                25,    104464
shared_memory,      2707,            7,          18,                25,    104464
shared_memory,      2708,            7,          18,                25,    104464
shared_memory,      2709,            7,          18,                25,    104464
shared_memory,      2710,            7,          18,                25,    104464
shared_memory,      2711,            7,          18,                25,    104464
shared_memory,      2712,            7,          18,                25,    104464
shared_memory,      2713,            7,          18,                25,    104464
shared_memory,      2714,            7,          18,                25,    104464
shared_memory,      2715,            7,          18,                25,    104464
shared_memory,      2716,            7,          18,                25,    104464
shared_memory,      2717,            7,          18,                25,    104464
shared_memory,      2718,            7,          18,                25,    104464
shared_memory,      2719,            7,          18,                25,    104464
shared_memory,      2720,            7,          18,                25,    104464
shared_memory,      2721,            7,          18,                25,    104464
shared_memory,      2722,            7,          18,                25,    104464
shared_memory,      2723,            7,          18,                25,    104464
shared_memory,      2724,            7,          18,                25,    104464
shared_memory,      2725,            7,          18,                25,    104464
shared_memory,      2726,            7,          18,                25,    104464
shared_memory,      2727,            7,          18,                25,    104464
shared_memory,      2728,            7,          18,                25,    104464
shared_memory,      2729,            7,          18,                25,    104464
shared_memory,      2730,            7,          18,                25,    104464
shared_memory,      2731,            7,          18,                25,    104464
shared_memory,      2732,            7,          18,                25,    104464
shared_memory,      2733,            7,          18,                25,    104464
shared_memory,      2734,            7,          18,                25,    104464
shared_memory,      2735,            7,          18,                25,    104464
shared_memory,      2736,            7,          18,                25,    104464
shared_memory,      2737,            7,          18,                25,    104464
shared_memory,      2738,            7,          18,                25,    104464
shared_memory,      2739,            7,          18,                25,    104464
shared_memory,      2740,            7,          18,                25,    104464
shared_memory,      2741,            7,          18,                25,    104464
shared_memory,      2742,            7,          18,                25,    104464
shared_memory,      2743,            7,          18,                25,    104464
shared_memory,      2744,            7,          18,                25,    104464
shared_memory,      2745,            7,          18,                25,    104464
shared_memory,      2746,            7,          18,                25,    104464
shared_memory,      2747,            7,          18,                25,    104464
shared_memory,      2748,            7,          18,                25,    104464
shared_memory,      2749,            7,          18,                25,    104464
shared_memory,      2750,            7,          18,                25,    104464
shared_memory,      2751,            7,          18,                25,    104464
shared_memory,      2752,            7,          18,                25,    104464
shared_memory,      2753,            7,          18,                25,    104464
shared_memory,      2754,            7,          18,                25,    104464
shared_memory,      2755,            7,          18,                25,    104464
shared_memory,      2756,            7,          18,                25,    104464
shared_memory,      2757,            7,          18,                25,    104464
shared_memory,      2758,            7,          18,                25,    104464
shared_memory,      2759,            7,          18,                25,    104464
shared_memory,      2760,            7,          18,                25,    104464
shared_memory,      2761,            7,          18,                25,    104464
shared_memory,      2762,            7,          18,                25,    104464
shared_memory,      2763,            7,          18,                25,    104464
shared_memory,      2764,            7,          18,                25,    104464
shared_memory,      2765,            7,          18,                25,    104464
shared_memory,      2766,            7,          18,                25,    104464
shared_memory,      2767,            7,          18,                25,    104464
shared_memory,      2768,            7,          18,                25,    104464
shared_memory,      2769,            7,          18,                25,    104464
shared_memory,      2770,            7,          18,                25,    104464
shared_memory,      2771,            7,          18,                25,    104464
shared_memory,      2772,            7,          18,                25,    104464
shared_memory,      2773,            7,          18,                25,    104464
shared_memory,      2774,            7,          18,                25,    104464
shared_memory,      2775,            7,          18,                25,    104464
shared_memory,      2776,            7,          18,                25,    104464
shared_memory,      2777,            7,          18,                25,    104464
shared_memory,      2778,            7,          18,                25,    104464
shared_memory,      2779,            7,          18,                25,    104464
shared_memory,      2780,            7,          18,                25,    104464
shared_memory,      2781,            7,          18,                25,    104464
shared_memory,      2782,            7,          18,                25,    104464
shared_memory,      2783,            7,          18,                25,    104464
shared_memory,      2784,            7,          18,                25,    104464
shared_memory,      2785,            7,          18,                25,    104464
shared_memory,      2786,            7,          18,                25,    104464
shared_memory,      2787,            7,          18,                25,    104464
shared_memory,      2788,            7,          18,                25,    104464
shared_memory,      2789,            7,          18,                25,    104464
shared_memory,      2790,            7,          18,                25,    104464
shared_memory,      2791,            7,          18,                25,    104464
shared_memory,      2792,            7,          18,                25,    104464
shared_memory,      2793,            7,          18,                25,    104464
shared_memory,      2794,            7,          18,                25,    104464
shared_memory,      2795,            7,          18,                25,    104464
shared_memory,      2796,            7,          18,                25,    104464
shared_memory,      2797,            7,          18,                25,    104464
shared_memory,      2798,            7,          18,                25,    104464
shared_memory,      2799,            7,          18,                25,    104464
shared_memory,      2800,            7,          18,                25,    104464
shared_memory,      2801,            7,          18,                25,    104464
shared_memory,      2802,            7,          18,                25,    104464
shared_memory,      2803,            7,          18,                25,    104464
shared_memory,      2804,            7,          18,                25,    104464
shared_memory,      2805,            7,          18,                25,    104464
shared_memory,      2806,            7,          18,                25,    104464
shared_memory,      2807,            7,          18,                25,    104464
shared_memory,      2808,            7,          18,                25,    104464
shared_memory,      2809,            7,          18,                25,    104464
shared_memory,      2810,            7,          18,                25,    104464
shared_memory,      2811,            7,          18,                25,    104464
shared_memory,      2812,            7,          18,                25,    104464
shared_memory,      2813,            7,          18,                25,    104464
shared_memory,      2814,            7,          18,                25,    104464
shared_memory,      2815,            7,          18,                25,    104464
shared_memory,      2816,            7,          18,                25,    104464
shared_memory,      2817,            7,          18,                25,    104464
shared_memory,      2818,            7,          18,                25,    104464
shared_memory,      2819,            7,          18,                25,    104464
shared_memory,      2820,            7,          18,                25,    104464
shared_memory,      2821,            7,          18,                25,    104464
shared_memory,      2822,            7,          18,                25,    104464
shared_memory,      2823,            7,          18,                25,    104464
shared_memory,      2824,            7,          18,                25,    104464
shared_memory,      2825,            7,          18,                25,    104464
shared_memory,      2826,            7,          18,                25,    104464
shared_memory,      2827,            7,          18,                25,    104464
shared_memory,      2828,            7,          18,                25,    104464
shared_memory,      2829,            7,          18,                25,    104464
shared_memory,      2830,            7,          18,                25,    104464
shared_memory,      2831,            7,          18,                25,    104464
shared_memory,      2832,            7,          18,                25,    104464
shared_memory,      2833,            7,          18,                25,    104464
shared_memory,      2834,            7,          18,                25,    104464
shared_memory,      2835,            7,          18,                25,    104464
shared_memory,      2836,            7,          18,                25,    104464
shared_memory,      2837,            7,          18,                25,    104464
shared_memory,      2838,            7,          18,                25,    104464
shared_memory,      2839,            7,          18,                25,    104464
shared_memory,      2840,            7,          18,                25,    104464
shared_memory,      2841,            7,          18,                25,    104464
shared_memory,      2842,            7,          18,                25,    104464
shared_memory,      2843,            7,          18,                25,    104464
shared_memory,      2844,            7,          18,                25,    104464
shared_memory,      2845,            7,          18,                25,    104464
shared_memory,      2846,            7,          18,                25,    104464
shared_memory,      2847,            7,          18,                25,    104464
shared_memory,      2848,            7,          18,                25,    104464
shared_memory,      2849,            7,          18,                25,    104464
shared_memory,      2850,            7,          18,                25,    104464
shared_memory,      2851,            7,          18,                25,    104464
shared_memory,      2852,            7,          18,                25,    104464
shared_memory,      2853,            7,          18,                25,    104464
shared_memory,      2854,            7,          18,                25,    104464
shared_memory,      2855,            7,          18,                25,    104464
shared_memory,      2856,            7,          18,                25,    104464
shared_memory,      2857,            7,          18,                25,    104464
shared_memory,      2858,            7,          18,                25,    104464
shared_memory,      2859,            7,          18,                25,    104464
shared_memory,      2860,            7,          18,                25,    104464
shared_memory,      2861,            7,          18,                25,    104464
shared_memory,      2862,            7,          18,                25,    104464
shared_memory,      2863,            7,          18,                25,    104464
shared_memory,      2864,            7,          18,                25,    104464
shared_memory,      2865,            7,          18,                25,    104464
shared_memory,      2866,            7,          18,                25,    104464
shared_memory,      2867,            7,          18,                25,    104464
shared_memory,      2868,            7,          18,                25,    104464
shared_memory,      2869,            7,          18,                25,    104464
shared_memory,      2870,            7,          18,                25,    104464
shared_memory,      2871,            7,          18,                25,    104464
shared_memory,      2872,            7,          18,                25,    104464
shared_memory,      2873,            7,          18,                25,    104464
shared_memory,      2874,            7,          18,                25,    104464
shared_memory,      2875,            7,          18,                25,    104464
shared_memory,      2876,            7,          18,                25,    104464
shared_memory,      2877,            7,          18,                25,    104464
shared_memory,      2878,            7,          18,                25,    104464
shared_memory,      2879,            7,          18,                25,    104464
shared_memory,      2880,            7,          18,                25,    104464
shared_memory,      2881,            7,          18,                25,    104464
shared_memory,      2882,            7,          18,                25,    104464
shared_memory,      2883,            7,          18,                25,    104464
shared_memory,      2884,            7,          18,                25,    104464
shared_memory,      2885,            7,          18,                25,    104464
shared_memory,      2886,            7,          18,                25,    104464
shared_memory,      2887,            7,          18,                25,    104464
shared_memory,      2888,            7,          18,                25,    104464
shared_memory,      2889,            7,          18,                25,    104464
shared_memory,      2890,            7,          18,                25,    104464
shared_memory,      2891,            7,          18,                25,    104464
shared_memory,      2892,            7,          18,                25,    104464
shared_memory,      2893,            7,          18,                25,    104464
shared_memory,      2894,            7,          18,                25,    104464
shared_memory,      2895,            7,          18,                25,    104464
shared_memory,      2896,            7,          18,                25,    104464
shared_memory,      2897,            7,          18,                25,    104464
shared_memory,      2898,            7,          18,                25,    104464
shared_memory,      2899,            7,          18,                25,    104464
shared_memory,      2900,            7,          18,                25,    104464
shared_memory,      2901,            7,          18,                25,    104464
shared_memory,      2902,            7,          18,                25,    104464
shared_memory,      2903,            7,          18,                25,    104464
shared_memory,      2904,            7,          18,                25,    104464
shared_memory,      2905,            7,          18,                25,    104464
shared_memory,      2906,            7,          18,                25,    104464
shared_memory,      2907,            7,          18,                25,    104464
shared_memory,      2908,            7,          18,                25,    104464
shared_memory,      2909,            7,          18,                25,    104464
shared_memory,      2910,            7,          18,                25,    104464
shared_memory,      2911,            7,          18,                25,    104464
shared_memory,      2912,            7,          18,                25,    104464
shared_memory,      2913,            7,          18,                25,    104464
shared_memory,      2914,            7,          18,                25,    104464
shared_memory,      2915,            7,          18,                25,    104464
shared_memory,      2916,            7,          18,                25,    104464
shared_memory,      2917,            7,          18,                25,    104464
shared_memory,      2918,            7,          18,                25,    104464
shared_memory,      2919,            7,          18,                25,    104464
shared_memory,      2920,            7,          18,                25,    104464
shared_memory,      2921,            7,          18,                25,    104464
shared_memory,      2922,            7,          18,                25,    104464
shared_memory,      2923,            7,          18,                25,    104464
shared_memory,      2924,            7,          18,                25,    104464
shared_memory,      2925,            7,          18,                25,    104464
shared_memory,      2926,            7,          18,                25,    104464
shared_memory,      2927,            7,          18,                25,    104464
shared_memory,      2928,            7,          18,                25,    104464
shared_memory,      2929,            7,          18,                25,    104464
shared_memory,      2930,            7,          18,                25,    104464
shared_memory,      2931,            7,          18,                25,    104464
shared_memory,      2932,            7,          18,                25,    104464
shared_memory,      2933,            7,          18,                25,    104464
shared_memory,      2934,            7,          18,                25,    104464
shared_memory,      2935,            7,          18,                25,    104464
shared_memory,      2936,            7,          18,                25,    104464
shared_memory,      2937,            7,          18,                25,    104464
shared_memory,      2938,            7,          18,                25,    104464
shared_memory,      2939,            7,          18,                25,    104464
shared_memory,      2940,            7,          18,                25,    104464
shared_memory,      2941,            7,          18,                25,    104464
shared_memory,      2942,            7,          18,                25,    104464
shared_memory,      2943,            7,          18,                25,    104464
shared_memory,      2944,            7,          18,                25,    104464
shared_memory,      2945,            7,          18,                25,    104464
shared_memory,      2946,            7,          18,                25,    104464
shared_memory,      2947,            7,          18,                25,    104464
shared_memory,      2948,            7,          18,                25,    104464
shared_memory,      2949,            7,          18,                25,    104464
shared_memory,      2950,            7,          18,                25,    104464
shared_memory,      2951,            7,          18,                25,    104464
shared_memory,      2952,            7,          18,                25,    104464
shared_memory,      2953,            7,          18,                25,    104464
shared_memory,      2954,            7,          18,                25,    104464
shared_memory,      2955,            7,          18,                25,    104464
shared_memory,      2956,            7,          18,                25,    104464
shared_memory,      2957,            7,          18,                25,    104464
shared_memory,      2958,            7,          18,                25,    104464
shared_memory,      2959,            7,          18,                25,    104464
shared_memory,      2960,            7,          18,                25,    104464
shared_memory,      2961,            7,          18,                25,    104464
shared_memory,      2962,            7,          18,                25,    104464
shared_memory,      2963,            7,          18,                25,    104464
shared_memory,      2964,            7,          18,                25,    104464
shared_memory,      2965,            7,          18,                25,    104464
shared_memory,      2966,            7,          18,                25,    104464
shared_memory,      2967,            7,          18,                25,    104464
shared_memory,      2968,            7,          18,                25,    104464
shared_memory,      2969,            7,          18,                25,    104464
shared_memory,      2970,            7,          18,                25,    104464
shared_memory,      2971,            7,          18,                25,    104464
shared_memory,      2972,            7,          18,                25,    104464
shared_memory,      2973,            7,          18,                25,    104464
shared_memory,      2974,            7,          18,                25,    104464
shared_memory,      2975,            7,          18,                25,    104464
shared_memory,      2976,            7,          18,                25,    104464
shared_memory,      2977,            7,          18,                25,    104464
shared_memory,      2978,            7,          18,                25,    104464
shared_memory,      2979,            7,          18,                25,    104464
shared_memory,      2980,            7,          18,                25,    104464
shared_memory,      2981,            7,          18,                25,    104464
shared_memory,      2982,            7,          18,                25,    104464
shared_memory,      2983,            7,          18,                25,    104464
shared_memory,      2984,            7,          18,                25,    104464
shared_memory,      2985,            7,          18,                25,    104464
shared_memory,      2986,            7,          18,                25,    104464
shared_memory,      2987,            7,          18,                25,    104464
shared_memory,      2988,            7,          18,                25,    104464
shared_memory,      2989,            7,          18,                25,    104464
shared_memory,      2990,            7,          18,                25,    104464
shared_memory,      2991,            7,          18,                25,    104464
shared_memory,      2992,            7,          18,                25,    104464
shared_memory,      2993,            7,          18,                25,    104464
shared_memory,      2994,            7,          18,                25,    104464
shared_memory,      2995,            7,          18,                25,    104464
shared_memory,      2996,            7,          18,                25,    104464
shared_memory,      2997,            7,          18,                25,    104464
shared_memory,      2998,            7,          18,                25,    104464
shared_memory,      2999,            7,          18,                25,    104464
shared_memory,      3000,            7,          18,                25,    104464
shared_memory,      3001,            7,          18,                25,    104464
shared_memory,      3002,            7,          18,                25,    104464
shared_memory,      3003,            7,          18,                25,    104464
shared_memory,      3004,            7,          18,                25,    104464
shared_memory,      3005,            7,          18,                25,    104464
shared_memory,      3006,            7,          18,                25,    104464
shared_memory,      3007,            7,          18,                25,    104464
shared_memory,      3008,            7,          18,                25,    104464
shared_memory,      3009,            7,          18,                25,    104464
shared_memory,      3010,            7,          18,                25,    104464
shared_memory,      3011,            7,          18,                25,    104464
shared_memory,      3012,            7,          18,                25,    104464
shared_memory,      3013,            7,          18,                25,    104464
shared_memory,      3014,            7,          18,                25,    104464
shared_memory,      3015,            7,          18,                25,    104464
shared_memory,      3016,            7,          18,                25,    104464
shared_memory,      3017,            7,          18,                25,    104464
shared_memory,      3018,            7,          18,                25,    104464
shared_memory,      3019,            7,          18,                25,    104464
shared_memory,      3020,            7,          18,                25,    104464
shared_memory,      3021,            7,          18,                25,    104464
shared_memory,      3022,            7,          18,                25,    104464
shared_memory,      3023,            7,          18,                25,    104464
shared_memory,      3024,            7,          18,                25,    104464
shared_memory,      3025,            7,          18,                25,    104464
shared_memory,      3026,            7,          18,                25,    104464
shared_memory,      3027,            7,          18,                25,    104464
shared_memory,      3028,            7,          18,                25,    104464
shared_memory,      3029,            7,          18,                25,    104464
shared_memory,      3030,            7,          18,                25,    104464
shared_memory,      3031,            7,          18,                25,    104464
shared_memory,      3032,            7,          18,                25,    104464
shared_memory,      3033,            7,          18,                25,    104464
shared_memory,      3034,            7,          18,                25,    104464
shared_memory,      3035,            7,          18,                25,    104464
shared_memory,      3036,            7,          18,                25,    104464
shared_memory,      3037,            7,          18,                25,    104464
shared_memory,      3038,            7,          18,                25,    104464
shared_memory,      3039,            7,          18,                25,    104464
shared_memory,      3040,            7,          18,                25,    104464
shared_memory,      3041,            7,          18,                25,    104464
shared_memory,      3042,            7,          18,                25,    104464
shared_memory,      3043,            7,          18,                25,    104464
shared_memory,      3044,            7,          18,                25,    104464
shared_memory,      3045,            7,          18,                25,    104464
shared_memory,      3046,            7,          18,                25,    104464
shared_memory,      3047,            7,          18,                25,    104464
shared_memory,      3048,            7,          18,                25,    104464
shared_memory,      3049,            7,          18,                25,    104464
shared_memory,      3050,            7,          18,                25,    104464
shared_memory,      3051,            7,          18,                25,    104464
shared_memory,      3052,            7,          18,                25,    104464
shared_memory,      3053,            7,          18,                25,    104464
shared_memory,      3054,            7,          18,                25,    104464
shared_memory,      3055,            7,          18,                25,    104464
shared_memory,      3056,            7,          18,                25,    104464
shared_memory,      3057,            7,          18,                25,    104464
shared_memory,      3058,            7,          18,                25,    104464
shared_memory,      3059,            7,          18,                25,    104464
shared_memory,      3060,            7,          18,                25,    104464
shared_memory,      3061,            7,          18,                25,    104464
shared_memory,      3062,            7,          18,                25,    104464
shared_memory,      3063,            7,          18,                25,    104464
shared_memory,      3064,            7,          18,                25,    104464
shared_memory,      3065,            7,          18,                25,    104464
shared_memory,      3066,            7,          18,                25,    104464
shared_memory,      3067,            7,          18,                25,    104464
shared_memory,      3068,            7,          18,                25,    104464
shared_memory,      3069,            7,          18,                25,    104464
shared_memory,      3070,            7,          18,                25,    104464
shared_memory,      3071,            7,          18,                25,    104464
shared_memory,      3072,            7,          18,                25,    104464
shared_memory,      3073,            7,          18,                25,    104464
shared_memory,      3074,            7,          18,                25,    104464
shared_memory,      3075,            7,          18,                25,    104464
shared_memory,      3076,            7,          18,                25,    104464
shared_memory,      3077,            7,          18,                25,    104464
shared_memory,      3078,            7,          18,                25,    104464
shared_memory,      3079,            7,          18,                25,    104464
shared_memory,      3080,            7,          18,                25,    104464
shared_memory,      3081,            7,          18,                25,    104464
shared_memory,      3082,            7,          18,                25,    104464
shared_memory,      3083,            7,          18,                25,    104464
shared_memory,      3084,            7,          18,                25,    104464
shared_memory,      3085,            7,          18,                25,    104464
shared_memory,      3086,            7,          18,                25,    104464
shared_memory,      3087,            7,          18,                25,    104464
shared_memory,      3088,            7,          18,                25,    104464
shared_memory,      3089,            7,          18,                25,    104464
shared_memory,      3090,            7,          18,                25,    104464
shared_memory,      3091,            7,          18,                25,    104464
shared_memory,      3092,            7,          18,                25,    104464
shared_memory,      3093,            7,          18,                25,    104464
shared_memory,      3094,            7,          18,                25,    104464
shared_memory,      3095,            7,          18,                25,    104464
shared_memory,      3096,            7,          18,                25,    104464
shared_memory,      3097,            7,          18,                25,    104464
shared_memory,      3098,            7,          18,                25,    104464
shared_memory,      3099,            7,          18,                25,    104464
shared_memory,      3100,            7,          18,                25,    104464
shared_memory,      3101,            7,          18,                25,    104464
shared_memory,      3102,            7,          18,                25,    104464
shared_memory,      3103,            7,          18,                25,    104464
shared_memory,      3104,            7,          18,                25,    104464
shared_memory,      3105,            7,          18,                25,    104464
shared_memory,      3106,            7,          18,                25,    104464
shared_memory,      3107,            7,          18,                25,    104464
shared_memory,      3108,            7,          18,                25,    104464
shared_memory,      3109,            7,          18,                25,    104464
shared_memory,      3110,            7,          18,                25,    104464
shared_memory,      3111,            7,          18,                25,    104464
shared_memory,      3112,            7,          18,                25,    104464
shared_memory,      3113,            7,          18,                25,    104464
shared_memory,      3114,            7,          18,                25,    104464
shared_memory,      3115,            7,          18,                25,    104464
shared_memory,      3116,            7,          18,                25,    104464
shared_memory,      3117,            7,          18,                25,    104464
shared_memory,      3118,            7,          18,                25,    104464
shared_memory,      3119,            7,          18,                25,    104464
shared_memory,      3120,            7,          18,                25,    104464
shared_memory,      3121,            7,          18,                25,    104464
shared_memory,      3122,            7,          18,                25,    104464
shared_memory,      3123,            7,          18,                25,    104464
shared_memory,      3124,            7,          18,                25,    104464
shared_memory,      3125,            7,          18,                25,    104464
shared_memory,      3126,            7,          18,                25,    104464
shared_memory,      3127,            7,          18,                25,    104464
shared_memory,      3128,            7,          18,                25,    104464
shared_memory,      3129,            7,          18,                25,    104464
shared_memory,      3130,            7,          18,                25,    104464
shared_memory,      3131,            7,          18,                25,    104464
shared_memory,      3132,            7,          18,                25,    104464
shared_memory,      3133,            7,          18,                25,    104464
shared_memory,      3134,            7,          18,                25,    104464
shared_memory,      3135,            7,          18,                25,    104464
shared_memory,      3136,            7,          18,                25,    104464
shared_memory,      3137,            7,          18,                25,    104464
shared_memory,      3138,            7,          18,                25,    104464
shared_memory,      3139,            7,          18,                25,    104464
shared_memory,      3140,            7,          18,                25,    104464
shared_memory,      3141,            7,          18,                25,    104464
shared_memory,      3142,            7,          18,                25,    104464
shared_memory,      3143,            7,          18,                25,    104464
shared_memory,      3144,            7,          18,                25,    104464
shared_memory,      3145,            7,          18,                25,    104464
shared_memory,      3146,            7,          18,                25,    104464
shared_memory,      3147,            7,          18,                25,    104464
shared_memory,      3148,            7,          18,                25,    104464
shared_memory,      3149,            7,          18,                25,    104464
shared_memory,      3150,            7,          18,                25,    104464
shared_memory,      3151,            7,          18,                25,    104464
shared_memory,      3152,            7,          18,                25,    104464
shared_memory,      3153,            7,          18,                25,    104464
shared_memory,      3154,            7,          18,                25,    104464
shared_memory,      3155,            7,          18,                25,    104464
shared_memory,      3156,            7,          18,                25,    104464
shared_memory,      3157,            7,          18,                25,    104464
shared_memory,      3158,            7,          18,                25,    104464
shared_memory,      3159,            7,          18,                25,    104464
shared_memory,      3160,            7,          18,                25,    104464
shared_memory,      3161,            7,          18,                25,    104464
shared_memory,      3162,            7,          18,                25,    104464
shared_memory,      3163,            7,          18,                25,    104464
shared_memory,      3164,            7,          18,                25,    104464
shared_memory,      3165,            7,          18,                25,    104464
shared_memory,      3166,            7,          18,                25,    104464
shared_memory,      3167,            7,          18,                25,    104464
shared_memory,      3168,            7,          18,                25,    104464
shared_memory,      3169,            7,          18,                25,    104464
shared_memory,      3170,            7,          18,                25,    104464
shared_memory,      3171,            7,          18,                25,    104464
shared_memory,      3172,            7,          18,                25,    104464
shared_memory,      3173,            7,          18,                25,    104464
shared_memory,      3174,            7,          18,                25,    104464
shared_memory,      3175,            7,          18,                25,    104464
shared_memory,      3176,            7,          18,                25,    104464
shared_memory,      3177,            7,          18,                25,    104464
shared_memory,      3178,            7,          18,                25,    104464
shared_memory,      3179,            7,          18,                25,    104464
shared_memory,      3180,            7,          18,                25,    104464
shared_memory,      3181,            7,          18,                25,    104464
shared_memory,      3182,            7,          18,                25,    104464
shared_memory,      3183,            7,          18,                25,    104464
shared_memory,      3184,            7,          18,                25,    104464
shared_memory,      3185,            7,          18,                25,    104464
shared_memory,      3186,            7,          18,                25,    104464
shared_memory,      3187,            7,          18,                25,    104464
shared_memory,      3188,            7,          18,                25,    104464
shared_memory,      3189,            7,          18,                25,    104464
shared_memory,      3190,            7,          18,                25,    104464
shared_memory,      3191,            7,          18,                25,    104464
shared_memory,      3192,            7,          18,                25,    104464
shared_memory,      3193,            7,          18,                25,    104464
shared_memory,      3194,            7,          18,                25,    104464
shared_memory,      3195,            7,          18,                25,    104464
shared_memory,      3196,            7,          18,                25,    104464
shared_memory,      3197,            7,          18,                25,    104464
shared_memory,      3198,            7,          18,                25,    104464
shared_memory,      3199,            7,          18,                25,    104464
shared_memory,      3200,            7,          18,                25,    104464
shared_memory,      3201,            7,          18,                25,    104464
shared_memory,      3202,            7,          18,                25,    104464
shared_memory,      3203,            7,          18,                25,    104464
shared_memory,      3204,            7,          18,                25,    104464
shared_memory,      3205,            7,          18,                25,    104464
shared_memory,      3206,            7,          18,                25,    104464
shared_memory,      3207,            7,          18,                25,    104464
shared_memory,      3208,            7,          18,                25,    104464
shared_memory,      3209,            7,          18,                25,    104464
shared_memory,      3210,            7,          18,                25,    104464
shared_memory,      3211,            7,          18,                25,    104464
shared_memory,      3212,            7,          18,                25,    104464
shared_memory,      3213,            7,          18,                25,    104464
shared_memory,      3214,            7,          18,                25,    104464
shared_memory,      3215,            7,          18,                25,    104464
shared_memory,      3216,            7,          18,                25,    104464
shared_memory,      3217,            7,          18,                25,    104464
shared_memory,      3218,            7,          18,                25,    104464
shared_memory,      3219,            7,          18,                25,    104464
shared_memory,      3220,            7,          18,                25,    104464
shared_memory,      3221,            7,          18,                25,    104464
shared_memory,      3222,            7,          18,                25,    104464
shared_memory,      3223,            7,          18,                25,    104464
shared_memory,      3224,            7,          18,                25,    104464
shared_memory,      3225,            7,          18,                25,    104464
shared_memory,      3226,            7,          18,                25,    104464
shared_memory,      3227,            7,          18,                25,    104464
shared_memory,      3228,            7,          18,                25,    104464
shared_memory,      3229,            7,          18,                25,    104464
shared_memory,      3230,            7,          18,                25,    104464
shared_memory,      3231,            7,          18,                25,    104464
shared_memory,      3232,            7,          18,                25,    104464
shared_memory,      3233,            7,          18,                25,    104464
shared_memory,      3234,            7,          18,                25,    104464
shared_memory,      3235,            7,          18,                25,    104464
shared_memory,      3236,            7,          18,                25,    104464
shared_memory,      3237,            7,          18,                25,    104464
shared_memory,      3238,            7,          18,                25,    104464
shared_memory,      3239,            7,          18,                25,    104464
shared_memory,      3240,            7,          18,                25,    104464
shared_memory,      3241,            7,          18,                25,    104464
shared_memory,      3242,            7,          18,                25,    104464
shared_memory,      3243,            7,          18,                25,    104464
shared_memory,      3244,            7,          18,                25,    104464
shared_memory,      3245,            7,          18,                25,    104464
shared_memory,      3246,            7,          18,                25,    104464
shared_memory,      3247,            7,          18,                25,    104464
shared_memory,      3248,            7,          18,                25,    104464
shared_memory,      3249,            7,          18,                25,    104464
shared_memory,      3250,            7,          18,                25,    104464
shared_memory,      3251,            7,          18,                25,    104464
shared_memory,      3252,            7,          18,                25,    104464
shared_memory,      3253,            7,          18,                25,    104464
shared_memory,      3254,            7,          18,                25,    104464
shared_memory,      3255,            7,          18,                25,    104464
shared_memory,      3256,            7,          18,                25,    104464
shared_memory,      3257,            7,          18,                25,    104464
shared_memory,      3258,            7,          18,                25,    104464
shared_memory,      3259,            7,          18,                25,    104464
shared_memory,      3260,            7,          18,                25,    104464
shared_memory,      3261,            7,          18,                25,    104464
shared_memory,      3262,            7,          18,                25,    104464
shared_memory,      3263,            7,          18,                25,    104464
shared_memory,      3264,            7,          18,                25,    104464
shared_memory,      3265,            7,          18,                25,    104464
shared_memory,      3266,            7,          18,                25,    104464
shared_memory,      3267,            7,          18,                25,    104464
shared_memory,      3268,            7,          18,                25,    104464
shared_memory,      3269,            7,          18,                25,    104464
shared_memory,      3270,            7,          18,                25,    104464
shared_memory,      3271,            7,          18,                25,    104464
shared_memory,      3272,            7,          18,                25,    104464
shared_memory,      3273,            7,          18,                25,    104464
shared_memory,      3274,            7,          18,                25,    104464
shared_memory,      3275,            7,          18,                25,    104464
shared_memory,      3276,            7,          18,                25,    104464
shared_memory,      3277,            7,          18,                25,    104464
shared_memory,      3278,            7,          18,                25,    104464
shared_memory,      3279,            7,          18,                25,    104464
shared_memory,      3280,            7,          18,                25,    104464
shared_memory,      3281,            7,          18,                25,    104464
shared_memory,      3282,            7,          18,                25,    104464
shared_memory,      3283,            7,          18,                25,    104464
shared_memory,      3284,            7,          18,                25,    104464
shared_memory,      3285,            7,          18,                25,    104464
shared_memory,      3286,            7,          18,                25,    104464
shared_memory,      3287,            7,          18,                25,    104464
shared_memory,      3288,            7,          18,                25,    104464
shared_memory,      3289,            7,          18,                25,    104464
shared_memory,      3290,            7,          18,                25,    104464
shared_memory,      3291,            7,          18,                25,    104464
shared_memory,      3292,            7,          18,                25,    104464
shared_memory,      3293,            7,          18,                25,    104464
shared_memory,      3294,            7,          18,                25,    104464
shared_memory,      3295,            7,          18,                25,    104464
shared_memory,      3296,            7,          18,                25,    104464
shared_memory,      3297,            7,          18,                25,    104464
shared_memory,      3298,            7,          18,                25,    104464
shared_memory,      3299,            7,          18,                25,    104464
shared_memory,      3300,            7,          18,                25,    104464
shared_memory,      3301,            7,          18,                25,    104464
shared_memory,      3302,            7,          18,                25,    104464
shared_memory,      3303,            7,          18,                25,    104464
shared_memory,      3304,            7,          18,                25,    104464
shared_memory,      3305,            7,          18,                25,    104464
shared_memory,      3306,            7,          18,                25,    104464
shared_memory,      3307,            7,          18,                25,    104464
shared_memory,      3308,            7,          18,                25,    104464
shared_memory,      3309,            7,          18,                25,    104464
shared_memory,      3310,            7,          18,                25,    104464
shared_memory,      3311,            7,          18,                25,    104464
shared_memory,      3312,            7,          18,                25,    104464
shared_memory,      3313,            7,          18,                25,    104464
shared_memory,      3314,            7,          18,                25,    104464
shared_memory,      3315,            7,          18,                25,    104464
shared_memory,      3316,            7,          18,                25,    104464
shared_memory,      3317,            7,          18,                25,    104464
shared_memory,      3318,            7,          18,                25,    104464
shared_memory,      3319,            7,          18,                25,    104464
shared_memory,      3320,            7,          18,                25,    104464
shared_memory,      3321,            7,          18,                25,    104464
shared_memory,      3322,            7,          18,                25,    104464
shared_memory,      3323,            7,          18,                25,    104464
shared_memory,      3324,            7,          18,                25,    104464
shared_memory,      3325,            7,          18,                25,    104464
shared_memory,      3326,            7,          18,                25,    104464
shared_memory,      3327,            7,          18,                25,    104464
shared_memory,      3328,            7,          18,                25,    104464
shared_memory,      3329,            7,          18,                25,    104464
shared_memory,      3330,            7,          18,                25,    104464
shared_memory,      3331,            7,          18,                25,    104464
shared_memory,      3332,            7,          18,                25,    104464
shared_memory,      3333,            7,          18,                25,    104464
shared_memory,      3334,            7,          18,                25,    104464
shared_memory,      3335,            7,          18,                25,    104464
shared_memory,      3336,            7,          18,                25,    104464
shared_memory,      3337,            7,          18,                25,    104464
shared_memory,      3338,            7,          18,                25,    104464
shared_memory,      3339,            7,          18,                25,    104464
shared_memory,      3340,            7,          18,                25,    104464
shared_memory,      3341,            7,          18,                25,    104464
shared_memory,      3342,            7,          18,                25,    104464
shared_memory,      3343,            7,          18,                25,    104464
shared_memory,      3344,            7,          18,                25,    104464
shared_memory,      3345,            7,          18,                25,    104464
shared_memory,      3346,            7,          18,                25,    104464
shared_memory,      3347,            7,          18,                25,    104464
shared_memory,      3348,            7,          18,                25,    104464
shared_memory,      3349,            7,          18,                25,    104464
shared_memory,      3350,            7,          18,                25,    104464
shared_memory,      3351,            7,          18,                25,    104464
shared_memory,      3352,            7,          18,                25,    104464
shared_memory,      3353,            7,          18,                25,    104464
shared_memory,      3354,            7,          18,                25,    104464
shared_memory,      3355,            7,          18,                25,    104464
shared_memory,      3356,            7,          18,                25,    104464
shared_memory,      3357,            7,          18,                25,    104464
shared_memory,      3358,            7,          18,                25,    104464
shared_memory,      3359,            7,          18,                25,    104464
shared_memory,      3360,            7,          18,                25,    104464
shared_memory,      3361,            7,          18,                25,    104464
shared_memory,      3362,            7,          18,                25,    104464
shared_memory,      3363,            7,          18,                25,    104464
shared_memory,      3364,            7,          18,                25,    104464
shared_memory,      3365,            7,          18,                25,    104464
shared_memory,      3366,            7,          18,                25,    104464
shared_memory,      3367,            7,          18,                25,    104464
shared_memory,      3368,            7,          18,                25,    104464
shared_memory,      3369,            7,          18,                25,    104464
shared_memory,      3370,            7,          18,                25,    104464
shared_memory,      3371,            7,          18,                25,    104464
shared_memory,      3372,            7,          18,                25,    104464
shared_memory,      3373,            7,          18,                25,    104464
shared_memory,      3374,            7,          18,                25,    104464
shared_memory,      3375,            7,          18,                25,    104464
shared_memory,      3376,            7,          18,                25,    104464
shared_memory,      3377,            7,          18,                25,    104464
shared_memory,      3378,            7,          18,                25,    104464
shared_memory,      3379,            7,          18,                25,    104464
shared_memory,      3380,            7,          18,                25,    104464
shared_memory,      3381,            7,          18,                25,    104464
shared_memory,      3382,            7,          18,                25,    104464
shared_memory,      3383,            7,          18,                25,    104464
shared_memory,      3384,            7,          18,                25,    104464
shared_memory,      3385,            7,          18,                25,    104464
shared_memory,      3386,            7,          18,                25,    104464
shared_memory,      3387,            7,          18,                25,    104464
shared_memory,      3388,            7,          18,                25,    104464
shared_memory,      3389,            7,          18,                25,    104464
shared_memory,      3390,            7,          18,                25,    104464
shared_memory,      3391,            7,          18,                25,    104464
shared_memory,      3392,            7,          18,                25,    104464
shared_memory,      3393,            7,          18,                25,    104464
shared_memory,      3394,            7,          18,                25,    104464
shared_memory,      3395,            7,          18,                25,    104464
shared_memory,      3396,            7,          18,                25,    104464
shared_memory,      3397,            7,          18,                25,    104464
shared_memory,      3398,            7,          18,                25,    104464
shared_memory,      3399,            7,          18,                25,    104464
shared_memory,      3400,            7,          18,                25,    104464
shared_memory,      3401,            7,          18,                25,    104464
shared_memory,      3402,            7,          18,                25,    104464
shared_memory,      3403,            7,          18,                25,    104464
shared_memory,      3404,            7,          18,                25,    104464
shared_memory,      3405,            7,          18,                25,    104464
shared_memory,      3406,            7,          18,                25,    104464
shared_memory,      3407,            7,          18,                25,    104464
shared_memory,      3408,            7,          18,                25,    104464
shared_memory,      3409,            7,          18,                25,    104464
shared_memory,      3410,            7,          18,                25,    104464
shared_memory,      3411,            7,          18,                25,    104464
shared_memory,      3412,            7,          18,                25,    104464
shared_memory,      3413,            7,          18,                25,    104464
shared_memory,      3414,            7,          18,                25,    104464
shared_memory,      3415,            7,          18,                25,    104464
shared_memory,      3416,            7,          18,                25,    104464
shared_memory,      3417,            7,          18,                25,    104464
shared_memory,      3418,            7,          18,                25,    104464
shared_memory,      3419,            7,          18,                25,    104464
shared_memory,      3420,            7,          18,                25,    104464
shared_memory,      3421,            7,          18,                25,    104464
shared_memory,      3422,            7,          18,                25,    104464
shared_memory,      3423,            7,          18,                25,    104464
shared_memory,      3424,            7,          18,                25,    104464
shared_memory,      3425,            7,          18,                25,    104464
shared_memory,      3426,            7,          18,                25,    104464
shared_memory,      3427,            7,          18,                25,    104464
shared_memory,      3428,            7,          18,                25,    104464
shared_memory,      3429,            7,          18,                25,    104464
shared_memory,      3430,            7,          18,                25,    104464
shared_memory,      3431,            7,          18,                25,    104464
shared_memory,      3432,            7,          18,                25,    104464
shared_memory,      3433,            7,          18,                25,    104464
shared_memory,      3434,            7,          18,                25,    104464
shared_memory,      3435,            7,          18,                25,    104464
shared_memory,      3436,            7,          18,                25,    104464
shared_memory,      3437,            7,          18,                25,    104464
shared_memory,      3438,            7,          18,                25,    104464
shared_memory,      3439,            7,          18,                25,    104464
shared_memory,      3440,            7,          18,                25,    104464
shared_memory,      3441,            7,          18,                25,    104464
shared_memory,      3442,            7,          18,                25,    104464
shared_memory,      3443,            7,          18,                25,    104464
shared_memory,      3444,            7,          18,                25,    104464
shared_memory,      3445,            7,          18,                25,    104464
shared_memory,      3446,            7,          18,                25,    104464
shared_memory,      3447,            7,          18,                25,    104464
shared_memory,      3448,            7,          18,                25,    104464
shared_memory,      3449,            7,          18,                25,    104464
shared_memory,      3450,            7,          18,                25,    104464
shared_memory,      3451,            7,          18,                25,    104464
shared_memory,      3452,            7,          18,                25,    104464
shared_memory,      3453,            7,          18,                25,    104464
shared_memory,      3454,            7,          18,                25,    104464
shared_memory,      3455,            7,          18,                25,    104464
shared_memory,      3456,            7,          18,                25,    104464
shared_memory,      3457,            7,          18,                25,    104464
shared_memory,      3458,            7,          18,                25,    104464
shared_memory,      3459,            7,          18,                25,    104464
shared_memory,      3460,            7,          18,                25,    104464
shared_memory,      3461,            7,          18,                25,    104464
shared_memory,      3462,            7,          18,                25,    104464
shared_memory,      3463,            7,          18,                25,    104464
shared_memory,      3464,            7,          18,                25,    104464
shared_memory,      3465,            7,          18,                25,    104464
shared_memory,      3466,            7,          18,                25,    104464
shared_memory,      3467,            7,          18,                25,    104464
shared_memory,      3468,            7,          18,                25,    104464
shared_memory,      3469,            7,          18,                25,    104464
shared_memory,      3470,            7,          18,                25,    104464
shared_memory,      3471,            7,          18,                25,    104464
shared_memory,      3472,            7,          18,                25,    104464
shared_memory,      3473,            7,          18,                25,    104464
shared_memory,      3474,            7,          18,                25,    104464
shared_memory,      3475,            7,          18,                25,    104464
shared_memory,      3476,            7,          18,                25,    104464
shared_memory,      3477,            7,          18,                25,    104464
shared_memory,      3478,            7,          18,                25,    104464
shared_memory,      3479,            7,          18,                25,    104464
shared_memory,      3480,            7,          18,                25,    104464
shared_memory,      3481,            7,          18,                25,    104464
shared_memory,      3482,            7,          18,                25,    104464
shared_memory,      3483,            7,          18,                25,    104464
shared_memory,      3484,            7,          18,                25,    104464
shared_memory,      3485,            7,          18,                25,    104464
shared_memory,      3486,            7,          18,                25,    104464
shared_memory,      3487,            7,          18,                25,    104464
shared_memory,      3488,            7,          18,                25,    104464
shared_memory,      3489,            7,          18,                25,    104464
shared_memory,      3490,            7,          18,                25,    104464
shared_memory,      3491,            7,          18,                25,    104464
shared_memory,      3492,            7,          18,                25,    104464
shared_memory,      3493,            7,          18,                25,    104464
shared_memory,      3494,            7,          18,                25,    104464
shared_memory,      3495,            7,          18,                25,    104464
shared_memory,      3496,            7,          18,                25,    104464
shared_memory,      3497,            7,          18,                25,    104464
shared_memory,      3498,            7,          18,                25,    104464
shared_memory,      3499,            7,          18,                25,    104464
shared_memory,      3500,            7,          18,                25,    104464
shared_memory,      3501,            7,          18,                25,    104464
shared_memory,      3502,            7,          18,                25,    104464
shared_memory,      3503,            7,          18,                25,    104464
shared_memory,      3504,            7,          18,                25,    104464
shared_memory,      3505,            7,          18,                25,    104464
shared_memory,      3506,            7,          18,                25,    104464
shared_memory,      3507,            7,          18,                25,    104464
shared_memory,      3508,            7,          18,                25,    104464
shared_memory,      3509,            7,          18,                25,    104464
shared_memory,      3510,            7,          18,                25,    104464
shared_memory,      3511,            7,          18,                25,    104464
shared_memory,      3512,            7,          18,                25,    104464
shared_memory,      3513,            7,          18,                25,    104464
shared_memory,      3514,            7,          18,                25,    104464
shared_memory,      3515,            7,          18,                25,    104464
shared_memory,      3516,            7,          18,                25,    104464
shared_memory,      3517,            7,          18,                25,    104464
shared_memory,      3518,            7,          18,                25,    104464
shared_memory,      3519,            7,          18,                25,    104464
shared_memory,      3520,            7,          18,                25,    104464
shared_memory,      3521,            7,          18,                25,    104464
shared_memory,      3522,            7,          18,                25,    104464
shared_memory,      3523,            7,          18,                25,    104464
shared_memory,      3524,            7,          18,                25,    104464
shared_memory,      3525,            7,          18,                25,    104464
shared_memory,      3526,            7,          18,                25,    104464
shared_memory,      3527,            7,          18,                25,    104464
shared_memory,      3528,            7,          18,                25,    104464
shared_memory,      3529,            7,          18,                25,    104464
shared_memory,      3530,            7,          18,                25,    104464
shared_memory,      3531,            7,          18,                25,    104464
shared_memory,      3532,            7,          18,                25,    104464
shared_memory,      3533,            7,          18,                25,    104464
shared_memory,      3534,            7,          18,                25,    104464
shared_memory,      3535,            7,          18,                25,    104464
shared_memory,      3536,            7,          18,                25,    104464
shared_memory,      3537,            7,          18,                25,    104464
shared_memory,      3538,            7,          18,                25,    104464
shared_memory,      3539,            7,          18,                25,    104464
shared_memory,      3540,            7,          18,                25,    104464
shared_memory,      3541,            7,          18,                25,    104464
shared_memory,      3542,            7,          18,                25,    104464
shared_memory,      3543,            7,          18,                25,    104464
shared_memory,      3544,            7,          18,                25,    104464
shared_memory,      3545,            7,          18,                25,    104464
shared_memory,      3546,            7,          18,                25,    104464
shared_memory,      3547,            7,          18,                25,    104464
shared_memory,      3548,            7,          18,                25,    104464
shared_memory,      3549,            7,          18,                25,    104464
shared_memory,      3550,            7,          18,                25,    104464
shared_memory,      3551,            7,          18,                25,    104464
shared_memory,      3552,            7,          18,                25,    104464
shared_memory,      3553,            7,          18,                25,    104464
shared_memory,      3554,            7,          18,                25,    104464
shared_memory,      3555,            7,          18,                25,    104464
shared_memory,      3556,            7,          18,                25,    104464
shared_memory,      3557,            7,          18,                25,    104464
shared_memory,      3558,            7,          18,                25,    104464
shared_memory,      3559,            7,          18,                25,    104464
shared_memory,      3560,            7,          18,                25,    104464
shared_memory,      3561,            7,          18,                25,    104464
shared_memory,      3562,            7,          18,                25,    104464
shared_memory,      3563,            7,          18,                25,    104464
shared_memory,      3564,            7,          18,                25,    104464
shared_memory,      3565,            7,          18,                25,    104464
shared_memory,      3566,            7,          18,                25,    104464
shared_memory,      3567,            7,          18,                25,    104464
shared_memory,      3568,            7,          18,                25,    104464
shared_memory,      3569,            7,          18,                25,    104464
shared_memory,      3570,            7,          18,                25,    104464
shared_memory,      3571,            7,          18,                25,    104464
shared_memory,      3572,            7,          18,                25,    104464
shared_memory,      3573,            7,          18,                25,    104464
shared_memory,      3574,            7,          18,                25,    104464
shared_memory,      3575,            7,          18,                25,    104464
shared_memory,      3576,            7,          18,                25,    104464
shared_memory,      3577,            7,          18,                25,    104464
shared_memory,      3578,            7,          18,                25,    104464
shared_memory,      3579,            7,          18,                25,    104464
shared_memory,      3580,            7,          18,                25,    104464
shared_memory,      3581,            7,          18,                25,    104464
shared_memory,      3582,            7,          18,                25,    104464
shared_memory,      3583,            7,          18,                25,    104464
shared_memory,      3584,            7,          18,                25,    104464
shared_memory,      3585,            7,          18,                25,    104464
shared_memory,      3586,            7,          18,                25,    104464
shared_memory,      3587,            7,          18,                25,    104464
shared_memory,      3588,            7,          18,                25,    104464
shared_memory,      3589,            7,          18,                25,    104464
shared_memory,      3590,            7,          18,                25,    104464
shared_memory,      3591,            7,          18,                25,    104464
shared_memory,      3592,            7,          18,                25,    104464
shared_memory,      3593,            7,          18,                25,    104464
shared_memory,      3594,            7,          18,                25,    104464
shared_memory,      3595,            7,          18,                25,    104464
shared_memory,      3596,            7,          18,                25,    104464
shared_memory,      3597,            7,          18,                25,    104464
shared_memory,      3598,            7,          18,                25,    104464
shared_memory,      3599,            7,          18,                25,    104464
shared_memory,      3600,            7,          18,                25,    104464
shared_memory,      3601,            7,          18,                25,    104464
shared_memory,      3602,            7,          18,                25,    104464
shared_memory,      3603,            7,          18,                25,    104464
shared_memory,      3604,            7,          18,                25,    104464
shared_memory,      3605,            7,          18,                25,    104464
shared_memory,      3606,            7,          18,                25,    104464
shared_memory,      3607,            7,          18,                25,    104464
shared_memory,      3608,            7,          18,                25,    104464
shared_memory,      3609,            7,          18,                25,    104464
shared_memory,      3610,            7,          18,                25,    104464
shared_memory,      3611,            7,          18,                25,    104464
shared_memory,      3612,            7,          18,                25,    104464
shared_memory,      3613,            7,          18,                25,    104464
shared_memory,      3614,            7,          18,                25,    104464
shared_memory,      3615,            7,          18,                25,    104464
shared_memory,      3616,            7,          18,                25,    104464
shared_memory,      3617,            7,          18,                25,    104464
shared_memory,      3618,            7,          18,                25,    104464
shared_memory,      3619,            7,          18,                25,    104464
shared_memory,      3620,            7,          18,                25,    104464
shared_memory,      3621,            7,          18,                25,    104464
shared_memory,      3622,            7,          18,                25,    104464
shared_memory,      3623,            7,          18,                25,    104464
shared_memory,      3624,            7,          18,                25,    104464
shared_memory,      3625,            7,          18,                25,    104464
shared_memory,      3626,            7,          18,                25,    104464
shared_memory,      3627,            7,          18,                25,    104464
shared_memory,      3628,            7,          18,                25,    104464
shared_memory,      3629,            7,          18,                25,    104464
shared_memory,      3630,            7,          18,                25,    104464
shared_memory,      3631,            7,          18,                25,    104464
shared_memory,      3632,            7,          18,                25,    104464
shared_memory,      3633,            7,          18,                25,    104464
shared_memory,      3634,            7,          18,                25,    104464
shared_memory,      3635,            7,          18,                25,    104464
shared_memory,      3636,            7,          18,                25,    104464
shared_memory,      3637,            7,          18,                25,    104464
shared_memory,      3638,            7,          18,                25,    104464
shared_memory,      3639,            7,          18,                25,    104464
shared_memory,      3640,            7,          18,                25,    104464
shared_memory,      3641,            7,          18,                25,    104464
shared_memory,      3642,            7,          18,                25,    104464
shared_memory,      3643,            7,          18,                25,    104464
shared_memory,      3644,            7,          18,                25,    104464
shared_memory,      3645,            7,          18,                25,    104464
shared_memory,      3646,            7,          18,                25,    104464
shared_memory,      3647,            7,          18,                25,    104464
shared_memory,      3648,            7,          18,                25,    104464
shared_memory,      3649,            7,          18,                25,    104464
shared_memory,      3650,            7,          18,                25,    104464
shared_memory,      3651,            7,          18,                25,    104464
shared_memory,      3652,            7,          18,                25,    104464
shared_memory,      3653,            7,          18,                25,    104464
shared_memory,      3654,            7,          18,                25,    104464
shared_memory,      3655,            7,          18,                25,    104464
shared_memory,      3656,            7,          18,                25,    104464
shared_memory,      3657,            7,          18,                25,    104464
shared_memory,      3658,            7,          18,                25,    104464
shared_memory,      3659,            7,          18,                25,    104464
shared_memory,      3660,            7,          18,                25,    104464
shared_memory,      3661,            7,          18,                25,    104464
shared_memory,      3662,            7,          18,                25,    104464
shared_memory,      3663,            7,          18,                25,    104464
shared_memory,      3664,            7,          18,                25,    104464
shared_memory,      3665,            7,          18,                25,    104464
shared_memory,      3666,            7,          18,                25,    104464
shared_memory,      3667,            7,          18,                25,    104464
shared_memory,      3668,            7,          18,                25,    104464
shared_memory,      3669,            7,          18,                25,    104464
shared_memory,      3670,            7,          18,                25,    104464
shared_memory,      3671,            7,          18,                25,    104464
shared_memory,      3672,            7,          18,                25,    104464
shared_memory,      3673,            7,          18,                25,    104464
shared_memory,      3674,            7,          18,                25,    104464
shared_memory,      3675,            7,          18,                25,    104464
shared_memory,      3676,            7,          18,                25,    104464
shared_memory,      3677,            7,          18,                25,    104464
shared_memory,      3678,            7,          18,                25,    104464
shared_memory,      3679,            7,          18,                25,    104464
shared_memory,      3680,            7,          18,                25,    104464
shared_memory,      3681,            7,          18,                25,    104464
shared_memory,      3682,            7,          18,                25,    104464
shared_memory,      3683,            7,          18,                25,    104464
shared_memory,      3684,            7,          18,                25,    104464
shared_memory,      3685,            7,          18,                25,    104464
shared_memory,      3686,            7,          18,                25,    104464
shared_memory,      3687,            7,          18,                25,    104464
shared_memory,      3688,            7,          18,                25,    104464
shared_memory,      3689,            7,          18,                25,    104464
shared_memory,      3690,            7,          18,                25,    104464
shared_memory,      3691,            7,          18,                25,    104464
shared_memory,      3692,            7,          18,                25,    104464
shared_memory,      3693,            7,          18,                25,    104464
shared_memory,      3694,            7,          18,                25,    104464
shared_memory,      3695,            7,          18,                25,    104464
shared_memory,      3696,            7,          18,                25,    104464
shared_memory,      3697,            7,          18,                25,    104464
shared_memory,      3698,            7,          18,                25,    104464
shared_memory,      3699,            7,          18,                25,    104464
shared_memory,      3700,            7,          18,                25,    104464
shared_memory,      3701,            7,          18,                25,    104464
shared_memory,      3702,            7,          18,                25,    104464
shared_memory,      3703,            7,          18,                25,    104464
shared_memory,      3704,            7,          18,                25,    104464
shared_memory,      3705,            7,          18,                25,    104464
shared_memory,      3706,            7,          18,                25,    104464
shared_memory,      3707,            7,          18,                25,    104464
shared_memory,      3708,            7,          18,                25,    104464
shared_memory,      3709,            7,          18,                25,    104464
shared_memory,      3710,            7,          18,                25,    104464
shared_memory,      3711,            7,          18,                25,    104464
shared_memory,      3712,            7,          18,                25,    104464
shared_memory,      3713,            7,          18,                25,    104464
shared_memory,      3714,            7,          18,                25,    104464
shared_memory,      3715,            7,          18,                25,    104464
shared_memory,      3716,            7,          18,                25,    104464
shared_memory,      3717,            7,          18,                25,    104464
shared_memory,      3718,            7,          18,                25,    104464
shared_memory,      3719,            7,          18,                25,    104464
shared_memory,      3720,            7,          18,                25,    104464
shared_memory,      3721,            7,          18,                25,    104464
shared_memory,      3722,            7,          18,                25,    104464
shared_memory,      3723,            7,          18,                25,    104464
shared_memory,      3724,            7,          18,                25,    104464
shared_memory,      3725,            7,          18,                25,    104464
shared_memory,      3726,            7,          18,                25,    104464
shared_memory,      3727,            7,          18,                25,    104464
shared_memory,      3728,            7,          18,                25,    104464
shared_memory,      3729,            7,          18,                25,    104464
shared_memory,      3730,            7,          18,                25,    104464
shared_memory,      3731,            7,          18,                25,    104464
shared_memory,      3732,            7,          18,                25,    104464
shared_memory,      3733,            7,          18,                25,    104464
shared_memory,      3734,            7,          18,                25,    104464
shared_memory,      3735,            7,          18,                25,    104464
shared_memory,      3736,            7,          18,                25,    104464
shared_memory,      3737,            7,          18,                25,    104464
shared_memory,      3738,            7,          18,                25,    104464
shared_memory,      3739,            7,          18,                25,    104464
shared_memory,      3740,            7,          18,                25,    104464
shared_memory,      3741,            7,          18,                25,    104464
shared_memory,      3742,            7,          18,                25,    104464
shared_memory,      3743,            7,          18,                25,    104464
shared_memory,      3744,            7,          18,                25,    104464
shared_memory,      3745,            7,          18,                25,    104464
shared_memory,      3746,            7,          18,                25,    104464
shared_memory,      3747,            7,          18,                25,    104464
shared_memory,      3748,            7,          18,                25,    104464
shared_memory,      3749,            7,          18,                25,    104464
shared_memory,      3750,            7,          18,                25,    104464
shared_memory,      3751,            7,          18,                25,    104464
shared_memory,      3752,            7,          18,                25,    104464
shared_memory,      3753,            7,          18,                25,    104464
shared_memory,      3754,            7,          18,                25,    104464
shared_memory,      3755,            7,          18,                25,    104464
shared_memory,      3756,            7,          18,                25,    104464
shared_memory,      3757,            7,          18,                25,    104464
shared_memory,      3758,            7,          18,                25,    104464
shared_memory,      3759,            7,          18,                25,    104464
shared_memory,      3760,            7,          18,                25,    104464
shared_memory,      3761,            7,          18,                25,    104464
shared_memory,      3762,            7,          18,                25,    104464
shared_memory,      3763,            7,          18,                25,    104464
shared_memory,      3764,            7,          18,                25,    104464
shared_memory,      3765,            7,          18,                25,    104464
shared_memory,      3766,            7,          18,                25,    104464
shared_memory,      3767,            7,          18,                25,    104464
shared_memory,      3768,            7,          18,                25,    104464
shared_memory,      3769,            7,          18,                25,    104464
shared_memory,      3770,            7,          18,                25,    104464
shared_memory,      3771,            7,          18,                25,    104464
shared_memory,      3772,            7,          18,                25,    104464
shared_memory,      3773,            7,          18,                25,    104464
shared_memory,      3774,            7,          18,                25,    104464
shared_memory,      3775,            7,          18,                25,    104464
shared_memory,      3776,            7,          18,                25,    104464
shared_memory,      3777,            7,          18,                25,    104464
shared_memory,      3778,            7,          18,                25,    104464
shared_memory,      3779,            7,          18,                25,    104464
shared_memory,      3780,            7,          18,                25,    104464
shared_memory,      3781,            7,          18,                25,    104464
shared_memory,      3782,            7,          18,                25,    104464
shared_memory,      3783,            7,          18,                25,    104464
shared_memory,      3784,            7,          18,                25,    104464
shared_memory,      3785,            7,          18,                25,    104464
shared_memory,      3786,            7,          18,                25,    104464
shared_memory,      3787,            7,          18,                25,    104464
shared_memory,      3788,            7,          18,                25,    104464
shared_memory,      3789,            7,          18,                25,    104464
shared_memory,      3790,            7,          18,                25,    104464
shared_memory,      3791,            7,          18,                25,    104464
shared_memory,      3792,            7,          18,                25,    104464
shared_memory,      3793,            7,          18,                25,    104464
shared_memory,      3794,            7,          18,                25,    104464
shared_memory,      3795,            7,          18,                25,    104464
shared_memory,      3796,            7,          18,                25,    104464
shared_memory,      3797,            7,          18,                25,    104464
shared_memory,      3798,            7,          18,                25,    104464
shared_memory,      3799,            7,          18,                25,    104464
shared_memory,      3800,            7,          18,                25,    104464
shared_memory,      3801,            7,          18,                25,    104464
shared_memory,      3802,            7,          18,                25,    104464
shared_memory,      3803,            7,          18,                25,    104464
shared_memory,      3804,            7,          18,                25,    104464
shared_memory,      3805,            7,          18,                25,    104464
shared_memory,      3806,            7,          18,                25,    104464
shared_memory,      3807,            7,          18,                25,    104464
shared_memory,      3808,            7,          18,                25,    104464
shared_memory,      3809,            7,          18,                25,    104464
shared_memory,      3810,            7,          18,                25,    104464
shared_memory,      3811,            7,          18,                25,    104464
shared_memory,      3812,            7,          18,                25,    104464
shared_memory,      3813,            7,          18,                25,    104464
shared_memory,      3814,            7,          18,                25,    104464
shared_memory,      3815,            7,          18,                25,    104464
shared_memory,      3816,            7,          18,                25,    104464
shared_memory,      3817,            7,          18,                25,    104464
shared_memory,      3818,            7,          18,                25,    104464
shared_memory,      3819,            7,          18,                25,    104464
shared_memory,      3820,            7,          18,                25,    104464
shared_memory,      3821,            7,          18,                25,    104464
shared_memory,      3822,            7,          18,                25,    104464
shared_memory,      3823,            7,          18,                25,    104464
shared_memory,      3824,            7,          18,                25,    104464
shared_memory,      3825,            7,          18,                25,    104464
shared_memory,      3826,            7,          18,                25,    104464
shared_memory,      3827,            7,          18,                25,    104464
shared_memory,      3828,            7,          18,                25,    104464
shared_memory,      3829,            7,          18,                25,    104464
shared_memory,      3830,            7,          18,                25,    104464
shared_memory,      3831,            7,          18,                25,    104464
shared_memory,      3832,            7,          18,                25,    104464
shared_memory,      3833,            7,          18,                25,    104464
shared_memory,      3834,            7,          18,                25,    104464
shared_memory,      3835,            7,          18,                25,    104464
shared_memory,      3836,            7,          18,                25,    104464
shared_memory,      3837,            7,          18,                25,    104464
shared_memory,      3838,            7,          18,                25,    104464
shared_memory,      3839,            7,          18,                25,    104464
shared_memory,      3840,            7,          18,                25,    104464
shared_memory,      3841,            7,          18,                25,    104464
shared_memory,      3842,            7,          18,                25,    104464
shared_memory,      3843,            7,          18,                25,    104464
shared_memory,      3844,            7,          18,                25,    104464
shared_memory,      3845,            7,          18,                25,    104464
shared_memory,      3846,            7,          18,                25,    104464
shared_memory,      3847,            7,          18,                25,    104464
shared_memory,      3848,            7,          18,                25,    104464
shared_memory,      3849,            7,          18,                25,    104464
shared_memory,      3850,            7,          18,                25,    104464
shared_memory,      3851,            7,          18,                25,    104464
shared_memory,      3852,            7,          18,                25,    104464
shared_memory,      3853,            7,          18,                25,    104464
shared_memory,      3854,            7,          18,                25,    104464
shared_memory,      3855,            7,          18,                25,    104464
shared_memory,      3856,            7,          18,                25,    104464
shared_memory,      3857,            7,          18,                25,    104464
shared_memory,      3858,            7,          18,                25,    104464
shared_memory,      3859,            7,          18,                25,    104464
shared_memory,      3860,            7,          18,                25,    104464
shared_memory,      3861,            7,          18,                25,    104464
shared_memory,      3862,            7,          18,                25,    104464
shared_memory,      3863,            7,          18,                25,    104464
shared_memory,      3864,            7,          18,                25,    104464
shared_memory,      3865,            7,          18,                25,    104464
shared_memory,      3866,            7,          18,                25,    104464
shared_memory,      3867,            7,          18,                25,    104464
shared_memory,      3868,            7,          18,                25,    104464
shared_memory,      3869,            7,          18,                25,    104464
shared_memory,      3870,            7,          18,                25,    104464
shared_memory,      3871,            7,          18,                25,    104464
shared_memory,      3872,            7,          18,                25,    104464
shared_memory,      3873,            7,          18,                25,    104464
shared_memory,      3874,            7,          18,                25,    104464
shared_memory,      3875,            7,          18,                25,    104464
shared_memory,      3876,            7,          18,                25,    104464
shared_memory,      3877,            7,          18,                25,    104464
shared_memory,      3878,            7,          18,                25,    104464
shared_memory,      3879,            7,          18,                25,    104464
shared_memory,      3880,            7,          18,                25,    104464
shared_memory,      3881,            7,          18,                25,    104464
shared_memory,      3882,            7,          18,                25,    104464
shared_memory,      3883,            7,          18,                25,    104464
shared_memory,      3884,            7,          18,                25,    104464
shared_memory,      3885,            7,          18,                25,    104464
shared_memory,      3886,            7,          18,                25,    104464
shared_memory,      3887,            7,          18,                25,    104464
shared_memory,      3888,            7,          18,                25,    104464
shared_memory,      3889,            7,          18,                25,    104464
shared_memory,      3890,            7,          18,                25,    104464
shared_memory,      3891,            7,          18,                25,    104464
shared_memory,      3892,            7,          18,                25,    104464
shared_memory,      3893,            7,          18,                25,    104464
shared_memory,      3894,            7,          18,                25,    104464
shared_memory,      3895,            7,          18,                25,    104464
shared_memory,      3896,            7,          18,                25,    104464
shared_memory,      3897,            7,          18,                25,    104464
shared_memory,      3898,            7,          18,                25,    104464
shared_memory,      3899,            7,          18,                25,    104464
shared_memory,      3900,            7,          18,                25,    104464
shared_memory,      3901,            7,          18,                25,    104464
shared_memory,      3902,            7,          18,                25,    104464
shared_memory,      3903,            7,          18,                25,    104464
shared_memory,      3904,            7,          18,                25,    104464
shared_memory,      3905,            7,          18,                25,    104464
shared_memory,      3906,            7,          18,                25,    104464
shared_memory,      3907,            7,          18,                25,    104464
shared_memory,      3908,            7,          18,                25,    104464
shared_memory,      3909,            7,          18,                25,    104464
shared_memory,      3910,            7,          18,                25,    104464
shared_memory,      3911,            7,          18,                25,    104464
shared_memory,      3912,            7,          18,                25,    104464
shared_memory,      3913,            7,          18,                25,    104464
shared_memory,      3914,            7,          18,                25,    104464
shared_memory,      3915,            7,          18,                25,    104464
shared_memory,      3916,            7,          18,                25,    104464
shared_memory,      3917,            7,          18,                25,    104464
shared_memory,      3918,            7,          18,                25,    104464
shared_memory,      3919,            7,          18,                25,    104464
shared_memory,      3920,            7,          18,                25,    104464
shared_memory,      3921,            7,          18,                25,    104464
shared_memory,      3922,            7,          18,                25,    104464
shared_memory,      3923,            7,          18,                25,    104464
shared_memory,      3924,            7,          18,                25,    104464
shared_memory,      3925,            7,          18,                25,    104464
shared_memory,      3926,            7,          18,                25,    104464
shared_memory,      3927,            7,          18,                25,    104464
shared_memory,      3928,            7,          18,                25,    104464
shared_memory,      3929,            7,          18,                25,    104464
shared_memory,      3930,            7,          18,                25,    104464
shared_memory,      3931,            7,          18,                25,    104464
shared_memory,      3932,            7,          18,                25,    104464
shared_memory,      3933,            7,          18,                25,    104464
shared_memory,      3934,            7,          18,                25,    104464
shared_memory,      3935,            7,          18,                25,    104464
shared_memory,      3936,            7,          18,                25,    104464
shared_memory,      3937,            7,          18,                25,    104464
shared_memory,      3938,            7,          18,                25,    104464
shared_memory,      3939,            7,          18,                25,    104464
shared_memory,      3940,            7,          18,                25,    104464
shared_memory,      3941,            7,          18,                25,    104464
shared_memory,      3942,            7,          18,                25,    104464
shared_memory,      3943,            7,          18,                25,    104464
shared_memory,      3944,            7,          18,                25,    104464
shared_memory,      3945,            7,          18,                25,    104464
shared_memory,      3946,            7,          18,                25,    104464
shared_memory,      3947,            7,          18,                25,    104464
shared_memory,      3948,            7,          18,                25,    104464
shared_memory,      3949,            7,          18,                25,    104464
shared_memory,      3950,            7,          18,                25,    104464
shared_memory,      3951,            7,          18,                25,    104464
shared_memory,      3952,            7,          18,                25,    104464
shared_memory,      3953,            7,          18,                25,    104464
shared_memory,      3954,            7,          18,                25,    104464
shared_memory,      3955,            7,          18,                25,    104464
shared_memory,      3956,            7,          18,                25,    104464
shared_memory,      3957,            7,          18,                25,    104464
shared_memory,      3958,            7,          18,                25,    104464
shared_memory,      3959,            7,          18,                25,    104464
shared_memory,      3960,            7,          18,                25,    104464
shared_memory,      3961,            7,          18,                25,    104464
shared_memory,      3962,            7,          18,                25,    104464
shared_memory,      3963,            7,          18,                25,    104464
shared_memory,      3964,            7,          18,                25,    104464
shared_memory,      3965,            7,          18,                25,    104464
shared_memory,      3966,            7,          18,                25,    104464
shared_memory,      3967,            7,          18,                25,    104464
shared_memory,      3968,            7,          18,                25,    104464
shared_memory,      3969,            7,          18,                25,    104464
shared_memory,      3970,            7,          18,                25,    104464
shared_memory,      3971,            7,          18,                25,    104464
shared_memory,      3972,            7,          18,                25,    104464
shared_memory,      3973,            7,          18,                25,    104464
shared_memory,      3974,            7,          18,                25,    104464
shared_memory,      3975,            7,          18,                25,    104464
shared_memory,      3976,            7,          18,                25,    104464
shared_memory,      3977,            7,          18,                25,    104464
shared_memory,      3978,            7,          18,                25,    104464
shared_memory,      3979,            7,          18,                25,    104464
shared_memory,      3980,            7,          18,                25,    104464
shared_memory,      3981,            7,          18,                25,    104464
shared_memory,      3982,            7,          18,                25,    104464
shared_memory,      3983,            7,          18,                25,    104464
shared_memory,      3984,            7,          18,                25,    104464
shared_memory,      3985,            7,          18,                25,    104464
shared_memory,      3986,            7,          18,                25,    104464
shared_memory,      3987,            7,          18,                25,    104464
shared_memory,      3988,            7,          18,                25,    104464
shared_memory,      3989,            7,          18,                25,    104464
shared_memory,      3990,            7,          18,                25,    104464
shared_memory,      3991,            7,          18,                25,    104464
shared_memory,      3992,            7,          18,                25,    104464
shared_memory,      3993,            7,          18,                25,    104464
shared_memory,      3994,            7,          18,                25,    104464
shared_memory,      3995,            7,          18,                25,    104464
shared_memory,      3996,            7,          18,                25,    104464
shared_memory,      3997,            7,          18,                25,    104464
shared_memory,      3998,            7,          18,                25,    104464
shared_memory,      3999,            7,          18,                25,    104464
shared_memory,      4000,            7,          18,                25,    104464
shared_memory,      4001,            7,          18,                25,    104464
shared_memory,      4002,            7,          18,                25,    104464
shared_memory,      4003,            7,          18,                25,    104464
shared_memory,      4004,            7,          18,                25,    104464
shared_memory,      4005,            7,          18,                25,    104464
shared_memory,      4006,            7,          18,                25,    104464
shared_memory,      4007,            7,          18,                25,    104464
shared_memory,      4008,            7,          18,                25,    104464
shared_memory,      4009,            7,          18,                25,    104464
shared_memory,      4010,            7,          18,                25,    104464
shared_memory,      4011,            7,          18,                25,    104464
shared_memory,      4012,            7,          18,                25,    104464
shared_memory,      4013,            7,          18,                25,    104464
shared_memory,      4014,            7,          18,                25,    104464
shared_memory,      4015,            7,          18,                25,    104464
shared_memory,      4016,            7,          18,                25,    104464
shared_memory,      4017,            7,          18,                25,    104464
shared_memory,      4018,            7,          18,                25,    104464
shared_memory,      4019,            7,          18,                25,    104464
shared_memory,      4020,            7,          18,                25,    104464
shared_memory,      4021,            7,          18,                25,    104464
shared_memory,      4022,            7,          18,                25,    104464
shared_memory,      4023,            7,          18,                25,    104464
shared_memory,      4024,            7,          18,                25,    104464
shared_memory,      4025,            7,          18,                25,    104464
shared_memory,      4026,            7,          18,                25,    104464
shared_memory,      4027,            7,          18,                25,    104464
shared_memory,      4028,            7,          18,                25,    104464
shared_memory,      4029,            7,          18,                25,    104464
shared_memory,      4030,            7,          18,                25,    104464
shared_memory,      4031,            7,          18,                25,    104464
shared_memory,      4032,            7,          18,                25,    104464
shared_memory,      4033,            7,          18,                25,    104464
shared_memory,      4034,            7,          18,                25,    104464
shared_memory,      4035,            7,          18,                25,    104464
shared_memory,      4036,            7,          18,                25,    104464
shared_memory,      4037,            7,          18,                25,    104464
shared_memory,      4038,            7,          18,                25,    104464
shared_memory,      4039,            7,          18,                25,    104464
shared_memory,      4040,            7,          18,                25,    104464
shared_memory,      4041,            7,          18,                25,    104464
shared_memory,      4042,            7,          18,                25,    104464
shared_memory,      4043,            7,          18,                25,    104464
shared_memory,      4044,            7,          18,                25,    104464
shared_memory,      4045,            7,          18,                25,    104464
shared_memory,      4046,            7,          18,                25,    104464
shared_memory,      4047,            7,          18,                25,    104464
shared_memory,      4048,            7,          18,                25,    104464
shared_memory,      4049,            7,          18,                25,    104464
shared_memory,      4050,            7,          18,                25,    104464
shared_memory,      4051,            7,          18,                25,    104464
shared_memory,      4052,            7,          18,                25,    104464
shared_memory,      4053,            7,          18,                25,    104464
shared_memory,      4054,            7,          18,                25,    104464
shared_memory,      4055,            7,          18,                25,    104464
shared_memory,      4056,            7,          18,                25,    104464
shared_memory,      4057,            7,          18,                25,    104464
shared_memory,      4058,            7,          18,                25,    104464
shared_memory,      4059,            7,          18,                25,    104464
shared_memory,      4060,            7,          18,                25,    104464
shared_memory,      4061,            7,          18,                25,    104464
shared_memory,      4062,            7,          18,                25,    104464
shared_memory,      4063,            7,          18,                25,    104464
shared_memory,      4064,            7,          18,                25,    104464
shared_memory,      4065,            7,          18,                25,    104464
shared_memory,      4066,            7,          18,                25,    104464
shared_memory,      4067,            7,          18,                25,    104464
shared_memory,      4068,            7,          18,                25,    104464
shared_memory,      4069,            7,          18,                25,    104464
shared_memory,      4070,            7,          18,                25,    104464
shared_memory,      4071,            7,          18,                25,    104464
shared_memory,      4072,            7,          18,                25,    104464
shared_memory,      4073,            7,          18,                25,    104464
shared_memory,      4074,            7,          18,                25,    104464
shared_memory,      4075,            7,          18,                25,    104464
shared_memory,      4076,            7,          18,                25,    104464
shared_memory,      4077,            7,          18,                25,    104464
shared_memory,      4078,            7,          18,                25,    104464
shared_memory,      4079,            7,          18,                25,    104464
shared_memory,      4080,            7,          18,                25,    104464
shared_memory,      4081,            7,          18,                25,    104464
shared_memory,      4082,            7,          18,                25,    104464
shared_memory,      4083,            7,          18,                25,    104464
shared_memory,      4084,            7,          18,                25,    104464
shared_memory,      4085,            7,          18,                25,    104464
shared_memory,      4086,            7,          18,                25,    104464
shared_memory,      4087,            7,          18,                25,    104464
shared_memory,      4088,            7,          18,                25,    104464
shared_memory,      4089,            7,          18,                25,    104464
shared_memory,      4090,            7,          18,                25,    104464
shared_memory,      4091,            7,          18,                25,    104464
shared_memory,      4092,            7,          18,                25,    104464
shared_memory,      4093,            7,          18,                25,    104464
shared_memory,      4094,            7,          18,                25,    104464
shared_memory,      4095,            7,          18,                25,    104464
shared_memory,      4096,            7,          18,                25,    104464
shared_memory,      4097,            7,          18,                25,    104464
shared_memory,      4098,            7,          18,                25,    104464
shared_memory,      4099,            7,          18,                25,    104464
shared_memory,      4100,            7,          18,                25,    104464
shared_memory,      4101,            7,          18,                25,    104464
shared_memory,      4102,            7,          18,                25,    104464
shared_memory,      4103,            7,          18,                25,    104464
shared_memory,      4104,            7,          18,                25,    104464
shared_memory,      4105,            7,          18,                25,    104464
shared_memory,      4106,            7,          18,                25,    104464
shared_memory,      4107,            7,          18,                25,    104464
shared_memory,      4108,            7,          18,                25,    104464
shared_memory,      4109,            7,          18,                25,    104464
shared_memory,      4110,            7,          18,                25,    104464
shared_memory,      4111,            7,          18,                25,    104464
shared_memory,      4112,            7,          18,                25,    104464
shared_memory,      4113,            7,          18,                25,    104464
shared_memory,      4114,            7,          18,                25,    104464
shared_memory,      4115,            7,          18,                25,    104464
shared_memory,      4116,            7,          18,                25,    104464
shared_memory,      4117,            7,          18,                25,    104464
shared_memory,      4118,            7,          18,                25,    104464
shared_memory,      4119,            7,          18,                25,    104464
shared_memory,      4120,            7,          18,                25,    104464
shared_memory,      4121,            7,          18,                25,    104464
shared_memory,      4122,            7,          18,                25,    104464
shared_memory,      4123,            7,          18,                25,    104464
shared_memory,      4124,            7,          18,                25,    104464
shared_memory,      4125,            7,          18,                25,    104464
shared_memory,      4126,            7,          18,                25,    104464
shared_memory,      4127,            7,          18,                25,    104464
shared_memory,      4128,            7,          18,                25,    104464
shared_memory,      4129,            7,          18,                25,    104464
shared_memory,      4130,            7,          18,                25,    104464
shared_memory,      4131,            7,          18,                25,    104464
shared_memory,      4132,            7,          18,                25,    104464
shared_memory,      4133,            7,          18,                25,    104464
shared_memory,      4134,            7,          18,                25,    104464
shared_memory,      4135,            7,          18,                25,    104464
shared_memory,      4136,            7,          18,                25,    104464
shared_memory,      4137,            7,          18,                25,    104464
shared_memory,      4138,            7,          18,                25,    104464
shared_memory,      4139,            7,          18,                25,    104464
shared_memory,      4140,            7,          18,                25,    104464
shared_memory,      4141,            7,          18,                25,    104464
shared_memory,      4142,            7,          18,                25,    104464
shared_memory,      4143,            7,          18,                25,    104464
shared_memory,      4144,            7,          18,                25,    104464
shared_memory,      4145,            7,          18,                25,    104464
shared_memory,      4146,            7,          18,                25,    104464
shared_memory,      4147,            7,          18,                25,    104464
shared_memory,      4148,            7,          18,                25,    104464
shared_memory,      4149,            7,          18,                25,    104464
shared_memory,      4150,            7,          18,                25,    104464
shared_memory,      4151,            7,          18,                25,    104464
shared_memory,      4152,            7,          18,                25,    104464
shared_memory,      4153,            7,          18,                25,    104464
shared_memory,      4154,            7,          18,                25,    104464
shared_memory,      4155,            7,          18,                25,    104464
shared_memory,      4156,            7,          18,                25,    104464
shared_memory,      4157,            7,          18,                25,    104464
shared_memory,      4158,            7,          18,                25,    104464
shared_memory,      4159,            7,          18,                25,    104464
shared_memory,      4160,            7,          18,                25,    104464
shared_memory,      4161,            7,          18,                25,    104464
shared_memory,      4162,            7,          18,                25,    104464
shared_memory,      4163,            7,          18,                25,    104464
shared_memory,      4164,            7,          18,                25,    104464
shared_memory,      4165,            7,          18,                25,    104464
shared_memory,      4166,            7,          18,                25,    104464
shared_memory,      4167,            7,          18,                25,    104464
shared_memory,      4168,            7,          18,                25,    104464
shared_memory,      4169,            7,          18,                25,    104464
shared_memory,      4170,            7,          18,                25,    104464
shared_memory,      4171,            7,          18,                25,    104464
shared_memory,      4172,            7,          18,                25,    104464
shared_memory,      4173,            7,          18,                25,    104464
shared_memory,      4174,            7,          18,                25,    104464
shared_memory,      4175,            7,          18,                25,    104464
shared_memory,      4176,            7,          18,                25,    104464
shared_memory,      4177,            7,          18,                25,    104464
shared_memory,      4178,            7,          18,                25,    104464
shared_memory,      4179,            7,          18,                25,    104464
shared_memory,      4180,            7,          18,                25,    104464
shared_memory,      4181,            7,          18,                25,    104464
shared_memory,      4182,            7,          18,                25,    104464
shared_memory,      4183,            7,          18,                25,    104464
shared_memory,      4184,            7,          18,                25,    104464
shared_memory,      4185,            7,          18,                25,    104464
shared_memory,      4186,            7,          18,                25,    104464
shared_memory,      4187,            7,          18,                25,    104464
shared_memory,      4188,            7,          18,                25,    104464
shared_memory,      4189,            7,          18,                25,    104464
shared_memory,      4190,            7,          18,                25,    104464
shared_memory,      4191,            7,          18,                25,    104464
shared_memory,      4192,            7,          18,                25,    104464
shared_memory,      4193,            7,          18,                25,    104464
shared_memory,      4194,            7,          18,                25,    104464
shared_memory,      4195,            7,          18,                25,    104464
shared_memory,      4196,            7,          18,                25,    104464
shared_memory,      4197,            7,          18,                25,    104464
shared_memory,      4198,            7,          18,                25,    104464
shared_memory,      4199,            7,          18,                25,    104464
shared_memory,      4200,            7,          18,                25,    104464
shared_memory,      4201,            7,          18,                25,    104464
shared_memory,      4202,            7,          18,                25,    104464
shared_memory,      4203,            7,          18,                25,    104464
shared_memory,      4204,            7,          18,                25,    104464
shared_memory,      4205,            7,          18,                25,    104464
shared_memory,      4206,            7,          18,                25,    104464
shared_memory,      4207,            7,          18,                25,    104464
shared_memory,      4208,            7,          18,                25,    104464
shared_memory,      4209,            7,          18,                25,    104464
shared_memory,      4210,            7,          18,                25,    104464
shared_memory,      4211,            7,          18,                25,    104464
shared_memory,      4212,            7,          18,                25,    104464
shared_memory,      4213,            7,          18,                25,    104464
shared_memory,      4214,            7,          18,                25,    104464
shared_memory,      4215,            7,          18,                25,    104464
shared_memory,      4216,            7,          18,                25,    104464
shared_memory,      4217,            7,          18,                25,    104464
shared_memory,      4218,            7,          18,                25,    104464
shared_memory,      4219,            7,          18,                25,    104464
shared_memory,      4220,            7,          18,                25,    104464
shared_memory,      4221,            7,          18,                25,    104464
shared_memory,      4222,            7,          18,                25,    104464
shared_memory,      4223,            7,          18,                25,    104464
shared_memory,      4224,            7,          18,                25,    104464
shared_memory,      4225,            7,          18,                25,    104464
shared_memory,      4226,            7,          18,                25,    104464
shared_memory,      4227,            7,          18,                25,    104464
shared_memory,      4228,            7,          18,                25,    104464
shared_memory,      4229,            7,          18,                25,    104464
shared_memory,      4230,            7,          18,                25,    104464
shared_memory,      4231,            7,          18,                25,    104464
shared_memory,      4232,            7,          18,                25,    104464
shared_memory,      4233,            7,          18,                25,    104464
shared_memory,      4234,            7,          18,                25,    104464
shared_memory,      4235,            7,          18,                25,    104464
shared_memory,      4236,            7,          18,                25,    104464
shared_memory,      4237,            7,          18,                25,    104464
shared_memory,      4238,            7,          18,                25,    104464
shared_memory,      4239,            7,          18,                25,    104464
shared_memory,      4240,            7,          18,                25,    104464
shared_memory,      4241,            7,          18,                25,    104464
shared_memory,      4242,            7,          18,                25,    104464
shared_memory,      4243,            7,          18,                25,    104464
shared_memory,      4244,            7,          18,                25,    104464
shared_memory,      4245,            7,          18,                25,    104464
shared_memory,      4246,            7,          18,                25,    104464
shared_memory,      4247,            7,          18,                25,    104464
shared_memory,      4248,            7,          18,                25,    104464
shared_memory,      4249,            7,          18,                25,    104464
shared_memory,      4250,            7,          18,                25,    104464
shared_memory,      4251,            7,          18,                25,    104464
shared_memory,      4252,            7,          18,                25,    104464
shared_memory,      4253,            7,          18,                25,    104464
shared_memory,      4254,            7,          18,                25,    104464
shared_memory,      4255,            7,          18,                25,    104464
shared_memory,      4256,            7,          18,                25,    104464
shared_memory,      4257,            7,          18,                25,    104464
shared_memory,      4258,            7,          18,                25,    104464
shared_memory,      4259,            7,          18,                25,    104464
shared_memory,      4260,            7,          18,                25,    104464
shared_memory,      4261,            7,          18,                25,    104464
shared_memory,      4262,            7,          18,                25,    104464
shared_memory,      4263,            7,          18,                25,    104464
shared_memory,      4264,            7,          18,                25,    104464
shared_memory,      4265,            7,          18,                25,    104464
shared_memory,      4266,            7,          18,                25,    104464
shared_memory,      4267,            7,          18,                25,    104464
shared_memory,      4268,            7,          18,                25,    104464
shared_memory,      4269,            7,          18,                25,    104464
shared_memory,      4270,            7,          18,                25,    104464
shared_memory,      4271,            7,          18,                25,    104464
shared_memory,      4272,            7,          18,                25,    104464
shared_memory,      4273,            7,          18,                25,    104464
shared_memory,      4274,            7,          18,                25,    104464
shared_memory,      4275,            7,          18,                25,    104464
shared_memory,      4276,            7,          18,                25,    104464
shared_memory,      4277,            7,          18,                25,    104464
shared_memory,      4278,            7,          18,                25,    104464
shared_memory,      4279,            7,          18,                25,    104464
shared_memory,      4280,            7,          18,                25,    104464
shared_memory,      4281,            7,          18,                25,    104464
shared_memory,      4282,            7,          18,                25,    104464
shared_memory,      4283,            7,          18,                25,    104464
shared_memory,      4284,            7,          18,                25,    104464
shared_memory,      4285,            7,          18,                25,    104464
shared_memory,      4286,            7,          18,                25,    104464
shared_memory,      4287,            7,          18,                25,    104464
shared_memory,      4288,            7,          18,                25,    104464
shared_memory,      4289,            7,          18,                25,    104464
shared_memory,      4290,            7,          18,                25,    104464
shared_memory,      4291,            7,          18,                25,    104464
shared_memory,      4292,            7,          18,                25,    104464
shared_memory,      4293,            7,          18,                25,    104464
shared_memory,      4294,            7,          18,                25,    104464
shared_memory,      4295,            7,          18,                25,    104464
shared_memory,      4296,            7,          18,                25,    104464
shared_memory,      4297,            7,          18,                25,    104464
shared_memory,      4298,            7,          18,                25,    104464
shared_memory,      4299,            7,          18,                25,    104464
shared_memory,      4300,            7,          18,                25,    104464
shared_memory,      4301,            7,          18,                25,    104464
shared_memory,      4302,            7,          18,                25,    104464
shared_memory,      4303,            7,          18,                25,    104464
shared_memory,      4304,            7,          18,                25,    104464
shared_memory,      4305,            7,          18,                25,    104464
shared_memory,      4306,            7,          18,                25,    104464
shared_memory,      4307,            7,          18,                25,    104464
shared_memory,      4308,            7,          18,                25,    104464
shared_memory,      4309,            7,          18,                25,    104464
shared_memory,      4310,            7,          18,                25,    104464
shared_memory,      4311,            7,          18,                25,    104464
shared_memory,      4312,            7,          18,                25,    104464
shared_memory,      4313,            7,          18,                25,    104464
shared_memory,      4314,            7,          18,                25,    104464
shared_memory,      4315,            7,          18,                25,    104464
shared_memory,      4316,            7,          18,                25,    104464
shared_memory,      4317,            7,          18,                25,    104464
shared_memory,      4318,            7,          18,                25,    104464
shared_memory,      4319,            7,          18,                25,    104464
shared_memory,      4320,            7,          18,                25,    104464
shared_memory,      4321,            7,          18,                25,    104464
shared_memory,      4322,            7,          18,                25,    104464
shared_memory,      4323,            7,          18,                25,    104464
shared_memory,      4324,            7,          18,                25,    104464
shared_memory,      4325,            7,          18,                25,    104464
shared_memory,      4326,            7,          18,                25,    104464
shared_memory,      4327,            7,          18,                25,    104464
shared_memory,      4328,            7,          18,                25,    104464
shared_memory,      4329,            7,          18,                25,    104464
shared_memory,      4330,            7,          18,                25,    104464
shared_memory,      4331,            7,          18,                25,    104464
shared_memory,      4332,            7,          18,                25,    104464
shared_memory,      4333,            7,          18,                25,    104464
shared_memory,      4334,            7,          18,                25,    104464
shared_memory,      4335,            7,          18,                25,    104464
shared_memory,      4336,            7,          18,                25,    104464
shared_memory,      4337,            7,          18,                25,    104464
shared_memory,      4338,            7,          18,                25,    104464
shared_memory,      4339,            7,          18,                25,    104464
shared_memory,      4340,            7,          18,                25,    104464
shared_memory,      4341,            7,          18,                25,    104464
shared_memory,      4342,            7,          18,                25,    104464
shared_memory,      4343,            7,          18,                25,    104464
shared_memory,      4344,            7,          18,                25,    104464
shared_memory,      4345,            7,          18,                25,    104464
shared_memory,      4346,            7,          18,                25,    104464
shared_memory,      4347,            7,          18,                25,    104464
shared_memory,      4348,            7,          18,                25,    104464
shared_memory,      4349,            7,          18,                25,    104464
shared_memory,      4350,            7,          18,                25,    104464
shared_memory,      4351,            7,          18,                25,    104464
shared_memory,      4352,            7,          18,                25,    104464
shared_memory,      4353,            7,          18,                25,    104464
shared_memory,      4354,            7,          18,                25,    104464
shared_memory,      4355,            7,          18,                25,    104464
shared_memory,      4356,            7,          18,                25,    104464
shared_memory,      4357,            7,          18,                25,    104464
shared_memory,      4358,            7,          18,                25,    104464
shared_memory,      4359,            7,          18,                25,    104464
shared_memory,      4360,            7,          18,                25,    104464
shared_memory,      4361,            7,          18,                25,    104464
shared_memory,      4362,            7,          18,                25,    104464
shared_memory,      4363,            7,          18,                25,    104464
shared_memory,      4364,            7,          18,                25,    104464
shared_memory,      4365,            7,          18,                25,    104464
shared_memory,      4366,            7,          18,                25,    104464
shared_memory,      4367,            7,          18,                25,    104464
shared_memory,      4368,            7,          18,                25,    104464
shared_memory,      4369,            7,          18,                25,    104464
shared_memory,      4370,            7,          18,                25,    104464
shared_memory,      4371,            7,          18,                25,    104464
shared_memory,      4372,            7,          18,                25,    104464
shared_memory,      4373,            7,          18,                25,    104464
shared_memory,      4374,            7,          18,                25,    104464
shared_memory,      4375,            7,          18,                25,    104464
shared_memory,      4376,            7,          18,                25,    104464
shared_memory,      4377,            7,          18,                25,    104464
shared_memory,      4378,            7,          18,                25,    104464
shared_memory,      4379,            7,          18,                25,    104464
shared_memory,      4380,            7,          18,                25,    104464
shared_memory,      4381,            7,          18,                25,    104464
shared_memory,      4382,            7,          18,                25,    104464
shared_memory,      4383,            7,          18,                25,    104464
shared_memory,      4384,            7,          18,                25,    104464
shared_memory,      4385,            7,          18,                25,    104464
shared_memory,      4386,            7,          18,                25,    104464
shared_memory,      4387,            7,          18,                25,    104464
shared_memory,      4388,            7,          18,                25,    104464
shared_memory,      4389,            7,          18,                25,    104464
shared_memory,      4390,            7,          18,                25,    104464
shared_memory,      4391,            7,          18,                25,    104464
shared_memory,      4392,            7,          18,                25,    104464
shared_memory,      4393,            7,          18,                25,    104464
shared_memory,      4394,            7,          18,                25,    104464
shared_memory,      4395,            7,          18,                25,    104464
shared_memory,      4396,            7,          18,                25,    104464
shared_memory,      4397,            7,          18,                25,    104464
shared_memory,      4398,            7,          18,                25,    104464
shared_memory,      4399,            7,          18,                25,    104464
shared_memory,      4400,            7,          18,                25,    104464
shared_memory,      4401,            7,          18,                25,    104464
shared_memory,      4402,            7,          18,                25,    104464
shared_memory,      4403,            7,          18,                25,    104464
shared_memory,      4404,            7,          18,                25,    104464
shared_memory,      4405,            7,          18,                25,    104464
shared_memory,      4406,            7,          18,                25,    104464
shared_memory,      4407,            7,          18,                25,    104464
shared_memory,      4408,            7,          18,                25,    104464
shared_memory,      4409,            7,          18,                25,    104464
shared_memory,      4410,            7,          18,                25,    104464
shared_memory,      4411,            7,          18,                25,    104464
shared_memory,      4412,            7,          18,                25,    104464
shared_memory,      4413,            7,          18,                25,    104464
shared_memory,      4414,            7,          18,                25,    104464
shared_memory,      4415,            7,          18,                25,    104464
shared_memory,      4416,            7,          18,                25,    104464
shared_memory,      4417,            7,          18,                25,    104464
shared_memory,      4418,            7,          18,                25,    104464
shared_memory,      4419,            7,          18,                25,    104464
shared_memory,      4420,            7,          18,                25,    104464
shared_memory,      4421,            7,          18,                25,    104464
shared_memory,      4422,            7,          18,                25,    104464
shared_memory,      4423,            7,          18,                25,    104464
shared_memory,      4424,            7,          18,                25,    104464
shared_memory,      4425,            7,          18,                25,    104464
shared_memory,      4426,            7,          18,                25,    104464
shared_memory,      4427,            7,          18,                25,    104464
shared_memory,      4428,            7,          18,                25,    104464
shared_memory,      4429,            7,          18,                25,    104464
shared_memory,      4430,            7,          18,                25,    104464
shared_memory,      4431,            7,          18,                25,    104464
shared_memory,      4432,            7,          18,                25,    104464
shared_memory,      4433,            7,          18,                25,    104464
shared_memory,      4434,            7,          18,                25,    104464
shared_memory,      4435,            7,          18,                25,    104464
shared_memory,      4436,            7,          18,                25,    104464
shared_memory,      4437,            7,          18,                25,    104464
shared_memory,      4438,            7,          18,                25,    104464
shared_memory,      4439,            7,          18,                25,    104464
shared_memory,      4440,            7,          18,                25,    104464
shared_memory,      4441,            7,          18,                25,    104464
shared_memory,      4442,            7,          18,                25,    104464
shared_memory,      4443,            7,          18,                25,    104464
shared_memory,      4444,            7,          18,                25,    104464
shared_memory,      4445,            7,          18,                25,    104464
shared_memory,      4446,            7,          18,                25,    104464
shared_memory,      4447,            7,          18,                25,    104464
shared_memory,      4448,            7,          18,                25,    104464
shared_memory,      4449,            7,          18,                25,    104464
shared_memory,      4450,            7,          18,                25,    104464
shared_memory,      4451,            7,          18,                25,    104464
shared_memory,      4452,            7,          18,                25,    104464
shared_memory,      4453,            7,          18,                25,    104464
shared_memory,      4454,            7,          18,                25,    104464
shared_memory,      4455,            7,          18,                25,    104464
shared_memory,      4456,            7,          18,                25,    104464
shared_memory,      4457,            7,          18,                25,    104464
shared_memory,      4458,            7,          18,                25,    104464
shared_memory,      4459,            7,          18,                25,    104464
shared_memory,      4460,            7,          18,                25,    104464
shared_memory,      4461,            7,          18,                25,    104464
shared_memory,      4462,            7,          18,                25,    104464
shared_memory,      4463,            7,          18,                25,    104464
shared_memory,      4464,            7,          18,                25,    104464
shared_memory,      4465,            7,          18,                25,    104464
shared_memory,      4466,            7,          18,                25,    104464
shared_memory,      4467,            7,          18,                25,    104464
shared_memory,      4468,            7,          18,                25,    104464
shared_memory,      4469,            7,          18,                25,    104464
shared_memory,      4470,            7,          18,                25,    104464
shared_memory,      4471,            7,          18,                25,    104464
shared_memory,      4472,            7,          18,                25,    104464
shared_memory,      4473,            7,          18,                25,    104464
shared_memory,      4474,            7,          18,                25,    104464
shared_memory,      4475,            7,          18,                25,    104464
shared_memory,      4476,            7,          18,                25,    104464
shared_memory,      4477,            7,          18,                25,    104464
shared_memory,      4478,            7,          18,                25,    104464
shared_memory,      4479,            7,          18,                25,    104464
shared_memory,      4480,            7,          18,                25,    104464
shared_memory,      4481,            7,          18,                25,    104464
shared_memory,      4482,            7,          18,                25,    104464
shared_memory,      4483,            7,          18,                25,    104464
shared_memory,      4484,            7,          18,                25,    104464
shared_memory,      4485,            7,          18,                25,    104464
shared_memory,      4486,            7,          18,                25,    104464
shared_memory,      4487,            7,          18,                25,    104464
shared_memory,      4488,            7,          18,                25,    104464
shared_memory,      4489,            7,          18,                25,    104464
shared_memory,      4490,            7,          18,                25,    104464
shared_memory,      4491,            7,          18,                25,    104464
shared_memory,      4492,            7,          18,                25,    104464
shared_memory,      4493,            7,          18,                25,    104464
shared_memory,      4494,            7,          18,                25,    104464
shared_memory,      4495,            7,          18,                25,    104464
shared_memory,      4496,            7,          18,                25,    104464
shared_memory,      4497,            7,          18,                25,    104464
shared_memory,      4498,            7,          18,                25,    104464
shared_memory,      4499,            7,          18,                25,    104464
shared_memory,      4500,            7,          18,                25,    104464
shared_memory,      4501,            7,          18,                25,    104464
shared_memory,      4502,            7,          18,                25,    104464
shared_memory,      4503,            7,          18,                25,    104464
shared_memory,      4504,            7,          18,                25,    104464
shared_memory,      4505,            7,          18,                25,    104464
shared_memory,      4506,            7,          18,                25,    104464
shared_memory,      4507,            7,          18,                25,    104464
shared_memory,      4508,            7,          18,                25,    104464
shared_memory,      4509,            7,          18,                25,    104464
shared_memory,      4510,            7,          18,                25,    104464
shared_memory,      4511,            7,          18,                25,    104464
shared_memory,      4512,            7,          18,                25,    104464
shared_memory,      4513,            7,          18,                25,    104464
shared_memory,      4514,            7,          18,                25,    104464
shared_memory,      4515,            7,          18,                25,    104464
shared_memory,      4516,            7,          18,                25,    104464
shared_memory,      4517,            7,          18,                25,    104464
shared_memory,      4518,            7,          18,                25,    104464
shared_memory,      4519,            7,          18,                25,    104464
shared_memory,      4520,            7,          18,                25,    104464
shared_memory,      4521,            7,          18,                25,    104464
shared_memory,      4522,            7,          18,                25,    104464
shared_memory,      4523,            7,          18,                25,    104464
shared_memory,      4524,            7,          18,                25,    104464
shared_memory,      4525,            7,          18,                25,    104464
shared_memory,      4526,            7,          18,                25,    104464
shared_memory,      4527,            7,          18,                25,    104464
shared_memory,      4528,            7,          18,                25,    104464
shared_memory,      4529,            7,          18,                25,    104464
shared_memory,      4530,            7,          18,                25,    104464
shared_memory,      4531,            7,          18,                25,    104464
shared_memory,      4532,            7,          18,                25,    104464
shared_memory,      4533,            7,          18,                25,    104464
shared_memory,      4534,            7,          18,                25,    104464
shared_memory,      4535,            7,          18,                25,    104464
shared_memory,      4536,            7,          18,                25,    104464
shared_memory,      4537,            7,          18,                25,    104464
shared_memory,      4538,            7,          18,                25,    104464
shared_memory,      4539,            7,          18,                25,    104464
shared_memory,      4540,            7,          18,                25,    104464
shared_memory,      4541,            7,          18,                25,    104464
shared_memory,      4542,            7,          18,                25,    104464
shared_memory,      4543,            7,          18,                25,    104464
shared_memory,      4544,            7,          18,                25,    104464
shared_memory,      4545,            7,          18,                25,    104464
shared_memory,      4546,            7,          18,                25,    104464
shared_memory,      4547,            7,          18,                25,    104464
shared_memory,      4548,            7,          18,                25,    104464
shared_memory,      4549,            7,          18,                25,    104464
shared_memory,      4550,            7,          18,                25,    104464
shared_memory,      4551,            7,          18,                25,    104464
shared_memory,      4552,            7,          18,                25,    104464
shared_memory,      4553,            7,          18,                25,    104464
shared_memory,      4554,            7,          18,                25,    104464
shared_memory,      4555,            7,          18,                25,    104464
shared_memory,      4556,            7,          18,                25,    104464
shared_memory,      4557,            7,          18,                25,    104464
shared_memory,      4558,            7,          18,                25,    104464
shared_memory,      4559,            7,          18,                25,    104464
shared_memory,      4560,            7,          18,                25,    104464
shared_memory,      4561,            7,          18,                25,    104464
shared_memory,      4562,            7,          18,                25,    104464
shared_memory,      4563,            7,          18,                25,    104464
shared_memory,      4564,            7,          18,                25,    104464
shared_memory,      4565,            7,          18,                25,    104464
shared_memory,      4566,            7,          18,                25,    104464
shared_memory,      4567,            7,          18,                25,    104464
shared_memory,      4568,            7,          18,                25,    104464
shared_memory,      4569,            7,          18,                25,    104464
shared_memory,      4570,            7,          18,                25,    104464
shared_memory,      4571,            7,          18,                25,    104464
shared_memory,      4572,            7,          18,                25,    104464
shared_memory,      4573,            7,          18,                25,    104464
shared_memory,      4574,            7,          18,                25,    104464
shared_memory,      4575,            7,          18,                25,    104464
shared_memory,      4576,            7,          18,                25,    104464
shared_memory,      4577,            7,          18,                25,    104464
shared_memory,      4578,            7,          18,                25,    104464
shared_memory,      4579,            7,          18,                25,    104464
shared_memory,      4580,            7,          18,                25,    104464
shared_memory,      4581,            7,          18,                25,    104464
shared_memory,      4582,            7,          18,                25,    104464
shared_memory,      4583,            7,          18,                25,    104464
shared_memory,      4584,            7,          18,                25,    104464
shared_memory,      4585,            7,          18,                25,    104464
shared_memory,      4586,            7,          18,                25,    104464
shared_memory,      4587,            7,          18,                25,    104464
shared_memory,      4588,            7,          18,                25,    104464
shared_memory,      4589,            7,          18,                25,    104464
shared_memory,      4590,            7,          18,                25,    104464
shared_memory,      4591,            7,          18,                25,    104464
shared_memory,      4592,            7,          18,                25,    104464
shared_memory,      4593,            7,          18,                25,    104464
shared_memory,      4594,            7,          18,                25,    104464
shared_memory,      4595,            7,          18,                25,    104464
shared_memory,      4596,            7,          18,                25,    104464
shared_memory,      4597,            7,          18,                25,    104464
shared_memory,      4598,            7,          18,                25,    104464
shared_memory,      4599,            7,          18,                25,    104464
shared_memory,      4600,            7,          18,                25,    104464
shared_memory,      4601,            7,          18,                25,    104464
shared_memory,      4602,            7,          18,                25,    104464
shared_memory,      4603,            7,          18,                25,    104464
shared_memory,      4604,            7,          18,                25,    104464
shared_memory,      4605,            7,          18,                25,    104464
shared_memory,      4606,            7,          18,                25,    104464
shared_memory,      4607,            7,          18,                25,    104464
shared_memory,      4608,            7,          18,                25,    104464
shared_memory,      4609,            7,          18,                25,    104464
shared_memory,      4610,            7,          18,                25,    104464
shared_memory,      4611,            7,          18,                25,    104464
shared_memory,      4612,            7,          18,                25,    104464
shared_memory,      4613,            7,          18,                25,    104464
shared_memory,      4614,            7,          18,                25,    104464
shared_memory,      4615,            7,          18,                25,    104464
shared_memory,      4616,            7,          18,                25,    104464
shared_memory,      4617,            7,          18,                25,    104464
shared_memory,      4618,            7,          18,                25,    104464
shared_memory,      4619,            7,          18,                25,    104464
shared_memory,      4620,            7,          18,                25,    104464
shared_memory,      4621,            7,          18,                25,    104464
shared_memory,      4622,            7,          18,                25,    104464
shared_memory,      4623,            7,          18,                25,    104464
shared_memory,      4624,            7,          18,                25,    104464
shared_memory,      4625,            7,          18,                25,    104464
shared_memory,      4626,            7,          18,                25,    104464
shared_memory,      4627,            7,          18,                25,    104464
shared_memory,      4628,            7,          18,                25,    104464
shared_memory,      4629,            7,          18,                25,    104464
shared_memory,      4630,            7,          18,                25,    104464
shared_memory,      4631,            7,          18,                25,    104464
shared_memory,      4632,            7,          18,                25,    104464
shared_memory,      4633,            7,          18,                25,    104464
shared_memory,      4634,            7,          18,                25,    104464
shared_memory,      4635,            7,          18,                25,    104464
shared_memory,      4636,            7,          18,                25,    104464
shared_memory,      4637,            7,          18,                25,    104464
shared_memory,      4638,            7,          18,                25,    104464
shared_memory,      4639,            7,          18,                25,    104464
shared_memory,      4640,            7,          18,                25,    104464
shared_memory,      4641,            7,          18,                25,    104464
shared_memory,      4642,            7,          18,                25,    104464
shared_memory,      4643,            7,          18,                25,    104464
shared_memory,      4644,            7,          18,                25,    104464
shared_memory,      4645,            7,          18,                25,    104464
shared_memory,      4646,            7,          18,                25,    104464
shared_memory,      4647,            7,          18,                25,    104464
shared_memory,      4648,            7,          18,                25,    104464
shared_memory,      4649,            7,          18,                25,    104464
shared_memory,      4650,            7,          18,                25,    104464
shared_memory,      4651,            7,          18,                25,    104464
shared_memory,      4652,            7,          18,                25,    104464
shared_memory,      4653,            7,          18,                25,    104464
shared_memory,      4654,            7,          18,                25,    104464
shared_memory,      4655,            7,          18,                25,    104464
shared_memory,      4656,            7,          18,                25,    104464
shared_memory,      4657,            7,          18,                25,    104464
shared_memory,      4658,            7,          18,                25,    104464
shared_memory,      4659,            7,          18,                25,    104464
shared_memory,      4660,            7,          18,                25,    104464
shared_memory,      4661,            7,          18,                25,    104464
shared_memory,      4662,            7,          18,                25,    104464
shared_memory,      4663,            7,          18,                25,    104464
shared_memory,      4664,            7,          18,                25,    104464
shared_memory,      4665,            7,          18,                25,    104464
shared_memory,      4666,            7,          18,                25,    104464
shared_memory,      4667,            7,          18,                25,    104464
shared_memory,      4668,            7,          18,                25,    104464
shared_memory,      4669,            7,          18,                25,    104464
shared_memory,      4670,            7,          18,                25,    104464
shared_memory,      4671,            7,          18,                25,    104464
shared_memory,      4672,            7,          18,                25,    104464
shared_memory,      4673,            7,          18,                25,    104464
shared_memory,      4674,            7,          18,                25,    104464
shared_memory,      4675,            7,          18,                25,    104464
shared_memory,      4676,            7,          18,                25,    104464
shared_memory,      4677,            7,          18,                25,    104464
shared_memory,      4678,            7,          18,                25,    104464
shared_memory,      4679,            7,          18,                25,    104464
shared_memory,      4680,            7,          18,                25,    104464
shared_memory,      4681,            7,          18,                25,    104464
shared_memory,      4682,            7,          18,                25,    104464
shared_memory,      4683,            7,          18,                25,    104464
shared_memory,      4684,            7,          18,                25,    104464
shared_memory,      4685,            7,          18,                25,    104464
shared_memory,      4686,            7,          18,                25,    104464
shared_memory,      4687,            7,          18,                25,    104464
shared_memory,      4688,            7,          18,                25,    104464
shared_memory,      4689,            7,          18,                25,    104464
shared_memory,      4690,            7,          18,                25,    104464
shared_memory,      4691,            7,          18,                25,    104464
shared_memory,      4692,            7,          18,                25,    104464
shared_memory,      4693,            7,          18,                25,    104464
shared_memory,      4694,            7,          18,                25,    104464
shared_memory,      4695,            7,          18,                25,    104464
shared_memory,      4696,            7,          18,                25,    104464
shared_memory,      4697,            7,          18,                25,    104464
shared_memory,      4698,            7,          18,                25,    104464
shared_memory,      4699,            7,          18,                25,    104464
shared_memory,      4700,            7,          18,                25,    104464
shared_memory,      4701,            7,          18,                25,    104464
shared_memory,      4702,            7,          18,                25,    104464
shared_memory,      4703,            7,          18,                25,    104464
shared_memory,      4704,            7,          18,                25,    104464
shared_memory,      4705,            7,          18,                25,    104464
shared_memory,      4706,            7,          18,                25,    104464
shared_memory,      4707,            7,          18,                25,    104464
shared_memory,      4708,            7,          18,                25,    104464
shared_memory,      4709,            7,          18,                25,    104464
shared_memory,      4710,            7,          18,                25,    104464
shared_memory,      4711,            7,          18,                25,    104464
shared_memory,      4712,            7,          18,                25,    104464
shared_memory,      4713,            7,          18,                25,    104464
shared_memory,      4714,            7,          18,                25,    104464
shared_memory,      4715,            7,          18,                25,    104464
shared_memory,      4716,            7,          18,                25,    104464
shared_memory,      4717,            7,          18,                25,    104464
shared_memory,      4718,            7,          18,                25,    104464
shared_memory,      4719,            7,          18,                25,    104464
shared_memory,      4720,            7,          18,                25,    104464
shared_memory,      4721,            7,          18,                25,    104464
shared_memory,      4722,            7,          18,                25,    104464
shared_memory,      4723,            7,          18,                25,    104464
shared_memory,      4724,            7,          18,                25,    104464
shared_memory,      4725,            7,          18,                25,    104464
shared_memory,      4726,            7,          18,                25,    104464
shared_memory,      4727,            7,          18,                25,    104464
shared_memory,      4728,            7,          18,                25,    104464
shared_memory,      4729,            7,          18,                25,    104464
shared_memory,      4730,            7,          18,                25,    104464
shared_memory,      4731,            7,          18,                25,    104464
shared_memory,      4732,            7,          18,                25,    104464
shared_memory,      4733,            7,          18,                25,    104464
shared_memory,      4734,            7,          18,                25,    104464
shared_memory,      4735,            7,          18,                25,    104464
shared_memory,      4736,            7,          18,                25,    104464
shared_memory,      4737,            7,          18,                25,    104464
shared_memory,      4738,            7,          18,                25,    104464
shared_memory,      4739,            7,          18,                25,    104464
shared_memory,      4740,            7,          18,                25,    104464
shared_memory,      4741,            7,          18,                25,    104464
shared_memory,      4742,            7,          18,                25,    104464
shared_memory,      4743,            7,          18,                25,    104464
shared_memory,      4744,            7,          18,                25,    104464
shared_memory,      4745,            7,          18,                25,    104464
shared_memory,      4746,            7,          18,                25,    104464
shared_memory,      4747,            7,          18,                25,    104464
shared_memory,      4748,            7,          18,                25,    104464
shared_memory,      4749,            7,          18,                25,    104464
shared_memory,      4750,            7,          18,                25,    104464
shared_memory,      4751,            7,          18,                25,    104464
shared_memory,      4752,            7,          18,                25,    104464
shared_memory,      4753,            7,          18,                25,    104464
shared_memory,      4754,            7,          18,                25,    104464
shared_memory,      4755,            7,          18,                25,    104464
shared_memory,      4756,            7,          18,                25,    104464
shared_memory,      4757,            7,          18,                25,    104464
shared_memory,      4758,            7,          18,                25,    104464
shared_memory,      4759,            7,          18,                25,    104464
shared_memory,      4760,            7,          18,                25,    104464
shared_memory,      4761,            7,          18,                25,    104464
shared_memory,      4762,            7,          18,                25,    104464
shared_memory,      4763,            7,          18,                25,    104464
shared_memory,      4764,            7,          18,                25,    104464
shared_memory,      4765,            7,          18,                25,    104464
shared_memory,      4766,            7,          18,                25,    104464
shared_memory,      4767,            7,          18,                25,    104464
shared_memory,      4768,            7,          18,                25,    104464
shared_memory,      4769,            7,          18,                25,    104464
shared_memory,      4770,            7,          18,                25,    104464
shared_memory,      4771,            7,          18,                25,    104464
shared_memory,      4772,            7,          18,                25,    104464
shared_memory,      4773,            7,          18,                25,    104464
shared_memory,      4774,            7,          18,                25,    104464
shared_memory,      4775,            7,          18,                25,    104464
shared_memory,      4776,            7,          18,                25,    104464
shared_memory,      4777,            7,          18,                25,    104464
shared_memory,      4778,            7,          18,                25,    104464
shared_memory,      4779,            7,          18,                25,    104464
shared_memory,      4780,            7,          18,                25,    104464
shared_memory,      4781,            7,          18,                25,    104464
shared_memory,      4782,            7,          18,                25,    104464
shared_memory,      4783,            7,          18,                25,    104464
shared_memory,      4784,            7,          18,                25,    104464
shared_memory,      4785,            7,          18,                25,    104464
shared_memory,      4786,            7,          18,                25,    104464
shared_memory,      4787,            7,          18,                25,    104464
shared_memory,      4788,            7,          18,                25,    104464
shared_memory,      4789,            7,          18,                25,    104464
shared_memory,      4790,            7,          18,                25,    104464
shared_memory,      4791,            7,          18,                25,    104464
shared_memory,      4792,            7,          18,                25,    104464
shared_memory,      4793,            7,          18,                25,    104464
shared_memory,      4794,            7,          18,                25,    104464
shared_memory,      4795,            7,          18,                25,    104464
shared_memory,      4796,            7,          18,                25,    104464
shared_memory,      4797,            7,          18,                25,    104464
shared_memory,      4798,            7,          18,                25,    104464
shared_memory,      4799,            7,          18,                25,    104464
shared_memory,      4800,            7,          18,                25,    104464
shared_memory,      4801,            7,          18,                25,    104464
shared_memory,      4802,            7,          18,                25,    104464
shared_memory,      4803,            7,          18,                25,    104464
shared_memory,      4804,            7,          18,                25,    104464
shared_memory,      4805,            7,          18,                25,    104464
shared_memory,      4806,            7,          18,                25,    104464
shared_memory,      4807,            7,          18,                25,    104464
shared_memory,      4808,            7,          18,                25,    104464
shared_memory,      4809,            7,          18,                25,    104464
shared_memory,      4810,            7,          18,                25,    104464
shared_memory,      4811,            7,          18,                25,    104464
shared_memory,      4812,            7,          18,                25,    104464
shared_memory,      4813,            7,          18,                25,    104464
shared_memory,      4814,            7,          18,                25,    104464
shared_memory,      4815,            7,          18,                25,    104464
shared_memory,      4816,            7,          18,                25,    104464
shared_memory,      4817,            7,          18,                25,    104464
shared_memory,      4818,            7,          18,                25,    104464
shared_memory,      4819,            7,          18,                25,    104464
shared_memory,      4820,            7,          18,                25,    104464
shared_memory,      4821,            7,          18,                25,    104464
shared_memory,      4822,            7,          18,                25,    104464
shared_memory,      4823,            7,          18,                25,    104464
shared_memory,      4824,            7,          18,                25,    104464
shared_memory,      4825,            7,          18,                25,    104464
shared_memory,      4826,            7,          18,                25,    104464
shared_memory,      4827,            7,          18,                25,    104464
shared_memory,      4828,            7,          18,                25,    104464
shared_memory,      4829,            7,          18,                25,    104464
shared_memory,      4830,            7,          18,                25,    104464
shared_memory,      4831,            7,          18,                25,    104464
shared_memory,      4832,            7,          18,                25,    104464
shared_memory,      4833,            7,          18,                25,    104464
shared_memory,      4834,            7,          18,                25,    104464
shared_memory,      4835,            7,          18,                25,    104464
shared_memory,      4836,            7,          18,                25,    104464
shared_memory,      4837,            7,          18,                25,    104464
shared_memory,      4838,            7,          18,                25,    104464
shared_memory,      4839,            7,          18,                25,    104464
shared_memory,      4840,            7,          18,                25,    104464
shared_memory,      4841,            7,          18,                25,    104464
shared_memory,      4842,            7,          18,                25,    104464
shared_memory,      4843,            7,          18,                25,    104464
shared_memory,      4844,            7,          18,                25,    104464
shared_memory,      4845,            7,          18,                25,    104464
shared_memory,      4846,            7,          18,                25,    104464
shared_memory,      4847,            7,          18,                25,    104464
shared_memory,      4848,            7,          18,                25,    104464
shared_memory,      4849,            7,          18,                25,    104464
shared_memory,      4850,            7,          18,                25,    104464
shared_memory,      4851,            7,          18,                25,    104464
shared_memory,      4852,            7,          18,                25,    104464
shared_memory,      4853,            7,          18,                25,    104464
shared_memory,      4854,            7,          18,                25,    104464
shared_memory,      4855,            7,          18,                25,    104464
shared_memory,      4856,            7,          18,                25,    104464
shared_memory,      4857,            7,          18,                25,    104464
shared_memory,      4858,            7,          18,                25,    104464
shared_memory,      4859,            7,          18,                25,    104464
shared_memory,      4860,            7,          18,                25,    104464
shared_memory,      4861,            7,          18,                25,    104464
shared_memory,      4862,            7,          18,                25,    104464
shared_memory,      4863,            7,          18,                25,    104464
shared_memory,      4864,            7,          18,                25,    104464
shared_memory,      4865,            7,          18,                25,    104464
shared_memory,      4866,            7,          18,                25,    104464
shared_memory,      4867,            7,          18,                25,    104464
shared_memory,      4868,            7,          18,                25,    104464
shared_memory,      4869,            7,          18,                25,    104464
shared_memory,      4870,            7,          18,                25,    104464
shared_memory,      4871,            7,          18,                25,    104464
shared_memory,      4872,            7,          18,                25,    104464
shared_memory,      4873,            7,          18,                25,    104464
shared_memory,      4874,            7,          18,                25,    104464
shared_memory,      4875,            7,          18,                25,    104464
shared_memory,      4876,            7,          18,                25,    104464
shared_memory,      4877,            7,          18,                25,    104464
shared_memory,      4878,            7,          18,                25,    104464
shared_memory,      4879,            7,          18,                25,    104464
shared_memory,      4880,            7,          18,                25,    104464
shared_memory,      4881,            7,          18,                25,    104464
shared_memory,      4882,            7,          18,                25,    104464
shared_memory,      4883,            7,          18,                25,    104464
shared_memory,      4884,            7,          18,                25,    104464
shared_memory,      4885,            7,          18,                25,    104464
shared_memory,      4886,            7,          18,                25,    104464
shared_memory,      4887,            7,          18,                25,    104464
shared_memory,      4888,            7,          18,                25,    104464
shared_memory,      4889,            7,          18,                25,    104464
shared_memory,      4890,            7,          18,                25,    104464
shared_memory,      4891,            7,          18,                25,    104464
shared_memory,      4892,            7,          18,                25,    104464
shared_memory,      4893,            7,          18,                25,    104464
shared_memory,      4894,            7,          18,                25,    104464
shared_memory,      4895,            7,          18,                25,    104464
shared_memory,      4896,            7,          18,                25,    104464
shared_memory,      4897,            7,          18,                25,    104464
shared_memory,      4898,            7,          18,                25,    104464
shared_memory,      4899,            7,          18,                25,    104464
shared_memory,      4900,            7,          18,                25,    104464
shared_memory,      4901,            7,          18,                25,    104464
shared_memory,      4902,            7,          18,                25,    104464
shared_memory,      4903,            7,          18,                25,    104464
shared_memory,      4904,            7,          18,                25,    104464
shared_memory,      4905,            7,          18,                25,    104464
shared_memory,      4906,            7,          18,                25,    104464
shared_memory,      4907,            7,          18,                25,    104464
shared_memory,      4908,            7,          18,                25,    104464
shared_memory,      4909,            7,          18,                25,    104464
shared_memory,      4910,            7,          18,                25,    104464
shared_memory,      4911,            7,          18,                25,    104464
shared_memory,      4912,            7,          18,                25,    104464
shared_memory,      4913,            7,          18,                25,    104464
shared_memory,      4914,            7,          18,                25,    104464
shared_memory,      4915,            7,          18,                25,    104464
shared_memory,      4916,            7,          18,                25,    104464
shared_memory,      4917,            7,          18,                25,    104464
shared_memory,      4918,            7,          18,                25,    104464
shared_memory,      4919,            7,          18,                25,    104464
shared_memory,      4920,            7,          18,                25,    104464
shared_memory,      4921,            7,          18,                25,    104464
shared_memory,      4922,            7,          18,                25,    104464
shared_memory,      4923,            7,          18,                25,    104464
shared_memory,      4924,            7,          18,                25,    104464
shared_memory,      4925,            7,          18,                25,    104464
shared_memory,      4926,            7,          18,                25,    104464
shared_memory,      4927,            7,          18,                25,    104464
shared_memory,      4928,            7,          18,                25,    104464
shared_memory,      4929,            7,          18,                25,    104464
shared_memory,      4930,            7,          18,                25,    104464
shared_memory,      4931,            7,          18,                25,    104464
shared_memory,      4932,            7,          18,                25,    104464
shared_memory,      4933,            7,          18,                25,    104464
shared_memory,      4934,            7,          18,                25,    104464
shared_memory,      4935,            7,          18,                25,    104464
shared_memory,      4936,            7,          18,                25,    104464
shared_memory,      4937,            7,          18,                25,    104464
shared_memory,      4938,            7,          18,                25,    104464
shared_memory,      4939,            7,          18,                25,    104464
shared_memory,      4940,            7,          18,                25,    104464
shared_memory,      4941,            7,          18,                25,    104464
shared_memory,      4942,            7,          18,                25,    104464
shared_memory,      4943,            7,          18,                25,    104464
shared_memory,      4944,            7,          18,                25,    104464
shared_memory,      4945,            7,          18,                25,    104464
shared_memory,      4946,            7,          18,                25,    104464
shared_memory,      4947,            7,          18,                25,    104464
shared_memory,      4948,            7,          18,                25,    104464
shared_memory,      4949,            7,          18,                25,    104464
shared_memory,      4950,            7,          18,                25,    104464
shared_memory,      4951,            7,          18,                25,    104464
shared_memory,      4952,            7,          18,                25,    104464
shared_memory,      4953,            7,          18,                25,    104464
shared_memory,      4954,            7,          18,                25,    104464
shared_memory,      4955,            7,          18,                25,    104464
shared_memory,      4956,            7,          18,                25,    104464
shared_memory,      4957,            7,          18,                25,    104464
shared_memory,      4958,            7,          18,                25,    104464
shared_memory,      4959,            7,          18,                25,    104464
shared_memory,      4960,            7,          18,                25,    104464
shared_memory,      4961,            7,          18,                25,    104464
shared_memory,      4962,            7,          18,                25,    104464
shared_memory,      4963,            7,          18,                25,    104464
shared_memory,      4964,            7,          18,                25,    104464
shared_memory,      4965,            7,          18,                25,    104464
shared_memory,      4966,            7,          18,                25,    104464
shared_memory,      4967,            7,          18,                25,    104464
shared_memory,      4968,            7,          18,                25,    104464
shared_memory,      4969,            7,          18,                25,    104464
shared_memory,      4970,            7,          18,                25,    104464
shared_memory,      4971,            7,          18,                25,    104464
shared_memory,      4972,            7,          18,                25,    104464
shared_memory,      4973,            7,          18,                25,    104464
shared_memory,      4974,            7,          18,                25,    104464
shared_memory,      4975,            7,          18,                25,    104464
shared_memory,      4976,            7,          18,                25,    104464
shared_memory,      4977,            7,          18,                25,    104464
shared_memory,      4978,            7,          18,                25,    104464
shared_memory,      4979,            7,          18,                25,    104464
shared_memory,      4980,            7,          18,                25,    104464
shared_memory,      4981,            7,          18,                25,    104464
shared_memory,      4982,            7,          18,                25,    104464
shared_memory,      4983,            7,          18,                25,    104464
shared_memory,      4984,            7,          18,                25,    104464
shared_memory,      4985,            7,          18,                25,    104464
shared_memory,      4986,            7,          18,                25,    104464
shared_memory,      4987,            7,          18,                25,    104464
shared_memory,      4988,            7,          18,                25,    104464
shared_memory,      4989,            7,          18,                25,    104464
shared_memory,      4990,            7,          18,                25,    104464
shared_memory,      4991,            7,          18,                25,    104464
shared_memory,      4992,            7,          18,                25,    104464
shared_memory,      4993,            7,          18,                25,    104464
shared_memory,      4994,            7,          18,                25,    104464
shared_memory,      4995,            7,          18,                25,    104464
shared_memory,      4996,            7,          18,                25,    104464
shared_memory,      4997,            7,          18,                25,    104464
shared_memory,      4998,            7,          18,                25,    104464
shared_memory,      4999,            7,          18,                25,    104464
shared_memory,      5000,            7,          18,                25,    104464
shared_memory,      5001,            7,          18,                25,    104464
shared_memory,      5002,            7,          18,                25,    104464
shared_memory,      5003,            7,          18,                25,    104464
shared_memory,      5004,            7,          18,                25,    104464
shared_memory,      5005,            7,          18,                25,    104464
shared_memory,      5006,            7,          18,                25,    104464
shared_memory,      5007,            7,          18,                25,    104464
shared_memory,      5008,            7,          18,                25,    104464
shared_memory,      5009,            7,          18,                25,    104464
shared_memory,      5010,            7,          18,                25,    104464
shared_memory,      5011,            7,          18,                25,    104464
shared_memory,      5012,            7,          18,                25,    104464
shared_memory,      5013,            7,          18,                25,    104464
shared_memory,      5014,            7,          18,                25,    104464
shared_memory,      5015,            7,          18,                25,    104464
shared_memory,      5016,            7,          18,                25,    104464
shared_memory,      5017,            7,          18,                25,    104464
shared_memory,      5018,            7,          18,                25,    104464
shared_memory,      5019,            7,          18,                25,    104464
shared_memory,      5020,            7,          18,                25,    104464
shared_memory,      5021,            7,          18,                25,    104464
shared_memory,      5022,            7,          18,                25,    104464
shared_memory,      5023,            7,          18,                25,    104464
shared_memory,      5024,            7,          18,                25,    104464
shared_memory,      5025,            7,          18,                25,    104464
shared_memory,      5026,            7,          18,                25,    104464
shared_memory,      5027,            7,          18,                25,    104464
shared_memory,      5028,            7,          18,                25,    104464
shared_memory,      5029,            7,          18,                25,    104464
shared_memory,      5030,            7,          18,                25,    104464
shared_memory,      5031,            7,          18,                25,    104464
shared_memory,      5032,            7,          18,                25,    104464
shared_memory,      5033,            7,          18,                25,    104464
shared_memory,      5034,            7,          18,                25,    104464
shared_memory,      5035,            7,          18,                25,    104464
shared_memory,      5036,            7,          18,                25,    104464
shared_memory,      5037,            7,          18,                25,    104464
shared_memory,      5038,            7,          18,                25,    104464
shared_memory,      5039,            7,          18,                25,    104464
shared_memory,      5040,            7,          18,                25,    104464
shared_memory,      5041,            7,          18,                25,    104464
shared_memory,      5042,            7,          18,                25,    104464
shared_memory,      5043,            7,          18,                25,    104464
shared_memory,      5044,            7,          18,                25,    104464
shared_memory,      5045,            7,          18,                25,    104464
shared_memory,      5046,            7,          18,                25,    104464
shared_memory,      5047,            7,          18,                25,    104464
shared_memory,      5048,            7,          18,                25,    104464
shared_memory,      5049,            7,          18,                25,    104464
shared_memory,      5050,            7,          18,                25,    104464
shared_memory,      5051,            7,          18,                25,    104464
shared_memory,      5052,            7,          18,                25,    104464
shared_memory,      5053,            7,          18,                25,    104464
shared_memory,      5054,            7,          18,                25,    104464
shared_memory,      5055,            7,          18,                25,    104464
shared_memory,      5056,            7,          18,                25,    104464
shared_memory,      5057,            7,          18,                25,    104464
shared_memory,      5058,            7,          18,                25,    104464
shared_memory,      5059,            7,          18,                25,    104464
shared_memory,      5060,            7,          18,                25,    104464
shared_memory,      5061,            7,          18,                25,    104464
shared_memory,      5062,            7,          18,                25,    104464
shared_memory,      5063,            7,          18,                25,    104464
shared_memory,      5064,            7,          18,                25,    104464
shared_memory,      5065,            7,          18,                25,    104464
shared_memory,      5066,            7,          18,                25,    104464
shared_memory,      5067,            7,          18,                25,    104464
shared_memory,      5068,            7,          18,                25,    104464
shared_memory,      5069,            7,          18,                25,    104464
shared_memory,      5070,            7,          18,                25,    104464
shared_memory,      5071,            7,          18,                25,    104464
shared_memory,      5072,            7,          18,                25,    104464
shared_memory,      5073,            7,          18,                25,    104464
shared_memory,      5074,            7,          18,                25,    104464
shared_memory,      5075,            7,          18,                25,    104464
shared_memory,      5076,            7,          18,                25,    104464
shared_memory,      5077,            7,          18,                25,    104464
shared_memory,      5078,            7,          18,                25,    104464
shared_memory,      5079,            7,          18,                25,    104464
shared_memory,      5080,            7,          18,                25,    104464
shared_memory,      5081,            7,          18,                25,    104464
shared_memory,      5082,            7,          18,                25,    104464
shared_memory,      5083,            7,          18,                25,    104464
shared_memory,      5084,            7,          18,                25,    104464
shared_memory,      5085,            7,          18,                25,    104464
shared_memory,      5086,            7,          18,                25,    104464
shared_memory,      5087,            7,          18,                25,    104464
shared_memory,      5088,            7,          18,                25,    104464
shared_memory,      5089,            7,          18,                25,    104464
shared_memory,      5090,            7,          18,                25,    104464
shared_memory,      5091,            7,          18,                25,    104464
shared_memory,      5092,            7,          18,                25,    104464
shared_memory,      5093,            7,          18,                25,    104464
shared_memory,      5094,            7,          18,                25,    104464
shared_memory,      5095,            7,          18,                25,    104464
shared_memory,      5096,            7,          18,                25,    104464
shared_memory,      5097,            7,          18,                25,    104464
shared_memory,      5098,            7,          18,                25,    104464
shared_memory,      5099,            7,          18,                25,    104464
shared_memory,      5100,            7,          18,                25,    104464
shared_memory,      5101,            7,          18,                25,    104464
shared_memory,      5102,            7,          18,                25,    104464
shared_memory,      5103,            7,          18,                25,    104464
shared_memory,      5104,            7,          18,                25,    104464
shared_memory,      5105,            7,          18,                25,    104464
shared_memory,      5106,            7,          18,                25,    104464
shared_memory,      5107,            7,          18,                25,    104464
shared_memory,      5108,            7,          18,                25,    104464
shared_memory,      5109,            7,          18,                25,    104464
shared_memory,      5110,            7,          18,                25,    104464
shared_memory,      5111,            7,          18,                25,    104464
shared_memory,      5112,            7,          18,                25,    104464
shared_memory,      5113,            7,          18,                25,    104464
shared_memory,      5114,            7,          18,                25,    104464
shared_memory,      5115,            7,          18,                25,    104464
shared_memory,      5116,            7,          18,                25,    104464
shared_memory,      5117,            7,          18,                25,    104464
shared_memory,      5118,            7,          18,                25,    104464
shared_memory,      5119,            7,          18,                25,    104464
shared_memory,      5120,            7,          18,                25,    104464
shared_memory,      5121,            7,          18,                25,    104464
shared_memory,      5122,            7,          18,                25,    104464
shared_memory,      5123,            7,          18,                25,    104464
shared_memory,      5124,            7,          18,                25,    104464
shared_memory,      5125,            7,          18,                25,    104464
shared_memory,      5126,            7,          18,                25,    104464
shared_memory,      5127,            7,          18,                25,    104464
shared_memory,      5128,            7,          18,                25,    104464
shared_memory,      5129,            7,          18,                25,    104464
shared_memory,      5130,            7,          18,                25,    104464
shared_memory,      5131,            7,          18,                25,    104464
shared_memory,      5132,            7,          18,                25,    104464
shared_memory,      5133,            7,          18,                25,    104464
shared_memory,      5134,            7,          18,                25,    104464
shared_memory,      5135,            7,          18,                25,    104464
shared_memory,      5136,            7,          18,                25,    104464
shared_memory,      5137,            7,          18,                25,    104464
shared_memory,      5138,            7,          18,                25,    104464
shared_memory,      5139,            7,          18,                25,    104464
shared_memory,      5140,            7,          18,                25,    104464
shared_memory,      5141,            7,          18,                25,    104464
shared_memory,      5142,            7,          18,                25,    104464
shared_memory,      5143,            7,          18,                25,    104464
shared_memory,      5144,            7,          18,                25,    104464
shared_memory,      5145,            7,          18,                25,    104464
shared_memory,      5146,            7,          18,                25,    104464
shared_memory,      5147,            7,          18,                25,    104464
shared_memory,      5148,            7,          18,                25,    104464
shared_memory,      5149,            7,          18,                25,    104464
shared_memory,      5150,            7,          18,                25,    104464
shared_memory,      5151,            7,          18,                25,    104464
shared_memory,      5152,            7,          18,                25,    104464
shared_memory,      5153,            7,          18,                25,    104464
shared_memory,      5154,            7,          18,                25,    104464
shared_memory,      5155,            7,          18,                25,    104464
shared_memory,      5156,            7,          18,                25,    104464
shared_memory,      5157,            7,          18,                25,    104464
shared_memory,      5158,            7,          18,                25,    104464
shared_memory,      5159,            7,          18,                25,    104464
shared_memory,      5160,            7,          18,                25,    104464
shared_memory,      5161,            7,          18,                25,    104464
shared_memory,      5162,            7,          18,                25,    104464
shared_memory,      5163,            7,          18,                25,    104464
shared_memory,      5164,            7,          18,                25,    104464
shared_memory,      5165,            7,          18,                25,    104464
shared_memory,      5166,            7,          18,                25,    104464
shared_memory,      5167,            7,          18,                25,    104464
shared_memory,      5168,            7,          18,                25,    104464
shared_memory,      5169,            7,          18,                25,    104464
shared_memory,      5170,            7,          18,                25,    104464
shared_memory,      5171,            7,          18,                25,    104464
shared_memory,      5172,            7,          18,                25,    104464
shared_memory,      5173,            7,          18,                25,    104464
shared_memory,      5174,            7,          18,                25,    104464
shared_memory,      5175,            7,          18,                25,    104464
shared_memory,      5176,            7,          18,                25,    104464
shared_memory,      5177,            7,          18,                25,    104464
shared_memory,      5178,            7,          18,                25,    104464
shared_memory,      5179,            7,          18,                25,    104464
shared_memory,      5180,            7,          18,                25,    104464
shared_memory,      5181,            7,          18,                25,    104464
shared_memory,      5182,            7,          18,                25,    104464
shared_memory,      5183,            7,          18,                25,    104464
shared_memory,      5184,            7,          18,                25,    104464
shared_memory,      5185,            7,          18,                25,    104464
shared_memory,      5186,            7,          18,                25,    104464
shared_memory,      5187,            7,          18,                25,    104464
shared_memory,      5188,            7,          18,                25,    104464
shared_memory,      5189,            7,          18,                25,    104464
shared_memory,      5190,            7,          18,                25,    104464
shared_memory,      5191,            7,          18,                25,    104464
shared_memory,      5192,            7,          18,                25,    104464
shared_memory,      5193,            7,          18,                25,    104464
shared_memory,      5194,            7,          18,                25,    104464
shared_memory,      5195,            7,          18,                25,    104464
shared_memory,      5196,            7,          18,                25,    104464
shared_memory,      5197,            7,          18,                25,    104464
shared_memory,      5198,            7,          18,                25,    104464
shared_memory,      5199,            7,          18,                25,    104464
shared_memory,      5200,            7,          18,                25,    104464
shared_memory,      5201,            7,          18,                25,    104464
shared_memory,      5202,            7,          18,                25,    104464
shared_memory,      5203,            7,          18,                25,    104464
shared_memory,      5204,            7,          18,                25,    104464
shared_memory,      5205,            7,          18,                25,    104464
shared_memory,      5206,            7,          18,                25,    104464
shared_memory,      5207,            7,          18,                25,    104464
shared_memory,      5208,            7,          18,                25,    104464
shared_memory,      5209,            7,          18,                25,    104464
shared_memory,      5210,            7,          18,                25,    104464
shared_memory,      5211,            7,          18,                25,    104464
shared_memory,      5212,            7,          18,                25,    104464
shared_memory,      5213,            7,          18,                25,    104464
shared_memory,      5214,            7,          18,                25,    104464
shared_memory,      5215,            7,          18,                25,    104464
shared_memory,      5216,            7,          18,                25,    104464
shared_memory,      5217,            7,          18,                25,    104464
shared_memory,      5218,            7,          18,                25,    104464
shared_memory,      5219,            7,          18,                25,    104464
shared_memory,      5220,            7,          18,                25,    104464
shared_memory,      5221,            7,          18,                25,    104464
shared_memory,      5222,            7,          18,                25,    104464
shared_memory,      5223,            7,          18,                25,    104464
shared_memory,      5224,            7,          18,                25,    104464
shared_memory,      5225,            7,          18,                25,    104464
shared_memory,      5226,            7,          18,                25,    104464
shared_memory,      5227,            7,          18,                25,    104464
shared_memory,      5228,            7,          18,                25,    104464
shared_memory,      5229,            7,          18,                25,    104464
shared_memory,      5230,            7,          18,                25,    104464
shared_memory,      5231,            7,          18,                25,    104464
shared_memory,      5232,            7,          18,                25,    104464
shared_memory,      5233,            7,          18,                25,    104464
shared_memory,      5234,            7,          18,                25,    104464
shared_memory,      5235,            7,          18,                25,    104464
shared_memory,      5236,            7,          18,                25,    104464
shared_memory,      5237,            7,          18,                25,    104464
shared_memory,      5238,            7,          18,                25,    104464
shared_memory,      5239,            7,          18,                25,    104464
shared_memory,      5240,            7,          18,                25,    104464
shared_memory,      5241,            7,          18,                25,    104464
shared_memory,      5242,            7,          18,                25,    104464
shared_memory,      5243,            7,          18,                25,    104464
shared_memory,      5244,            7,          18,                25,    104464
shared_memory,      5245,            7,          18,                25,    104464
shared_memory,      5246,            7,          18,                25,    104464
shared_memory,      5247,            7,          18,                25,    104464
shared_memory,      5248,            7,          18,                25,    104464
shared_memory,      5249,            7,          18,                25,    104464
shared_memory,      5250,            7,          18,                25,    104464
shared_memory,      5251,            7,          18,                25,    104464
shared_memory,      5252,            7,          18,                25,    104464
shared_memory,      5253,            7,          18,                25,    104464
shared_memory,      5254,            7,          18,                25,    104464
shared_memory,      5255,            7,          18,                25,    104464
shared_memory,      5256,            7,          18,                25,    104464
shared_memory,      5257,            7,          18,                25,    104464
shared_memory,      5258,            7,          18,                25,    104464
shared_memory,      5259,            7,          18,                25,    104464
shared_memory,      5260,            7,          18,                25,    104464
shared_memory,      5261,            7,          18,                25,    104464
shared_memory,      5262,            7,          18,                25,    104464
shared_memory,      5263,            7,          18,                25,    104464
shared_memory,      5264,            7,          18,                25,    104464
shared_memory,      5265,            7,          18,                25,    104464
shared_memory,      5266,            7,          18,                25,    104464
shared_memory,      5267,            7,          18,                25,    104464
shared_memory,      5268,            7,          18,                25,    104464
shared_memory,      5269,            7,          18,                25,    104464
shared_memory,      5270,            7,          18,                25,    104464
shared_memory,      5271,            7,          18,                25,    104464
shared_memory,      5272,            7,          18,                25,    104464
shared_memory,      5273,            7,          18,                25,    104464
shared_memory,      5274,            7,          18,                25,    104464
shared_memory,      5275,            7,          18,                25,    104464
shared_memory,      5276,            7,          18,                25,    104464
shared_memory,      5277,            7,          18,                25,    104464
shared_memory,      5278,            7,          18,                25,    104464
shared_memory,      5279,            7,          18,                25,    104464
shared_memory,      5280,            7,          18,                25,    104464
shared_memory,      5281,            7,          18,                25,    104464
shared_memory,      5282,            7,          18,                25,    104464
shared_memory,      5283,            7,          18,                25,    104464
shared_memory,      5284,            7,          18,                25,    104464
shared_memory,      5285,            7,          18,                25,    104464
shared_memory,      5286,            7,          18,                25,    104464
shared_memory,      5287,            7,          18,                25,    104464
shared_memory,      5288,            7,          18,                25,    104464
shared_memory,      5289,            7,          18,                25,    104464
shared_memory,      5290,            7,          18,                25,    104464
shared_memory,      5291,            7,          18,                25,    104464
shared_memory,      5292,            7,          18,                25,    104464
shared_memory,      5293,            7,          18,                25,    104464
shared_memory,      5294,            7,          18,                25,    104464
shared_memory,      5295,            7,          18,                25,    104464
shared_memory,      5296,            7,          18,                25,    104464
shared_memory,      5297,            7,          18,                25,    104464
shared_memory,      5298,            7,          18,                25,    104464
shared_memory,      5299,            7,          18,                25,    104464
shared_memory,      5300,            7,          18,                25,    104464
shared_memory,      5301,            7,          18,                25,    104464
shared_memory,      5302,            7,          18,                25,    104464
shared_memory,      5303,            7,          18,                25,    104464
shared_memory,      5304,            7,          18,                25,    104464
shared_memory,      5305,            7,          18,                25,    104464
shared_memory,      5306,            7,          18,                25,    104464
shared_memory,      5307,            7,          18,                25,    104464
shared_memory,      5308,            7,          18,                25,    104464
shared_memory,      5309,            7,          18,                25,    104464
shared_memory,      5310,            7,          18,                25,    104464
shared_memory,      5311,            7,          18,                25,    104464
shared_memory,      5312,            7,          18,                25,    104464
shared_memory,      5313,            7,          18,                25,    104464
shared_memory,      5314,            7,          18,                25,    104464
shared_memory,      5315,            7,          18,                25,    104464
shared_memory,      5316,            7,          18,                25,    104464
shared_memory,      5317,            7,          18,                25,    104464
shared_memory,      5318,            7,          18,                25,    104464
shared_memory,      5319,            7,          18,                25,    104464
shared_memory,      5320,            7,          18,                25,    104464
shared_memory,      5321,            7,          18,                25,    104464
shared_memory,      5322,            7,          18,                25,    104464
shared_memory,      5323,            7,          18,                25,    104464
shared_memory,      5324,            7,          18,                25,    104464
shared_memory,      5325,            7,          18,                25,    104464
shared_memory,      5326,            7,          18,                25,    104464
shared_memory,      5327,            7,          18,                25,    104464
shared_memory,      5328,            7,          18,                25,    104464
shared_memory,      5329,            7,          18,                25,    104464
shared_memory,      5330,            7,          18,                25,    104464
shared_memory,      5331,            7,          18,                25,    104464
shared_memory,      5332,            7,          18,                25,    104464
shared_memory,      5333,            7,          18,                25,    104464
shared_memory,      5334,            7,          18,                25,    104464
shared_memory,      5335,            7,          18,                25,    104464
shared_memory,      5336,            7,          18,                25,    104464
shared_memory,      5337,            7,          18,                25,    104464
shared_memory,      5338,            7,          18,                25,    104464
shared_memory,      5339,            7,          18,                25,    104464
shared_memory,      5340,            7,          18,                25,    104464
shared_memory,      5341,            7,          18,                25,    104464
shared_memory,      5342,            7,          18,                25,    104464
shared_memory,      5343,            7,          18,                25,    104464
shared_memory,      5344,            7,          18,                25,    104464
shared_memory,      5345,            7,          18,                25,    104464
shared_memory,      5346,            7,          18,                25,    104464
shared_memory,      5347,            7,          18,                25,    104464
shared_memory,      5348,            7,          18,                25,    104464
shared_memory,      5349,            7,          18,                25,    104464
shared_memory,      5350,            7,          18,                25,    104464
shared_memory,      5351,            7,          18,                25,    104464
shared_memory,      5352,            7,          18,                25,    104464
shared_memory,      5353,            7,          18,                25,    104464
shared_memory,      5354,            7,          18,                25,    104464
shared_memory,      5355,            7,          18,                25,    104464
shared_memory,      5356,            7,          18,                25,    104464
shared_memory,      5357,            7,          18,                25,    104464
shared_memory,      5358,            7,          18,                25,    104464
shared_memory,      5359,            7,          18,                25,    104464
shared_memory,      5360,            7,          18,                25,    104464
shared_memory,      5361,            7,          18,                25,    104464
shared_memory,      5362,            7,          18,                25,    104464
shared_memory,      5363,            7,          18,                25,    104464
shared_memory,      5364,            7,          18,                25,    104464
shared_memory,      5365,            7,          18,                25,    104464
shared_memory,      5366,            7,          18,                25,    104464
shared_memory,      5367,            7,          18,                25,    104464
shared_memory,      5368,            7,          18,                25,    104464
shared_memory,      5369,            7,          18,                25,    104464
shared_memory,      5370,            7,          18,                25,    104464
shared_memory,      5371,            7,          18,                25,    104464
shared_memory,      5372,            7,          18,                25,    104464
shared_memory,      5373,            7,          18,                25,    104464
shared_memory,      5374,            7,          18,                25,    104464
shared_memory,      5375,            7,          18,                25,    104464
shared_memory,      5376,            7,          18,                25,    104464
shared_memory,      5377,            7,          18,                25,    104464
shared_memory,      5378,            7,          18,                25,    104464
shared_memory,      5379,            7,          18,                25,    104464
shared_memory,      5380,            7,          18,                25,    104464
shared_memory,      5381,            7,          18,                25,    104464
shared_memory,      5382,            7,          18,                25,    104464
shared_memory,      5383,            7,          18,                25,    104464
shared_memory,      5384,            7,          18,                25,    104464
shared_memory,      5385,            7,          18,                25,    104464
shared_memory,      5386,            7,          18,                25,    104464
shared_memory,      5387,            7,          18,                25,    104464
shared_memory,      5388,            7,          18,                25,    104464
shared_memory,      5389,            7,          18,                25,    104464
shared_memory,      5390,            7,          18,                25,    104464
shared_memory,      5391,            7,          18,                25,    104464
shared_memory,      5392,            7,          18,                25,    104464
shared_memory,      5393,            7,          18,                25,    104464
shared_memory,      5394,            7,          18,                25,    104464
shared_memory,      5395,            7,          18,                25,    104464
shared_memory,      5396,            7,          18,                25,    104464
shared_memory,      5397,            7,          18,                25,    104464
shared_memory,      5398,            7,          18,                25,    104464
shared_memory,      5399,            7,          18,                25,    104464
shared_memory,      5400,            7,          18,                25,    104464
shared_memory,      5401,            7,          18,                25,    104464
shared_memory,      5402,            7,          18,                25,    104464
shared_memory,      5403,            7,          18,                25,    104464
shared_memory,      5404,            7,          18,                25,    104464
shared_memory,      5405,            7,          18,                25,    104464
shared_memory,      5406,            7,          18,                25,    104464
shared_memory,      5407,            7,          18,                25,    104464
shared_memory,      5408,            7,          18,                25,    104464
shared_memory,      5409,            7,          18,                25,    104464
shared_memory,      5410,            7,          18,                25,    104464
shared_memory,      5411,            7,          18,                25,    104464
shared_memory,      5412,            7,          18,                25,    104464
shared_memory,      5413,            7,          18,                25,    104464
shared_memory,      5414,            7,          18,                25,    104464
shared_memory,      5415,            7,          18,                25,    104464
shared_memory,      5416,            7,          18,                25,    104464
shared_memory,      5417,            7,          18,                25,    104464
shared_memory,      5418,            7,          18,                25,    104464
shared_memory,      5419,            7,          18,                25,    104464
shared_memory,      5420,            7,          18,                25,    104464
shared_memory,      5421,            7,          18,                25,    104464
shared_memory,      5422,            7,          18,                25,    104464
shared_memory,      5423,            7,          18,                25,    104464
shared_memory,      5424,            7,          18,                25,    104464
shared_memory,      5425,            7,          18,                25,    104464
shared_memory,      5426,            7,          18,                25,    104464
shared_memory,      5427,            7,          18,                25,    104464
shared_memory,      5428,            7,          18,                25,    104464
shared_memory,      5429,            7,          18,                25,    104464
shared_memory,      5430,            7,          18,                25,    104464
shared_memory,      5431,            7,          18,                25,    104464
shared_memory,      5432,            7,          18,                25,    104464
shared_memory,      5433,            7,          18,                25,    104464
shared_memory,      5434,            7,          18,                25,    104464
shared_memory,      5435,            7,          18,                25,    104464
shared_memory,      5436,            7,          18,                25,    104464
shared_memory,      5437,            7,          18,                25,    104464
shared_memory,      5438,            7,          18,                25,    104464
shared_memory,      5439,            7,          18,                25,    104464
shared_memory,      5440,            7,          18,                25,    104464
shared_memory,      5441,            7,          18,                25,    104464
shared_memory,      5442,            7,          18,                25,    104464
shared_memory,      5443,            7,          18,                25,    104464
shared_memory,      5444,            7,          18,                25,    104464
shared_memory,      5445,            7,          18,                25,    104464
shared_memory,      5446,            7,          18,                25,    104464
shared_memory,      5447,            7,          18,                25,    104464
shared_memory,      5448,            7,          18,                25,    104464
shared_memory,      5449,            7,          18,                25,    104464
shared_memory,      5450,            7,          18,                25,    104464
shared_memory,      5451,            7,          18,                25,    104464
shared_memory,      5452,            7,          18,                25,    104464
shared_memory,      5453,            7,          18,                25,    104464
shared_memory,      5454,            7,          18,                25,    104464
shared_memory,      5455,            7,          18,                25,    104464
shared_memory,      5456,            7,          18,                25,    104464
shared_memory,      5457,            7,          18,                25,    104464
shared_memory,      5458,            7,          18,                25,    104464
shared_memory,      5459,            7,          18,                25,    104464
shared_memory,      5460,            7,          18,                25,    104464
shared_memory,      5461,            7,          18,                25,    104464
shared_memory,      5462,            7,          18,                25,    104464
shared_memory,      5463,            7,          18,                25,    104464
shared_memory,      5464,            7,          18,                25,    104464
shared_memory,      5465,            7,          18,                25,    104464
shared_memory,      5466,            7,          18,                25,    104464
shared_memory,      5467,            7,          18,                25,    104464
shared_memory,      5468,            7,          18,                25,    104464
shared_memory,      5469,            7,          18,                25,    104464
shared_memory,      5470,            7,          18,                25,    104464
shared_memory,      5471,            7,          18,                25,    104464
shared_memory,      5472,            7,          18,                25,    104464
shared_memory,      5473,            7,          18,                25,    104464
shared_memory,      5474,            7,          18,                25,    104464
shared_memory,      5475,            7,          18,                25,    104464
shared_memory,      5476,            7,          18,                25,    104464
shared_memory,      5477,            7,          18,                25,    104464
shared_memory,      5478,            7,          18,                25,    104464
shared_memory,      5479,            7,          18,                25,    104464
shared_memory,      5480,            7,          18,                25,    104464
shared_memory,      5481,            7,          18,                25,    104464
shared_memory,      5482,            7,          18,                25,    104464
shared_memory,      5483,            7,          18,                25,    104464
shared_memory,      5484,            7,          18,                25,    104464
shared_memory,      5485,            7,          18,                25,    104464
shared_memory,      5486,            7,          18,                25,    104464
shared_memory,      5487,            7,          18,                25,    104464
shared_memory,      5488,            7,          18,                25,    104464
shared_memory,      5489,            7,          18,                25,    104464
shared_memory,      5490,            7,          18,                25,    104464
shared_memory,      5491,            7,          18,                25,    104464
shared_memory,      5492,            7,          18,                25,    104464
shared_memory,      5493,            7,          18,                25,    104464
shared_memory,      5494,            7,          18,                25,    104464
shared_memory,      5495,            7,          18,                25,    104464
shared_memory,      5496,            7,          18,                25,    104464
shared_memory,      5497,            7,          18,                25,    104464
shared_memory,      5498,            7,          18,                25,    104464
shared_memory,      5499,            7,          18,                25,    104464
shared_memory,      5500,            7,          18,                25,    104464
shared_memory,      5501,            7,          18,                25,    104464
shared_memory,      5502,            7,          18,                25,    104464
shared_memory,      5503,            7,          18,                25,    104464
shared_memory,      5504,            7,          18,                25,    104464
shared_memory,      5505,            7,          18,                25,    104464
shared_memory,      5506,            7,          18,                25,    104464
shared_memory,      5507,            7,          18,                25,    104464
shared_memory,      5508,            7,          18,                25,    104464
shared_memory,      5509,            7,          18,                25,    104464
shared_memory,      5510,            7,          18,                25,    104464
shared_memory,      5511,            7,          18,                25,    104464
shared_memory,      5512,            7,          18,                25,    104464
shared_memory,      5513,            7,          18,                25,    104464
shared_memory,      5514,            7,          18,                25,    104464
shared_memory,      5515,            7,          18,                25,    104464
shared_memory,      5516,            7,          18,                25,    104464
shared_memory,      5517,            7,          18,                25,    104464
shared_memory,      5518,            7,          18,                25,    104464
shared_memory,      5519,            7,          18,                25,    104464
shared_memory,      5520,            7,          18,                25,    104464
shared_memory,      5521,            7,          18,                25,    104464
shared_memory,      5522,            7,          18,                25,    104464
shared_memory,      5523,            7,          18,                25,    104464
shared_memory,      5524,            7,          18,                25,    104464
shared_memory,      5525,            7,          18,                25,    104464
shared_memory,      5526,            7,          18,                25,    104464
shared_memory,      5527,            7,          18,                25,    104464
shared_memory,      5528,            7,          18,                25,    104464
shared_memory,      5529,            7,          18,                25,    104464
shared_memory,      5530,            7,          18,                25,    104464
shared_memory,      5531,            7,          18,                25,    104464
shared_memory,      5532,            7,          18,                25,    104464
shared_memory,      5533,            7,          18,                25,    104464
shared_memory,      5534,            7,          18,                25,    104464
shared_memory,      5535,            7,          18,                25,    104464
shared_memory,      5536,            7,          18,                25,    104464
shared_memory,      5537,            7,          18,                25,    104464
shared_memory,      5538,            7,          18,                25,    104464
shared_memory,      5539,            7,          18,                25,    104464
shared_memory,      5540,            7,          18,                25,    104464
shared_memory,      5541,            7,          18,                25,    104464
shared_memory,      5542,            7,          18,                25,    104464
shared_memory,      5543,            7,          18,                25,    104464
shared_memory,      5544,            7,          18,                25,    104464
shared_memory,      5545,            7,          18,                25,    104464
shared_memory,      5546,            7,          18,                25,    104464
shared_memory,      5547,            7,          18,                25,    104464
shared_memory,      5548,            7,          18,                25,    104464
shared_memory,      5549,            7,          18,                25,    104464
shared_memory,      5550,            7,          18,                25,    104464
shared_memory,      5551,            7,          18,                25,    104464
shared_memory,      5552,            7,          18,                25,    104464
shared_memory,      5553,            7,          18,                25,    104464
shared_memory,      5554,            7,          18,                25,    104464
shared_memory,      5555,            7,          18,                25,    104464
shared_memory,      5556,            7,          18,                25,    104464
shared_memory,      5557,            7,          18,                25,    104464
shared_memory,      5558,            7,          18,                25,    104464
shared_memory,      5559,            7,          18,                25,    104464
shared_memory,      5560,            7,          18,                25,    104464
shared_memory,      5561,            7,          18,                25,    104464
shared_memory,      5562,            7,          18,                25,    104464
shared_memory,      5563,            7,          18,                25,    104464
shared_memory,      5564,            7,          18,                25,    104464
shared_memory,      5565,            7,          18,                25,    104464
shared_memory,      5566,            7,          18,                25,    104464
shared_memory,      5567,            7,          18,                25,    104464
shared_memory,      5568,            7,          18,                25,    104464
shared_memory,      5569,            7,          18,                25,    104464
shared_memory,      5570,            7,          18,                25,    104464
shared_memory,      5571,            7,          18,                25,    104464
shared_memory,      5572,            7,          18,                25,    104464
shared_memory,      5573,            7,          18,                25,    104464
shared_memory,      5574,            7,          18,                25,    104464
shared_memory,      5575,            7,          18,                25,    104464
shared_memory,      5576,            7,          18,                25,    104464
shared_memory,      5577,            7,          18,                25,    104464
shared_memory,      5578,            7,          18,                25,    104464
shared_memory,      5579,            7,          18,                25,    104464
shared_memory,      5580,            7,          18,                25,    104464
shared_memory,      5581,            7,          18,                25,    104464
shared_memory,      5582,            7,          18,                25,    104464
shared_memory,      5583,            7,          18,                25,    104464
shared_memory,      5584,            7,          18,                25,    104464
shared_memory,      5585,            7,          18,                25,    104464
shared_memory,      5586,            7,          18,                25,    104464
shared_memory,      5587,            7,          18,                25,    104464
shared_memory,      5588,            7,          18,                25,    104464
shared_memory,      5589,            7,          18,                25,    104464
shared_memory,      5590,            7,          18,                25,    104464
shared_memory,      5591,            7,          18,                25,    104464
shared_memory,      5592,            7,          18,                25,    104464
shared_memory,      5593,            7,          18,                25,    104464
shared_memory,      5594,            7,          18,                25,    104464
shared_memory,      5595,            7,          18,                25,    104464
shared_memory,      5596,            7,          18,                25,    104464
shared_memory,      5597,            7,          18,                25,    104464
shared_memory,      5598,            7,          18,                25,    104464
shared_memory,      5599,            7,          18,                25,    104464
shared_memory,      5600,            7,          18,                25,    104464
shared_memory,      5601,            7,          18,                25,    104464
shared_memory,      5602,            7,          18,                25,    104464
shared_memory,      5603,            7,          18,                25,    104464
shared_memory,      5604,            7,          18,                25,    104464
shared_memory,      5605,            7,          18,                25,    104464
shared_memory,      5606,            7,          18,                25,    104464
shared_memory,      5607,            7,          18,                25,    104464
shared_memory,      5608,            7,          18,                25,    104464
shared_memory,      5609,            7,          18,                25,    104464
shared_memory,      5610,            7,          18,                25,    104464
shared_memory,      5611,            7,          18,                25,    104464
shared_memory,      5612,            7,          18,                25,    104464
shared_memory,      5613,            7,          18,                25,    104464
shared_memory,      5614,            7,          18,                25,    104464
shared_memory,      5615,            7,          18,                25,    104464
shared_memory,      5616,            7,          18,                25,    104464
shared_memory,      5617,            7,          18,                25,    104464
shared_memory,      5618,            7,          18,                25,    104464
shared_memory,      5619,            7,          18,                25,    104464
shared_memory,      5620,            7,          18,                25,    104464
shared_memory,      5621,            7,          18,                25,    104464
shared_memory,      5622,            7,          18,                25,    104464
shared_memory,      5623,            7,          18,                25,    104464
shared_memory,      5624,            7,          18,                25,    104464
shared_memory,      5625,            7,          18,                25,    104464
shared_memory,      5626,            7,          18,                25,    104464
shared_memory,      5627,            7,          18,                25,    104464
shared_memory,      5628,            7,          18,                25,    104464
shared_memory,      5629,            7,          18,                25,    104464
shared_memory,      5630,            7,          18,                25,    104464
shared_memory,      5631,            7,          18,                25,    104464
shared_memory,      5632,            7,          18,                25,    104464
shared_memory,      5633,            7,          18,                25,    104464
shared_memory,      5634,            7,          18,                25,    104464
shared_memory,      5635,            7,          18,                25,    104464
shared_memory,      5636,            7,          18,                25,    104464
shared_memory,      5637,            7,          18,                25,    104464
shared_memory,      5638,            7,          18,                25,    104464
shared_memory,      5639,            7,          18,                25,    104464
shared_memory,      5640,            7,          18,                25,    104464
shared_memory,      5641,            7,          18,                25,    104464
shared_memory,      5642,            7,          18,                25,    104464
shared_memory,      5643,            7,          18,                25,    104464
shared_memory,      5644,            7,          18,                25,    104464
shared_memory,      5645,            7,          18,                25,    104464
shared_memory,      5646,            7,          18,                25,    104464
shared_memory,      5647,            7,          18,                25,    104464
shared_memory,      5648,            7,          18,                25,    104464
shared_memory,      5649,            7,          18,                25,    104464
shared_memory,      5650,            7,          18,                25,    104464
shared_memory,      5651,            7,          18,                25,    104464
shared_memory,      5652,            7,          18,                25,    104464
shared_memory,      5653,            7,          18,                25,    104464
shared_memory,      5654,            7,          18,                25,    104464
shared_memory,      5655,            7,          18,                25,    104464
shared_memory,      5656,            7,          18,                25,    104464
shared_memory,      5657,            7,          18,                25,    104464
shared_memory,      5658,            7,          18,                25,    104464
shared_memory,      5659,            7,          18,                25,    104464
shared_memory,      5660,            7,          18,                25,    104464
shared_memory,      5661,            7,          18,                25,    104464
shared_memory,      5662,            7,          18,                25,    104464
shared_memory,      5663,            7,          18,                25,    104464
shared_memory,      5664,            7,          18,                25,    104464
shared_memory,      5665,            7,          18,                25,    104464
shared_memory,      5666,            7,          18,                25,    104464
shared_memory,      5667,            7,          18,                25,    104464
shared_memory,      5668,            7,          18,                25,    104464
shared_memory,      5669,            7,          18,                25,    104464
shared_memory,      5670,            7,          18,                25,    104464
shared_memory,      5671,            7,          18,                25,    104464
shared_memory,      5672,            7,          18,                25,    104464
shared_memory,      5673,            7,          18,                25,    104464
shared_memory,      5674,            7,          18,                25,    104464
shared_memory,      5675,            7,          18,                25,    104464
shared_memory,      5676,            7,          18,                25,    104464
shared_memory,      5677,            7,          18,                25,    104464
shared_memory,      5678,            7,          18,                25,    104464
shared_memory,      5679,            7,          18,                25,    104464
shared_memory,      5680,            7,          18,                25,    104464
shared_memory,      5681,            7,          18,                25,    104464
shared_memory,      5682,            7,          18,                25,    104464
shared_memory,      5683,            7,          18,                25,    104464
shared_memory,      5684,            7,          18,                25,    104464
shared_memory,      5685,            7,          18,                25,    104464
shared_memory,      5686,            7,          18,                25,    104464
shared_memory,      5687,            7,          18,                25,    104464
shared_memory,      5688,            7,          18,                25,    104464
shared_memory,      5689,            7,          18,                25,    104464
shared_memory,      5690,            7,          18,                25,    104464
shared_memory,      5691,            7,          18,                25,    104464
shared_memory,      5692,            7,          18,                25,    104464
shared_memory,      5693,            7,          18,                25,    104464
shared_memory,      5694,            7,          18,                25,    104464
shared_memory,      5695,            7,        1238,              1245,    104464
shared_memory,      5696,            7,          18,                25,    104464
shared_memory,      5697,            7,          18,                25,    104464
shared_memory,      5698,            7,          18,                25,    104464
shared_memory,      5699,            7,          18,                25,    104464
shared_memory,      5700,            7,          18,                25,    104464
shared_memory,      5701,            7,          18,                25,    104464
shared_memory,      5702,            7,          18,                25,    104464
shared_memory,      5703,            7,          18,                25,    104464
shared_memory,      5704,            7,          18,                25,    104464
shared_memory,      5705,            7,          18,                25,    104464
shared_memory,      5706,            7,          18,                25,    104464
shared_memory,      5707,            7,          18,                25,    104464
shared_memory,      5708,            7,          18,                25,    104464
shared_memory,      5709,            7,          18,                25,    104464
shared_memory,      5710,            7,          18,                25,    104464
shared_memory,      5711,            7,          18,                25,    104464
shared_memory,      5712,            7,          18,                25,    104464
shared_memory,      5713,            7,          18,                25,    104464
shared_memory,      5714,            7,          18,                25,    104464
shared_memory,      5715,            7,          18,                25,    104464
shared_memory,      5716,            7,          18,                25,    104464
shared_memory,      5717,            7,          18,                25,    104464
shared_memory,      5718,            7,          18,                25,    104464
shared_memory,      5719,            7,          18,                25,    104464
shared_memory,      5720,            7,          18,                25,    104464
shared_memory,      5721,            7,          18,                25,    104464
shared_memory,      5722,            7,          18,                25,    104464
shared_memory,      5723,            7,          18,                25,    104464
shared_memory,      5724,            7,          18,                25,    104464
shared_memory,      5725,            7,          18,                25,    104464
shared_memory,      5726,            7,          18,                25,    104464
shared_memory,      5727,            7,          18,                25,    104464
shared_memory,      5728,            7,          18,                25,    104464
shared_memory,      5729,            7,          18,                25,    104464
shared_memory,      5730,            7,          18,                25,    104464
shared_memory,      5731,            7,          18,                25,    104464
shared_memory,      5732,            7,          18,                25,    104464
shared_memory,      5733,            7,          18,                25,    104464
shared_memory,      5734,            7,          18,                25,    104464
shared_memory,      5735,            7,          18,                25,    104464
shared_memory,      5736,            7,          18,                25,    104464
shared_memory,      5737,            7,          18,                25,    104464
shared_memory,      5738,            7,          18,                25,    104464
shared_memory,      5739,            7,          18,                25,    104464
shared_memory,      5740,            7,          18,                25,    104464
shared_memory,      5741,            7,          18,                25,    104464
shared_memory,      5742,            7,          18,                25,    104464
shared_memory,      5743,            7,          18,                25,    104464
shared_memory,      5744,            7,          18,                25,    104464
shared_memory,      5745,            7,          18,                25,    104464
shared_memory,      5746,            7,          18,                25,    104464
shared_memory,      5747,            7,          18,                25,    104464
shared_memory,      5748,            7,          18,                25,    104464
shared_memory,      5749,            7,          18,                25,    104464
shared_memory,      5750,            7,          18,                25,    104464
shared_memory,      5751,            7,          18,                25,    104464
shared_memory,      5752,            7,          18,                25,    104464
shared_memory,      5753,            7,          18,                25,    104464
shared_memory,      5754,            7,          18,                25,    104464
shared_memory,      5755,            7,          18,                25,    104464
shared_memory,      5756,            7,          18,                25,    104464
shared_memory,      5757,            7,          18,                25,    104464
shared_memory,      5758,            7,          18,                25,    104464
shared_memory,      5759,            7,          18,                25,    104464
shared_memory,      5760,            7,          18,                25,    104464
shared_memory,      5761,            7,          18,                25,    104464
shared_memory,      5762,            7,          18,                25,    104464
shared_memory,      5763,            7,          18,                25,    104464
shared_memory,      5764,            7,          18,                25,    104464
shared_memory,      5765,            7,          18,                25,    104464
shared_memory,      5766,            7,          18,                25,    104464
shared_memory,      5767,            7,          18,                25,    104464
shared_memory,      5768,            7,          18,                25,    104464
shared_memory,      5769,            7,          18,                25,    104464
shared_memory,      5770,            7,          18,                25,    104464
shared_memory,      5771,            7,          18,                25,    104464
shared_memory,      5772,            7,          18,                25,    104464
shared_memory,      5773,            7,          18,                25,    104464
shared_memory,      5774,            7,          18,                25,    104464
shared_memory,      5775,            7,          18,                25,    104464
shared_memory,      5776,            7,          18,                25,    104464
shared_memory,      5777,            7,          18,                25,    104464
shared_memory,      5778,            7,          18,                25,    104464
shared_memory,      5779,            7,          18,                25,    104464
shared_memory,      5780,            7,          18,                25,    104464
shared_memory,      5781,            7,          18,                25,    104464
shared_memory,      5782,            7,          18,                25,    104464
shared_memory,      5783,            7,          18,                25,    104464
shared_memory,      5784,            7,          18,                25,    104464
shared_memory,      5785,            7,          18,                25,    104464
shared_memory,      5786,            7,          18,                25,    104464
shared_memory,      5787,            7,          18,                25,    104464
shared_memory,      5788,            7,          18,                25,    104464
shared_memory,      5789,            7,          18,                25,    104464
shared_memory,      5790,            7,          18,                25,    104464
shared_memory,      5791,            7,          18,                25,    104464
shared_memory,      5792,            7,          18,                25,    104464
shared_memory,      5793,            7,          18,                25,    104464
shared_memory,      5794,            7,          18,                25,    104464
shared_memory,      5795,            7,          18,                25,    104464
shared_memory,      5796,            7,          18,                25,    104464
shared_memory,      5797,            7,          18,                25,    104464
shared_memory,      5798,            7,          18,                25,    104464
shared_memory,      5799,            7,          18,                25,    104464
shared_memory,      5800,            7,          18,                25,    104464
shared_memory,      5801,            7,          18,                25,    104464
shared_memory,      5802,            7,          18,                25,    104464
shared_memory,      5803,            7,          18,                25,    104464
shared_memory,      5804,            7,          18,                25,    104464
shared_memory,      5805,            7,          18,                25,    104464
shared_memory,      5806,            7,          18,                25,    104464
shared_memory,      5807,            7,          18,                25,    104464
shared_memory,      5808,            7,          18,                25,    104464
shared_memory,      5809,            7,          18,                25,    104464
shared_memory,      5810,            7,          18,                25,    104464
shared_memory,      5811,            7,          18,                25,    104464
shared_memory,      5812,            7,          18,                25,    104464
shared_memory,      5813,            7,          18,                25,    104464
shared_memory,      5814,            7,          18,                25,    104464
shared_memory,      5815,            7,          18,                25,    104464
shared_memory,      5816,            7,          18,                25,    104464
shared_memory,      5817,            7,          18,                25,    104464
shared_memory,      5818,            7,          18,                25,    104464
shared_memory,      5819,            7,          18,                25,    104464
shared_memory,      5820,            7,          18,                25,    104464
shared_memory,      5821,            7,          18,                25,    104464
shared_memory,      5822,            7,          18,                25,    104464
shared_memory,      5823,            7,          18,                25,    104464
shared_memory,      5824,            7,          18,                25,    104464
shared_memory,      5825,            7,          18,                25,    104464
shared_memory,      5826,            7,          18,                25,    104464
shared_memory,      5827,            7,          18,                25,    104464
shared_memory,      5828,            7,          18,                25,    104464
shared_memory,      5829,            7,          18,                25,    104464
shared_memory,      5830,            7,          18,                25,    104464
shared_memory,      5831,            7,          18,                25,    104464
shared_memory,      5832,            7,          18,                25,    104464
shared_memory,      5833,            7,          18,                25,    104464
shared_memory,      5834,            7,          18,                25,    104464
shared_memory,      5835,            7,          18,                25,    104464
shared_memory,      5836,            7,          18,                25,    104464
shared_memory,      5837,            7,          18,                25,    104464
shared_memory,      5838,            7,          18,                25,    104464
shared_memory,      5839,            7,          18,                25,    104464
shared_memory,      5840,            7,          18,                25,    104464
shared_memory,      5841,            7,          18,                25,    104464
shared_memory,      5842,            7,          18,                25,    104464
shared_memory,      5843,            7,          18,                25,    104464
shared_memory,      5844,            7,          18,                25,    104464
shared_memory,      5845,            7,          18,                25,    104464
shared_memory,      5846,            7,          18,                25,    104464
shared_memory,      5847,            7,          18,                25,    104464
shared_memory,      5848,            7,          18,                25,    104464
shared_memory,      5849,            7,          18,                25,    104464
shared_memory,      5850,            7,          18,                25,    104464
shared_memory,      5851,            7,          18,                25,    104464
shared_memory,      5852,            7,          18,                25,    104464
shared_memory,      5853,            7,          18,                25,    104464
shared_memory,      5854,            7,          18,                25,    104464
shared_memory,      5855,            7,          18,                25,    104464
shared_memory,      5856,            7,          18,                25,    104464
shared_memory,      5857,            7,          18,                25,    104464
shared_memory,      5858,            7,          18,                25,    104464
shared_memory,      5859,            7,          18,                25,    104464
shared_memory,      5860,            7,          18,                25,    104464
shared_memory,      5861,            7,          18,                25,    104464
shared_memory,      5862,            7,          18,                25,    104464
shared_memory,      5863,            7,          18,                25,    104464
shared_memory,      5864,            7,          18,                25,    104464
shared_memory,      5865,            7,          18,                25,    104464
shared_memory,      5866,            7,          18,                25,    104464
shared_memory,      5867,            7,          18,                25,    104464
shared_memory,      5868,            7,          18,                25,    104464
shared_memory,      5869,            7,          18,                25,    104464
shared_memory,      5870,            7,          18,                25,    104464
shared_memory,      5871,            7,          18,                25,    104464
shared_memory,      5872,            7,          18,                25,    104464
shared_memory,      5873,            7,          18,                25,    104464
shared_memory,      5874,            7,          18,                25,    104464
shared_memory,      5875,            7,          18,                25,    104464
shared_memory,      5876,            7,          18,                25,    104464
shared_memory,      5877,            7,          18,                25,    104464
shared_memory,      5878,            7,          18,                25,    104464
shared_memory,      5879,            7,          18,                25,    104464
shared_memory,      5880,            7,          18,                25,    104464
shared_memory,      5881,            7,          18,                25,    104464
shared_memory,      5882,            7,          18,                25,    104464
shared_memory,      5883,            7,          18,                25,    104464
shared_memory,      5884,            7,          18,                25,    104464
shared_memory,      5885,            7,          18,                25,    104464
shared_memory,      5886,            7,          18,                25,    104464
shared_memory,      5887,            7,          18,                25,    104464
shared_memory,      5888,            7,          18,                25,    104464
shared_memory,      5889,            7,          18,                25,    104464
shared_memory,      5890,            7,          18,                25,    104464
shared_memory,      5891,            7,          18,                25,    104464
shared_memory,      5892,            7,          18,                25,    104464
shared_memory,      5893,            7,          18,                25,    104464
shared_memory,      5894,            7,          18,                25,    104464
shared_memory,      5895,            7,          18,                25,    104464
shared_memory,      5896,            7,          18,                25,    104464
shared_memory,      5897,            7,          18,                25,    104464
shared_memory,      5898,            7,          18,                25,    104464
shared_memory,      5899,            7,          18,                25,    104464
shared_memory,      5900,            7,          18,                25,    104464
shared_memory,      5901,            7,          18,                25,    104464
shared_memory,      5902,            7,          18,                25,    104464
shared_memory,      5903,            7,          18,                25,    104464
shared_memory,      5904,            7,          18,                25,    104464
shared_memory,      5905,            7,          18,                25,    104464
shared_memory,      5906,            7,          18,                25,    104464
shared_memory,      5907,            7,          18,                25,    104464
shared_memory,      5908,            7,          18,                25,    104464
shared_memory,      5909,            7,          18,                25,    104464
shared_memory,      5910,            7,          18,                25,    104464
shared_memory,      5911,            7,          18,                25,    104464
shared_memory,      5912,            7,          18,                25,    104464
shared_memory,      5913,            7,          18,                25,    104464
shared_memory,      5914,            7,          18,                25,    104464
shared_memory,      5915,            7,          18,                25,    104464
shared_memory,      5916,            7,          18,                25,    104464
shared_memory,      5917,            7,          18,                25,    104464
shared_memory,      5918,            7,          18,                25,    104464
shared_memory,      5919,            7,          18,                25,    104464
shared_memory,      5920,            7,          18,                25,    104464
shared_memory,      5921,            7,          18,                25,    104464
shared_memory,      5922,            7,          18,                25,    104464
shared_memory,      5923,            7,          18,                25,    104464
shared_memory,      5924,            7,          18,                25,    104464
shared_memory,      5925,            7,          18,                25,    104464
shared_memory,      5926,            7,          18,                25,    104464
shared_memory,      5927,            7,          18,                25,    104464
shared_memory,      5928,            7,          18,                25,    104464
shared_memory,      5929,            7,          18,                25,    104464
shared_memory,      5930,            7,          18,                25,    104464
shared_memory,      5931,            7,          18,                25,    104464
shared_memory,      5932,            7,          18,                25,    104464
shared_memory,      5933,            7,          18,                25,    104464
shared_memory,      5934,            7,          18,                25,    104464
shared_memory,      5935,            7,          18,                25,    104464
shared_memory,      5936,            7,          18,                25,    104464
shared_memory,      5937,            7,          18,                25,    104464
shared_memory,      5938,            7,          18,                25,    104464
shared_memory,      5939,            7,          18,                25,    104464
shared_memory,      5940,            7,          18,                25,    104464
shared_memory,      5941,            7,          18,                25,    104464
shared_memory,      5942,            7,          18,                25,    104464
shared_memory,      5943,            7,          18,                25,    104464
shared_memory,      5944,            7,          18,                25,    104464
shared_memory,      5945,            7,          18,                25,    104464
shared_memory,      5946,            7,          18,                25,    104464
shared_memory,      5947,            7,          18,                25,    104464
shared_memory,      5948,            7,          18,                25,    104464
shared_memory,      5949,            7,          18,                25,    104464
shared_memory,      5950,            7,          18,                25,    104464
shared_memory,      5951,            7,          18,                25,    104464
shared_memory,      5952,            7,          18,                25,    104464
shared_memory,      5953,            7,          18,                25,    104464
shared_memory,      5954,            7,          18,                25,    104464
shared_memory,      5955,            7,          18,                25,    104464
shared_memory,      5956,            7,          18,                25,    104464
shared_memory,      5957,            7,          18,                25,    104464
shared_memory,      5958,            7,          18,                25,    104464
shared_memory,      5959,            7,          18,                25,    104464
shared_memory,      5960,            7,          18,                25,    104464
shared_memory,      5961,            7,          18,                25,    104464
shared_memory,      5962,            7,          18,                25,    104464
shared_memory,      5963,            7,          18,                25,    104464
shared_memory,      5964,            7,          18,                25,    104464
shared_memory,      5965,            7,          18,                25,    104464
shared_memory,      5966,            7,          18,                25,    104464
shared_memory,      5967,            7,          18,                25,    104464
shared_memory,      5968,            7,          18,                25,    104464
shared_memory,      5969,            7,          18,                25,    104464
shared_memory,      5970,            7,          18,                25,    104464
shared_memory,      5971,            7,          18,                25,    104464
shared_memory,      5972,            7,          18,                25,    104464
shared_memory,      5973,            7,          18,                25,    104464
shared_memory,      5974,            7,          18,                25,    104464
shared_memory,      5975,            7,          18,                25,    104464
shared_memory,      5976,            7,          18,                25,    104464
shared_memory,      5977,            7,          18,                25,    104464
shared_memory,      5978,            7,          18,                25,    104464
shared_memory,      5979,            7,          18,                25,    104464
shared_memory,      5980,            7,          18,                25,    104464
shared_memory,      5981,            7,          18,                25,    104464
shared_memory,      5982,            7,          18,                25,    104464
shared_memory,      5983,            7,          18,                25,    104464
shared_memory,      5984,            7,          18,                25,    104464
shared_memory,      5985,            7,          18,                25,    104464
shared_memory,      5986,            7,          18,                25,    104464
shared_memory,      5987,            7,          18,                25,    104464
shared_memory,      5988,            7,          18,                25,    104464
shared_memory,      5989,            7,          18,                25,    104464
shared_memory,      5990,            7,          18,                25,    104464
shared_memory,      5991,            7,          18,                25,    104464
shared_memory,      5992,            7,          18,                25,    104464
shared_memory,      5993,            7,          18,                25,    104464
shared_memory,      5994,            7,          18,                25,    104464
shared_memory,      5995,            7,          18,                25,    104464
shared_memory,      5996,            7,          18,                25,    104464
shared_memory,      5997,            7,          18,                25,    104464
shared_memory,      5998,            7,          18,                25,    104464
shared_memory,      5999,            7,          18,                25,    104464
shared_memory,      6000,            7,          18,                25,    104464
shared_memory,      6001,            7,          18,                25,    104464
shared_memory,      6002,            7,          18,                25,    104464
shared_memory,      6003,            7,          18,                25,    104464
shared_memory,      6004,            7,          18,                25,    104464
shared_memory,      6005,            7,          18,                25,    104464
shared_memory,      6006,            7,          18,                25,    104464
shared_memory,      6007,            7,          18,                25,    104464
shared_memory,      6008,            7,          18,                25,    104464
shared_memory,      6009,            7,          18,                25,    104464
shared_memory,      6010,            7,          18,                25,    104464
shared_memory,      6011,            7,          18,                25,    104464
shared_memory,      6012,            7,          18,                25,    104464
shared_memory,      6013,            7,          18,                25,    104464
shared_memory,      6014,            7,          18,                25,    104464
shared_memory,      6015,            7,          18,                25,    104464
shared_memory,      6016,            7,          18,                25,    104464
shared_memory,      6017,            7,          18,                25,    104464
shared_memory,      6018,            7,          18,                25,    104464
shared_memory,      6019,            7,          18,                25,    104464
shared_memory,      6020,            7,          18,                25,    104464
shared_memory,      6021,            7,          18,                25,    104464
shared_memory,      6022,            7,          18,                25,    104464
shared_memory,      6023,            7,          18,                25,    104464
shared_memory,      6024,            7,          18,                25,    104464
shared_memory,      6025,            7,          18,                25,    104464
shared_memory,      6026,            7,          18,                25,    104464
shared_memory,      6027,            7,          18,                25,    104464
shared_memory,      6028,            7,          18,                25,    104464
shared_memory,      6029,            7,          18,                25,    104464
shared_memory,      6030,            7,          18,                25,    104464
shared_memory,      6031,            7,          18,                25,    104464
shared_memory,      6032,            7,          18,                25,    104464
shared_memory,      6033,            7,          18,                25,    104464
shared_memory,      6034,            7,          18,                25,    104464
shared_memory,      6035,            7,          18,                25,    104464
shared_memory,      6036,            7,          18,                25,    104464
shared_memory,      6037,            7,          18,                25,    104464
shared_memory,      6038,            7,          18,                25,    104464
shared_memory,      6039,            7,          18,                25,    104464
shared_memory,      6040,            7,          18,                25,    104464
shared_memory,      6041,            7,          18,                25,    104464
shared_memory,      6042,            7,          18,                25,    104464
shared_memory,      6043,            7,          18,                25,    104464
shared_memory,      6044,            7,          18,                25,    104464
shared_memory,      6045,            7,          18,                25,    104464
shared_memory,      6046,            7,          18,                25,    104464
shared_memory,      6047,            7,          18,                25,    104464
shared_memory,      6048,            7,          18,                25,    104464
shared_memory,      6049,            7,          18,                25,    104464
shared_memory,      6050,            7,          18,                25,    104464
shared_memory,      6051,            7,          18,                25,    104464
shared_memory,      6052,            7,          18,                25,    104464
shared_memory,      6053,            7,          18,                25,    104464
shared_memory,      6054,            7,          18,                25,    104464
shared_memory,      6055,            7,          18,                25,    104464
shared_memory,      6056,            7,          18,                25,    104464
shared_memory,      6057,            7,          18,                25,    104464
shared_memory,      6058,            7,          18,                25,    104464
shared_memory,      6059,            7,          18,                25,    104464
shared_memory,      6060,            7,          18,                25,    104464
shared_memory,      6061,            7,          18,                25,    104464
shared_memory,      6062,            7,          18,                25,    104464
shared_memory,      6063,            7,          18,                25,    104464
shared_memory,      6064,            7,          18,                25,    104464
shared_memory,      6065,            7,          18,                25,    104464
shared_memory,      6066,            7,          18,                25,    104464
shared_memory,      6067,            7,          18,                25,    104464
shared_memory,      6068,            7,          18,                25,    104464
shared_memory,      6069,            7,          18,                25,    104464
shared_memory,      6070,            7,          18,                25,    104464
shared_memory,      6071,            7,          18,                25,    104464
shared_memory,      6072,            7,          18,                25,    104464
shared_memory,      6073,            7,          18,                25,    104464
shared_memory,      6074,            7,          18,                25,    104464
shared_memory,      6075,            7,          18,                25,    104464
shared_memory,      6076,            7,          18,                25,    104464
shared_memory,      6077,            7,          18,                25,    104464
shared_memory,      6078,            7,          18,                25,    104464
shared_memory,      6079,            7,          18,                25,    104464
shared_memory,      6080,            7,          18,                25,    104464
shared_memory,      6081,            7,          18,                25,    104464
shared_memory,      6082,            7,          18,                25,    104464
shared_memory,      6083,            7,          18,                25,    104464
shared_memory,      6084,            7,          18,                25,    104464
shared_memory,      6085,            7,          18,                25,    104464
shared_memory,      6086,            7,          18,                25,    104464
shared_memory,      6087,            7,          18,                25,    104464
shared_memory,      6088,            7,          18,                25,    104464
shared_memory,      6089,            7,          18,                25,    104464
shared_memory,      6090,            7,          18,                25,    104464
shared_memory,      6091,            7,          18,                25,    104464
shared_memory,      6092,            7,          18,                25,    104464
shared_memory,      6093,            7,          18,                25,    104464
shared_memory,      6094,            7,          18,                25,    104464
shared_memory,      6095,            7,          18,                25,    104464
shared_memory,      6096,            7,          18,                25,    104464
shared_memory,      6097,            7,          18,                25,    104464
shared_memory,      6098,            7,          18,                25,    104464
shared_memory,      6099,            7,          18,                25,    104464
shared_memory,      6100,            7,          18,                25,    104464
shared_memory,      6101,            7,          18,                25,    104464
shared_memory,      6102,            7,          18,                25,    104464
shared_memory,      6103,            7,          18,                25,    104464
shared_memory,      6104,            7,          18,                25,    104464
shared_memory,      6105,            7,          18,                25,    104464
shared_memory,      6106,            7,          18,                25,    104464
shared_memory,      6107,            7,          18,                25,    104464
shared_memory,      6108,            7,          18,                25,    104464
shared_memory,      6109,            7,          18,                25,    104464
shared_memory,      6110,            7,          18,                25,    104464
shared_memory,      6111,            7,          18,                25,    104464
shared_memory,      6112,            7,          18,                25,    104464
shared_memory,      6113,            7,          18,                25,    104464
shared_memory,      6114,            7,          18,                25,    104464
shared_memory,      6115,            7,          18,                25,    104464
shared_memory,      6116,            7,          18,                25,    104464
shared_memory,      6117,            7,          18,                25,    104464
shared_memory,      6118,            7,          18,                25,    104464
shared_memory,      6119,            7,          18,                25,    104464
shared_memory,      6120,            7,          18,                25,    104464
shared_memory,      6121,            7,          18,                25,    104464
shared_memory,      6122,            7,          18,                25,    104464
shared_memory,      6123,            7,          18,                25,    104464
shared_memory,      6124,            7,          18,                25,    104464
shared_memory,      6125,            7,          18,                25,    104464
shared_memory,      6126,            7,          18,                25,    104464
shared_memory,      6127,            7,          18,                25,    104464
shared_memory,      6128,            7,          18,                25,    104464
shared_memory,      6129,            7,          18,                25,    104464
shared_memory,      6130,            7,          18,                25,    104464
shared_memory,      6131,            7,          18,                25,    104464
shared_memory,      6132,            7,          18,                25,    104464
shared_memory,      6133,            7,          18,                25,    104464
shared_memory,      6134,            7,          18,                25,    104464
shared_memory,      6135,            7,          18,                25,    104464
shared_memory,      6136,            7,          18,                25,    104464
shared_memory,      6137,            7,          18,                25,    104464
shared_memory,      6138,            7,          18,                25,    104464
shared_memory,      6139,            7,          18,                25,    104464
shared_memory,      6140,            7,          18,                25,    104464
shared_memory,      6141,            7,          18,                25,    104464
shared_memory,      6142,            7,          18,                25,    104464
shared_memory,      6143,            7,          18,                25,    104464
shared_memory,      6144,            7,          18,                25,    104464
shared_memory,      6145,            7,          18,                25,    104464
shared_memory,      6146,            7,          18,                25,    104464
shared_memory,      6147,            7,          18,                25,    104464
shared_memory,      6148,            7,          18,                25,    104464
shared_memory,      6149,            7,          18,                25,    104464
shared_memory,      6150,            7,          18,                25,    104464
shared_memory,      6151,            7,          18,                25,    104464
shared_memory,      6152,            7,          18,                25,    104464
shared_memory,      6153,            7,          18,                25,    104464
shared_memory,      6154,            7,          18,                25,    104464
shared_memory,      6155,            7,          18,                25,    104464
shared_memory,      6156,            7,          18,                25,    104464
shared_memory,      6157,            7,          18,                25,    104464
shared_memory,      6158,            7,          18,                25,    104464
shared_memory,      6159,            7,          18,                25,    104464
shared_memory,      6160,            7,          18,                25,    104464
shared_memory,      6161,            7,          18,                25,    104464
shared_memory,      6162,            7,          18,                25,    104464
shared_memory,      6163,            7,          18,                25,    104464
shared_memory,      6164,            7,          18,                25,    104464
shared_memory,      6165,            7,          18,                25,    104464
shared_memory,      6166,            7,          18,                25,    104464
shared_memory,      6167,            7,          18,                25,    104464
shared_memory,      6168,            7,          18,                25,    104464
shared_memory,      6169,            7,          18,                25,    104464
shared_memory,      6170,            7,          18,                25,    104464
shared_memory,      6171,            7,          18,                25,    104464
shared_memory,      6172,            7,          18,                25,    104464
shared_memory,      6173,            7,          18,                25,    104464
shared_memory,      6174,            7,          18,                25,    104464
shared_memory,      6175,            7,          18,                25,    104464
shared_memory,      6176,            7,          18,                25,    104464
shared_memory,      6177,            7,          18,                25,    104464
shared_memory,      6178,            7,          18,                25,    104464
shared_memory,      6179,            7,          18,                25,    104464
shared_memory,      6180,            7,          18,                25,    104464
shared_memory,      6181,            7,          18,                25,    104464
shared_memory,      6182,            7,          18,                25,    104464
shared_memory,      6183,            7,          18,                25,    104464
shared_memory,      6184,            7,          18,                25,    104464
shared_memory,      6185,            7,          18,                25,    104464
shared_memory,      6186,            7,          18,                25,    104464
shared_memory,      6187,            7,          18,                25,    104464
shared_memory,      6188,            7,          18,                25,    104464
shared_memory,      6189,            7,          18,                25,    104464
shared_memory,      6190,            7,          18,                25,    104464
shared_memory,      6191,            7,          18,                25,    104464
shared_memory,      6192,            7,          18,                25,    104464
shared_memory,      6193,            7,          18,                25,    104464
shared_memory,      6194,            7,          18,                25,    104464
shared_memory,      6195,            7,          18,                25,    104464
shared_memory,      6196,            7,          18,                25,    104464
shared_memory,      6197,            7,          18,                25,    104464
shared_memory,      6198,            7,          18,                25,    104464
shared_memory,      6199,            7,          18,                25,    104464
shared_memory,      6200,            7,          18,                25,    104464
shared_memory,      6201,            7,          18,                25,    104464
shared_memory,      6202,            7,          18,                25,    104464
shared_memory,      6203,            7,          18,                25,    104464
shared_memory,      6204,            7,          18,                25,    104464
shared_memory,      6205,            7,          18,                25,    104464
shared_memory,      6206,            7,          18,                25,    104464
shared_memory,      6207,            7,          18,                25,    104464
shared_memory,      6208,            7,          18,                25,    104464
shared_memory,      6209,            7,          18,                25,    104464
shared_memory,      6210,            7,          18,                25,    104464
shared_memory,      6211,            7,          18,                25,    104464
shared_memory,      6212,            7,          18,                25,    104464
shared_memory,      6213,            7,          18,                25,    104464
shared_memory,      6214,            7,          18,                25,    104464
shared_memory,      6215,            7,          18,                25,    104464
shared_memory,      6216,            7,          18,                25,    104464
shared_memory,      6217,            7,          18,                25,    104464
shared_memory,      6218,            7,          18,                25,    104464
shared_memory,      6219,            7,          18,                25,    104464
shared_memory,      6220,            7,          18,                25,    104464
shared_memory,      6221,            7,          18,                25,    104464
shared_memory,      6222,            7,          18,                25,    104464
shared_memory,      6223,            7,          18,                25,    104464
shared_memory,      6224,            7,          18,                25,    104464
shared_memory,      6225,            7,          18,                25,    104464
shared_memory,      6226,            7,          18,                25,    104464
shared_memory,      6227,            7,          18,                25,    104464
shared_memory,      6228,            7,          18,                25,    104464
shared_memory,      6229,            7,          18,                25,    104464
shared_memory,      6230,            7,          18,                25,    104464
shared_memory,      6231,            7,          18,                25,    104464
shared_memory,      6232,            7,          18,                25,    104464
shared_memory,      6233,            7,          18,                25,    104464
shared_memory,      6234,            7,          18,                25,    104464
shared_memory,      6235,            7,          18,                25,    104464
shared_memory,      6236,            7,          18,                25,    104464
shared_memory,      6237,            7,          18,                25,    104464
shared_memory,      6238,            7,          18,                25,    104464
shared_memory,      6239,            7,          18,                25,    104464
shared_memory,      6240,            7,          18,                25,    104464
shared_memory,      6241,            7,          18,                25,    104464
shared_memory,      6242,            7,          18,                25,    104464
shared_memory,      6243,            7,          18,                25,    104464
shared_memory,      6244,            7,          18,                25,    104464
shared_memory,      6245,            7,          18,                25,    104464
shared_memory,      6246,            7,          18,                25,    104464
shared_memory,      6247,            7,          18,                25,    104464
shared_memory,      6248,            7,          18,                25,    104464
shared_memory,      6249,            7,          18,                25,    104464
shared_memory,      6250,            7,          18,                25,    104464
shared_memory,      6251,            7,          18,                25,    104464
shared_memory,      6252,            7,          18,                25,    104464
shared_memory,      6253,            7,          18,                25,    104464
shared_memory,      6254,            7,          18,                25,    104464
shared_memory,      6255,            7,          18,                25,    104464
shared_memory,      6256,            7,          18,                25,    104464
shared_memory,      6257,            7,          18,                25,    104464
shared_memory,      6258,            7,          18,                25,    104464
shared_memory,      6259,            7,          18,                25,    104464
shared_memory,      6260,            7,          18,                25,    104464
shared_memory,      6261,            7,          18,                25,    104464
shared_memory,      6262,            7,          18,                25,    104464
shared_memory,      6263,            7,          18,                25,    104464
shared_memory,      6264,            7,          18,                25,    104464
shared_memory,      6265,            7,          18,                25,    104464
shared_memory,      6266,            7,          18,                25,    104464
shared_memory,      6267,            7,          18,                25,    104464
shared_memory,      6268,            7,          18,                25,    104464
shared_memory,      6269,            7,          18,                25,    104464
shared_memory,      6270,            7,          18,                25,    104464
shared_memory,      6271,            7,          18,                25,    104464
shared_memory,      6272,            7,          18,                25,    104464
shared_memory,      6273,            7,          18,                25,    104464
shared_memory,      6274,            7,          18,                25,    104464
shared_memory,      6275,            7,          18,                25,    104464
shared_memory,      6276,            7,          18,                25,    104464
shared_memory,      6277,            7,          18,                25,    104464
shared_memory,      6278,            7,          18,                25,    104464
shared_memory,      6279,            7,          18,                25,    104464
shared_memory,      6280,            7,          18,                25,    104464
shared_memory,      6281,            7,          18,                25,    104464
shared_memory,      6282,            7,          18,                25,    104464
shared_memory,      6283,            7,          18,                25,    104464
shared_memory,      6284,            7,          18,                25,    104464
shared_memory,      6285,            7,          18,                25,    104464
shared_memory,      6286,            7,          18,                25,    104464
shared_memory,      6287,            7,          18,                25,    104464
shared_memory,      6288,            7,          18,                25,    104464
shared_memory,      6289,            7,          18,                25,    104464
shared_memory,      6290,            7,          18,                25,    104464
shared_memory,      6291,            7,          18,                25,    104464
shared_memory,      6292,            7,          18,                25,    104464
shared_memory,      6293,            7,          18,                25,    104464
shared_memory,      6294,            7,          18,                25,    104464
shared_memory,      6295,            7,          18,                25,    104464
shared_memory,      6296,            7,          18,                25,    104464
shared_memory,      6297,            7,          18,                25,    104464
shared_memory,      6298,            7,          18,                25,    104464
shared_memory,      6299,            7,          18,                25,    104464
shared_memory,      6300,            7,          18,                25,    104464
shared_memory,      6301,            7,          18,                25,    104464
shared_memory,      6302,            7,          18,                25,    104464
shared_memory,      6303,            7,          18,                25,    104464
shared_memory,      6304,            7,          18,                25,    104464
shared_memory,      6305,            7,          18,                25,    104464
shared_memory,      6306,            7,          18,                25,    104464
shared_memory,      6307,            7,          18,                25,    104464
shared_memory,      6308,            7,          18,                25,    104464
shared_memory,      6309,            7,          18,                25,    104464
shared_memory,      6310,            7,          18,                25,    104464
shared_memory,      6311,            7,          18,                25,    104464
shared_memory,      6312,            7,          18,                25,    104464
shared_memory,      6313,            7,          18,                25,    104464
shared_memory,      6314,            7,          18,                25,    104464
shared_memory,      6315,            7,          18,                25,    104464
shared_memory,      6316,            7,          18,                25,    104464
shared_memory,      6317,            7,          18,                25,    104464
shared_memory,      6318,            7,          18,                25,    104464
shared_memory,      6319,            7,          18,                25,    104464
shared_memory,      6320,            7,          18,                25,    104464
shared_memory,      6321,            7,          18,                25,    104464
shared_memory,      6322,            7,          18,                25,    104464
shared_memory,      6323,            7,          18,                25,    104464
shared_memory,      6324,            7,          18,                25,    104464
shared_memory,      6325,            7,          18,                25,    104464
shared_memory,      6326,            7,          18,                25,    104464
shared_memory,      6327,            7,          18,                25,    104464
shared_memory,      6328,            7,          18,                25,    104464
shared_memory,      6329,            7,          18,                25,    104464
shared_memory,      6330,            7,          18,                25,    104464
shared_memory,      6331,            7,          18,                25,    104464
shared_memory,      6332,            7,          18,                25,    104464
shared_memory,      6333,            7,          18,                25,    104464
shared_memory,      6334,            7,          18,                25,    104464
shared_memory,      6335,            7,          18,                25,    104464
shared_memory,      6336,            7,          18,                25,    104464
shared_memory,      6337,            7,          18,                25,    104464
shared_memory,      6338,            7,          18,                25,    104464
shared_memory,      6339,            7,          18,                25,    104464
shared_memory,      6340,            7,          18,                25,    104464
shared_memory,      6341,            7,          18,                25,    104464
shared_memory,      6342,            7,          18,                25,    104464
shared_memory,      6343,            7,          18,                25,    104464
shared_memory,      6344,            7,          18,                25,    104464
shared_memory,      6345,            7,          18,                25,    104464
shared_memory,      6346,            7,          18,                25,    104464
shared_memory,      6347,            7,          18,                25,    104464
shared_memory,      6348,            7,          18,                25,    104464
shared_memory,      6349,            7,          18,                25,    104464
shared_memory,      6350,            7,          18,                25,    104464
shared_memory,      6351,            7,          18,                25,    104464
shared_memory,      6352,            7,          18,                25,    104464
shared_memory,      6353,            7,          18,                25,    104464
shared_memory,      6354,            7,          18,                25,    104464
shared_memory,      6355,            7,          18,                25,    104464
shared_memory,      6356,            7,          18,                25,    104464
shared_memory,      6357,            7,          18,                25,    104464
shared_memory,      6358,            7,          18,                25,    104464
shared_memory,      6359,            7,          18,                25,    104464
shared_memory,      6360,            7,          18,                25,    104464
shared_memory,      6361,            7,          18,                25,    104464
shared_memory,      6362,            7,          18,                25,    104464
shared_memory,      6363,            7,          18,                25,    104464
shared_memory,      6364,            7,          18,                25,    104464
shared_memory,      6365,            7,          18,                25,    104464
shared_memory,      6366,            7,          18,                25,    104464
shared_memory,      6367,            7,          18,                25,    104464
shared_memory,      6368,            7,          18,                25,    104464
shared_memory,      6369,            7,          18,                25,    104464
shared_memory,      6370,            7,          18,                25,    104464
shared_memory,      6371,            7,          18,                25,    104464
shared_memory,      6372,            7,          18,                25,    104464
shared_memory,      6373,            7,          18,                25,    104464
shared_memory,      6374,            7,          18,                25,    104464
shared_memory,      6375,            7,          18,                25,    104464
shared_memory,      6376,            7,          18,                25,    104464
shared_memory,      6377,            7,          18,                25,    104464
shared_memory,      6378,            7,          18,                25,    104464
shared_memory,      6379,            7,          18,                25,    104464
shared_memory,      6380,            7,          18,                25,    104464
shared_memory,      6381,            7,          18,                25,    104464
shared_memory,      6382,            7,          18,                25,    104464
shared_memory,      6383,            7,          18,                25,    104464
shared_memory,      6384,            7,          18,                25,    104464
shared_memory,      6385,            7,          18,                25,    104464
shared_memory,      6386,            7,          18,                25,    104464
shared_memory,      6387,            7,          18,                25,    104464
shared_memory,      6388,            7,          18,                25,    104464
shared_memory,      6389,            7,          18,                25,    104464
shared_memory,      6390,            7,          18,                25,    104464
shared_memory,      6391,            7,          18,                25,    104464
shared_memory,      6392,            7,          18,                25,    104464
shared_memory,      6393,            7,          18,                25,    104464
shared_memory,      6394,            7,          18,                25,    104464
shared_memory,      6395,            7,          18,                25,    104464
shared_memory,      6396,            7,          18,                25,    104464
shared_memory,      6397,            7,          18,                25,    104464
shared_memory,      6398,            7,          18,                25,    104464
shared_memory,      6399,            7,          18,                25,    104464
shared_memory,      6400,            7,          18,                25,    104464
shared_memory,      6401,            7,          18,                25,    104464
shared_memory,      6402,            7,          18,                25,    104464
shared_memory,      6403,            7,          18,                25,    104464
shared_memory,      6404,            7,          18,                25,    104464
shared_memory,      6405,            7,          18,                25,    104464
shared_memory,      6406,            7,          18,                25,    104464
shared_memory,      6407,            7,          18,                25,    104464
shared_memory,      6408,            7,          18,                25,    104464
shared_memory,      6409,            7,          18,                25,    104464
shared_memory,      6410,            7,          18,                25,    104464
shared_memory,      6411,            7,          18,                25,    104464
shared_memory,      6412,            7,          18,                25,    104464
shared_memory,      6413,            7,          18,                25,    104464
shared_memory,      6414,            7,          18,                25,    104464
shared_memory,      6415,            7,          18,                25,    104464
shared_memory,      6416,            7,          18,                25,    104464
shared_memory,      6417,            7,          18,                25,    104464
shared_memory,      6418,            7,          18,                25,    104464
shared_memory,      6419,            7,          18,                25,    104464
shared_memory,      6420,            7,          18,                25,    104464
shared_memory,      6421,            7,          18,                25,    104464
shared_memory,      6422,            7,          18,                25,    104464
shared_memory,      6423,            7,          18,                25,    104464
shared_memory,      6424,            7,          18,                25,    104464
shared_memory,      6425,            7,          18,                25,    104464
shared_memory,      6426,            7,          18,                25,    104464
shared_memory,      6427,            7,          18,                25,    104464
shared_memory,      6428,            7,          18,                25,    104464
shared_memory,      6429,            7,          18,                25,    104464
shared_memory,      6430,            7,          18,                25,    104464
shared_memory,      6431,            7,          18,                25,    104464
shared_memory,      6432,            7,          18,                25,    104464
shared_memory,      6433,            7,          18,                25,    104464
shared_memory,      6434,            7,          18,                25,    104464
shared_memory,      6435,            7,          18,                25,    104464
shared_memory,      6436,            7,          18,                25,    104464
shared_memory,      6437,            7,          18,                25,    104464
shared_memory,      6438,            7,          18,                25,    104464
shared_memory,      6439,            7,          18,                25,    104464
shared_memory,      6440,            7,          18,                25,    104464
shared_memory,      6441,            7,          18,                25,    104464
shared_memory,      6442,            7,          18,                25,    104464
shared_memory,      6443,            7,          18,                25,    104464
shared_memory,      6444,            7,          18,                25,    104464
shared_memory,      6445,            7,          18,                25,    104464
shared_memory,      6446,            7,          18,                25,    104464
shared_memory,      6447,            7,          18,                25,    104464
shared_memory,      6448,            7,          18,                25,    104464
shared_memory,      6449,            7,          18,                25,    104464
shared_memory,      6450,            7,          18,                25,    104464
shared_memory,      6451,            7,          18,                25,    104464
shared_memory,      6452,            7,          18,                25,    104464
shared_memory,      6453,            7,          18,                25,    104464
shared_memory,      6454,            7,          18,                25,    104464
shared_memory,      6455,            7,          18,                25,    104464
shared_memory,      6456,            7,          18,                25,    104464
shared_memory,      6457,            7,          18,                25,    104464
shared_memory,      6458,            7,          18,                25,    104464
shared_memory,      6459,            7,          18,                25,    104464
shared_memory,      6460,            7,          18,                25,    104464
shared_memory,      6461,            7,          18,                25,    104464
shared_memory,      6462,            7,          18,                25,    104464
shared_memory,      6463,            7,          18,                25,    104464
shared_memory,      6464,            7,          18,                25,    104464
shared_memory,      6465,            7,          18,                25,    104464
shared_memory,      6466,            7,          18,                25,    104464
shared_memory,      6467,            7,          18,                25,    104464
shared_memory,      6468,            7,          18,                25,    104464
shared_memory,      6469,            7,          18,                25,    104464
shared_memory,      6470,            7,          18,                25,    104464
shared_memory,      6471,            7,          18,                25,    104464
shared_memory,      6472,            7,          18,                25,    104464
shared_memory,      6473,            7,          18,                25,    104464
shared_memory,      6474,            7,          18,                25,    104464
shared_memory,      6475,            7,          18,                25,    104464
shared_memory,      6476,            7,          18,                25,    104464
shared_memory,      6477,            7,          18,                25,    104464
shared_memory,      6478,            7,          18,                25,    104464
shared_memory,      6479,            7,          18,                25,    104464
shared_memory,      6480,            7,          18,                25,    104464
shared_memory,      6481,            7,          18,                25,    104464
shared_memory,      6482,            7,          18,                25,    104464
shared_memory,      6483,            7,          18,                25,    104464
shared_memory,      6484,            7,          18,                25,    104464
shared_memory,      6485,            7,          18,                25,    104464
shared_memory,      6486,            7,          18,                25,    104464
shared_memory,      6487,            7,          18,                25,    104464
shared_memory,      6488,            7,          18,                25,    104464
shared_memory,      6489,            7,          18,                25,    104464
shared_memory,      6490,            7,          18,                25,    104464
shared_memory,      6491,            7,          18,                25,    104464
shared_memory,      6492,            7,          18,                25,    104464
shared_memory,      6493,            7,          18,                25,    104464
shared_memory,      6494,            7,          18,                25,    104464
shared_memory,      6495,            7,          18,                25,    104464
shared_memory,      6496,            7,          18,                25,    104464
shared_memory,      6497,            7,          18,                25,    104464
shared_memory,      6498,            7,          18,                25,    104464
shared_memory,      6499,            7,          18,                25,    104464
shared_memory,      6500,            7,          18,                25,    104464
shared_memory,      6501,            7,          18,                25,    104464
shared_memory,      6502,            7,          18,                25,    104464
shared_memory,      6503,            7,          18,                25,    104464
shared_memory,      6504,            7,          18,                25,    104464
shared_memory,      6505,            7,          18,                25,    104464
shared_memory,      6506,            7,          18,                25,    104464
shared_memory,      6507,            7,          18,                25,    104464
shared_memory,      6508,            7,          18,                25,    104464
shared_memory,      6509,            7,          18,                25,    104464
shared_memory,      6510,            7,          18,                25,    104464
shared_memory,      6511,            7,          18,                25,    104464
shared_memory,      6512,            7,          18,                25,    104464
shared_memory,      6513,            7,          18,                25,    104464
shared_memory,      6514,            7,          18,                25,    104464
shared_memory,      6515,            7,          18,                25,    104464
shared_memory,      6516,            7,          18,                25,    104464
shared_memory,      6517,            7,          18,                25,    104464
shared_memory,      6518,            7,          18,                25,    104464
shared_memory,      6519,            7,          18,                25,    104464
shared_memory,      6520,            7,          18,                25,    104464
shared_memory,      6521,            7,          18,                25,    104464
shared_memory,      6522,            7,          18,                25,    104464
shared_memory,      6523,            7,          18,                25,    104464
shared_memory,      6524,            7,          18,                25,    104464
shared_memory,      6525,            7,          18,                25,    104464
shared_memory,      6526,            7,          18,                25,    104464
shared_memory,      6527,            7,          18,                25,    104464
shared_memory,      6528,            7,          18,                25,    104464
shared_memory,      6529,            7,          18,                25,    104464
shared_memory,      6530,            7,          18,                25,    104464
shared_memory,      6531,            7,          18,                25,    104464
shared_memory,      6532,            7,          18,                25,    104464
shared_memory,      6533,            7,          18,                25,    104464
shared_memory,      6534,            7,          18,                25,    104464
shared_memory,      6535,            7,          18,                25,    104464
shared_memory,      6536,            7,          18,                25,    104464
shared_memory,      6537,            7,          18,                25,    104464
shared_memory,      6538,            7,          18,                25,    104464
shared_memory,      6539,            7,          18,                25,    104464
shared_memory,      6540,            7,          18,                25,    104464
shared_memory,      6541,            7,          18,                25,    104464
shared_memory,      6542,            7,          18,                25,    104464
shared_memory,      6543,            7,          18,                25,    104464
shared_memory,      6544,            7,          18,                25,    104464
shared_memory,      6545,            7,          18,                25,    104464
shared_memory,      6546,            7,          18,                25,    104464
shared_memory,      6547,            7,          18,                25,    104464
shared_memory,      6548,            7,          18,                25,    104464
shared_memory,      6549,            7,          18,                25,    104464
shared_memory,      6550,            7,          18,                25,    104464
shared_memory,      6551,            7,          18,                25,    104464
shared_memory,      6552,            7,          18,                25,    104464
shared_memory,      6553,            7,          18,                25,    104464
shared_memory,      6554,            7,          18,                25,    104464
shared_memory,      6555,            7,          18,                25,    104464
shared_memory,      6556,            7,          18,                25,    104464
shared_memory,      6557,            7,          18,                25,    104464
shared_memory,      6558,            7,          18,                25,    104464
shared_memory,      6559,            7,          18,                25,    104464
shared_memory,      6560,            7,          18,                25,    104464
shared_memory,      6561,            7,          18,                25,    104464
shared_memory,      6562,            7,          18,                25,    104464
shared_memory,      6563,            7,          18,                25,    104464
shared_memory,      6564,            7,          18,                25,    104464
shared_memory,      6565,            7,          18,                25,    104464
shared_memory,      6566,            7,          18,                25,    104464
shared_memory,      6567,            7,          18,                25,    104464
shared_memory,      6568,            7,          18,                25,    104464
shared_memory,      6569,            7,          18,                25,    104464
shared_memory,      6570,            7,          18,                25,    104464
shared_memory,      6571,            7,          18,                25,    104464
shared_memory,      6572,            7,          18,                25,    104464
shared_memory,      6573,            7,          18,                25,    104464
shared_memory,      6574,            7,          18,                25,    104464
shared_memory,      6575,            7,          18,                25,    104464
shared_memory,      6576,            7,          18,                25,    104464
shared_memory,      6577,            7,          18,                25,    104464
shared_memory,      6578,            7,          18,                25,    104464
shared_memory,      6579,            7,          18,                25,    104464
shared_memory,      6580,            7,          18,                25,    104464
shared_memory,      6581,            7,          18,                25,    104464
shared_memory,      6582,            7,          18,                25,    104464
shared_memory,      6583,            7,          18,                25,    104464
shared_memory,      6584,            7,          18,                25,    104464
shared_memory,      6585,            7,          18,                25,    104464
shared_memory,      6586,            7,          18,                25,    104464
shared_memory,      6587,            7,          18,                25,    104464
shared_memory,      6588,            7,          18,                25,    104464
shared_memory,      6589,            7,          18,                25,    104464
shared_memory,      6590,            7,          18,                25,    104464
shared_memory,      6591,            7,          18,                25,    104464
shared_memory,      6592,            7,          18,                25,    104464
shared_memory,      6593,            7,          18,                25,    104464
shared_memory,      6594,            7,          18,                25,    104464
shared_memory,      6595,            7,          18,                25,    104464
shared_memory,      6596,            7,          18,                25,    104464
shared_memory,      6597,            7,          18,                25,    104464
shared_memory,      6598,            7,          18,                25,    104464
shared_memory,      6599,            7,          18,                25,    104464
shared_memory,      6600,            7,          18,                25,    104464
shared_memory,      6601,            7,          18,                25,    104464
shared_memory,      6602,            7,          18,                25,    104464
shared_memory,      6603,            7,          18,                25,    104464
shared_memory,      6604,            7,          18,                25,    104464
shared_memory,      6605,            7,          18,                25,    104464
shared_memory,      6606,            7,          18,                25,    104464
shared_memory,      6607,            7,          18,                25,    104464
shared_memory,      6608,            7,          18,                25,    104464
shared_memory,      6609,            7,          18,                25,    104464
shared_memory,      6610,            7,          18,                25,    104464
shared_memory,      6611,            7,          18,                25,    104464
shared_memory,      6612,            7,          18,                25,    104464
shared_memory,      6613,            7,          18,                25,    104464
shared_memory,      6614,            7,          18,                25,    104464
shared_memory,      6615,            7,          18,                25,    104464
shared_memory,      6616,            7,          18,                25,    104464
shared_memory,      6617,            7,          18,                25,    104464
shared_memory,      6618,            7,          18,                25,    104464
shared_memory,      6619,            7,          18,                25,    104464
shared_memory,      6620,            7,          18,                25,    104464
shared_memory,      6621,            7,          18,                25,    104464
shared_memory,      6622,            7,          18,                25,    104464
shared_memory,      6623,            7,          18,                25,    104464
shared_memory,      6624,            7,          18,                25,    104464
shared_memory,      6625,            7,          18,                25,    104464
shared_memory,      6626,            7,          18,                25,    104464
shared_memory,      6627,            7,          18,                25,    104464
shared_memory,      6628,            7,          18,                25,    104464
shared_memory,      6629,            7,          18,                25,    104464
shared_memory,      6630,            7,          18,                25,    104464
shared_memory,      6631,            7,          18,                25,    104464
shared_memory,      6632,            7,          18,                25,    104464
shared_memory,      6633,            7,          18,                25,    104464
shared_memory,      6634,            7,          18,                25,    104464
shared_memory,      6635,            7,          18,                25,    104464
shared_memory,      6636,            7,          18,                25,    104464
shared_memory,      6637,            7,          18,                25,    104464
shared_memory,      6638,            7,          18,                25,    104464
shared_memory,      6639,            7,          18,                25,    104464
shared_memory,      6640,            7,          18,                25,    104464
shared_memory,      6641,            7,          18,                25,    104464
shared_memory,      6642,            7,          18,                25,    104464
shared_memory,      6643,            7,          18,                25,    104464
shared_memory,      6644,            7,          18,                25,    104464
shared_memory,      6645,            7,          18,                25,    104464
shared_memory,      6646,            7,          18,                25,    104464
shared_memory,      6647,            7,          18,                25,    104464
shared_memory,      6648,            7,          18,                25,    104464
shared_memory,      6649,            7,          18,                25,    104464
shared_memory,      6650,            7,          18,                25,    104464
shared_memory,      6651,            7,          18,                25,    104464
shared_memory,      6652,            7,          18,                25,    104464
shared_memory,      6653,            7,          18,                25,    104464
shared_memory,      6654,            7,          18,                25,    104464
shared_memory,      6655,            7,          18,                25,    104464
shared_memory,      6656,            7,          18,                25,    104464
shared_memory,      6657,            7,          18,                25,    104464
shared_memory,      6658,            7,          18,                25,    104464
shared_memory,      6659,            7,          18,                25,    104464
shared_memory,      6660,            7,          18,                25,    104464
shared_memory,      6661,            7,          18,                25,    104464
shared_memory,      6662,            7,          18,                25,    104464
shared_memory,      6663,            7,          18,                25,    104464
shared_memory,      6664,            7,          18,                25,    104464
shared_memory,      6665,            7,          18,                25,    104464
shared_memory,      6666,            7,          18,                25,    104464
shared_memory,      6667,            7,          18,                25,    104464
shared_memory,      6668,            7,          18,                25,    104464
shared_memory,      6669,            7,          18,                25,    104464
shared_memory,      6670,            7,          18,                25,    104464
shared_memory,      6671,            7,          18,                25,    104464
shared_memory,      6672,            7,          18,                25,    104464
shared_memory,      6673,            7,          18,                25,    104464
shared_memory,      6674,            7,          18,                25,    104464
shared_memory,      6675,            7,          18,                25,    104464
shared_memory,      6676,            7,          18,                25,    104464
shared_memory,      6677,            7,          18,                25,    104464
shared_memory,      6678,            7,          18,                25,    104464
shared_memory,      6679,            7,          18,                25,    104464
shared_memory,      6680,            7,          18,                25,    104464
shared_memory,      6681,            7,          18,                25,    104464
shared_memory,      6682,            7,          18,                25,    104464
shared_memory,      6683,            7,          18,                25,    104464
shared_memory,      6684,            7,          18,                25,    104464
shared_memory,      6685,            7,          18,                25,    104464
shared_memory,      6686,            7,          18,                25,    104464
shared_memory,      6687,            7,          18,                25,    104464
shared_memory,      6688,            7,          18,                25,    104464
shared_memory,      6689,            7,          18,                25,    104464
shared_memory,      6690,            7,          18,                25,    104464
shared_memory,      6691,            7,          18,                25,    104464
shared_memory,      6692,            7,          18,                25,    104464
shared_memory,      6693,            7,          18,                25,    104464
shared_memory,      6694,            7,          18,                25,    104464
shared_memory,      6695,            7,          18,                25,    104464
shared_memory,      6696,            7,          18,                25,    104464
shared_memory,      6697,            7,          18,                25,    104464
shared_memory,      6698,            7,          18,                25,    104464
shared_memory,      6699,            7,          18,                25,    104464
shared_memory,      6700,            7,          18,                25,    104464
shared_memory,      6701,            7,          18,                25,    104464
shared_memory,      6702,            7,          18,                25,    104464
shared_memory,      6703,            7,          18,                25,    104464
shared_memory,      6704,            7,          18,                25,    104464
shared_memory,      6705,            7,          18,                25,    104464
shared_memory,      6706,            7,          18,                25,    104464
shared_memory,      6707,            7,          18,                25,    104464
shared_memory,      6708,            7,          18,                25,    104464
shared_memory,      6709,            7,          18,                25,    104464
shared_memory,      6710,            7,          18,                25,    104464
shared_memory,      6711,            7,          18,                25,    104464
shared_memory,      6712,            7,          18,                25,    104464
shared_memory,      6713,            7,          18,                25,    104464
shared_memory,      6714,            7,          18,                25,    104464
shared_memory,      6715,            7,          18,                25,    104464
shared_memory,      6716,            7,          18,                25,    104464
shared_memory,      6717,            7,          18,                25,    104464
shared_memory,      6718,            7,          18,                25,    104464
shared_memory,      6719,            7,          18,                25,    104464
shared_memory,      6720,            7,          18,                25,    104464
shared_memory,      6721,            7,          18,                25,    104464
shared_memory,      6722,            7,          18,                25,    104464
shared_memory,      6723,            7,          18,                25,    104464
shared_memory,      6724,            7,          18,                25,    104464
shared_memory,      6725,            7,          18,                25,    104464
shared_memory,      6726,            7,          18,                25,    104464
shared_memory,      6727,            7,          18,                25,    104464
shared_memory,      6728,            7,          18,                25,    104464
shared_memory,      6729,            7,          18,                25,    104464
shared_memory,      6730,            7,          18,                25,    104464
shared_memory,      6731,            7,          18,                25,    104464
shared_memory,      6732,            7,          18,                25,    104464
shared_memory,      6733,            7,          18,                25,    104464
shared_memory,      6734,            7,          18,                25,    104464
shared_memory,      6735,            7,          18,                25,    104464
shared_memory,      6736,            7,          18,                25,    104464
shared_memory,      6737,            7,          18,                25,    104464
shared_memory,      6738,            7,          18,                25,    104464
shared_memory,      6739,            7,          18,                25,    104464
shared_memory,      6740,            7,          18,                25,    104464
shared_memory,      6741,            7,          18,                25,    104464
shared_memory,      6742,            7,          18,                25,    104464
shared_memory,      6743,            7,          18,                25,    104464
shared_memory,      6744,            7,          18,                25,    104464
shared_memory,      6745,            7,          18,                25,    104464
shared_memory,      6746,            7,          18,                25,    104464
shared_memory,      6747,            7,          18,                25,    104464
shared_memory,      6748,            7,          18,                25,    104464
shared_memory,      6749,            7,          18,                25,    104464
shared_memory,      6750,            7,          18,                25,    104464
shared_memory,      6751,            7,          18,                25,    104464
shared_memory,      6752,            7,          18,                25,    104464
shared_memory,      6753,            7,          18,                25,    104464
shared_memory,      6754,            7,          18,                25,    104464
shared_memory,      6755,            7,          18,                25,    104464
shared_memory,      6756,            7,          18,                25,    104464
shared_memory,      6757,            7,          18,                25,    104464
shared_memory,      6758,            7,          18,                25,    104464
shared_memory,      6759,            7,          18,                25,    104464
shared_memory,      6760,            7,          18,                25,    104464
shared_memory,      6761,            7,          18,                25,    104464
shared_memory,      6762,            7,          18,                25,    104464
shared_memory,      6763,            7,          18,                25,    104464
shared_memory,      6764,            7,          18,                25,    104464
shared_memory,      6765,            7,          18,                25,    104464
shared_memory,      6766,            7,          18,                25,    104464
shared_memory,      6767,            7,          18,                25,    104464
shared_memory,      6768,            7,          18,                25,    104464
shared_memory,      6769,            7,          18,                25,    104464
shared_memory,      6770,            7,          18,                25,    104464
shared_memory,      6771,            7,          18,                25,    104464
shared_memory,      6772,            7,          18,                25,    104464
shared_memory,      6773,            7,          18,                25,    104464
shared_memory,      6774,            7,          18,                25,    104464
shared_memory,      6775,            7,          18,                25,    104464
shared_memory,      6776,            7,          18,                25,    104464
shared_memory,      6777,            7,          18,                25,    104464
shared_memory,      6778,            7,          18,                25,    104464
shared_memory,      6779,            7,          18,                25,    104464
shared_memory,      6780,            7,          18,                25,    104464
shared_memory,      6781,            7,          18,                25,    104464
shared_memory,      6782,            7,          18,                25,    104464
shared_memory,      6783,            7,          18,                25,    104464
shared_memory,      6784,            7,          18,                25,    104464
shared_memory,      6785,            7,          18,                25,    104464
shared_memory,      6786,            7,          18,                25,    104464
shared_memory,      6787,            7,          18,                25,    104464
shared_memory,      6788,            7,          18,                25,    104464
shared_memory,      6789,            7,          18,                25,    104464
shared_memory,      6790,            7,          18,                25,    104464
shared_memory,      6791,            7,          18,                25,    104464
shared_memory,      6792,            7,          18,                25,    104464
shared_memory,      6793,            7,          18,                25,    104464
shared_memory,      6794,            7,          18,                25,    104464
shared_memory,      6795,            7,          18,                25,    104464
shared_memory,      6796,            7,          18,                25,    104464
shared_memory,      6797,            7,          18,                25,    104464
shared_memory,      6798,            7,          18,                25,    104464
shared_memory,      6799,            7,          18,                25,    104464
shared_memory,      6800,            7,          18,                25,    104464
shared_memory,      6801,            7,          18,                25,    104464
shared_memory,      6802,            7,          18,                25,    104464
shared_memory,      6803,            7,          18,                25,    104464
shared_memory,      6804,            7,          18,                25,    104464
shared_memory,      6805,            7,          18,                25,    104464
shared_memory,      6806,            7,          18,                25,    104464
shared_memory,      6807,            7,          18,                25,    104464
shared_memory,      6808,            7,          18,                25,    104464
shared_memory,      6809,            7,          18,                25,    104464
shared_memory,      6810,            7,          18,                25,    104464
shared_memory,      6811,            7,          18,                25,    104464
shared_memory,      6812,            7,          18,                25,    104464
shared_memory,      6813,            7,          18,                25,    104464
shared_memory,      6814,            7,          18,                25,    104464
shared_memory,      6815,            7,          18,                25,    104464
shared_memory,      6816,            7,          18,                25,    104464
shared_memory,      6817,            7,          18,                25,    104464
shared_memory,      6818,            7,          18,                25,    104464
shared_memory,      6819,            7,          18,                25,    104464
shared_memory,      6820,            7,          18,                25,    104464
shared_memory,      6821,            7,          18,                25,    104464
shared_memory,      6822,            7,          18,                25,    104464
shared_memory,      6823,            7,          18,                25,    104464
shared_memory,      6824,            7,          18,                25,    104464
shared_memory,      6825,            7,          18,                25,    104464
shared_memory,      6826,            7,          18,                25,    104464
shared_memory,      6827,            7,          18,                25,    104464
shared_memory,      6828,            7,          18,                25,    104464
shared_memory,      6829,            7,          18,                25,    104464
shared_memory,      6830,            7,          18,                25,    104464
shared_memory,      6831,            7,          18,                25,    104464
shared_memory,      6832,            7,          18,                25,    104464
shared_memory,      6833,            7,          18,                25,    104464
shared_memory,      6834,            7,          18,                25,    104464
shared_memory,      6835,            7,          18,                25,    104464
shared_memory,      6836,            7,          18,                25,    104464
shared_memory,      6837,            7,          18,                25,    104464
shared_memory,      6838,            7,          18,                25,    104464
shared_memory,      6839,            7,          18,                25,    104464
shared_memory,      6840,            7,          18,                25,    104464
shared_memory,      6841,            7,          18,                25,    104464
shared_memory,      6842,            7,          18,                25,    104464
shared_memory,      6843,            7,          18,                25,    104464
shared_memory,      6844,            7,          18,                25,    104464
shared_memory,      6845,            7,          18,                25,    104464
shared_memory,      6846,            7,          18,                25,    104464
shared_memory,      6847,            7,          18,                25,    104464
shared_memory,      6848,            7,          18,                25,    104464
shared_memory,      6849,            7,          18,                25,    104464
shared_memory,      6850,            7,          18,                25,    104464
shared_memory,      6851,            7,          18,                25,    104464
shared_memory,      6852,            7,          18,                25,    104464
shared_memory,      6853,            7,          18,                25,    104464
shared_memory,      6854,            7,          18,                25,    104464
shared_memory,      6855,            7,          18,                25,    104464
shared_memory,      6856,            7,          18,                25,    104464
shared_memory,      6857,            7,          18,                25,    104464
shared_memory,      6858,            7,          18,                25,    104464
shared_memory,      6859,            7,          18,                25,    104464
shared_memory,      6860,            7,          18,                25,    104464
shared_memory,      6861,            7,          18,                25,    104464
shared_memory,      6862,            7,          18,                25,    104464
shared_memory,      6863,            7,          18,                25,    104464
shared_memory,      6864,            7,          18,                25,    104464
shared_memory,      6865,            7,          18,                25,    104464
shared_memory,      6866,            7,          18,                25,    104464
shared_memory,      6867,            7,          18,                25,    104464
shared_memory,      6868,            7,          18,                25,    104464
shared_memory,      6869,            7,          18,                25,    104464
shared_memory,      6870,            7,          18,                25,    104464
shared_memory,      6871,            7,          18,                25,    104464
shared_memory,      6872,            7,          18,                25,    104464
shared_memory,      6873,            7,          18,                25,    104464
shared_memory,      6874,            7,          18,                25,    104464
shared_memory,      6875,            7,          18,                25,    104464
shared_memory,      6876,            7,          18,                25,    104464
shared_memory,      6877,            7,          18,                25,    104464
shared_memory,      6878,            7,          18,                25,    104464
shared_memory,      6879,            7,          18,                25,    104464
shared_memory,      6880,            7,          18,                25,    104464
shared_memory,      6881,            7,          18,                25,    104464
shared_memory,      6882,            7,          18,                25,    104464
shared_memory,      6883,            7,          18,                25,    104464
shared_memory,      6884,            7,          18,                25,    104464
shared_memory,      6885,            7,          18,                25,    104464
shared_memory,      6886,            7,          18,                25,    104464
shared_memory,      6887,            7,          18,                25,    104464
shared_memory,      6888,            7,          18,                25,    104464
shared_memory,      6889,            7,          18,                25,    104464
shared_memory,      6890,            7,          18,                25,    104464
shared_memory,      6891,            7,          18,                25,    104464
shared_memory,      6892,            7,          18,                25,    104464
shared_memory,      6893,            7,          18,                25,    104464
shared_memory,      6894,            7,          18,                25,    104464
shared_memory,      6895,            7,          18,                25,    104464
shared_memory,      6896,            7,          18,                25,    104464
shared_memory,      6897,            7,          18,                25,    104464
shared_memory,      6898,            7,          18,                25,    104464
shared_memory,      6899,            7,          18,                25,    104464
shared_memory,      6900,            7,          18,                25,    104464
shared_memory,      6901,            7,          18,                25,    104464
shared_memory,      6902,            7,          18,                25,    104464
shared_memory,      6903,            7,          18,                25,    104464
shared_memory,      6904,            7,          18,                25,    104464
shared_memory,      6905,            7,          18,                25,    104464
shared_memory,      6906,            7,          18,                25,    104464
shared_memory,      6907,            7,          18,                25,    104464
shared_memory,      6908,            7,          18,                25,    104464
shared_memory,      6909,            7,          18,                25,    104464
shared_memory,      6910,            7,          18,                25,    104464
shared_memory,      6911,            7,          18,                25,    104464
shared_memory,      6912,            7,          18,                25,    104464
shared_memory,      6913,            7,          18,                25,    104464
shared_memory,      6914,            7,          18,                25,    104464
shared_memory,      6915,            7,          18,                25,    104464
shared_memory,      6916,            7,          18,                25,    104464
shared_memory,      6917,            7,          18,                25,    104464
shared_memory,      6918,            7,          18,                25,    104464
shared_memory,      6919,            7,          18,                25,    104464
shared_memory,      6920,            7,          18,                25,    104464
shared_memory,      6921,            7,          18,                25,    104464
shared_memory,      6922,            7,          18,                25,    104464
shared_memory,      6923,            7,          18,                25,    104464
shared_memory,      6924,            7,          18,                25,    104464
shared_memory,      6925,            7,          18,                25,    104464
shared_memory,      6926,            7,          18,                25,    104464
shared_memory,      6927,            7,          18,                25,    104464
shared_memory,      6928,            7,          18,                25,    104464
shared_memory,      6929,            7,          18,                25,    104464
shared_memory,      6930,            7,          18,                25,    104464
shared_memory,      6931,            7,          18,                25,    104464
shared_memory,      6932,            7,          18,                25,    104464
shared_memory,      6933,            7,          18,                25,    104464
shared_memory,      6934,            7,          18,                25,    104464
shared_memory,      6935,            7,          18,                25,    104464
shared_memory,      6936,            7,          18,                25,    104464
shared_memory,      6937,            7,          18,                25,    104464
shared_memory,      6938,            7,          18,                25,    104464
shared_memory,      6939,            7,          18,                25,    104464
shared_memory,      6940,            7,          18,                25,    104464
shared_memory,      6941,            7,          18,                25,    104464
shared_memory,      6942,            7,          18,                25,    104464
shared_memory,      6943,            7,          18,                25,    104464
shared_memory,      6944,            7,          18,                25,    104464
shared_memory,      6945,            7,          18,                25,    104464
shared_memory,      6946,            7,          18,                25,    104464
shared_memory,      6947,            7,          18,                25,    104464
shared_memory,      6948,            7,          18,                25,    104464
shared_memory,      6949,            7,          18,                25,    104464
shared_memory,      6950,            7,          18,                25,    104464
shared_memory,      6951,            7,          18,                25,    104464
shared_memory,      6952,            7,          18,                25,    104464
shared_memory,      6953,            7,          18,                25,    104464
shared_memory,      6954,            7,          18,                25,    104464
shared_memory,      6955,            7,          18,                25,    104464
shared_memory,      6956,            7,          18,                25,    104464
shared_memory,      6957,            7,          18,                25,    104464
shared_memory,      6958,            7,          18,                25,    104464
shared_memory,      6959,            7,          18,                25,    104464
shared_memory,      6960,            7,          18,                25,    104464
shared_memory,      6961,            7,          18,                25,    104464
shared_memory,      6962,            7,          18,                25,    104464
shared_memory,      6963,            7,          18,                25,    104464
shared_memory,      6964,            7,          18,                25,    104464
shared_memory,      6965,            7,          18,                25,    104464
shared_memory,      6966,            7,          18,                25,    104464
shared_memory,      6967,            7,          18,                25,    104464
shared_memory,      6968,            7,          18,                25,    104464
shared_memory,      6969,            7,          18,                25,    104464
shared_memory,      6970,            7,          18,                25,    104464
shared_memory,      6971,            7,          18,                25,    104464
shared_memory,      6972,            7,          18,                25,    104464
shared_memory,      6973,            7,          18,                25,    104464
shared_memory,      6974,            7,          18,                25,    104464
shared_memory,      6975,            7,          18,                25,    104464
shared_memory,      6976,            7,          18,                25,    104464
shared_memory,      6977,            7,          18,                25,    104464
shared_memory,      6978,            7,          18,                25,    104464
shared_memory,      6979,            7,          18,                25,    104464
shared_memory,      6980,            7,          18,                25,    104464
shared_memory,      6981,            7,          18,                25,    104464
shared_memory,      6982,            7,          18,                25,    104464
shared_memory,      6983,            7,          18,                25,    104464
shared_memory,      6984,            7,          18,                25,    104464
shared_memory,      6985,            7,          18,                25,    104464
shared_memory,      6986,            7,          18,                25,    104464
shared_memory,      6987,            7,          18,                25,    104464
shared_memory,      6988,            7,          18,                25,    104464
shared_memory,      6989,            7,          18,                25,    104464
shared_memory,      6990,            7,          18,                25,    104464
shared_memory,      6991,            7,          18,                25,    104464
shared_memory,      6992,            7,          18,                25,    104464
shared_memory,      6993,            7,          18,                25,    104464
shared_memory,      6994,            7,          18,                25,    104464
shared_memory,      6995,            7,          18,                25,    104464
shared_memory,      6996,            7,          18,                25,    104464
shared_memory,      6997,            7,          18,                25,    104464
shared_memory,      6998,            7,          18,                25,    104464
shared_memory,      6999,            7,          18,                25,    104464
shared_memory,      7000,            7,          18,                25,    104464
shared_memory,      7001,            7,          18,                25,    104464
shared_memory,      7002,            7,          18,                25,    104464
shared_memory,      7003,            7,          18,                25,    104464
shared_memory,      7004,            7,          18,                25,    104464
shared_memory,      7005,            7,          18,                25,    104464
shared_memory,      7006,            7,          18,                25,    104464
shared_memory,      7007,            7,          18,                25,    104464
shared_memory,      7008,            7,          18,                25,    104464
shared_memory,      7009,            7,          18,                25,    104464
shared_memory,      7010,            7,          18,                25,    104464
shared_memory,      7011,            7,          18,                25,    104464
shared_memory,      7012,            7,          18,                25,    104464
shared_memory,      7013,            7,          18,                25,    104464
shared_memory,      7014,            7,          18,                25,    104464
shared_memory,      7015,            7,          18,                25,    104464
shared_memory,      7016,            7,          18,                25,    104464
shared_memory,      7017,            7,          18,                25,    104464
shared_memory,      7018,            7,          18,                25,    104464
shared_memory,      7019,            7,          18,                25,    104464
shared_memory,      7020,            7,          18,                25,    104464
shared_memory,      7021,            7,          18,                25,    104464
shared_memory,      7022,            7,          18,                25,    104464
shared_memory,      7023,            7,          18,                25,    104464
shared_memory,      7024,            7,          18,                25,    104464
shared_memory,      7025,            7,          18,                25,    104464
shared_memory,      7026,            7,          18,                25,    104464
shared_memory,      7027,            7,          18,                25,    104464
shared_memory,      7028,            7,          18,                25,    104464
shared_memory,      7029,            7,          18,                25,    104464
shared_memory,      7030,            7,          18,                25,    104464
shared_memory,      7031,            7,          18,                25,    104464
shared_memory,      7032,            7,          18,                25,    104464
shared_memory,      7033,            7,          18,                25,    104464
shared_memory,      7034,            7,          18,                25,    104464
shared_memory,      7035,            7,          18,                25,    104464
shared_memory,      7036,            7,          18,                25,    104464
shared_memory,      7037,            7,          18,                25,    104464
shared_memory,      7038,            7,          18,                25,    104464
shared_memory,      7039,            7,          18,                25,    104464
shared_memory,      7040,            7,          18,                25,    104464
shared_memory,      7041,            7,          18,                25,    104464
shared_memory,      7042,            7,          18,                25,    104464
shared_memory,      7043,            7,          18,                25,    104464
shared_memory,      7044,            7,          18,                25,    104464
shared_memory,      7045,            7,          18,                25,    104464
shared_memory,      7046,            7,          18,                25,    104464
shared_memory,      7047,            7,          18,                25,    104464
shared_memory,      7048,            7,          18,                25,    104464
shared_memory,      7049,            7,          18,                25,    104464
shared_memory,      7050,            7,          18,                25,    104464
shared_memory,      7051,            7,          18,                25,    104464
shared_memory,      7052,            7,          18,                25,    104464
shared_memory,      7053,            7,          18,                25,    104464
shared_memory,      7054,            7,          18,                25,    104464
shared_memory,      7055,            7,          18,                25,    104464
shared_memory,      7056,            7,          18,                25,    104464
shared_memory,      7057,            7,          18,                25,    104464
shared_memory,      7058,            7,          18,                25,    104464
shared_memory,      7059,            7,          18,                25,    104464
shared_memory,      7060,            7,          18,                25,    104464
shared_memory,      7061,            7,          18,                25,    104464
shared_memory,      7062,            7,          18,                25,    104464
shared_memory,      7063,            7,          18,                25,    104464
shared_memory,      7064,            7,          18,                25,    104464
shared_memory,      7065,            7,          18,                25,    104464
shared_memory,      7066,            7,          18,                25,    104464
shared_memory,      7067,            7,          18,                25,    104464
shared_memory,      7068,            7,          18,                25,    104464
shared_memory,      7069,            7,          18,                25,    104464
shared_memory,      7070,            7,          18,                25,    104464
shared_memory,      7071,            7,          18,                25,    104464
shared_memory,      7072,            7,          18,                25,    104464
shared_memory,      7073,            7,          18,                25,    104464
shared_memory,      7074,            7,          18,                25,    104464
shared_memory,      7075,            7,          18,                25,    104464
shared_memory,      7076,            7,          18,                25,    104464
shared_memory,      7077,            7,          18,                25,    104464
shared_memory,      7078,            7,          18,                25,    104464
shared_memory,      7079,            7,          18,                25,    104464
shared_memory,      7080,            7,          18,                25,    104464
shared_memory,      7081,            7,          18,                25,    104464
shared_memory,      7082,            7,          18,                25,    104464
shared_memory,      7083,            7,          18,                25,    104464
shared_memory,      7084,            7,          18,                25,    104464
shared_memory,      7085,            7,          18,                25,    104464
shared_memory,      7086,            7,          18,                25,    104464
shared_memory,      7087,            7,          18,                25,    104464
shared_memory,      7088,            7,          18,                25,    104464
shared_memory,      7089,            7,          18,                25,    104464
shared_memory,      7090,            7,          18,                25,    104464
shared_memory,      7091,            7,          18,                25,    104464
shared_memory,      7092,            7,          18,                25,    104464
shared_memory,      7093,            7,          18,                25,    104464
shared_memory,      7094,            7,          18,                25,    104464
shared_memory,      7095,            7,          18,                25,    104464
shared_memory,      7096,            7,          18,                25,    104464
shared_memory,      7097,            7,          18,                25,    104464
shared_memory,      7098,            7,          18,                25,    104464
shared_memory,      7099,            7,          18,                25,    104464
shared_memory,      7100,            7,          18,                25,    104464
shared_memory,      7101,            7,          18,                25,    104464
shared_memory,      7102,            7,          18,                25,    104464
shared_memory,      7103,            7,          18,                25,    104464
shared_memory,      7104,            7,          18,                25,    104464
shared_memory,      7105,            7,          18,                25,    104464
shared_memory,      7106,            7,          18,                25,    104464
shared_memory,      7107,            7,          18,                25,    104464
shared_memory,      7108,            7,          18,                25,    104464
shared_memory,      7109,            7,          18,                25,    104464
shared_memory,      7110,            7,          18,                25,    104464
shared_memory,      7111,            7,          18,                25,    104464
shared_memory,      7112,            7,          18,                25,    104464
shared_memory,      7113,            7,          18,                25,    104464
shared_memory,      7114,            7,          18,                25,    104464
shared_memory,      7115,            7,          18,                25,    104464
shared_memory,      7116,            7,          18,                25,    104464
shared_memory,      7117,            7,          18,                25,    104464
shared_memory,      7118,            7,          18,                25,    104464
shared_memory,      7119,            7,          18,                25,    104464
shared_memory,      7120,            7,          18,                25,    104464
shared_memory,      7121,            7,          18,                25,    104464
shared_memory,      7122,            7,          18,                25,    104464
shared_memory,      7123,            7,          18,                25,    104464
shared_memory,      7124,            7,          18,                25,    104464
shared_memory,      7125,            7,          18,                25,    104464
shared_memory,      7126,            7,          18,                25,    104464
shared_memory,      7127,            7,          18,                25,    104464
shared_memory,      7128,            7,          18,                25,    104464
shared_memory,      7129,            7,          18,                25,    104464
shared_memory,      7130,            7,          18,                25,    104464
shared_memory,      7131,            7,          18,                25,    104464
shared_memory,      7132,            7,          18,                25,    104464
shared_memory,      7133,            7,          18,                25,    104464
shared_memory,      7134,            7,          18,                25,    104464
shared_memory,      7135,            7,          18,                25,    104464
shared_memory,      7136,            7,          18,                25,    104464
shared_memory,      7137,            7,          18,                25,    104464
shared_memory,      7138,            7,          18,                25,    104464
shared_memory,      7139,            7,          18,                25,    104464
shared_memory,      7140,            7,          18,                25,    104464
shared_memory,      7141,            7,          18,                25,    104464
shared_memory,      7142,            7,          18,                25,    104464
shared_memory,      7143,            7,          18,                25,    104464
shared_memory,      7144,            7,          18,                25,    104464
shared_memory,      7145,            7,          18,                25,    104464
shared_memory,      7146,            7,          18,                25,    104464
shared_memory,      7147,            7,          18,                25,    104464
shared_memory,      7148,            7,          18,                25,    104464
shared_memory,      7149,            7,          18,                25,    104464
shared_memory,      7150,            7,          18,                25,    104464
shared_memory,      7151,            7,          18,                25,    104464
shared_memory,      7152,            7,          18,                25,    104464
shared_memory,      7153,            7,          18,                25,    104464
shared_memory,      7154,            7,          18,                25,    104464
shared_memory,      7155,            7,          18,                25,    104464
shared_memory,      7156,            7,          18,                25,    104464
shared_memory,      7157,            7,          18,                25,    104464
shared_memory,      7158,            7,          18,                25,    104464
shared_memory,      7159,            7,          18,                25,    104464
shared_memory,      7160,            7,          18,                25,    104464
shared_memory,      7161,            7,          18,                25,    104464
shared_memory,      7162,            7,          18,                25,    104464
shared_memory,      7163,            7,          18,                25,    104464
shared_memory,      7164,            7,          18,                25,    104464
shared_memory,      7165,            7,          18,                25,    104464
shared_memory,      7166,            7,          18,                25,    104464
shared_memory,      7167,            7,          18,                25,    104464
shared_memory,      7168,            7,          18,                25,    104464
shared_memory,      7169,            7,          18,                25,    104464
shared_memory,      7170,            7,          18,                25,    104464
shared_memory,      7171,            7,          18,                25,    104464
shared_memory,      7172,            7,          18,                25,    104464
shared_memory,      7173,            7,          18,                25,    104464
shared_memory,      7174,            7,          18,                25,    104464
shared_memory,      7175,            7,          18,                25,    104464
shared_memory,      7176,            7,          18,                25,    104464
shared_memory,      7177,            7,          18,                25,    104464
shared_memory,      7178,            7,          18,                25,    104464
shared_memory,      7179,            7,          18,                25,    104464
shared_memory,      7180,            7,          18,                25,    104464
shared_memory,      7181,            7,          18,                25,    104464
shared_memory,      7182,            7,          18,                25,    104464
shared_memory,      7183,            7,          18,                25,    104464
shared_memory,      7184,            7,          18,                25,    104464
shared_memory,      7185,            7,          18,                25,    104464
shared_memory,      7186,            7,          18,                25,    104464
shared_memory,      7187,            7,          18,                25,    104464
shared_memory,      7188,            7,          18,                25,    104464
shared_memory,      7189,            7,          18,                25,    104464
shared_memory,      7190,            7,          18,                25,    104464
shared_memory,      7191,            7,          18,                25,    104464
shared_memory,      7192,            7,          18,                25,    104464
shared_memory,      7193,            7,          18,                25,    104464
shared_memory,      7194,            7,          18,                25,    104464
shared_memory,      7195,            7,          18,                25,    104464
shared_memory,      7196,            7,          18,                25,    104464
shared_memory,      7197,            7,          18,                25,    104464
shared_memory,      7198,            7,          18,                25,    104464
shared_memory,      7199,            7,          18,                25,    104464
shared_memory,      7200,            7,          18,                25,    104464
shared_memory,      7201,            7,          18,                25,    104464
shared_memory,      7202,            7,          18,                25,    104464
shared_memory,      7203,            7,          18,                25,    104464
shared_memory,      7204,            7,          18,                25,    104464
shared_memory,      7205,            7,          18,                25,    104464
shared_memory,      7206,            7,          18,                25,    104464
shared_memory,      7207,            7,          18,                25,    104464
shared_memory,      7208,            7,          18,                25,    104464
shared_memory,      7209,            7,          18,                25,    104464
shared_memory,      7210,            7,          18,                25,    104464
shared_memory,      7211,            7,          18,                25,    104464
shared_memory,      7212,            7,          18,                25,    104464
shared_memory,      7213,            7,          18,                25,    104464
shared_memory,      7214,            7,          18,                25,    104464
shared_memory,      7215,            7,          18,                25,    104464
shared_memory,      7216,            7,          18,                25,    104464
shared_memory,      7217,            7,          18,                25,    104464
shared_memory,      7218,            7,          18,                25,    104464
shared_memory,      7219,            7,          18,                25,    104464
shared_memory,      7220,            7,          18,                25,    104464
shared_memory,      7221,            7,          18,                25,    104464
shared_memory,      7222,            7,          18,                25,    104464
shared_memory,      7223,            7,          18,                25,    104464
shared_memory,      7224,            7,          18,                25,    104464
shared_memory,      7225,            7,          18,                25,    104464
shared_memory,      7226,            7,          18,                25,    104464
shared_memory,      7227,            7,          18,                25,    104464
shared_memory,      7228,            7,          18,                25,    104464
shared_memory,      7229,            7,          18,                25,    104464
shared_memory,      7230,            7,          18,                25,    104464
shared_memory,      7231,            7,          18,                25,    104464
shared_memory,      7232,            7,          18,                25,    104464
shared_memory,      7233,            7,          18,                25,    104464
shared_memory,      7234,            7,          18,                25,    104464
shared_memory,      7235,            7,          18,                25,    104464
shared_memory,      7236,            7,          18,                25,    104464
shared_memory,      7237,            7,          18,                25,    104464
shared_memory,      7238,            7,          18,                25,    104464
shared_memory,      7239,            7,          18,                25,    104464
shared_memory,      7240,            7,          18,                25,    104464
shared_memory,      7241,            7,          18,                25,    104464
shared_memory,      7242,            7,          18,                25,    104464
shared_memory,      7243,            7,          18,                25,    104464
shared_memory,      7244,            7,          18,                25,    104464
shared_memory,      7245,            7,          18,                25,    104464
shared_memory,      7246,            7,          18,                25,    104464
shared_memory,      7247,            7,          18,                25,    104464
shared_memory,      7248,            7,          18,                25,    104464
shared_memory,      7249,            7,          18,                25,    104464
shared_memory,      7250,            7,          18,                25,    104464
shared_memory,      7251,            7,          18,                25,    104464
shared_memory,      7252,            7,          18,                25,    104464
shared_memory,      7253,            7,          18,                25,    104464
shared_memory,      7254,            7,          18,                25,    104464
shared_memory,      7255,            7,          18,                25,    104464
shared_memory,      7256,            7,          18,                25,    104464
shared_memory,      7257,            7,          18,                25,    104464
shared_memory,      7258,            7,          18,                25,    104464
shared_memory,      7259,            7,          18,                25,    104464
shared_memory,      7260,            7,          18,                25,    104464
shared_memory,      7261,            7,          18,                25,    104464
shared_memory,      7262,            7,          18,                25,    104464
shared_memory,      7263,            7,          18,                25,    104464
shared_memory,      7264,            7,          18,                25,    104464
shared_memory,      7265,            7,          18,                25,    104464
shared_memory,      7266,            7,          18,                25,    104464
shared_memory,      7267,            7,          18,                25,    104464
shared_memory,      7268,            7,          18,                25,    104464
shared_memory,      7269,            7,          18,                25,    104464
shared_memory,      7270,            7,          18,                25,    104464
shared_memory,      7271,            7,          18,                25,    104464
shared_memory,      7272,            7,          18,                25,    104464
shared_memory,      7273,            7,          18,                25,    104464
shared_memory,      7274,            7,          18,                25,    104464
shared_memory,      7275,            7,          18,                25,    104464
shared_memory,      7276,            7,          18,                25,    104464
shared_memory,      7277,            7,          18,                25,    104464
shared_memory,      7278,            7,          18,                25,    104464
shared_memory,      7279,            7,          18,                25,    104464
shared_memory,      7280,            7,          18,                25,    104464
shared_memory,      7281,            7,          18,                25,    104464
shared_memory,      7282,            7,          18,                25,    104464
shared_memory,      7283,            7,          18,                25,    104464
shared_memory,      7284,            7,          18,                25,    104464
shared_memory,      7285,            7,          18,                25,    104464
shared_memory,      7286,            7,          18,                25,    104464
shared_memory,      7287,            7,          18,                25,    104464
shared_memory,      7288,            7,          18,                25,    104464
shared_memory,      7289,            7,          18,                25,    104464
shared_memory,      7290,            7,          18,                25,    104464
shared_memory,      7291,            7,          18,                25,    104464
shared_memory,      7292,            7,          18,                25,    104464
shared_memory,      7293,            7,          18,                25,    104464
shared_memory,      7294,            7,          18,                25,    104464
shared_memory,      7295,            7,          18,                25,    104464
shared_memory,      7296,            7,          18,                25,    104464
shared_memory,      7297,            7,          18,                25,    104464
shared_memory,      7298,            7,          18,                25,    104464
shared_memory,      7299,            7,          18,                25,    104464
shared_memory,      7300,            7,          18,                25,    104464
shared_memory,      7301,            7,          18,                25,    104464
shared_memory,      7302,            7,          18,                25,    104464
shared_memory,      7303,            7,          18,                25,    104464
shared_memory,      7304,            7,          18,                25,    104464
shared_memory,      7305,            7,          18,                25,    104464
shared_memory,      7306,            7,          18,                25,    104464
shared_memory,      7307,            7,          18,                25,    104464
shared_memory,      7308,            7,          18,                25,    104464
shared_memory,      7309,            7,          18,                25,    104464
shared_memory,      7310,            7,          18,                25,    104464
shared_memory,      7311,            7,          18,                25,    104464
shared_memory,      7312,            7,          18,                25,    104464
shared_memory,      7313,            7,          18,                25,    104464
shared_memory,      7314,            7,          18,                25,    104464
shared_memory,      7315,            7,          18,                25,    104464
shared_memory,      7316,            7,          18,                25,    104464
shared_memory,      7317,            7,          18,                25,    104464
shared_memory,      7318,            7,          18,                25,    104464
shared_memory,      7319,            7,          18,                25,    104464
shared_memory,      7320,            7,          18,                25,    104464
shared_memory,      7321,            7,          18,                25,    104464
shared_memory,      7322,            7,          18,                25,    104464
shared_memory,      7323,            7,          18,                25,    104464
shared_memory,      7324,            7,          18,                25,    104464
shared_memory,      7325,            7,          18,                25,    104464
shared_memory,      7326,            7,          18,                25,    104464
shared_memory,      7327,            7,          18,                25,    104464
shared_memory,      7328,            7,          18,                25,    104464
shared_memory,      7329,            7,          18,                25,    104464
shared_memory,      7330,            7,          18,                25,    104464
shared_memory,      7331,            7,          18,                25,    104464
shared_memory,      7332,            7,          18,                25,    104464
shared_memory,      7333,            7,          18,                25,    104464
shared_memory,      7334,            7,          18,                25,    104464
shared_memory,      7335,            7,          18,                25,    104464
shared_memory,      7336,            7,          18,                25,    104464
shared_memory,      7337,            7,          18,                25,    104464
shared_memory,      7338,            7,          18,                25,    104464
shared_memory,      7339,            7,          18,                25,    104464
shared_memory,      7340,            7,          18,                25,    104464
shared_memory,      7341,            7,          18,                25,    104464
shared_memory,      7342,            7,          18,                25,    104464
shared_memory,      7343,            7,          18,                25,    104464
shared_memory,      7344,            7,          18,                25,    104464
shared_memory,      7345,            7,          18,                25,    104464
shared_memory,      7346,            7,          18,                25,    104464
shared_memory,      7347,            7,          18,                25,    104464
shared_memory,      7348,            7,          18,                25,    104464
shared_memory,      7349,            7,          18,                25,    104464
shared_memory,      7350,            7,          18,                25,    104464
shared_memory,      7351,            7,          18,                25,    104464
shared_memory,      7352,            7,          18,                25,    104464
shared_memory,      7353,            7,          18,                25,    104464
shared_memory,      7354,            7,          18,                25,    104464
shared_memory,      7355,            7,          18,                25,    104464
shared_memory,      7356,            7,          18,                25,    104464
shared_memory,      7357,            7,          18,                25,    104464
shared_memory,      7358,            7,          18,                25,    104464
shared_memory,      7359,            7,          18,                25,    104464
shared_memory,      7360,            7,          18,                25,    104464
shared_memory,      7361,            7,          18,                25,    104464
shared_memory,      7362,            7,          18,                25,    104464
shared_memory,      7363,            7,          18,                25,    104464
shared_memory,      7364,            7,          18,                25,    104464
shared_memory,      7365,            7,          18,                25,    104464
shared_memory,      7366,            7,          18,                25,    104464
shared_memory,      7367,            7,          18,                25,    104464
shared_memory,      7368,            7,          18,                25,    104464
shared_memory,      7369,            7,          18,                25,    104464
shared_memory,      7370,            7,          18,                25,    104464
shared_memory,      7371,            7,          18,                25,    104464
shared_memory,      7372,            7,          18,                25,    104464
shared_memory,      7373,            7,          18,                25,    104464
shared_memory,      7374,            7,          18,                25,    104464
shared_memory,      7375,            7,          18,                25,    104464
shared_memory,      7376,            7,          18,                25,    104464
shared_memory,      7377,            7,          18,                25,    104464
shared_memory,      7378,            7,          18,                25,    104464
shared_memory,      7379,            7,          18,                25,    104464
shared_memory,      7380,            7,          18,                25,    104464
shared_memory,      7381,            7,          18,                25,    104464
shared_memory,      7382,            7,          18,                25,    104464
shared_memory,      7383,            7,          18,                25,    104464
shared_memory,      7384,            7,          18,                25,    104464
shared_memory,      7385,            7,          18,                25,    104464
shared_memory,      7386,            7,          18,                25,    104464
shared_memory,      7387,            7,          18,                25,    104464
shared_memory,      7388,            7,          18,                25,    104464
shared_memory,      7389,            7,          18,                25,    104464
shared_memory,      7390,            7,          18,                25,    104464
shared_memory,      7391,            7,          18,                25,    104464
shared_memory,      7392,            7,          18,                25,    104464
shared_memory,      7393,            7,          18,                25,    104464
shared_memory,      7394,            7,          18,                25,    104464
shared_memory,      7395,            7,          18,                25,    104464
shared_memory,      7396,            7,          18,                25,    104464
shared_memory,      7397,            7,          18,                25,    104464
shared_memory,      7398,            7,          18,                25,    104464
shared_memory,      7399,            7,          18,                25,    104464
shared_memory,      7400,            7,          18,                25,    104464
shared_memory,      7401,            7,          18,                25,    104464
shared_memory,      7402,            7,          18,                25,    104464
shared_memory,      7403,            7,          18,                25,    104464
shared_memory,      7404,            7,          18,                25,    104464
shared_memory,      7405,            7,          18,                25,    104464
shared_memory,      7406,            7,          18,                25,    104464
shared_memory,      7407,            7,          18,                25,    104464
shared_memory,      7408,            7,          18,                25,    104464
shared_memory,      7409,            7,          18,                25,    104464
shared_memory,      7410,            7,          18,                25,    104464
shared_memory,      7411,            7,          18,                25,    104464
shared_memory,      7412,            7,          18,                25,    104464
shared_memory,      7413,            7,          18,                25,    104464
shared_memory,      7414,            7,          18,                25,    104464
shared_memory,      7415,            7,          18,                25,    104464
shared_memory,      7416,            7,          18,                25,    104464
shared_memory,      7417,            7,          18,                25,    104464
shared_memory,      7418,            7,          18,                25,    104464
shared_memory,      7419,            7,          18,                25,    104464
shared_memory,      7420,            7,          18,                25,    104464
shared_memory,      7421,            7,          18,                25,    104464
shared_memory,      7422,            7,          18,                25,    104464
shared_memory,      7423,            7,          18,                25,    104464
shared_memory,      7424,            7,          18,                25,    104464
shared_memory,      7425,            7,          18,                25,    104464
shared_memory,      7426,            7,          18,                25,    104464
shared_memory,      7427,            7,          18,                25,    104464
shared_memory,      7428,            7,          18,                25,    104464
shared_memory,      7429,            7,          18,                25,    104464
shared_memory,      7430,            7,          18,                25,    104464
shared_memory,      7431,            7,          18,                25,    104464
shared_memory,      7432,            7,          18,                25,    104464
shared_memory,      7433,            7,          18,                25,    104464
shared_memory,      7434,            7,          18,                25,    104464
shared_memory,      7435,            7,          18,                25,    104464
shared_memory,      7436,            7,          18,                25,    104464
shared_memory,      7437,            7,          18,                25,    104464
shared_memory,      7438,            7,          18,                25,    104464
shared_memory,      7439,            7,          18,                25,    104464
shared_memory,      7440,            7,          18,                25,    104464
shared_memory,      7441,            7,          18,                25,    104464
shared_memory,      7442,            7,          18,                25,    104464
shared_memory,      7443,            7,          18,                25,    104464
shared_memory,      7444,            7,          18,                25,    104464
shared_memory,      7445,            7,          18,                25,    104464
shared_memory,      7446,            7,          18,                25,    104464
shared_memory,      7447,            7,          18,                25,    104464
shared_memory,      7448,            7,          18,                25,    104464
shared_memory,      7449,            7,          18,                25,    104464
shared_memory,      7450,            7,          18,                25,    104464
shared_memory,      7451,            7,          18,                25,    104464
shared_memory,      7452,            7,          18,                25,    104464
shared_memory,      7453,            7,          18,                25,    104464
shared_memory,      7454,            7,          18,                25,    104464
shared_memory,      7455,            7,          18,                25,    104464
shared_memory,      7456,            7,          18,                25,    104464
shared_memory,      7457,            7,          18,                25,    104464
shared_memory,      7458,            7,          18,                25,    104464
shared_memory,      7459,            7,          18,                25,    104464
shared_memory,      7460,            7,          18,                25,    104464
shared_memory,      7461,            7,          18,                25,    104464
shared_memory,      7462,            7,          18,                25,    104464
shared_memory,      7463,            7,          18,                25,    104464
shared_memory,      7464,            7,          18,                25,    104464
shared_memory,      7465,            7,          18,                25,    104464
shared_memory,      7466,            7,          18,                25,    104464
shared_memory,      7467,            7,          18,                25,    104464
shared_memory,      7468,            7,          18,                25,    104464
shared_memory,      7469,            7,          18,                25,    104464
shared_memory,      7470,            7,          18,                25,    104464
shared_memory,      7471,            7,          18,                25,    104464
shared_memory,      7472,            7,          18,                25,    104464
shared_memory,      7473,            7,          18,                25,    104464
shared_memory,      7474,            7,          18,                25,    104464
shared_memory,      7475,            7,          18,                25,    104464
shared_memory,      7476,            7,          18,                25,    104464
shared_memory,      7477,            7,          18,                25,    104464
shared_memory,      7478,            7,          18,                25,    104464
shared_memory,      7479,            7,          18,                25,    104464
shared_memory,      7480,            7,          18,                25,    104464
shared_memory,      7481,            7,          18,                25,    104464
shared_memory,      7482,            7,          18,                25,    104464
shared_memory,      7483,            7,          18,                25,    104464
shared_memory,      7484,            7,          18,                25,    104464
shared_memory,      7485,            7,          18,                25,    104464
shared_memory,      7486,            7,          18,                25,    104464
shared_memory,      7487,            7,          18,                25,    104464
shared_memory,      7488,            7,          18,                25,    104464
shared_memory,      7489,            7,          18,                25,    104464
shared_memory,      7490,            7,          18,                25,    104464
shared_memory,      7491,            7,          18,                25,    104464
shared_memory,      7492,            7,          18,                25,    104464
shared_memory,      7493,            7,          18,                25,    104464
shared_memory,      7494,            7,          18,                25,    104464
shared_memory,      7495,            7,          18,                25,    104464
shared_memory,      7496,            7,          18,                25,    104464
shared_memory,      7497,            7,          18,                25,    104464
shared_memory,      7498,            7,          18,                25,    104464
shared_memory,      7499,            7,          18,                25,    104464
shared_memory,      7500,            7,          18,                25,    104464
shared_memory,      7501,            7,          18,                25,    104464
shared_memory,      7502,            7,          18,                25,    104464
shared_memory,      7503,            7,          18,                25,    104464
shared_memory,      7504,            7,          18,                25,    104464
shared_memory,      7505,            7,          18,                25,    104464
shared_memory,      7506,            7,          18,                25,    104464
shared_memory,      7507,            7,          18,                25,    104464
shared_memory,      7508,            7,          18,                25,    104464
shared_memory,      7509,            7,          18,                25,    104464
shared_memory,      7510,            7,          18,                25,    104464
shared_memory,      7511,            7,          18,                25,    104464
shared_memory,      7512,            7,          18,                25,    104464
shared_memory,      7513,            7,          18,                25,    104464
shared_memory,      7514,            7,          18,                25,    104464
shared_memory,      7515,            7,          18,                25,    104464
shared_memory,      7516,            7,          18,                25,    104464
shared_memory,      7517,            7,          18,                25,    104464
shared_memory,      7518,            7,          18,                25,    104464
shared_memory,      7519,            7,          18,                25,    104464
shared_memory,      7520,            7,          18,                25,    104464
shared_memory,      7521,            7,          18,                25,    104464
shared_memory,      7522,            7,          18,                25,    104464
shared_memory,      7523,            7,          18,                25,    104464
shared_memory,      7524,            7,          18,                25,    104464
shared_memory,      7525,            7,          18,                25,    104464
shared_memory,      7526,            7,          18,                25,    104464
shared_memory,      7527,            7,          18,                25,    104464
shared_memory,      7528,            7,          18,                25,    104464
shared_memory,      7529,            7,          18,                25,    104464
shared_memory,      7530,            7,          18,                25,    104464
shared_memory,      7531,            7,          18,                25,    104464
shared_memory,      7532,            7,          18,                25,    104464
shared_memory,      7533,            7,          18,                25,    104464
shared_memory,      7534,            7,          18,                25,    104464
shared_memory,      7535,            7,          18,                25,    104464
shared_memory,      7536,            7,          18,                25,    104464
shared_memory,      7537,            7,          18,                25,    104464
shared_memory,      7538,            7,          18,                25,    104464
shared_memory,      7539,            7,          18,                25,    104464
shared_memory,      7540,            7,          18,                25,    104464
shared_memory,      7541,            7,          18,                25,    104464
shared_memory,      7542,            7,          18,                25,    104464
shared_memory,      7543,            7,          18,                25,    104464
shared_memory,      7544,            7,          18,                25,    104464
shared_memory,      7545,            7,          18,                25,    104464
shared_memory,      7546,            7,          18,                25,    104464
shared_memory,      7547,            7,          18,                25,    104464
shared_memory,      7548,            7,          18,                25,    104464
shared_memory,      7549,            7,          18,                25,    104464
shared_memory,      7550,            7,          18,                25,    104464
shared_memory,      7551,            7,          18,                25,    104464
shared_memory,      7552,            7,          18,                25,    104464
shared_memory,      7553,            7,          18,                25,    104464
shared_memory,      7554,            7,          18,                25,    104464
shared_memory,      7555,            7,          18,                25,    104464
shared_memory,      7556,            7,          18,                25,    104464
shared_memory,      7557,            7,          18,                25,    104464
shared_memory,      7558,            7,          18,                25,    104464
shared_memory,      7559,            7,          18,                25,    104464
shared_memory,      7560,            7,          18,                25,    104464
shared_memory,      7561,            7,          18,                25,    104464
shared_memory,      7562,            7,          18,                25,    104464
shared_memory,      7563,            7,          18,                25,    104464
shared_memory,      7564,            7,          18,                25,    104464
shared_memory,      7565,            7,          18,                25,    104464
shared_memory,      7566,            7,          18,                25,    104464
shared_memory,      7567,            7,          18,                25,    104464
shared_memory,      7568,            7,          18,                25,    104464
shared_memory,      7569,            7,          18,                25,    104464
shared_memory,      7570,            7,          18,                25,    104464
shared_memory,      7571,            7,          18,                25,    104464
shared_memory,      7572,            7,          18,                25,    104464
shared_memory,      7573,            7,          18,                25,    104464
shared_memory,      7574,            7,          18,                25,    104464
shared_memory,      7575,            7,          18,                25,    104464
shared_memory,      7576,            7,          18,                25,    104464
shared_memory,      7577,            7,          18,                25,    104464
shared_memory,      7578,            7,          18,                25,    104464
shared_memory,      7579,            7,          18,                25,    104464
shared_memory,      7580,            7,          18,                25,    104464
shared_memory,      7581,            7,          18,                25,    104464
shared_memory,      7582,            7,          18,                25,    104464
shared_memory,      7583,            7,          18,                25,    104464
shared_memory,      7584,            7,          18,                25,    104464
shared_memory,      7585,            7,          18,                25,    104464
shared_memory,      7586,            7,          18,                25,    104464
shared_memory,      7587,            7,          18,                25,    104464
shared_memory,      7588,            7,          18,                25,    104464
shared_memory,      7589,            7,          18,                25,    104464
shared_memory,      7590,            7,          18,                25,    104464
shared_memory,      7591,            7,          18,                25,    104464
shared_memory,      7592,            7,          18,                25,    104464
shared_memory,      7593,            7,          18,                25,    104464
shared_memory,      7594,            7,          18,                25,    104464
shared_memory,      7595,            7,          18,                25,    104464
shared_memory,      7596,            7,          18,                25,    104464
shared_memory,      7597,            7,          18,                25,    104464
shared_memory,      7598,            7,          18,                25,    104464
shared_memory,      7599,            7,          18,                25,    104464
shared_memory,      7600,            7,          18,                25,    104464
shared_memory,      7601,            7,          18,                25,    104464
shared_memory,      7602,            7,          18,                25,    104464
shared_memory,      7603,            7,          18,                25,    104464
shared_memory,      7604,            7,          18,                25,    104464
shared_memory,      7605,            7,          18,                25,    104464
shared_memory,      7606,            7,          18,                25,    104464
shared_memory,      7607,            7,          18,                25,    104464
shared_memory,      7608,            7,          18,                25,    104464
shared_memory,      7609,            7,          18,                25,    104464
shared_memory,      7610,            7,          18,                25,    104464
shared_memory,      7611,            7,          18,                25,    104464
shared_memory,      7612,            7,          18,                25,    104464
shared_memory,      7613,            7,          18,                25,    104464
shared_memory,      7614,            7,          18,                25,    104464
shared_memory,      7615,            7,          18,                25,    104464
shared_memory,      7616,            7,          18,                25,    104464
shared_memory,      7617,            7,          18,                25,    104464
shared_memory,      7618,            7,          18,                25,    104464
shared_memory,      7619,            7,          18,                25,    104464
shared_memory,      7620,            7,          18,                25,    104464
shared_memory,      7621,            7,          18,                25,    104464
shared_memory,      7622,            7,          18,                25,    104464
shared_memory,      7623,            7,          18,                25,    104464
shared_memory,      7624,            7,          18,                25,    104464
shared_memory,      7625,            7,          18,                25,    104464
shared_memory,      7626,            7,          18,                25,    104464
shared_memory,      7627,            7,          18,                25,    104464
shared_memory,      7628,            7,          18,                25,    104464
shared_memory,      7629,            7,          18,                25,    104464
shared_memory,      7630,            7,          18,                25,    104464
shared_memory,      7631,            7,          18,                25,    104464
shared_memory,      7632,            7,          18,                25,    104464
shared_memory,      7633,            7,          18,                25,    104464
shared_memory,      7634,            7,          18,                25,    104464
shared_memory,      7635,            7,          18,                25,    104464
shared_memory,      7636,            7,          18,                25,    104464
shared_memory,      7637,            7,          18,                25,    104464
shared_memory,      7638,            7,          18,                25,    104464
shared_memory,      7639,            7,          18,                25,    104464
shared_memory,      7640,            7,          18,                25,    104464
shared_memory,      7641,            7,          18,                25,    104464
shared_memory,      7642,            7,          18,                25,    104464
shared_memory,      7643,            7,          18,                25,    104464
shared_memory,      7644,            7,          18,                25,    104464
shared_memory,      7645,            7,          18,                25,    104464
shared_memory,      7646,            7,          18,                25,    104464
shared_memory,      7647,            7,          18,                25,    104464
shared_memory,      7648,            7,          18,                25,    104464
shared_memory,      7649,            7,          18,                25,    104464
shared_memory,      7650,            7,          18,                25,    104464
shared_memory,      7651,            7,          18,                25,    104464
shared_memory,      7652,            7,          18,                25,    104464
shared_memory,      7653,            7,          18,                25,    104464
shared_memory,      7654,            7,          18,                25,    104464
shared_memory,      7655,            7,          18,                25,    104464
shared_memory,      7656,            7,          18,                25,    104464
shared_memory,      7657,            7,          18,                25,    104464
shared_memory,      7658,            7,          18,                25,    104464
shared_memory,      7659,            7,          18,                25,    104464
shared_memory,      7660,            7,          18,                25,    104464
shared_memory,      7661,            7,          18,                25,    104464
shared_memory,      7662,            7,          18,                25,    104464
shared_memory,      7663,            7,          18,                25,    104464
shared_memory,      7664,            7,          18,                25,    104464
shared_memory,      7665,            7,          18,                25,    104464
shared_memory,      7666,            7,          18,                25,    104464
shared_memory,      7667,            7,          18,                25,    104464
shared_memory,      7668,            7,          18,                25,    104464
shared_memory,      7669,            7,          18,                25,    104464
shared_memory,      7670,            7,          18,                25,    104464
shared_memory,      7671,            7,          18,                25,    104464
shared_memory,      7672,            7,          18,                25,    104464
shared_memory,      7673,            7,          18,                25,    104464
shared_memory,      7674,            7,          18,                25,    104464
shared_memory,      7675,            7,          18,                25,    104464
shared_memory,      7676,            7,          18,                25,    104464
shared_memory,      7677,            7,          18,                25,    104464
shared_memory,      7678,            7,          18,                25,    104464
shared_memory,      7679,            7,          18,                25,    104464
shared_memory,      7680,            7,          18,                25,    104464
shared_memory,      7681,            7,          18,                25,    104464
shared_memory,      7682,            7,          18,                25,    104464
shared_memory,      7683,            7,          18,                25,    104464
shared_memory,      7684,            7,          18,                25,    104464
shared_memory,      7685,            7,          18,                25,    104464
shared_memory,      7686,            7,          18,                25,    104464
shared_memory,      7687,            7,          18,                25,    104464
shared_memory,      7688,            7,          18,                25,    104464
shared_memory,      7689,            7,          18,                25,    104464
shared_memory,      7690,            7,          18,                25,    104464
shared_memory,      7691,            7,          18,                25,    104464
shared_memory,      7692,            7,          18,                25,    104464
shared_memory,      7693,            7,          18,                25,    104464
shared_memory,      7694,            7,          18,                25,    104464
shared_memory,      7695,            7,          18,                25,    104464
shared_memory,      7696,            7,          18,                25,    104464
shared_memory,      7697,            7,          18,                25,    104464
shared_memory,      7698,            7,          18,                25,    104464
shared_memory,      7699,            7,          18,                25,    104464
shared_memory,      7700,            7,          18,                25,    104464
shared_memory,      7701,            7,          18,                25,    104464
shared_memory,      7702,            7,          18,                25,    104464
shared_memory,      7703,            7,          18,                25,    104464
shared_memory,      7704,            7,          18,                25,    104464
shared_memory,      7705,            7,          18,                25,    104464
shared_memory,      7706,            7,          18,                25,    104464
shared_memory,      7707,            7,          18,                25,    104464
shared_memory,      7708,            7,          18,                25,    104464
shared_memory,      7709,            7,          18,                25,    104464
shared_memory,      7710,            7,          18,                25,    104464
shared_memory,      7711,            7,          18,                25,    104464
shared_memory,      7712,            7,          18,                25,    104464
shared_memory,      7713,            7,          18,                25,    104464
shared_memory,      7714,            7,          18,                25,    104464
shared_memory,      7715,            7,          18,                25,    104464
shared_memory,      7716,            7,          18,                25,    104464
shared_memory,      7717,            7,          18,                25,    104464
shared_memory,      7718,            7,          18,                25,    104464
shared_memory,      7719,            7,          18,                25,    104464
shared_memory,      7720,            7,          18,                25,    104464
shared_memory,      7721,            7,          18,                25,    104464
shared_memory,      7722,            7,          18,                25,    104464
shared_memory,      7723,            7,          18,                25,    104464
shared_memory,      7724,            7,          18,                25,    104464
shared_memory,      7725,            7,          18,                25,    104464
shared_memory,      7726,            7,          18,                25,    104464
shared_memory,      7727,            7,          18,                25,    104464
shared_memory,      7728,            7,          18,                25,    104464
shared_memory,      7729,            7,          18,                25,    104464
shared_memory,      7730,            7,          18,                25,    104464
shared_memory,      7731,            7,          18,                25,    104464
shared_memory,      7732,            7,          18,                25,    104464
shared_memory,      7733,            7,          18,                25,    104464
shared_memory,      7734,            7,          18,                25,    104464
shared_memory,      7735,            7,          18,                25,    104464
shared_memory,      7736,            7,          18,                25,    104464
shared_memory,      7737,            7,          18,                25,    104464
shared_memory,      7738,            7,          18,                25,    104464
shared_memory,      7739,            7,          18,                25,    104464
shared_memory,      7740,            7,          18,                25,    104464
shared_memory,      7741,            7,          18,                25,    104464
shared_memory,      7742,            7,          18,                25,    104464
shared_memory,      7743,            7,          18,                25,    104464
shared_memory,      7744,            7,          18,                25,    104464
shared_memory,      7745,            7,          18,                25,    104464
shared_memory,      7746,            7,          18,                25,    104464
shared_memory,      7747,            7,          18,                25,    104464
shared_memory,      7748,            7,          18,                25,    104464
shared_memory,      7749,            7,          18,                25,    104464
shared_memory,      7750,            7,          18,                25,    104464
shared_memory,      7751,            7,          18,                25,    104464
shared_memory,      7752,            7,          18,                25,    104464
shared_memory,      7753,            7,          18,                25,    104464
shared_memory,      7754,            7,          18,                25,    104464
shared_memory,      7755,            7,          18,                25,    104464
shared_memory,      7756,            7,          18,                25,    104464
shared_memory,      7757,            7,          18,                25,    104464
shared_memory,      7758,            7,          18,                25,    104464
shared_memory,      7759,            7,          18,                25,    104464
shared_memory,      7760,            7,          18,                25,    104464
shared_memory,      7761,            7,          18,                25,    104464
shared_memory,      7762,            7,          18,                25,    104464
shared_memory,      7763,            7,          18,                25,    104464
shared_memory,      7764,            7,          18,                25,    104464
shared_memory,      7765,            7,          18,                25,    104464
shared_memory,      7766,            7,          18,                25,    104464
shared_memory,      7767,            7,          18,                25,    104464
shared_memory,      7768,            7,          18,                25,    104464
shared_memory,      7769,            7,          18,                25,    104464
shared_memory,      7770,            7,          18,                25,    104464
shared_memory,      7771,            7,          18,                25,    104464
shared_memory,      7772,            7,          18,                25,    104464
shared_memory,      7773,            7,          18,                25,    104464
shared_memory,      7774,            7,          18,                25,    104464
shared_memory,      7775,            7,          18,                25,    104464
shared_memory,      7776,            7,          18,                25,    104464
shared_memory,      7777,            7,          18,                25,    104464
shared_memory,      7778,            7,          18,                25,    104464
shared_memory,      7779,            7,          18,                25,    104464
shared_memory,      7780,            7,          18,                25,    104464
shared_memory,      7781,            7,          18,                25,    104464
shared_memory,      7782,            7,          18,                25,    104464
shared_memory,      7783,            7,          18,                25,    104464
shared_memory,      7784,            7,          18,                25,    104464
shared_memory,      7785,            7,          18,                25,    104464
shared_memory,      7786,            7,          18,                25,    104464
shared_memory,      7787,            7,          18,                25,    104464
shared_memory,      7788,            7,          18,                25,    104464
shared_memory,      7789,            7,          18,                25,    104464
shared_memory,      7790,            7,          18,                25,    104464
shared_memory,      7791,            7,          18,                25,    104464
shared_memory,      7792,            7,          18,                25,    104464
shared_memory,      7793,            7,          18,                25,    104464
shared_memory,      7794,            7,          18,                25,    104464
shared_memory,      7795,            7,          18,                25,    104464
shared_memory,      7796,            7,          18,                25,    104464
shared_memory,      7797,            7,          18,                25,    104464
shared_memory,      7798,            7,          18,                25,    104464
shared_memory,      7799,            7,          18,                25,    104464
shared_memory,      7800,            7,          18,                25,    104464
shared_memory,      7801,            7,          18,                25,    104464
shared_memory,      7802,            7,          18,                25,    104464
shared_memory,      7803,            7,          18,                25,    104464
shared_memory,      7804,            7,          18,                25,    104464
shared_memory,      7805,            7,          18,                25,    104464
shared_memory,      7806,            7,          18,                25,    104464
shared_memory,      7807,            7,          18,                25,    104464
shared_memory,      7808,            7,          18,                25,    104464
shared_memory,      7809,            7,          18,                25,    104464
shared_memory,      7810,            7,          18,                25,    104464
shared_memory,      7811,            7,          18,                25,    104464
shared_memory,      7812,            7,          18,                25,    104464
shared_memory,      7813,            7,          18,                25,    104464
shared_memory,      7814,            7,          18,                25,    104464
shared_memory,      7815,            7,          18,                25,    104464
shared_memory,      7816,            7,          18,                25,    104464
shared_memory,      7817,            7,          18,                25,    104464
shared_memory,      7818,            7,          18,                25,    104464
shared_memory,      7819,            7,          18,                25,    104464
shared_memory,      7820,            7,          18,                25,    104464
shared_memory,      7821,            7,          18,                25,    104464
shared_memory,      7822,            7,          18,                25,    104464
shared_memory,      7823,            7,          18,                25,    104464
shared_memory,      7824,            7,          18,                25,    104464
shared_memory,      7825,            7,          18,                25,    104464
shared_memory,      7826,            7,          18,                25,    104464
shared_memory,      7827,            7,          18,                25,    104464
shared_memory,      7828,            7,          18,                25,    104464
shared_memory,      7829,            7,          18,                25,    104464
shared_memory,      7830,            7,          18,                25,    104464
shared_memory,      7831,            7,          18,                25,    104464
shared_memory,      7832,            7,          18,                25,    104464
shared_memory,      7833,            7,          18,                25,    104464
shared_memory,      7834,            7,          18,                25,    104464
shared_memory,      7835,            7,          18,                25,    104464
shared_memory,      7836,            7,          18,                25,    104464
shared_memory,      7837,            7,          18,                25,    104464
shared_memory,      7838,            7,          18,                25,    104464
shared_memory,      7839,            7,          18,                25,    104464
shared_memory,      7840,            7,          18,                25,    104464
shared_memory,      7841,            7,          18,                25,    104464
shared_memory,      7842,            7,          18,                25,    104464
shared_memory,      7843,            7,          18,                25,    104464
shared_memory,      7844,            7,          18,                25,    104464
shared_memory,      7845,            7,          18,                25,    104464
shared_memory,      7846,            7,          18,                25,    104464
shared_memory,      7847,            7,          18,                25,    104464
shared_memory,      7848,            7,          18,                25,    104464
shared_memory,      7849,            7,          18,                25,    104464
shared_memory,      7850,            7,          18,                25,    104464
shared_memory,      7851,            7,          18,                25,    104464
shared_memory,      7852,            7,          18,                25,    104464
shared_memory,      7853,            7,          18,                25,    104464
shared_memory,      7854,            7,          18,                25,    104464
shared_memory,      7855,            7,          18,                25,    104464
shared_memory,      7856,            7,          18,                25,    104464
shared_memory,      7857,            7,          18,                25,    104464
shared_memory,      7858,            7,          18,                25,    104464
shared_memory,      7859,            7,          18,                25,    104464
shared_memory,      7860,            7,          18,                25,    104464
shared_memory,      7861,            7,          18,                25,    104464
shared_memory,      7862,            7,          18,                25,    104464
shared_memory,      7863,            7,          18,                25,    104464
shared_memory,      7864,            7,          18,                25,    104464
shared_memory,      7865,            7,          18,                25,    104464
shared_memory,      7866,            7,          18,                25,    104464
shared_memory,      7867,            7,          18,                25,    104464
shared_memory,      7868,            7,          18,                25,    104464
shared_memory,      7869,            7,          18,                25,    104464
shared_memory,      7870,            7,          18,                25,    104464
shared_memory,      7871,            7,          18,                25,    104464
shared_memory,      7872,            7,          18,                25,    104464
shared_memory,      7873,            7,          18,                25,    104464
shared_memory,      7874,            7,          18,                25,    104464
shared_memory,      7875,            7,          18,                25,    104464
shared_memory,      7876,            7,          18,                25,    104464
shared_memory,      7877,            7,          18,                25,    104464
shared_memory,      7878,            7,          18,                25,    104464
shared_memory,      7879,            7,          18,                25,    104464
shared_memory,      7880,            7,          18,                25,    104464
shared_memory,      7881,            7,          18,                25,    104464
shared_memory,      7882,            7,          18,                25,    104464
shared_memory,      7883,            7,          18,                25,    104464
shared_memory,      7884,            7,          18,                25,    104464
shared_memory,      7885,            7,          18,                25,    104464
shared_memory,      7886,            7,          18,                25,    104464
shared_memory,      7887,            7,          18,                25,    104464
shared_memory,      7888,            7,          18,                25,    104464
shared_memory,      7889,            7,          18,                25,    104464
shared_memory,      7890,            7,          18,                25,    104464
shared_memory,      7891,            7,          18,                25,    104464
shared_memory,      7892,            7,          18,                25,    104464
shared_memory,      7893,            7,          18,                25,    104464
shared_memory,      7894,            7,          18,                25,    104464
shared_memory,      7895,            7,          18,                25,    104464
shared_memory,      7896,            7,          18,                25,    104464
shared_memory,      7897,            7,          18,                25,    104464
shared_memory,      7898,            7,          18,                25,    104464
shared_memory,      7899,            7,          18,                25,    104464
shared_memory,      7900,            7,          18,                25,    104464
shared_memory,      7901,            7,          18,                25,    104464
shared_memory,      7902,            7,          18,                25,    104464
shared_memory,      7903,            7,          18,                25,    104464
shared_memory,      7904,            7,          18,                25,    104464
shared_memory,      7905,            7,          18,                25,    104464
shared_memory,      7906,            7,          18,                25,    104464
shared_memory,      7907,            7,          18,                25,    104464
shared_memory,      7908,            7,          18,                25,    104464
shared_memory,      7909,            7,          18,                25,    104464
shared_memory,      7910,            7,          18,                25,    104464
shared_memory,      7911,            7,          18,                25,    104464
shared_memory,      7912,            7,          18,                25,    104464
shared_memory,      7913,            7,          18,                25,    104464
shared_memory,      7914,            7,          18,                25,    104464
shared_memory,      7915,            7,          18,                25,    104464
shared_memory,      7916,            7,          18,                25,    104464
shared_memory,      7917,            7,          18,                25,    104464
shared_memory,      7918,            7,          18,                25,    104464
shared_memory,      7919,            7,          18,                25,    104464
shared_memory,      7920,            7,          18,                25,    104464
shared_memory,      7921,            7,          18,                25,    104464
shared_memory,      7922,            7,          18,                25,    104464
shared_memory,      7923,            7,          18,                25,    104464
shared_memory,      7924,            7,          18,                25,    104464
shared_memory,      7925,            7,          18,                25,    104464
shared_memory,      7926,            7,          18,                25,    104464
shared_memory,      7927,            7,          18,                25,    104464
shared_memory,      7928,            7,          18,                25,    104464
shared_memory,      7929,            7,          18,                25,    104464
shared_memory,      7930,            7,          18,                25,    104464
shared_memory,      7931,            7,          18,                25,    104464
shared_memory,      7932,            7,          18,                25,    104464
shared_memory,      7933,            7,          18,                25,    104464
shared_memory,      7934,            7,          18,                25,    104464
shared_memory,      7935,            7,          18,                25,    104464
shared_memory,      7936,            7,          18,                25,    104464
shared_memory,      7937,            7,          18,                25,    104464
shared_memory,      7938,            7,          18,                25,    104464
shared_memory,      7939,            7,          18,                25,    104464
shared_memory,      7940,            7,          18,                25,    104464
shared_memory,      7941,            7,          18,                25,    104464
shared_memory,      7942,            7,          18,                25,    104464
shared_memory,      7943,            7,          18,                25,    104464
shared_memory,      7944,            7,          18,                25,    104464
shared_memory,      7945,            7,          18,                25,    104464
shared_memory,      7946,            7,          18,                25,    104464
shared_memory,      7947,            7,          18,                25,    104464
shared_memory,      7948,            7,          18,                25,    104464
shared_memory,      7949,            7,          18,                25,    104464
shared_memory,      7950,            7,          18,                25,    104464
shared_memory,      7951,            7,          18,                25,    104464
shared_memory,      7952,            7,          18,                25,    104464
shared_memory,      7953,            7,          18,                25,    104464
shared_memory,      7954,            7,          18,                25,    104464
shared_memory,      7955,            7,          18,                25,    104464
shared_memory,      7956,            7,          18,                25,    104464
shared_memory,      7957,            7,          18,                25,    104464
shared_memory,      7958,            7,          18,                25,    104464
shared_memory,      7959,            7,          18,                25,    104464
shared_memory,      7960,            7,          18,                25,    104464
shared_memory,      7961,            7,          18,                25,    104464
shared_memory,      7962,            7,          18,                25,    104464
shared_memory,      7963,            7,          18,                25,    104464
shared_memory,      7964,            7,          18,                25,    104464
shared_memory,      7965,            7,          18,                25,    104464
shared_memory,      7966,            7,          18,                25,    104464
shared_memory,      7967,            7,          18,                25,    104464
shared_memory,      7968,            7,          18,                25,    104464
shared_memory,      7969,            7,          18,                25,    104464
shared_memory,      7970,            7,          18,                25,    104464
shared_memory,      7971,            7,          18,                25,    104464
shared_memory,      7972,            7,          18,                25,    104464
shared_memory,      7973,            7,          18,                25,    104464
shared_memory,      7974,            7,          18,                25,    104464
shared_memory,      7975,            7,          18,                25,    104464
shared_memory,      7976,            7,          18,                25,    104464
shared_memory,      7977,            7,          18,                25,    104464
shared_memory,      7978,            7,          18,                25,    104464
shared_memory,      7979,            7,          18,                25,    104464
shared_memory,      7980,            7,          18,                25,    104464
shared_memory,      7981,            7,          18,                25,    104464
shared_memory,      7982,            7,          18,                25,    104464
shared_memory,      7983,            7,          18,                25,    104464
shared_memory,      7984,            7,          18,                25,    104464
shared_memory,      7985,            7,          18,                25,    104464
shared_memory,      7986,            7,          18,                25,    104464
shared_memory,      7987,            7,          18,                25,    104464
shared_memory,      7988,            7,          18,                25,    104464
shared_memory,      7989,            7,          18,                25,    104464
shared_memory,      7990,            7,          18,                25,    104464
shared_memory,      7991,            7,          18,                25,    104464
shared_memory,      7992,            7,          18,                25,    104464
shared_memory,      7993,            7,          18,                25,    104464
shared_memory,      7994,            7,          18,                25,    104464
shared_memory,      7995,            7,          18,                25,    104464
shared_memory,      7996,            7,          18,                25,    104464
shared_memory,      7997,            7,          18,                25,    104464
shared_memory,      7998,            7,          18,                25,    104464
shared_memory,      7999,            7,          18,                25,    104464
shared_memory,      8000,            7,          18,                25,    104464
shared_memory,      8001,            7,          18,                25,    104464
shared_memory,      8002,            7,          18,                25,    104464
shared_memory,      8003,            7,          18,                25,    104464
shared_memory,      8004,            7,          18,                25,    104464
shared_memory,      8005,            7,          18,                25,    104464
shared_memory,      8006,            7,          18,                25,    104464
shared_memory,      8007,            7,          18,                25,    104464
shared_memory,      8008,            7,          18,                25,    104464
shared_memory,      8009,            7,          18,                25,    104464
shared_memory,      8010,            7,          18,                25,    104464
shared_memory,      8011,            7,          18,                25,    104464
shared_memory,      8012,            7,          18,                25,    104464
shared_memory,      8013,            7,          18,                25,    104464
shared_memory,      8014,            7,          18,                25,    104464
shared_memory,      8015,            7,          18,                25,    104464
shared_memory,      8016,            7,          18,                25,    104464
shared_memory,      8017,            7,          18,                25,    104464
shared_memory,      8018,            7,          18,                25,    104464
shared_memory,      8019,            7,          18,                25,    104464
shared_memory,      8020,            7,          18,                25,    104464
shared_memory,      8021,            7,          18,                25,    104464
shared_memory,      8022,            7,          18,                25,    104464
shared_memory,      8023,            7,          18,                25,    104464
shared_memory,      8024,            7,          18,                25,    104464
shared_memory,      8025,            7,          18,                25,    104464
shared_memory,      8026,            7,          18,                25,    104464
shared_memory,      8027,            7,          18,                25,    104464
shared_memory,      8028,            7,          18,                25,    104464
shared_memory,      8029,            7,          18,                25,    104464
shared_memory,      8030,            7,          18,                25,    104464
shared_memory,      8031,            7,          18,                25,    104464
shared_memory,      8032,            7,          18,                25,    104464
shared_memory,      8033,            7,          18,                25,    104464
shared_memory,      8034,            7,          18,                25,    104464
shared_memory,      8035,            7,          18,                25,    104464
shared_memory,      8036,            7,          18,                25,    104464
shared_memory,      8037,            7,          18,                25,    104464
shared_memory,      8038,            7,          18,                25,    104464
shared_memory,      8039,            7,          18,                25,    104464
shared_memory,      8040,            7,          18,                25,    104464
shared_memory,      8041,            7,          18,                25,    104464
shared_memory,      8042,            7,          18,                25,    104464
shared_memory,      8043,            7,          18,                25,    104464
shared_memory,      8044,            7,          18,                25,    104464
shared_memory,      8045,            7,          18,                25,    104464
shared_memory,      8046,            7,          18,                25,    104464
shared_memory,      8047,            7,          18,                25,    104464
shared_memory,      8048,            7,          18,                25,    104464
shared_memory,      8049,            7,          18,                25,    104464
shared_memory,      8050,            7,          18,                25,    104464
shared_memory,      8051,            7,          18,                25,    104464
shared_memory,      8052,            7,          18,                25,    104464
shared_memory,      8053,            7,          18,                25,    104464
shared_memory,      8054,            7,          18,                25,    104464
shared_memory,      8055,            7,          18,                25,    104464
shared_memory,      8056,            7,          18,                25,    104464
shared_memory,      8057,            7,          18,                25,    104464
shared_memory,      8058,            7,          18,                25,    104464
shared_memory,      8059,            7,          18,                25,    104464
shared_memory,      8060,            7,          18,                25,    104464
shared_memory,      8061,            7,          18,                25,    104464
shared_memory,      8062,            7,          18,                25,    104464
shared_memory,      8063,            7,          18,                25,    104464
shared_memory,      8064,            7,          18,                25,    104464
shared_memory,      8065,            7,          18,                25,    104464
shared_memory,      8066,            7,          18,                25,    104464
shared_memory,      8067,            7,          18,                25,    104464
shared_memory,      8068,            7,          18,                25,    104464
shared_memory,      8069,            7,          18,                25,    104464
shared_memory,      8070,            7,          18,                25,    104464
shared_memory,      8071,            7,          18,                25,    104464
shared_memory,      8072,            7,          18,                25,    104464
shared_memory,      8073,            7,          18,                25,    104464
shared_memory,      8074,            7,          18,                25,    104464
shared_memory,      8075,            7,          18,                25,    104464
shared_memory,      8076,            7,          18,                25,    104464
shared_memory,      8077,            7,          18,                25,    104464
shared_memory,      8078,            7,          18,                25,    104464
shared_memory,      8079,            7,          18,                25,    104464
shared_memory,      8080,            7,          18,                25,    104464
shared_memory,      8081,            7,          18,                25,    104464
shared_memory,      8082,            7,          18,                25,    104464
shared_memory,      8083,            7,          18,                25,    104464
shared_memory,      8084,            7,          18,                25,    104464
shared_memory,      8085,            7,          18,                25,    104464
shared_memory,      8086,            7,          18,                25,    104464
shared_memory,      8087,            7,          18,                25,    104464
shared_memory,      8088,            7,          18,                25,    104464
shared_memory,      8089,            7,          18,                25,    104464
shared_memory,      8090,            7,          18,                25,    104464
shared_memory,      8091,            7,          18,                25,    104464
shared_memory,      8092,            7,          18,                25,    104464
shared_memory,      8093,            7,          18,                25,    104464
shared_memory,      8094,            7,          18,                25,    104464
shared_memory,      8095,            7,          18,                25,    104464
shared_memory,      8096,            7,          18,                25,    104464
shared_memory,      8097,            7,          18,                25,    104464
shared_memory,      8098,            7,          18,                25,    104464
shared_memory,      8099,            7,          18,                25,    104464
shared_memory,      8100,            7,          18,                25,    104464
shared_memory,      8101,            7,          18,                25,    104464
shared_memory,      8102,            7,          18,                25,    104464
shared_memory,      8103,            7,          18,                25,    104464
shared_memory,      8104,            7,          18,                25,    104464
shared_memory,      8105,            7,          18,                25,    104464
shared_memory,      8106,            7,          18,                25,    104464
shared_memory,      8107,            7,          18,                25,    104464
shared_memory,      8108,            7,          18,                25,    104464
shared_memory,      8109,            7,          18,                25,    104464
shared_memory,      8110,            7,          18,                25,    104464
shared_memory,      8111,            7,          18,                25,    104464
shared_memory,      8112,            7,          18,                25,    104464
shared_memory,      8113,            7,          18,                25,    104464
shared_memory,      8114,            7,          18,                25,    104464
shared_memory,      8115,            7,          18,                25,    104464
shared_memory,      8116,            7,          18,                25,    104464
shared_memory,      8117,            7,          18,                25,    104464
shared_memory,      8118,            7,          18,                25,    104464
shared_memory,      8119,            7,          18,                25,    104464
shared_memory,      8120,            7,          18,                25,    104464
shared_memory,      8121,            7,          18,                25,    104464
shared_memory,      8122,            7,          18,                25,    104464
shared_memory,      8123,            7,          18,                25,    104464
shared_memory,      8124,            7,          18,                25,    104464
shared_memory,      8125,            7,          18,                25,    104464
shared_memory,      8126,            7,          18,                25,    104464
shared_memory,      8127,            7,          18,                25,    104464
shared_memory,      8128,            7,          18,                25,    104464
shared_memory,      8129,            7,          18,                25,    104464
shared_memory,      8130,            7,          18,                25,    104464
shared_memory,      8131,            7,          18,                25,    104464
shared_memory,      8132,            7,          18,                25,    104464
shared_memory,      8133,            7,          18,                25,    104464
shared_memory,      8134,            7,          18,                25,    104464
shared_memory,      8135,            7,          18,                25,    104464
shared_memory,      8136,            7,          18,                25,    104464
shared_memory,      8137,            7,          18,                25,    104464
shared_memory,      8138,            7,          18,                25,    104464
shared_memory,      8139,            7,          18,                25,    104464
shared_memory,      8140,            7,          18,                25,    104464
shared_memory,      8141,            7,          18,                25,    104464
shared_memory,      8142,            7,          18,                25,    104464
shared_memory,      8143,            7,          18,                25,    104464
shared_memory,      8144,            7,          18,                25,    104464
shared_memory,      8145,            7,          18,                25,    104464
shared_memory,      8146,            7,          18,                25,    104464
shared_memory,      8147,            7,          18,                25,    104464
shared_memory,      8148,            7,          18,                25,    104464
shared_memory,      8149,            7,          18,                25,    104464
shared_memory,      8150,            7,          18,                25,    104464
shared_memory,      8151,            7,          18,                25,    104464
shared_memory,      8152,            7,          18,                25,    104464
shared_memory,      8153,            7,          18,                25,    104464
shared_memory,      8154,            7,          18,                25,    104464
shared_memory,      8155,            7,          18,                25,    104464
shared_memory,      8156,            7,          18,                25,    104464
shared_memory,      8157,            7,          18,                25,    104464
shared_memory,      8158,            7,          18,                25,    104464
shared_memory,      8159,            7,          18,                25,    104464
shared_memory,      8160,            7,          18,                25,    104464
shared_memory,      8161,            7,          18,                25,    104464
shared_memory,      8162,            7,          18,                25,    104464
shared_memory,      8163,            7,          18,                25,    104464
shared_memory,      8164,            7,          18,                25,    104464
shared_memory,      8165,            7,          18,                25,    104464
shared_memory,      8166,            7,          18,                25,    104464
shared_memory,      8167,            7,          18,                25,    104464
shared_memory,      8168,            7,          18,                25,    104464
shared_memory,      8169,            7,          18,                25,    104464
shared_memory,      8170,            7,          18,                25,    104464
shared_memory,      8171,            7,          18,                25,    104464
shared_memory,      8172,            7,          18,                25,    104464
shared_memory,      8173,            7,          18,                25,    104464
shared_memory,      8174,            7,          18,                25,    104464
shared_memory,      8175,            7,          18,                25,    104464
shared_memory,      8176,            7,          18,                25,    104464
shared_memory,      8177,            7,          18,                25,    104464
shared_memory,      8178,            7,          18,                25,    104464
shared_memory,      8179,            7,          18,                25,    104464
shared_memory,      8180,            7,          18,                25,    104464
shared_memory,      8181,            7,          18,                25,    104464
shared_memory,      8182,            7,          18,                25,    104464
shared_memory,      8183,            7,          18,                25,    104464
shared_memory,      8184,            7,          18,                25,    104464
shared_memory,      8185,            7,          18,                25,    104464
shared_memory,      8186,            7,          18,                25,    104464
shared_memory,      8187,            7,          18,                25,    104464
shared_memory,      8188,            7,          18,                25,    104464
shared_memory,      8189,            7,          18,                25,    104464
shared_memory,      8190,            7,          18,                25,    104464
shared_memory,      8191,            7,          18,                25,    104464
shared_memory,      8192,            7,          18,                25,    104464
shared_memory,      8193,            7,          18,                25,    104464
shared_memory,      8194,            7,          18,                25,    104464
shared_memory,      8195,            7,          18,                25,    104464
shared_memory,      8196,            7,          18,                25,    104464
shared_memory,      8197,            7,          18,                25,    104464
shared_memory,      8198,            7,          18,                25,    104464
shared_memory,      8199,            7,          18,                25,    104464
shared_memory,      8200,            7,          18,                25,    104464
shared_memory,      8201,            7,          18,                25,    104464
shared_memory,      8202,            7,          18,                25,    104464
shared_memory,      8203,            7,          18,                25,    104464
shared_memory,      8204,            7,          18,                25,    104464
shared_memory,      8205,            7,          18,                25,    104464
shared_memory,      8206,            7,          18,                25,    104464
shared_memory,      8207,            7,          18,                25,    104464
shared_memory,      8208,            7,          18,                25,    104464
shared_memory,      8209,            7,          18,                25,    104464
shared_memory,      8210,            7,          18,                25,    104464
shared_memory,      8211,            7,          18,                25,    104464
shared_memory,      8212,            7,          18,                25,    104464
shared_memory,      8213,            7,          18,                25,    104464
shared_memory,      8214,            7,          18,                25,    104464
shared_memory,      8215,            7,          18,                25,    104464
shared_memory,      8216,            7,          18,                25,    104464
shared_memory,      8217,            7,          18,                25,    104464
shared_memory,      8218,            7,          18,                25,    104464
shared_memory,      8219,            7,          18,                25,    104464
shared_memory,      8220,            7,          18,                25,    104464
shared_memory,      8221,            7,          18,                25,    104464
shared_memory,      8222,            7,          18,                25,    104464
shared_memory,      8223,            7,          18,                25,    104464
shared_memory,      8224,            7,          18,                25,    104464
shared_memory,      8225,            7,          18,                25,    104464
shared_memory,      8226,            7,          18,                25,    104464
shared_memory,      8227,            7,          18,                25,    104464
shared_memory,      8228,            7,          18,                25,    104464
shared_memory,      8229,            7,          18,                25,    104464
shared_memory,      8230,            7,          18,                25,    104464
shared_memory,      8231,            7,          18,                25,    104464
shared_memory,      8232,            7,          18,                25,    104464
shared_memory,      8233,            7,          18,                25,    104464
shared_memory,      8234,            7,          18,                25,    104464
shared_memory,      8235,            7,          18,                25,    104464
shared_memory,      8236,            7,          18,                25,    104464
shared_memory,      8237,            7,          18,                25,    104464
shared_memory,      8238,            7,          18,                25,    104464
shared_memory,      8239,            7,          18,                25,    104464
shared_memory,      8240,            7,          18,                25,    104464
shared_memory,      8241,            7,          18,                25,    104464
shared_memory,      8242,            7,          18,                25,    104464
shared_memory,      8243,            7,          18,                25,    104464
shared_memory,      8244,            7,          18,                25,    104464
shared_memory,      8245,            7,          18,                25,    104464
shared_memory,      8246,            7,          18,                25,    104464
shared_memory,      8247,            7,          18,                25,    104464
shared_memory,      8248,            7,          18,                25,    104464
shared_memory,      8249,            7,          18,                25,    104464
shared_memory,      8250,            7,          18,                25,    104464
shared_memory,      8251,            7,          18,                25,    104464
shared_memory,      8252,            7,          18,                25,    104464
shared_memory,      8253,            7,          18,                25,    104464
shared_memory,      8254,            7,          18,                25,    104464
shared_memory,      8255,            7,          18,                25,    104464
shared_memory,      8256,            7,          18,                25,    104464
shared_memory,      8257,            7,          18,                25,    104464
shared_memory,      8258,            7,          18,                25,    104464
shared_memory,      8259,            7,          18,                25,    104464
shared_memory,      8260,            7,          18,                25,    104464
shared_memory,      8261,            7,          18,                25,    104464
shared_memory,      8262,            7,          18,                25,    104464
shared_memory,      8263,            7,          18,                25,    104464
shared_memory,      8264,            7,          18,                25,    104464
shared_memory,      8265,            7,          18,                25,    104464
shared_memory,      8266,            7,          18,                25,    104464
shared_memory,      8267,            7,          18,                25,    104464
shared_memory,      8268,            7,          18,                25,    104464
shared_memory,      8269,            7,          18,                25,    104464
shared_memory,      8270,            7,          18,                25,    104464
shared_memory,      8271,            7,          18,                25,    104464
shared_memory,      8272,            7,          18,                25,    104464
shared_memory,      8273,            7,          18,                25,    104464
shared_memory,      8274,            7,          18,                25,    104464
shared_memory,      8275,            7,          18,                25,    104464
shared_memory,      8276,            7,          18,                25,    104464
shared_memory,      8277,            7,          18,                25,    104464
shared_memory,      8278,            7,          18,                25,    104464
shared_memory,      8279,            7,          18,                25,    104464
shared_memory,      8280,            7,          18,                25,    104464
shared_memory,      8281,            7,          18,                25,    104464
shared_memory,      8282,            7,          18,                25,    104464
shared_memory,      8283,            7,          18,                25,    104464
shared_memory,      8284,            7,          18,                25,    104464
shared_memory,      8285,            7,          18,                25,    104464
shared_memory,      8286,            7,          18,                25,    104464
shared_memory,      8287,            7,          18,                25,    104464
shared_memory,      8288,            7,          18,                25,    104464
shared_memory,      8289,            7,          18,                25,    104464
shared_memory,      8290,            7,          18,                25,    104464
shared_memory,      8291,            7,          18,                25,    104464
shared_memory,      8292,            7,          18,                25,    104464
shared_memory,      8293,            7,          18,                25,    104464
shared_memory,      8294,            7,          18,                25,    104464
shared_memory,      8295,            7,          18,                25,    104464
shared_memory,      8296,            7,          18,                25,    104464
shared_memory,      8297,            7,          18,                25,    104464
shared_memory,      8298,            7,          18,                25,    104464
shared_memory,      8299,            7,          18,                25,    104464
shared_memory,      8300,            7,          18,                25,    104464
shared_memory,      8301,            7,          18,                25,    104464
shared_memory,      8302,            7,          18,                25,    104464
shared_memory,      8303,            7,          18,                25,    104464
shared_memory,      8304,            7,          18,                25,    104464
shared_memory,      8305,            7,          18,                25,    104464
shared_memory,      8306,            7,          18,                25,    104464
shared_memory,      8307,            7,          18,                25,    104464
shared_memory,      8308,            7,          18,                25,    104464
shared_memory,      8309,            7,          18,                25,    104464
shared_memory,      8310,            7,          18,                25,    104464
shared_memory,      8311,            7,          18,                25,    104464
shared_memory,      8312,            7,          18,                25,    104464
shared_memory,      8313,            7,          18,                25,    104464
shared_memory,      8314,            7,          18,                25,    104464
shared_memory,      8315,            7,          18,                25,    104464
shared_memory,      8316,            7,          18,                25,    104464
shared_memory,      8317,            7,          18,                25,    104464
shared_memory,      8318,            7,          18,                25,    104464
shared_memory,      8319,            7,          18,                25,    104464
shared_memory,      8320,            7,          18,                25,    104464
shared_memory,      8321,            7,          18,                25,    104464
shared_memory,      8322,            7,          18,                25,    104464
shared_memory,      8323,            7,          18,                25,    104464
shared_memory,      8324,            7,          18,                25,    104464
shared_memory,      8325,            7,          18,                25,    104464
shared_memory,      8326,            7,          18,                25,    104464
shared_memory,      8327,            7,          18,                25,    104464
shared_memory,      8328,            7,          18,                25,    104464
shared_memory,      8329,            7,          18,                25,    104464
shared_memory,      8330,            7,          18,                25,    104464
shared_memory,      8331,            7,          18,                25,    104464
shared_memory,      8332,            7,          18,                25,    104464
shared_memory,      8333,            7,          18,                25,    104464
shared_memory,      8334,            7,          18,                25,    104464
shared_memory,      8335,            7,          18,                25,    104464
shared_memory,      8336,            7,          18,                25,    104464
shared_memory,      8337,            7,          18,                25,    104464
shared_memory,      8338,            7,          18,                25,    104464
shared_memory,      8339,            7,          18,                25,    104464
shared_memory,      8340,            7,          18,                25,    104464
shared_memory,      8341,            7,          18,                25,    104464
shared_memory,      8342,            7,          18,                25,    104464
shared_memory,      8343,            7,          18,                25,    104464
shared_memory,      8344,            7,          18,                25,    104464
shared_memory,      8345,            7,          18,                25,    104464
shared_memory,      8346,            7,          18,                25,    104464
shared_memory,      8347,            7,          18,                25,    104464
shared_memory,      8348,            7,          18,                25,    104464
shared_memory,      8349,            7,          18,                25,    104464
shared_memory,      8350,            7,          18,                25,    104464
shared_memory,      8351,            7,          18,                25,    104464
shared_memory,      8352,            7,          18,                25,    104464
shared_memory,      8353,            7,          18,                25,    104464
shared_memory,      8354,            7,          18,                25,    104464
shared_memory,      8355,            7,          18,                25,    104464
shared_memory,      8356,            7,          18,                25,    104464
shared_memory,      8357,            7,          18,                25,    104464
shared_memory,      8358,            7,          18,                25,    104464
shared_memory,      8359,            7,          18,                25,    104464
shared_memory,      8360,            7,          18,                25,    104464
shared_memory,      8361,            7,          18,                25,    104464
shared_memory,      8362,            7,          18,                25,    104464
shared_memory,      8363,            7,          18,                25,    104464
shared_memory,      8364,            7,          18,                25,    104464
shared_memory,      8365,            7,          18,                25,    104464
shared_memory,      8366,            7,          18,                25,    104464
shared_memory,      8367,            7,          18,                25,    104464
shared_memory,      8368,            7,          18,                25,    104464
shared_memory,      8369,            7,          18,                25,    104464
shared_memory,      8370,            7,          18,                25,    104464
shared_memory,      8371,            7,          18,                25,    104464
shared_memory,      8372,            7,          18,                25,    104464
shared_memory,      8373,            7,          18,                25,    104464
shared_memory,      8374,            7,          18,                25,    104464
shared_memory,      8375,            7,          18,                25,    104464
shared_memory,      8376,            7,          18,                25,    104464
shared_memory,      8377,            7,          18,                25,    104464
shared_memory,      8378,            7,          18,                25,    104464
shared_memory,      8379,            7,          18,                25,    104464
shared_memory,      8380,            7,          18,                25,    104464
shared_memory,      8381,            7,          18,                25,    104464
shared_memory,      8382,            7,          18,                25,    104464
shared_memory,      8383,            7,          18,                25,    104464
shared_memory,      8384,            7,          18,                25,    104464
shared_memory,      8385,            7,          18,                25,    104464
shared_memory,      8386,            7,          18,                25,    104464
shared_memory,      8387,            7,          18,                25,    104464
shared_memory,      8388,            7,          18,                25,    104464
shared_memory,      8389,            7,          18,                25,    104464
shared_memory,      8390,            7,          18,                25,    104464
shared_memory,      8391,            7,          18,                25,    104464
shared_memory,      8392,            7,          18,                25,    104464
shared_memory,      8393,            7,          18,                25,    104464
shared_memory,      8394,            7,          18,                25,    104464
shared_memory,      8395,            7,          18,                25,    104464
shared_memory,      8396,            7,          18,                25,    104464
shared_memory,      8397,            7,          18,                25,    104464
shared_memory,      8398,            7,          18,                25,    104464
shared_memory,      8399,            7,          18,                25,    104464
shared_memory,      8400,            7,          18,                25,    104464
shared_memory,      8401,            7,          18,                25,    104464
shared_memory,      8402,            7,          18,                25,    104464
shared_memory,      8403,            7,          18,                25,    104464
shared_memory,      8404,            7,          18,                25,    104464
shared_memory,      8405,            7,          18,                25,    104464
shared_memory,      8406,            7,          18,                25,    104464
shared_memory,      8407,            7,          18,                25,    104464
shared_memory,      8408,            7,          18,                25,    104464
shared_memory,      8409,            7,          18,                25,    104464
shared_memory,      8410,            7,          18,                25,    104464
shared_memory,      8411,            7,          18,                25,    104464
shared_memory,      8412,            7,          18,                25,    104464
shared_memory,      8413,            7,          18,                25,    104464
shared_memory,      8414,            7,          18,                25,    104464
shared_memory,      8415,            7,          18,                25,    104464
shared_memory,      8416,            7,          18,                25,    104464
shared_memory,      8417,            7,          18,                25,    104464
shared_memory,      8418,            7,          18,                25,    104464
shared_memory,      8419,            7,          18,                25,    104464
shared_memory,      8420,            7,          18,                25,    104464
shared_memory,      8421,            7,          18,                25,    104464
shared_memory,      8422,            7,          18,                25,    104464
shared_memory,      8423,            7,          18,                25,    104464
shared_memory,      8424,            7,          18,                25,    104464
shared_memory,      8425,            7,          18,                25,    104464
shared_memory,      8426,            7,          18,                25,    104464
shared_memory,      8427,            7,          18,                25,    104464
shared_memory,      8428,            7,          18,                25,    104464
shared_memory,      8429,            7,          18,                25,    104464
shared_memory,      8430,            7,          18,                25,    104464
shared_memory,      8431,            7,          18,                25,    104464
shared_memory,      8432,            7,          18,                25,    104464
shared_memory,      8433,            7,          18,                25,    104464
shared_memory,      8434,            7,          18,                25,    104464
shared_memory,      8435,            7,          18,                25,    104464
shared_memory,      8436,            7,          18,                25,    104464
shared_memory,      8437,            7,          18,                25,    104464
shared_memory,      8438,            7,          18,                25,    104464
shared_memory,      8439,            7,          18,                25,    104464
shared_memory,      8440,            7,          18,                25,    104464
shared_memory,      8441,            7,          18,                25,    104464
shared_memory,      8442,            7,          18,                25,    104464
shared_memory,      8443,            7,          18,                25,    104464
shared_memory,      8444,            7,          18,                25,    104464
shared_memory,      8445,            7,          18,                25,    104464
shared_memory,      8446,            7,          18,                25,    104464
shared_memory,      8447,            7,          18,                25,    104464
shared_memory,      8448,            7,          18,                25,    104464
shared_memory,      8449,            7,          18,                25,    104464
shared_memory,      8450,            7,          18,                25,    104464
shared_memory,      8451,            7,          18,                25,    104464
shared_memory,      8452,            7,          18,                25,    104464
shared_memory,      8453,            7,          18,                25,    104464
shared_memory,      8454,            7,          18,                25,    104464
shared_memory,      8455,            7,          18,                25,    104464
shared_memory,      8456,            7,          18,                25,    104464
shared_memory,      8457,            7,          18,                25,    104464
shared_memory,      8458,            7,          18,                25,    104464
shared_memory,      8459,            7,          18,                25,    104464
shared_memory,      8460,            7,          18,                25,    104464
shared_memory,      8461,            7,          18,                25,    104464
shared_memory,      8462,            7,          18,                25,    104464
shared_memory,      8463,            7,          18,                25,    104464
shared_memory,      8464,            7,          18,                25,    104464
shared_memory,      8465,            7,          18,                25,    104464
shared_memory,      8466,            7,          18,                25,    104464
shared_memory,      8467,            7,          18,                25,    104464
shared_memory,      8468,            7,          18,                25,    104464
shared_memory,      8469,            7,          18,                25,    104464
shared_memory,      8470,            7,          18,                25,    104464
shared_memory,      8471,            7,          18,                25,    104464
shared_memory,      8472,            7,          18,                25,    104464
shared_memory,      8473,            7,          18,                25,    104464
shared_memory,      8474,            7,          18,                25,    104464
shared_memory,      8475,            7,          18,                25,    104464
shared_memory,      8476,            7,          18,                25,    104464
shared_memory,      8477,            7,          18,                25,    104464
shared_memory,      8478,            7,          18,                25,    104464
shared_memory,      8479,            7,          18,                25,    104464
shared_memory,      8480,            7,          18,                25,    104464
shared_memory,      8481,            7,          18,                25,    104464
shared_memory,      8482,            7,          18,                25,    104464
shared_memory,      8483,            7,          18,                25,    104464
shared_memory,      8484,            7,          18,                25,    104464
shared_memory,      8485,            7,          18,                25,    104464
shared_memory,      8486,            7,          18,                25,    104464
shared_memory,      8487,            7,          18,                25,    104464
shared_memory,      8488,            7,          18,                25,    104464
shared_memory,      8489,            7,          18,                25,    104464
shared_memory,      8490,            7,          18,                25,    104464
shared_memory,      8491,            7,          18,                25,    104464
shared_memory,      8492,            7,          18,                25,    104464
shared_memory,      8493,            7,          18,                25,    104464
shared_memory,      8494,            7,          18,                25,    104464
shared_memory,      8495,            7,          18,                25,    104464
shared_memory,      8496,            7,          18,                25,    104464
shared_memory,      8497,            7,          18,                25,    104464
shared_memory,      8498,            7,          18,                25,    104464
shared_memory,      8499,            7,          18,                25,    104464
shared_memory,      8500,            7,          18,                25,    104464
shared_memory,      8501,            7,          18,                25,    104464
shared_memory,      8502,            7,          18,                25,    104464
shared_memory,      8503,            7,          18,                25,    104464
shared_memory,      8504,            7,          18,                25,    104464
shared_memory,      8505,            7,          18,                25,    104464
shared_memory,      8506,            7,          18,                25,    104464
shared_memory,      8507,            7,          18,                25,    104464
shared_memory,      8508,            7,          18,                25,    104464
shared_memory,      8509,            7,          18,                25,    104464
shared_memory,      8510,            7,          18,                25,    104464
shared_memory,      8511,            7,          18,                25,    104464
shared_memory,      8512,            7,          18,                25,    104464
shared_memory,      8513,            7,          18,                25,    104464
shared_memory,      8514,            7,          18,                25,    104464
shared_memory,      8515,            7,          18,                25,    104464
shared_memory,      8516,            7,          18,                25,    104464
shared_memory,      8517,            7,          18,                25,    104464
shared_memory,      8518,            7,          18,                25,    104464
shared_memory,      8519,            7,          18,                25,    104464
shared_memory,      8520,            7,          18,                25,    104464
shared_memory,      8521,            7,          18,                25,    104464
shared_memory,      8522,            7,          18,                25,    104464
shared_memory,      8523,            7,          18,                25,    104464
shared_memory,      8524,            7,          18,                25,    104464
shared_memory,      8525,            7,          18,                25,    104464
shared_memory,      8526,            7,          18,                25,    104464
shared_memory,      8527,            7,          18,                25,    104464
shared_memory,      8528,            7,          18,                25,    104464
shared_memory,      8529,            7,          18,                25,    104464
shared_memory,      8530,            7,          18,                25,    104464
shared_memory,      8531,            7,          18,                25,    104464
shared_memory,      8532,            7,          18,                25,    104464
shared_memory,      8533,            7,          18,                25,    104464
shared_memory,      8534,            7,          18,                25,    104464
shared_memory,      8535,            7,          18,                25,    104464
shared_memory,      8536,            7,          18,                25,    104464
shared_memory,      8537,            7,          18,                25,    104464
shared_memory,      8538,            7,          18,                25,    104464
shared_memory,      8539,            7,          18,                25,    104464
shared_memory,      8540,            7,          18,                25,    104464
shared_memory,      8541,            7,          18,                25,    104464
shared_memory,      8542,            7,          18,                25,    104464
shared_memory,      8543,            7,          18,                25,    104464
shared_memory,      8544,            7,          18,                25,    104464
shared_memory,      8545,            7,          18,                25,    104464
shared_memory,      8546,            7,          18,                25,    104464
shared_memory,      8547,            7,          18,                25,    104464
shared_memory,      8548,            7,          18,                25,    104464
shared_memory,      8549,            7,          18,                25,    104464
shared_memory,      8550,            7,          18,                25,    104464
shared_memory,      8551,            7,          18,                25,    104464
shared_memory,      8552,            7,          18,                25,    104464
shared_memory,      8553,            7,          18,                25,    104464
shared_memory,      8554,            7,          18,                25,    104464
shared_memory,      8555,            7,          18,                25,    104464
shared_memory,      8556,            7,          18,                25,    104464
shared_memory,      8557,            7,          18,                25,    104464
shared_memory,      8558,            7,          18,                25,    104464
shared_memory,      8559,            7,          18,                25,    104464
shared_memory,      8560,            7,          18,                25,    104464
shared_memory,      8561,            7,          18,                25,    104464
shared_memory,      8562,            7,          18,                25,    104464
shared_memory,      8563,            7,          18,                25,    104464
shared_memory,      8564,            7,          18,                25,    104464
shared_memory,      8565,            7,          18,                25,    104464
shared_memory,      8566,            7,          18,                25,    104464
shared_memory,      8567,            7,          18,                25,    104464
shared_memory,      8568,            7,          18,                25,    104464
shared_memory,      8569,            7,          18,                25,    104464
shared_memory,      8570,            7,          18,                25,    104464
shared_memory,      8571,            7,          18,                25,    104464
shared_memory,      8572,            7,          18,                25,    104464
shared_memory,      8573,            7,          18,                25,    104464
shared_memory,      8574,            7,          18,                25,    104464
shared_memory,      8575,            7,          18,                25,    104464
shared_memory,      8576,            7,          18,                25,    104464
shared_memory,      8577,            7,          18,                25,    104464
shared_memory,      8578,            7,          18,                25,    104464
shared_memory,      8579,            7,          18,                25,    104464
shared_memory,      8580,            7,          18,                25,    104464
shared_memory,      8581,            7,          18,                25,    104464
shared_memory,      8582,            7,          18,                25,    104464
shared_memory,      8583,            7,          18,                25,    104464
shared_memory,      8584,            7,          18,                25,    104464
shared_memory,      8585,            7,          18,                25,    104464
shared_memory,      8586,            7,          18,                25,    104464
shared_memory,      8587,            7,          18,                25,    104464
shared_memory,      8588,            7,          18,                25,    104464
shared_memory,      8589,            7,          18,                25,    104464
shared_memory,      8590,            7,          18,                25,    104464
shared_memory,      8591,            7,          18,                25,    104464
shared_memory,      8592,            7,          18,                25,    104464
shared_memory,      8593,            7,          18,                25,    104464
shared_memory,      8594,            7,          18,                25,    104464
shared_memory,      8595,            7,          18,                25,    104464
shared_memory,      8596,            7,          18,                25,    104464
shared_memory,      8597,            7,          18,                25,    104464
shared_memory,      8598,            7,          18,                25,    104464
shared_memory,      8599,            7,          18,                25,    104464
shared_memory,      8600,            7,          18,                25,    104464
shared_memory,      8601,            7,          18,                25,    104464
shared_memory,      8602,            7,          18,                25,    104464
shared_memory,      8603,            7,          18,                25,    104464
shared_memory,      8604,            7,          18,                25,    104464
shared_memory,      8605,            7,          18,                25,    104464
shared_memory,      8606,            7,          18,                25,    104464
shared_memory,      8607,            7,          18,                25,    104464
shared_memory,      8608,            7,          18,                25,    104464
shared_memory,      8609,            7,          18,                25,    104464
shared_memory,      8610,            7,          18,                25,    104464
shared_memory,      8611,            7,          18,                25,    104464
shared_memory,      8612,            7,          18,                25,    104464
shared_memory,      8613,            7,          18,                25,    104464
shared_memory,      8614,            7,          18,                25,    104464
shared_memory,      8615,            7,          18,                25,    104464
shared_memory,      8616,            7,          18,                25,    104464
shared_memory,      8617,            7,          18,                25,    104464
shared_memory,      8618,            7,          18,                25,    104464
shared_memory,      8619,            7,          18,                25,    104464
shared_memory,      8620,            7,          18,                25,    104464
shared_memory,      8621,            7,          18,                25,    104464
shared_memory,      8622,            7,          18,                25,    104464
shared_memory,      8623,            7,          18,                25,    104464
shared_memory,      8624,            7,          18,                25,    104464
shared_memory,      8625,            7,          18,                25,    104464
shared_memory,      8626,            7,          18,                25,    104464
shared_memory,      8627,            7,          18,                25,    104464
shared_memory,      8628,            7,          18,                25,    104464
shared_memory,      8629,            7,          18,                25,    104464
shared_memory,      8630,            7,          18,                25,    104464
shared_memory,      8631,            7,          18,                25,    104464
shared_memory,      8632,            7,          18,                25,    104464
shared_memory,      8633,            7,          18,                25,    104464
shared_memory,      8634,            7,          18,                25,    104464
shared_memory,      8635,            7,          18,                25,    104464
shared_memory,      8636,            7,          18,                25,    104464
shared_memory,      8637,            7,          18,                25,    104464
shared_memory,      8638,            7,          18,                25,    104464
shared_memory,      8639,            7,          18,                25,    104464
shared_memory,      8640,            7,          18,                25,    104464
shared_memory,      8641,            7,          18,                25,    104464
shared_memory,      8642,            7,          18,                25,    104464
shared_memory,      8643,            7,          18,                25,    104464
shared_memory,      8644,            7,          18,                25,    104464
shared_memory,      8645,            7,          18,                25,    104464
shared_memory,      8646,            7,          18,                25,    104464
shared_memory,      8647,            7,          18,                25,    104464
shared_memory,      8648,            7,          18,                25,    104464
shared_memory,      8649,            7,          18,                25,    104464
shared_memory,      8650,            7,          18,                25,    104464
shared_memory,      8651,            7,          18,                25,    104464
shared_memory,      8652,            7,          18,                25,    104464
shared_memory,      8653,            7,          18,                25,    104464
shared_memory,      8654,            7,          18,                25,    104464
shared_memory,      8655,            7,          18,                25,    104464
shared_memory,      8656,            7,          18,                25,    104464
shared_memory,      8657,            7,          18,                25,    104464
shared_memory,      8658,            7,          18,                25,    104464
shared_memory,      8659,            7,          18,                25,    104464
shared_memory,      8660,            7,          18,                25,    104464
shared_memory,      8661,            7,          18,                25,    104464
shared_memory,      8662,            7,          18,                25,    104464
shared_memory,      8663,            7,          18,                25,    104464
shared_memory,      8664,            7,          18,                25,    104464
shared_memory,      8665,            7,          18,                25,    104464
shared_memory,      8666,            7,          18,                25,    104464
shared_memory,      8667,            7,          18,                25,    104464
shared_memory,      8668,            7,          18,                25,    104464
shared_memory,      8669,            7,          18,                25,    104464
shared_memory,      8670,            7,          18,                25,    104464
shared_memory,      8671,            7,          18,                25,    104464
shared_memory,      8672,            7,          18,                25,    104464
shared_memory,      8673,            7,          18,                25,    104464
shared_memory,      8674,            7,          18,                25,    104464
shared_memory,      8675,            7,          18,                25,    104464
shared_memory,      8676,            7,          18,                25,    104464
shared_memory,      8677,            7,          18,                25,    104464
shared_memory,      8678,            7,          18,                25,    104464
shared_memory,      8679,            7,          18,                25,    104464
shared_memory,      8680,            7,          18,                25,    104464
shared_memory,      8681,            7,          18,                25,    104464
shared_memory,      8682,            7,          18,                25,    104464
shared_memory,      8683,            7,          18,                25,    104464
shared_memory,      8684,            7,          18,                25,    104464
shared_memory,      8685,            7,          18,                25,    104464
shared_memory,      8686,            7,          18,                25,    104464
shared_memory,      8687,            7,          18,                25,    104464
shared_memory,      8688,            7,          18,                25,    104464
shared_memory,      8689,            7,          18,                25,    104464
shared_memory,      8690,            7,          18,                25,    104464
shared_memory,      8691,            7,          18,                25,    104464
shared_memory,      8692,            7,          18,                25,    104464
shared_memory,      8693,            7,          18,                25,    104464
shared_memory,      8694,            7,          18,                25,    104464
shared_memory,      8695,            7,          18,                25,    104464
shared_memory,      8696,            7,          18,                25,    104464
shared_memory,      8697,            7,          18,                25,    104464
shared_memory,      8698,            7,          18,                25,    104464
shared_memory,      8699,            7,          18,                25,    104464
shared_memory,      8700,            7,          18,                25,    104464
shared_memory,      8701,            7,          18,                25,    104464
shared_memory,      8702,            7,          18,                25,    104464
shared_memory,      8703,            7,          18,                25,    104464
shared_memory,      8704,            7,          18,                25,    104464
shared_memory,      8705,            7,          18,                25,    104464
shared_memory,      8706,            7,          18,                25,    104464
shared_memory,      8707,            7,          18,                25,    104464
shared_memory,      8708,            7,          18,                25,    104464
shared_memory,      8709,            7,          18,                25,    104464
shared_memory,      8710,            7,          18,                25,    104464
shared_memory,      8711,            7,          18,                25,    104464
shared_memory,      8712,            7,          18,                25,    104464
shared_memory,      8713,            7,          18,                25,    104464
shared_memory,      8714,            7,          18,                25,    104464
shared_memory,      8715,            7,          18,                25,    104464
shared_memory,      8716,            7,          18,                25,    104464
shared_memory,      8717,            7,          18,                25,    104464
shared_memory,      8718,            7,          18,                25,    104464
shared_memory,      8719,            7,          18,                25,    104464
shared_memory,      8720,            7,          18,                25,    104464
shared_memory,      8721,            7,          18,                25,    104464
shared_memory,      8722,            7,          18,                25,    104464
shared_memory,      8723,            7,          18,                25,    104464
shared_memory,      8724,            7,          18,                25,    104464
shared_memory,      8725,            7,          18,                25,    104464
shared_memory,      8726,            7,          18,                25,    104464
shared_memory,      8727,            7,          18,                25,    104464
shared_memory,      8728,            7,          18,                25,    104464
shared_memory,      8729,            7,          18,                25,    104464
shared_memory,      8730,            7,          18,                25,    104464
shared_memory,      8731,            7,          18,                25,    104464
shared_memory,      8732,            7,          18,                25,    104464
shared_memory,      8733,            7,          18,                25,    104464
shared_memory,      8734,            7,          18,                25,    104464
shared_memory,      8735,            7,          18,                25,    104464
shared_memory,      8736,            7,          18,                25,    104464
shared_memory,      8737,            7,          18,                25,    104464
shared_memory,      8738,            7,          18,                25,    104464
shared_memory,      8739,            7,          18,                25,    104464
shared_memory,      8740,            7,          18,                25,    104464
shared_memory,      8741,            7,          18,                25,    104464
shared_memory,      8742,            7,          18,                25,    104464
shared_memory,      8743,            7,          18,                25,    104464
shared_memory,      8744,            7,          18,                25,    104464
shared_memory,      8745,            7,          18,                25,    104464
shared_memory,      8746,            7,          18,                25,    104464
shared_memory,      8747,            7,          18,                25,    104464
shared_memory,      8748,            7,          18,                25,    104464
shared_memory,      8749,            7,          18,                25,    104464
shared_memory,      8750,            7,          18,                25,    104464
shared_memory,      8751,            7,          18,                25,    104464
shared_memory,      8752,            7,          18,                25,    104464
shared_memory,      8753,            7,          18,                25,    104464
shared_memory,      8754,            7,          18,                25,    104464
shared_memory,      8755,            7,          18,                25,    104464
shared_memory,      8756,            7,          18,                25,    104464
shared_memory,      8757,            7,          18,                25,    104464
shared_memory,      8758,            7,          18,                25,    104464
shared_memory,      8759,            7,          18,                25,    104464
shared_memory,      8760,            7,          18,                25,    104464
shared_memory,      8761,            7,          18,                25,    104464
shared_memory,      8762,            7,          18,                25,    104464
shared_memory,      8763,            7,          18,                25,    104464
shared_memory,      8764,            7,          18,                25,    104464
shared_memory,      8765,            7,          18,                25,    104464
shared_memory,      8766,            7,          18,                25,    104464
shared_memory,      8767,            7,          18,                25,    104464
shared_memory,      8768,            7,          18,                25,    104464
shared_memory,      8769,            7,          18,                25,    104464
shared_memory,      8770,            7,          18,                25,    104464
shared_memory,      8771,            7,          18,                25,    104464
shared_memory,      8772,            7,          18,                25,    104464
shared_memory,      8773,            7,          18,                25,    104464
shared_memory,      8774,            7,          18,                25,    104464
shared_memory,      8775,            7,          18,                25,    104464
shared_memory,      8776,            7,          18,                25,    104464
shared_memory,      8777,            7,          18,                25,    104464
shared_memory,      8778,            7,          18,                25,    104464
shared_memory,      8779,            7,          18,                25,    104464
shared_memory,      8780,            7,          18,                25,    104464
shared_memory,      8781,            7,          18,                25,    104464
shared_memory,      8782,            7,          18,                25,    104464
shared_memory,      8783,            7,          18,                25,    104464
shared_memory,      8784,            7,          18,                25,    104464
shared_memory,      8785,            7,          18,                25,    104464
shared_memory,      8786,            7,          18,                25,    104464
shared_memory,      8787,            7,          18,                25,    104464
shared_memory,      8788,            7,          18,                25,    104464
shared_memory,      8789,            7,          18,                25,    104464
shared_memory,      8790,            7,          18,                25,    104464
shared_memory,      8791,            7,          18,                25,    104464
shared_memory,      8792,            7,          18,                25,    104464
shared_memory,      8793,            7,          18,                25,    104464
shared_memory,      8794,            7,          18,                25,    104464
shared_memory,      8795,            7,          18,                25,    104464
shared_memory,      8796,            7,          18,                25,    104464
shared_memory,      8797,            7,          18,                25,    104464
shared_memory,      8798,            7,          18,                25,    104464
shared_memory,      8799,            7,          18,                25,    104464
shared_memory,      8800,            7,          18,                25,    104464
shared_memory,      8801,            7,          18,                25,    104464
shared_memory,      8802,            7,          18,                25,    104464
shared_memory,      8803,            7,          18,                25,    104464
shared_memory,      8804,            7,          18,                25,    104464
shared_memory,      8805,            7,          18,                25,    104464
shared_memory,      8806,            7,          18,                25,    104464
shared_memory,      8807,            7,          18,                25,    104464
shared_memory,      8808,            7,          18,                25,    104464
shared_memory,      8809,            7,          18,                25,    104464
shared_memory,      8810,            7,          18,                25,    104464
shared_memory,      8811,            7,          18,                25,    104464
shared_memory,      8812,            7,          18,                25,    104464
shared_memory,      8813,            7,          18,                25,    104464
shared_memory,      8814,            7,          18,                25,    104464
shared_memory,      8815,            7,          18,                25,    104464
shared_memory,      8816,            7,          18,                25,    104464
shared_memory,      8817,            7,          18,                25,    104464
shared_memory,      8818,            7,          18,                25,    104464
shared_memory,      8819,            7,          18,                25,    104464
shared_memory,      8820,            7,          18,                25,    104464
shared_memory,      8821,            7,          18,                25,    104464
shared_memory,      8822,            7,          18,                25,    104464
shared_memory,      8823,            7,          18,                25,    104464
shared_memory,      8824,            7,          18,                25,    104464
shared_memory,      8825,            7,          18,                25,    104464
shared_memory,      8826,            7,          18,                25,    104464
shared_memory,      8827,            7,          18,                25,    104464
shared_memory,      8828,            7,          18,                25,    104464
shared_memory,      8829,            7,          18,                25,    104464
shared_memory,      8830,            7,          18,                25,    104464
shared_memory,      8831,            7,          18,                25,    104464
shared_memory,      8832,            7,          18,                25,    104464
shared_memory,      8833,            7,          18,                25,    104464
shared_memory,      8834,            7,          18,                25,    104464
shared_memory,      8835,            7,          18,                25,    104464
shared_memory,      8836,            7,          18,                25,    104464
shared_memory,      8837,            7,          18,                25,    104464
shared_memory,      8838,            7,          18,                25,    104464
shared_memory,      8839,            7,          18,                25,    104464
shared_memory,      8840,            7,          18,                25,    104464
shared_memory,      8841,            7,          18,                25,    104464
shared_memory,      8842,            7,          18,                25,    104464
shared_memory,      8843,            7,          18,                25,    104464
shared_memory,      8844,            7,          18,                25,    104464
shared_memory,      8845,            7,          18,                25,    104464
shared_memory,      8846,            7,          18,                25,    104464
shared_memory,      8847,            7,          18,                25,    104464
shared_memory,      8848,            7,          18,                25,    104464
shared_memory,      8849,            7,          18,                25,    104464
shared_memory,      8850,            7,          18,                25,    104464
shared_memory,      8851,            7,          18,                25,    104464
shared_memory,      8852,            7,          18,                25,    104464
shared_memory,      8853,            7,          18,                25,    104464
shared_memory,      8854,            7,          18,                25,    104464
shared_memory,      8855,            7,          18,                25,    104464
shared_memory,      8856,            7,          18,                25,    104464
shared_memory,      8857,            7,          18,                25,    104464
shared_memory,      8858,            7,          18,                25,    104464
shared_memory,      8859,            7,          18,                25,    104464
shared_memory,      8860,            7,          18,                25,    104464
shared_memory,      8861,            7,          18,                25,    104464
shared_memory,      8862,            7,          18,                25,    104464
shared_memory,      8863,            7,          18,                25,    104464
shared_memory,      8864,            7,          18,                25,    104464
shared_memory,      8865,            7,          18,                25,    104464
shared_memory,      8866,            7,          18,                25,    104464
shared_memory,      8867,            7,          18,                25,    104464
shared_memory,      8868,            7,          18,                25,    104464
shared_memory,      8869,            7,          18,                25,    104464
shared_memory,      8870,            7,          18,                25,    104464
shared_memory,      8871,            7,          18,                25,    104464
shared_memory,      8872,            7,          18,                25,    104464
shared_memory,      8873,            7,          18,                25,    104464
shared_memory,      8874,            7,          18,                25,    104464
shared_memory,      8875,            7,          18,                25,    104464
shared_memory,      8876,            7,          18,                25,    104464
shared_memory,      8877,            7,          18,                25,    104464
shared_memory,      8878,            7,          18,                25,    104464
shared_memory,      8879,            7,          18,                25,    104464
shared_memory,      8880,            7,          18,                25,    104464
shared_memory,      8881,            7,          18,                25,    104464
shared_memory,      8882,            7,          18,                25,    104464
shared_memory,      8883,            7,          18,                25,    104464
shared_memory,      8884,            7,          18,                25,    104464
shared_memory,      8885,            7,          18,                25,    104464
shared_memory,      8886,            7,          18,                25,    104464
shared_memory,      8887,            7,          18,                25,    104464
shared_memory,      8888,            7,          18,                25,    104464
shared_memory,      8889,            7,          18,                25,    104464
shared_memory,      8890,            7,          18,                25,    104464
shared_memory,      8891,            7,          18,                25,    104464
shared_memory,      8892,            7,          18,                25,    104464
shared_memory,      8893,            7,          18,                25,    104464
shared_memory,      8894,            7,          18,                25,    104464
shared_memory,      8895,            7,          18,                25,    104464
shared_memory,      8896,            7,          18,                25,    104464
shared_memory,      8897,            7,          18,                25,    104464
shared_memory,      8898,            7,          18,                25,    104464
shared_memory,      8899,            7,          18,                25,    104464
shared_memory,      8900,            7,          18,                25,    104464
shared_memory,      8901,            7,          18,                25,    104464
shared_memory,      8902,            7,          18,                25,    104464
shared_memory,      8903,            7,          18,                25,    104464
shared_memory,      8904,            7,          18,                25,    104464
shared_memory,      8905,            7,          18,                25,    104464
shared_memory,      8906,            7,          18,                25,    104464
shared_memory,      8907,            7,          18,                25,    104464
shared_memory,      8908,            7,          18,                25,    104464
shared_memory,      8909,            7,          18,                25,    104464
shared_memory,      8910,            7,          18,                25,    104464
shared_memory,      8911,            7,          18,                25,    104464
shared_memory,      8912,            7,          18,                25,    104464
shared_memory,      8913,            7,          18,                25,    104464
shared_memory,      8914,            7,          18,                25,    104464
shared_memory,      8915,            7,          18,                25,    104464
shared_memory,      8916,            7,          18,                25,    104464
shared_memory,      8917,            7,          18,                25,    104464
shared_memory,      8918,            7,          18,                25,    104464
shared_memory,      8919,            7,          18,                25,    104464
shared_memory,      8920,            7,          18,                25,    104464
shared_memory,      8921,            7,          18,                25,    104464
shared_memory,      8922,            7,          18,                25,    104464
shared_memory,      8923,            7,          18,                25,    104464
shared_memory,      8924,            7,          18,                25,    104464
shared_memory,      8925,            7,          18,                25,    104464
shared_memory,      8926,            7,          18,                25,    104464
shared_memory,      8927,            7,          18,                25,    104464
shared_memory,      8928,            7,          18,                25,    104464
shared_memory,      8929,            7,          18,                25,    104464
shared_memory,      8930,            7,          18,                25,    104464
shared_memory,      8931,            7,          18,                25,    104464
shared_memory,      8932,            7,          18,                25,    104464
shared_memory,      8933,            7,          18,                25,    104464
shared_memory,      8934,            7,          18,                25,    104464
shared_memory,      8935,            7,          18,                25,    104464
shared_memory,      8936,            7,          18,                25,    104464
shared_memory,      8937,            7,          18,                25,    104464
shared_memory,      8938,            7,          18,                25,    104464
shared_memory,      8939,            7,          18,                25,    104464
shared_memory,      8940,            7,          18,                25,    104464
shared_memory,      8941,            7,          18,                25,    104464
shared_memory,      8942,            7,          18,                25,    104464
shared_memory,      8943,            7,          18,                25,    104464
shared_memory,      8944,            7,          18,                25,    104464
shared_memory,      8945,            7,          18,                25,    104464
shared_memory,      8946,            7,          18,                25,    104464
shared_memory,      8947,            7,          18,                25,    104464
shared_memory,      8948,            7,          18,                25,    104464
shared_memory,      8949,            7,          18,                25,    104464
shared_memory,      8950,            7,          18,                25,    104464
shared_memory,      8951,            7,          18,                25,    104464
shared_memory,      8952,            7,          18,                25,    104464
shared_memory,      8953,            7,          18,                25,    104464
shared_memory,      8954,            7,          18,                25,    104464
shared_memory,      8955,            7,          18,                25,    104464
shared_memory,      8956,            7,          18,                25,    104464
shared_memory,      8957,            7,          18,                25,    104464
shared_memory,      8958,            7,          18,                25,    104464
shared_memory,      8959,            7,          18,                25,    104464
shared_memory,      8960,            7,          18,                25,    104464
shared_memory,      8961,            7,          18,                25,    104464
shared_memory,      8962,            7,          18,                25,    104464
shared_memory,      8963,            7,          18,                25,    104464
shared_memory,      8964,            7,          18,                25,    104464
shared_memory,      8965,            7,          18,                25,    104464
shared_memory,      8966,            7,          18,                25,    104464
shared_memory,      8967,            7,          18,                25,    104464
shared_memory,      8968,            7,          18,                25,    104464
shared_memory,      8969,            7,          18,                25,    104464
shared_memory,      8970,            7,          18,                25,    104464
shared_memory,      8971,            7,          18,                25,    104464
shared_memory,      8972,            7,          18,                25,    104464
shared_memory,      8973,            7,          18,                25,    104464
shared_memory,      8974,            7,          18,                25,    104464
shared_memory,      8975,            7,          18,                25,    104464
shared_memory,      8976,            7,          18,                25,    104464
shared_memory,      8977,            7,          18,                25,    104464
shared_memory,      8978,            7,          18,                25,    104464
shared_memory,      8979,            7,          18,                25,    104464
shared_memory,      8980,            7,          18,                25,    104464
shared_memory,      8981,            7,          18,                25,    104464
shared_memory,      8982,            7,          18,                25,    104464
shared_memory,      8983,            7,          18,                25,    104464
shared_memory,      8984,            7,          18,                25,    104464
shared_memory,      8985,            7,          18,                25,    104464
shared_memory,      8986,            7,          18,                25,    104464
shared_memory,      8987,            7,          18,                25,    104464
shared_memory,      8988,            7,          18,                25,    104464
shared_memory,      8989,            7,          18,                25,    104464
shared_memory,      8990,            7,          18,                25,    104464
shared_memory,      8991,            7,          18,                25,    104464
shared_memory,      8992,            7,          18,                25,    104464
shared_memory,      8993,            7,          18,                25,    104464
shared_memory,      8994,            7,          18,                25,    104464
shared_memory,      8995,            7,          18,                25,    104464
shared_memory,      8996,            7,          18,                25,    104464
shared_memory,      8997,            7,          18,                25,    104464
shared_memory,      8998,            7,          18,                25,    104464
shared_memory,      8999,            7,          18,                25,    104464
shared_memory,      9000,            7,          18,                25,    104464
shared_memory,      9001,            7,          18,                25,    104464
shared_memory,      9002,            7,          18,                25,    104464
shared_memory,      9003,            7,          18,                25,    104464
shared_memory,      9004,            7,          18,                25,    104464
shared_memory,      9005,            7,          18,                25,    104464
shared_memory,      9006,            7,          18,                25,    104464
shared_memory,      9007,            7,          18,                25,    104464
shared_memory,      9008,            7,          18,                25,    104464
shared_memory,      9009,            7,          18,                25,    104464
shared_memory,      9010,            7,          18,                25,    104464
shared_memory,      9011,            7,          18,                25,    104464
shared_memory,      9012,            7,          18,                25,    104464
shared_memory,      9013,            7,          18,                25,    104464
shared_memory,      9014,            7,          18,                25,    104464
shared_memory,      9015,            7,          18,                25,    104464
shared_memory,      9016,            7,          18,                25,    104464
shared_memory,      9017,            7,          18,                25,    104464
shared_memory,      9018,            7,          18,                25,    104464
shared_memory,      9019,            7,          18,                25,    104464
shared_memory,      9020,            7,          18,                25,    104464
shared_memory,      9021,            7,          18,                25,    104464
shared_memory,      9022,            7,          18,                25,    104464
shared_memory,      9023,            7,          18,                25,    104464
shared_memory,      9024,            7,          18,                25,    104464
shared_memory,      9025,            7,          18,                25,    104464
shared_memory,      9026,            7,          18,                25,    104464
shared_memory,      9027,            7,          18,                25,    104464
shared_memory,      9028,            7,          18,                25,    104464
shared_memory,      9029,            7,          18,                25,    104464
shared_memory,      9030,            7,          18,                25,    104464
shared_memory,      9031,            7,          18,                25,    104464
shared_memory,      9032,            7,          18,                25,    104464
shared_memory,      9033,            7,          18,                25,    104464
shared_memory,      9034,            7,          18,                25,    104464
shared_memory,      9035,            7,          18,                25,    104464
shared_memory,      9036,            7,          18,                25,    104464
shared_memory,      9037,            7,          18,                25,    104464
shared_memory,      9038,            7,          18,                25,    104464
shared_memory,      9039,            7,          18,                25,    104464
shared_memory,      9040,            7,          18,                25,    104464
shared_memory,      9041,            7,          18,                25,    104464
shared_memory,      9042,            7,          18,                25,    104464
shared_memory,      9043,            7,          18,                25,    104464
shared_memory,      9044,            7,          18,                25,    104464
shared_memory,      9045,            7,          18,                25,    104464
shared_memory,      9046,            7,          18,                25,    104464
shared_memory,      9047,            7,          18,                25,    104464
shared_memory,      9048,            7,          18,                25,    104464
shared_memory,      9049,            7,          18,                25,    104464
shared_memory,      9050,            7,          18,                25,    104464
shared_memory,      9051,            7,          18,                25,    104464
shared_memory,      9052,            7,          18,                25,    104464
shared_memory,      9053,            7,          18,                25,    104464
shared_memory,      9054,            7,          18,                25,    104464
shared_memory,      9055,            7,          18,                25,    104464
shared_memory,      9056,            7,          18,                25,    104464
shared_memory,      9057,            7,          18,                25,    104464
shared_memory,      9058,            7,          18,                25,    104464
shared_memory,      9059,            7,          18,                25,    104464
shared_memory,      9060,            7,          18,                25,    104464
shared_memory,      9061,            7,          18,                25,    104464
shared_memory,      9062,            7,          18,                25,    104464
shared_memory,      9063,            7,          18,                25,    104464
shared_memory,      9064,            7,          18,                25,    104464
shared_memory,      9065,            7,          18,                25,    104464
shared_memory,      9066,            7,          18,                25,    104464
shared_memory,      9067,            7,          18,                25,    104464
shared_memory,      9068,            7,          18,                25,    104464
shared_memory,      9069,            7,          18,                25,    104464
shared_memory,      9070,            7,          18,                25,    104464
shared_memory,      9071,            7,          18,                25,    104464
shared_memory,      9072,            7,          18,                25,    104464
shared_memory,      9073,            7,          18,                25,    104464
shared_memory,      9074,            7,          18,                25,    104464
shared_memory,      9075,            7,          18,                25,    104464
shared_memory,      9076,            7,          18,                25,    104464
shared_memory,      9077,            7,          18,                25,    104464
shared_memory,      9078,            7,          18,                25,    104464
shared_memory,      9079,            7,          18,                25,    104464
shared_memory,      9080,            7,          18,                25,    104464
shared_memory,      9081,            7,          18,                25,    104464
shared_memory,      9082,            7,          18,                25,    104464
shared_memory,      9083,            7,          18,                25,    104464
shared_memory,      9084,            7,          18,                25,    104464
shared_memory,      9085,            7,          18,                25,    104464
shared_memory,      9086,            7,          18,                25,    104464
shared_memory,      9087,            7,          18,                25,    104464
shared_memory,      9088,            7,          18,                25,    104464
shared_memory,      9089,            7,          18,                25,    104464
shared_memory,      9090,            7,          18,                25,    104464
shared_memory,      9091,            7,          18,                25,    104464
shared_memory,      9092,            7,          18,                25,    104464
shared_memory,      9093,            7,          18,                25,    104464
shared_memory,      9094,            7,          18,                25,    104464
shared_memory,      9095,            7,          18,                25,    104464
shared_memory,      9096,            7,          18,                25,    104464
shared_memory,      9097,            7,          18,                25,    104464
shared_memory,      9098,            7,          18,                25,    104464
shared_memory,      9099,            7,          18,                25,    104464
shared_memory,      9100,            7,          18,                25,    104464
shared_memory,      9101,            7,          18,                25,    104464
shared_memory,      9102,            7,          18,                25,    104464
shared_memory,      9103,            7,          18,                25,    104464
shared_memory,      9104,            7,          18,                25,    104464
shared_memory,      9105,            7,          18,                25,    104464
shared_memory,      9106,            7,          18,                25,    104464
shared_memory,      9107,            7,          18,                25,    104464
shared_memory,      9108,            7,          18,                25,    104464
shared_memory,      9109,            7,          18,                25,    104464
shared_memory,      9110,            7,          18,                25,    104464
shared_memory,      9111,            7,          18,                25,    104464
shared_memory,      9112,            7,          18,                25,    104464
shared_memory,      9113,            7,          18,                25,    104464
shared_memory,      9114,            7,          18,                25,    104464
shared_memory,      9115,            7,          18,                25,    104464
shared_memory,      9116,            7,          18,                25,    104464
shared_memory,      9117,            7,          18,                25,    104464
shared_memory,      9118,            7,          18,                25,    104464
shared_memory,      9119,            7,          18,                25,    104464
shared_memory,      9120,            7,          18,                25,    104464
shared_memory,      9121,            7,          18,                25,    104464
shared_memory,      9122,            7,          18,                25,    104464
shared_memory,      9123,            7,          18,                25,    104464
shared_memory,      9124,            7,          18,                25,    104464
shared_memory,      9125,            7,          18,                25,    104464
shared_memory,      9126,            7,          18,                25,    104464
shared_memory,      9127,            7,          18,                25,    104464
shared_memory,      9128,            7,          18,                25,    104464
shared_memory,      9129,            7,          18,                25,    104464
shared_memory,      9130,            7,          18,                25,    104464
shared_memory,      9131,            7,          18,                25,    104464
shared_memory,      9132,            7,          18,                25,    104464
shared_memory,      9133,            7,          18,                25,    104464
shared_memory,      9134,            7,          18,                25,    104464
shared_memory,      9135,            7,          18,                25,    104464
shared_memory,      9136,            7,          18,                25,    104464
shared_memory,      9137,            7,          18,                25,    104464
shared_memory,      9138,            7,          18,                25,    104464
shared_memory,      9139,            7,          18,                25,    104464
shared_memory,      9140,            7,          18,                25,    104464
shared_memory,      9141,            7,          18,                25,    104464
shared_memory,      9142,            7,          18,                25,    104464
shared_memory,      9143,            7,          18,                25,    104464
shared_memory,      9144,            7,          18,                25,    104464
shared_memory,      9145,            7,          18,                25,    104464
shared_memory,      9146,            7,          18,                25,    104464
shared_memory,      9147,            7,          18,                25,    104464
shared_memory,      9148,            7,          18,                25,    104464
shared_memory,      9149,            7,          18,                25,    104464
shared_memory,      9150,            7,          18,                25,    104464
shared_memory,      9151,            7,          18,                25,    104464
shared_memory,      9152,            7,          18,                25,    104464
shared_memory,      9153,            7,          18,                25,    104464
shared_memory,      9154,            7,          18,                25,    104464
shared_memory,      9155,            7,          18,                25,    104464
shared_memory,      9156,            7,          18,                25,    104464
shared_memory,      9157,            7,          18,                25,    104464
shared_memory,      9158,            7,          18,                25,    104464
shared_memory,      9159,            7,          18,                25,    104464
shared_memory,      9160,            7,          18,                25,    104464
shared_memory,      9161,            7,          18,                25,    104464
shared_memory,      9162,            7,          18,                25,    104464
shared_memory,      9163,            7,          18,                25,    104464
shared_memory,      9164,            7,          18,                25,    104464
shared_memory,      9165,            7,          18,                25,    104464
shared_memory,      9166,            7,          18,                25,    104464
shared_memory,      9167,            7,          18,                25,    104464
shared_memory,      9168,            7,          18,                25,    104464
shared_memory,      9169,            7,          18,                25,    104464
shared_memory,      9170,            7,          18,                25,    104464
shared_memory,      9171,            7,          18,                25,    104464
shared_memory,      9172,            7,          18,                25,    104464
shared_memory,      9173,            7,          18,                25,    104464
shared_memory,      9174,            7,          18,                25,    104464
shared_memory,      9175,            7,          18,                25,    104464
shared_memory,      9176,            7,          18,                25,    104464
shared_memory,      9177,            7,          18,                25,    104464
shared_memory,      9178,            7,          18,                25,    104464
shared_memory,      9179,            7,          18,                25,    104464
shared_memory,      9180,            7,          18,                25,    104464
shared_memory,      9181,            7,          18,                25,    104464
shared_memory,      9182,            7,          18,                25,    104464
shared_memory,      9183,            7,          18,                25,    104464
shared_memory,      9184,            7,          18,                25,    104464
shared_memory,      9185,            7,          18,                25,    104464
shared_memory,      9186,            7,          18,                25,    104464
shared_memory,      9187,            7,          18,                25,    104464
shared_memory,      9188,            7,          18,                25,    104464
shared_memory,      9189,            7,          18,                25,    104464
shared_memory,      9190,            7,          18,                25,    104464
shared_memory,      9191,            7,          18,                25,    104464
shared_memory,      9192,            7,          18,                25,    104464
shared_memory,      9193,            7,          18,                25,    104464
shared_memory,      9194,            7,          18,                25,    104464
shared_memory,      9195,            7,          18,                25,    104464
shared_memory,      9196,            7,          18,                25,    104464
shared_memory,      9197,            7,          18,                25,    104464
shared_memory,      9198,            7,          18,                25,    104464
shared_memory,      9199,            7,          18,                25,    104464
shared_memory,      9200,            7,          18,                25,    104464
shared_memory,      9201,            7,          18,                25,    104464
shared_memory,      9202,            7,          18,                25,    104464
shared_memory,      9203,            7,          18,                25,    104464
shared_memory,      9204,            7,          18,                25,    104464
shared_memory,      9205,            7,          18,                25,    104464
shared_memory,      9206,            7,          18,                25,    104464
shared_memory,      9207,            7,          18,                25,    104464
shared_memory,      9208,            7,          18,                25,    104464
shared_memory,      9209,            7,          18,                25,    104464
shared_memory,      9210,            7,          18,                25,    104464
shared_memory,      9211,            7,          18,                25,    104464
shared_memory,      9212,            7,          18,                25,    104464
shared_memory,      9213,            7,          18,                25,    104464
shared_memory,      9214,            7,          18,                25,    104464
shared_memory,      9215,            7,          18,                25,    104464
shared_memory,      9216,            7,          18,                25,    104464
shared_memory,      9217,            7,          18,                25,    104464
shared_memory,      9218,            7,          18,                25,    104464
shared_memory,      9219,            7,          18,                25,    104464
shared_memory,      9220,            7,          18,                25,    104464
shared_memory,      9221,            7,          18,                25,    104464
shared_memory,      9222,            7,          18,                25,    104464
shared_memory,      9223,            7,          18,                25,    104464
shared_memory,      9224,            7,          18,                25,    104464
shared_memory,      9225,            7,          18,                25,    104464
shared_memory,      9226,            7,          18,                25,    104464
shared_memory,      9227,            7,          18,                25,    104464
shared_memory,      9228,            7,          18,                25,    104464
shared_memory,      9229,            7,          18,                25,    104464
shared_memory,      9230,            7,          18,                25,    104464
shared_memory,      9231,            7,          18,                25,    104464
shared_memory,      9232,            7,          18,                25,    104464
shared_memory,      9233,            7,          18,                25,    104464
shared_memory,      9234,            7,          18,                25,    104464
shared_memory,      9235,            7,          18,                25,    104464
shared_memory,      9236,            7,          18,                25,    104464
shared_memory,      9237,            7,          18,                25,    104464
shared_memory,      9238,            7,          18,                25,    104464
shared_memory,      9239,            7,          18,                25,    104464
shared_memory,      9240,            7,          18,                25,    104464
shared_memory,      9241,            7,          18,                25,    104464
shared_memory,      9242,            7,          18,                25,    104464
shared_memory,      9243,            7,          18,                25,    104464
shared_memory,      9244,            7,          18,                25,    104464
shared_memory,      9245,            7,          18,                25,    104464
shared_memory,      9246,            7,          18,                25,    104464
shared_memory,      9247,            7,          18,                25,    104464
shared_memory,      9248,            7,          18,                25,    104464
shared_memory,      9249,            7,          18,                25,    104464
shared_memory,      9250,            7,          18,                25,    104464
shared_memory,      9251,            7,          18,                25,    104464
shared_memory,      9252,            7,          18,                25,    104464
shared_memory,      9253,            7,          18,                25,    104464
shared_memory,      9254,            7,          18,                25,    104464
shared_memory,      9255,            7,          18,                25,    104464
shared_memory,      9256,            7,          18,                25,    104464
shared_memory,      9257,            7,          18,                25,    104464
shared_memory,      9258,            7,          18,                25,    104464
shared_memory,      9259,            7,          18,                25,    104464
shared_memory,      9260,            7,          18,                25,    104464
shared_memory,      9261,            7,          18,                25,    104464
shared_memory,      9262,            7,          18,                25,    104464
shared_memory,      9263,            7,          18,                25,    104464
shared_memory,      9264,            7,          18,                25,    104464
shared_memory,      9265,            7,          18,                25,    104464
shared_memory,      9266,            7,          18,                25,    104464
shared_memory,      9267,            7,          18,                25,    104464
shared_memory,      9268,            7,          18,                25,    104464
shared_memory,      9269,            7,          18,                25,    104464
shared_memory,      9270,            7,          18,                25,    104464
shared_memory,      9271,            7,          18,                25,    104464
shared_memory,      9272,            7,          18,                25,    104464
shared_memory,      9273,            7,          18,                25,    104464
shared_memory,      9274,            7,          18,                25,    104464
shared_memory,      9275,            7,          18,                25,    104464
shared_memory,      9276,            7,          18,                25,    104464
shared_memory,      9277,            7,          18,                25,    104464
shared_memory,      9278,            7,          18,                25,    104464
shared_memory,      9279,            7,          18,                25,    104464
shared_memory,      9280,            7,          18,                25,    104464
shared_memory,      9281,            7,          18,                25,    104464
shared_memory,      9282,            7,          18,                25,    104464
shared_memory,      9283,            7,          18,                25,    104464
shared_memory,      9284,            7,          18,                25,    104464
shared_memory,      9285,            7,          18,                25,    104464
shared_memory,      9286,            7,          18,                25,    104464
shared_memory,      9287,            7,          18,                25,    104464
shared_memory,      9288,            7,          18,                25,    104464
shared_memory,      9289,            7,          18,                25,    104464
shared_memory,      9290,            7,          18,                25,    104464
shared_memory,      9291,            7,          18,                25,    104464
shared_memory,      9292,            7,          18,                25,    104464
shared_memory,      9293,            7,          18,                25,    104464
shared_memory,      9294,            7,          18,                25,    104464
shared_memory,      9295,            7,          18,                25,    104464
shared_memory,      9296,            7,          18,                25,    104464
shared_memory,      9297,            7,          18,                25,    104464
shared_memory,      9298,            7,          18,                25,    104464
shared_memory,      9299,            7,          18,                25,    104464
shared_memory,      9300,            7,          18,                25,    104464
shared_memory,      9301,            7,          18,                25,    104464
shared_memory,      9302,            7,          18,                25,    104464
shared_memory,      9303,            7,          18,                25,    104464
shared_memory,      9304,            7,          18,                25,    104464
shared_memory,      9305,            7,          18,                25,    104464
shared_memory,      9306,            7,          18,                25,    104464
shared_memory,      9307,            7,          18,                25,    104464
shared_memory,      9308,            7,          18,                25,    104464
shared_memory,      9309,            7,          18,                25,    104464
shared_memory,      9310,            7,          18,                25,    104464
shared_memory,      9311,            7,          18,                25,    104464
shared_memory,      9312,            7,          18,                25,    104464
shared_memory,      9313,            7,          18,                25,    104464
shared_memory,      9314,            7,          18,                25,    104464
shared_memory,      9315,            7,          18,                25,    104464
shared_memory,      9316,            7,          18,                25,    104464
shared_memory,      9317,            7,          18,                25,    104464
shared_memory,      9318,            7,          18,                25,    104464
shared_memory,      9319,            7,          18,                25,    104464
shared_memory,      9320,            7,          18,                25,    104464
shared_memory,      9321,            7,          18,                25,    104464
shared_memory,      9322,            7,          18,                25,    104464
shared_memory,      9323,            7,          18,                25,    104464
shared_memory,      9324,            7,          18,                25,    104464
shared_memory,      9325,            7,          18,                25,    104464
shared_memory,      9326,            7,          18,                25,    104464
shared_memory,      9327,            7,          18,                25,    104464
shared_memory,      9328,            7,          18,                25,    104464
shared_memory,      9329,            7,          18,                25,    104464
shared_memory,      9330,            7,          18,                25,    104464
shared_memory,      9331,            7,          18,                25,    104464
shared_memory,      9332,            7,          18,                25,    104464
shared_memory,      9333,            7,          18,                25,    104464
shared_memory,      9334,            7,          18,                25,    104464
shared_memory,      9335,            7,          18,                25,    104464
shared_memory,      9336,            7,          18,                25,    104464
shared_memory,      9337,            7,          18,                25,    104464
shared_memory,      9338,            7,          18,                25,    104464
shared_memory,      9339,            7,          18,                25,    104464
shared_memory,      9340,            7,          18,                25,    104464
shared_memory,      9341,            7,          18,                25,    104464
shared_memory,      9342,            7,          18,                25,    104464
shared_memory,      9343,            7,          18,                25,    104464
shared_memory,      9344,            7,          18,                25,    104464
shared_memory,      9345,            7,          18,                25,    104464
shared_memory,      9346,            7,          18,                25,    104464
shared_memory,      9347,            7,          18,                25,    104464
shared_memory,      9348,            7,          18,                25,    104464
shared_memory,      9349,            7,          18,                25,    104464
shared_memory,      9350,            7,          18,                25,    104464
shared_memory,      9351,            7,          18,                25,    104464
shared_memory,      9352,            7,          18,                25,    104464
shared_memory,      9353,            7,          18,                25,    104464
shared_memory,      9354,            7,          18,                25,    104464
shared_memory,      9355,            7,          18,                25,    104464
shared_memory,      9356,            7,          18,                25,    104464
shared_memory,      9357,            7,          18,                25,    104464
shared_memory,      9358,            7,          18,                25,    104464
shared_memory,      9359,            7,          18,                25,    104464
shared_memory,      9360,            7,          18,                25,    104464
shared_memory,      9361,            7,          18,                25,    104464
shared_memory,      9362,            7,          18,                25,    104464
shared_memory,      9363,            7,          18,                25,    104464
shared_memory,      9364,            7,          18,                25,    104464
shared_memory,      9365,            7,          18,                25,    104464
shared_memory,      9366,            7,          18,                25,    104464
shared_memory,      9367,            7,          18,                25,    104464
shared_memory,      9368,            7,          18,                25,    104464
shared_memory,      9369,            7,          18,                25,    104464
shared_memory,      9370,            7,          18,                25,    104464
shared_memory,      9371,            7,          18,                25,    104464
shared_memory,      9372,            7,          18,                25,    104464
shared_memory,      9373,            7,          18,                25,    104464
shared_memory,      9374,            7,          18,                25,    104464
shared_memory,      9375,            7,          18,                25,    104464
shared_memory,      9376,            7,          18,                25,    104464
shared_memory,      9377,            7,          18,                25,    104464
shared_memory,      9378,            7,          18,                25,    104464
shared_memory,      9379,            7,          18,                25,    104464
shared_memory,      9380,            7,          18,                25,    104464
shared_memory,      9381,            7,          18,                25,    104464
shared_memory,      9382,            7,          18,                25,    104464
shared_memory,      9383,            7,          18,                25,    104464
shared_memory,      9384,            7,          18,                25,    104464
shared_memory,      9385,            7,          18,                25,    104464
shared_memory,      9386,            7,          18,                25,    104464
shared_memory,      9387,            7,          18,                25,    104464
shared_memory,      9388,            7,          18,                25,    104464
shared_memory,      9389,            7,          18,                25,    104464
shared_memory,      9390,            7,          18,                25,    104464
shared_memory,      9391,            7,          18,                25,    104464
shared_memory,      9392,            7,          18,                25,    104464
shared_memory,      9393,            7,          18,                25,    104464
shared_memory,      9394,            7,          18,                25,    104464
shared_memory,      9395,            7,          18,                25,    104464
shared_memory,      9396,            7,          18,                25,    104464
shared_memory,      9397,            7,          18,                25,    104464
shared_memory,      9398,            7,          18,                25,    104464
shared_memory,      9399,            7,          18,                25,    104464
shared_memory,      9400,            7,          18,                25,    104464
shared_memory,      9401,            7,          18,                25,    104464
shared_memory,      9402,            7,          18,                25,    104464
shared_memory,      9403,            7,          18,                25,    104464
shared_memory,      9404,            7,          18,                25,    104464
shared_memory,      9405,            7,          18,                25,    104464
shared_memory,      9406,            7,          18,                25,    104464
shared_memory,      9407,            7,          18,                25,    104464
shared_memory,      9408,            7,          18,                25,    104464
shared_memory,      9409,            7,          18,                25,    104464
shared_memory,      9410,            7,          18,                25,    104464
shared_memory,      9411,            7,          18,                25,    104464
shared_memory,      9412,            7,          18,                25,    104464
shared_memory,      9413,            7,          18,                25,    104464
shared_memory,      9414,            7,          18,                25,    104464
shared_memory,      9415,            7,          18,                25,    104464
shared_memory,      9416,            7,          18,                25,    104464
shared_memory,      9417,            7,          18,                25,    104464
shared_memory,      9418,            7,          18,                25,    104464
shared_memory,      9419,            7,          18,                25,    104464
shared_memory,      9420,            7,          18,                25,    104464
shared_memory,      9421,            7,          18,                25,    104464
shared_memory,      9422,            7,          18,                25,    104464
shared_memory,      9423,            7,          18,                25,    104464
shared_memory,      9424,            7,          18,                25,    104464
shared_memory,      9425,            7,          18,                25,    104464
shared_memory,      9426,            7,          18,                25,    104464
shared_memory,      9427,            7,          18,                25,    104464
shared_memory,      9428,            7,          18,                25,    104464
shared_memory,      9429,            7,          18,                25,    104464
shared_memory,      9430,            7,          18,                25,    104464
shared_memory,      9431,            7,          18,                25,    104464
shared_memory,      9432,            7,          18,                25,    104464
shared_memory,      9433,            7,          18,                25,    104464
shared_memory,      9434,            7,          18,                25,    104464
shared_memory,      9435,            7,          18,                25,    104464
shared_memory,      9436,            7,          18,                25,    104464
shared_memory,      9437,            7,          18,                25,    104464
shared_memory,      9438,            7,          18,                25,    104464
shared_memory,      9439,            7,          18,                25,    104464
shared_memory,      9440,            7,          18,                25,    104464
shared_memory,      9441,            7,          18,                25,    104464
shared_memory,      9442,            7,          18,                25,    104464
shared_memory,      9443,            7,          18,                25,    104464
shared_memory,      9444,            7,          18,                25,    104464
shared_memory,      9445,            7,          18,                25,    104464
shared_memory,      9446,            7,          18,                25,    104464
shared_memory,      9447,            7,          18,                25,    104464
shared_memory,      9448,            7,          18,                25,    104464
shared_memory,      9449,            7,          18,                25,    104464
shared_memory,      9450,            7,          18,                25,    104464
shared_memory,      9451,            7,          18,                25,    104464
shared_memory,      9452,            7,          18,                25,    104464
shared_memory,      9453,            7,          18,                25,    104464
shared_memory,      9454,            7,          18,                25,    104464
shared_memory,      9455,            7,          18,                25,    104464
shared_memory,      9456,            7,          18,                25,    104464
shared_memory,      9457,            7,          18,                25,    104464
shared_memory,      9458,            7,          18,                25,    104464
shared_memory,      9459,            7,          18,                25,    104464
shared_memory,      9460,            7,          18,                25,    104464
shared_memory,      9461,            7,          18,                25,    104464
shared_memory,      9462,            7,          18,                25,    104464
shared_memory,      9463,            7,          18,                25,    104464
shared_memory,      9464,            7,          18,                25,    104464
shared_memory,      9465,            7,          18,                25,    104464
shared_memory,      9466,            7,          18,                25,    104464
shared_memory,      9467,            7,          18,                25,    104464
shared_memory,      9468,            7,          18,                25,    104464
shared_memory,      9469,            7,          18,                25,    104464
shared_memory,      9470,            7,          18,                25,    104464
shared_memory,      9471,            7,          18,                25,    104464
shared_memory,      9472,            7,          18,                25,    104464
shared_memory,      9473,            7,          18,                25,    104464
shared_memory,      9474,            7,          18,                25,    104464
shared_memory,      9475,            7,          18,                25,    104464
shared_memory,      9476,            7,          18,                25,    104464
shared_memory,      9477,            7,          18,                25,    104464
shared_memory,      9478,            7,          18,                25,    104464
shared_memory,      9479,            7,          18,                25,    104464
shared_memory,      9480,            7,          18,                25,    104464
shared_memory,      9481,            7,          18,                25,    104464
shared_memory,      9482,            7,          18,                25,    104464
shared_memory,      9483,            7,          18,                25,    104464
shared_memory,      9484,            7,          18,                25,    104464
shared_memory,      9485,            7,          18,                25,    104464
shared_memory,      9486,            7,          18,                25,    104464
shared_memory,      9487,            7,          18,                25,    104464
shared_memory,      9488,            7,          18,                25,    104464
shared_memory,      9489,            7,          18,                25,    104464
shared_memory,      9490,            7,          18,                25,    104464
shared_memory,      9491,            7,          18,                25,    104464
shared_memory,      9492,            7,          18,                25,    104464
shared_memory,      9493,            7,          18,                25,    104464
shared_memory,      9494,            7,          18,                25,    104464
shared_memory,      9495,            7,          18,                25,    104464
shared_memory,      9496,            7,          18,                25,    104464
shared_memory,      9497,            7,          18,                25,    104464
shared_memory,      9498,            7,          18,                25,    104464
shared_memory,      9499,            7,          18,                25,    104464
shared_memory,      9500,            7,          18,                25,    104464
shared_memory,      9501,            7,          18,                25,    104464
shared_memory,      9502,            7,          18,                25,    104464
shared_memory,      9503,            7,          18,                25,    104464
shared_memory,      9504,            7,          18,                25,    104464
shared_memory,      9505,            7,          18,                25,    104464
shared_memory,      9506,            7,          18,                25,    104464
shared_memory,      9507,            7,          18,                25,    104464
shared_memory,      9508,            7,          18,                25,    104464
shared_memory,      9509,            7,          18,                25,    104464
shared_memory,      9510,            7,          18,                25,    104464
shared_memory,      9511,            7,          18,                25,    104464
shared_memory,      9512,            7,          18,                25,    104464
shared_memory,      9513,            7,          18,                25,    104464
shared_memory,      9514,            7,          18,                25,    104464
shared_memory,      9515,            7,          18,                25,    104464
shared_memory,      9516,            7,          18,                25,    104464
shared_memory,      9517,            7,          18,                25,    104464
shared_memory,      9518,            7,          18,                25,    104464
shared_memory,      9519,            7,          18,                25,    104464
shared_memory,      9520,            7,          18,                25,    104464
shared_memory,      9521,            7,          18,                25,    104464
shared_memory,      9522,            7,          18,                25,    104464
shared_memory,      9523,            7,          18,                25,    104464
shared_memory,      9524,            7,          18,                25,    104464
shared_memory,      9525,            7,          18,                25,    104464
shared_memory,      9526,            7,          18,                25,    104464
shared_memory,      9527,            7,          18,                25,    104464
shared_memory,      9528,            7,          18,                25,    104464
shared_memory,      9529,            7,          18,                25,    104464
shared_memory,      9530,            7,          18,                25,    104464
shared_memory,      9531,            7,          18,                25,    104464
shared_memory,      9532,            7,          18,                25,    104464
shared_memory,      9533,            7,          18,                25,    104464
shared_memory,      9534,            7,          18,                25,    104464
shared_memory,      9535,            7,          18,                25,    104464
shared_memory,      9536,            7,          18,                25,    104464
shared_memory,      9537,            7,          18,                25,    104464
shared_memory,      9538,            7,          18,                25,    104464
shared_memory,      9539,            7,          18,                25,    104464
shared_memory,      9540,            7,          18,                25,    104464
shared_memory,      9541,            7,          18,                25,    104464
shared_memory,      9542,            7,          18,                25,    104464
shared_memory,      9543,            7,          18,                25,    104464
shared_memory,      9544,            7,          18,                25,    104464
shared_memory,      9545,            7,          18,                25,    104464
shared_memory,      9546,            7,          18,                25,    104464
shared_memory,      9547,            7,          18,                25,    104464
shared_memory,      9548,            7,          18,                25,    104464
shared_memory,      9549,            7,          18,                25,    104464
shared_memory,      9550,            7,          18,                25,    104464
shared_memory,      9551,            7,          18,                25,    104464
shared_memory,      9552,            7,          18,                25,    104464
shared_memory,      9553,            7,          18,                25,    104464
shared_memory,      9554,            7,          18,                25,    104464
shared_memory,      9555,            7,          18,                25,    104464
shared_memory,      9556,            7,          18,                25,    104464
shared_memory,      9557,            7,          18,                25,    104464
shared_memory,      9558,            7,          18,                25,    104464
shared_memory,      9559,            7,          18,                25,    104464
shared_memory,      9560,            7,          18,                25,    104464
shared_memory,      9561,            7,          18,                25,    104464
shared_memory,      9562,            7,          18,                25,    104464
shared_memory,      9563,            7,          18,                25,    104464
shared_memory,      9564,            7,          18,                25,    104464
shared_memory,      9565,            7,          18,                25,    104464
shared_memory,      9566,            7,          18,                25,    104464
shared_memory,      9567,            7,          18,                25,    104464
shared_memory,      9568,            7,          18,                25,    104464
shared_memory,      9569,            7,          18,                25,    104464
shared_memory,      9570,            7,          18,                25,    104464
shared_memory,      9571,            7,          18,                25,    104464
shared_memory,      9572,            7,          18,                25,    104464
shared_memory,      9573,            7,          18,                25,    104464
shared_memory,      9574,            7,          18,                25,    104464
shared_memory,      9575,            7,          18,                25,    104464
shared_memory,      9576,            7,          18,                25,    104464
shared_memory,      9577,            7,          18,                25,    104464
shared_memory,      9578,            7,          18,                25,    104464
shared_memory,      9579,            7,          18,                25,    104464
shared_memory,      9580,            7,          18,                25,    104464
shared_memory,      9581,            7,          18,                25,    104464
shared_memory,      9582,            7,          18,                25,    104464
shared_memory,      9583,            7,          18,                25,    104464
shared_memory,      9584,            7,          18,                25,    104464
shared_memory,      9585,            7,          18,                25,    104464
shared_memory,      9586,            7,          18,                25,    104464
shared_memory,      9587,            7,          18,                25,    104464
shared_memory,      9588,            7,          18,                25,    104464
shared_memory,      9589,            7,          18,                25,    104464
shared_memory,      9590,            7,          18,                25,    104464
shared_memory,      9591,            7,          18,                25,    104464
shared_memory,      9592,            7,          18,                25,    104464
shared_memory,      9593,            7,          18,                25,    104464
shared_memory,      9594,            7,          18,                25,    104464
shared_memory,      9595,            7,          18,                25,    104464
shared_memory,      9596,            7,          18,                25,    104464
shared_memory,      9597,            7,          18,                25,    104464
shared_memory,      9598,            7,          18,                25,    104464
shared_memory,      9599,            7,          18,                25,    104464
shared_memory,      9600,            7,          18,                25,    104464
shared_memory,      9601,            7,          18,                25,    104464
shared_memory,      9602,            7,          18,                25,    104464
shared_memory,      9603,            7,          18,                25,    104464
shared_memory,      9604,            7,          18,                25,    104464
shared_memory,      9605,            7,          18,                25,    104464
shared_memory,      9606,            7,          18,                25,    104464
shared_memory,      9607,            7,          18,                25,    104464
shared_memory,      9608,            7,          18,                25,    104464
shared_memory,      9609,            7,          18,                25,    104464
shared_memory,      9610,            7,          18,                25,    104464
shared_memory,      9611,            7,          18,                25,    104464
shared_memory,      9612,            7,          18,                25,    104464
shared_memory,      9613,            7,          18,                25,    104464
shared_memory,      9614,            7,          18,                25,    104464
shared_memory,      9615,            7,          18,                25,    104464
shared_memory,      9616,            7,          18,                25,    104464
shared_memory,      9617,            7,          18,                25,    104464
shared_memory,      9618,            7,          18,                25,    104464
shared_memory,      9619,            7,          18,                25,    104464
shared_memory,      9620,            7,          18,                25,    104464
shared_memory,      9621,            7,          18,                25,    104464
shared_memory,      9622,            7,          18,                25,    104464
shared_memory,      9623,            7,          18,                25,    104464
shared_memory,      9624,            7,          18,                25,    104464
shared_memory,      9625,            7,          18,                25,    104464
shared_memory,      9626,            7,          18,                25,    104464
shared_memory,      9627,            7,          18,                25,    104464
shared_memory,      9628,            7,          18,                25,    104464
shared_memory,      9629,            7,          18,                25,    104464
shared_memory,      9630,            7,          18,                25,    104464
shared_memory,      9631,            7,          18,                25,    104464
shared_memory,      9632,            7,          18,                25,    104464
shared_memory,      9633,            7,          18,                25,    104464
shared_memory,      9634,            7,          18,                25,    104464
shared_memory,      9635,            7,          18,                25,    104464
shared_memory,      9636,            7,          18,                25,    104464
shared_memory,      9637,            7,          18,                25,    104464
shared_memory,      9638,            7,          18,                25,    104464
shared_memory,      9639,            7,          18,                25,    104464
shared_memory,      9640,            7,          18,                25,    104464
shared_memory,      9641,            7,          18,                25,    104464
shared_memory,      9642,            7,          18,                25,    104464
shared_memory,      9643,            7,          18,                25,    104464
shared_memory,      9644,            7,          18,                25,    104464
shared_memory,      9645,            7,          18,                25,    104464
shared_memory,      9646,            7,          18,                25,    104464
shared_memory,      9647,            7,          18,                25,    104464
shared_memory,      9648,            7,          18,                25,    104464
shared_memory,      9649,            7,          18,                25,    104464
shared_memory,      9650,            7,          18,                25,    104464
shared_memory,      9651,            7,          18,                25,    104464
shared_memory,      9652,            7,          18,                25,    104464
shared_memory,      9653,            7,          18,                25,    104464
shared_memory,      9654,            7,          18,                25,    104464
shared_memory,      9655,            7,          18,                25,    104464
shared_memory,      9656,            7,          18,                25,    104464
shared_memory,      9657,            7,          18,                25,    104464
shared_memory,      9658,            7,          18,                25,    104464
shared_memory,      9659,            7,          18,                25,    104464
shared_memory,      9660,            7,          18,                25,    104464
shared_memory,      9661,            7,          18,                25,    104464
shared_memory,      9662,            7,          18,                25,    104464
shared_memory,      9663,            7,          18,                25,    104464
shared_memory,      9664,            7,          18,                25,    104464
shared_memory,      9665,            7,          18,                25,    104464
shared_memory,      9666,            7,          18,                25,    104464
shared_memory,      9667,            7,          18,                25,    104464
shared_memory,      9668,            7,          18,                25,    104464
shared_memory,      9669,            7,          18,                25,    104464
shared_memory,      9670,            7,          18,                25,    104464
shared_memory,      9671,            7,          18,                25,    104464
shared_memory,      9672,            7,          18,                25,    104464
shared_memory,      9673,            7,          18,                25,    104464
shared_memory,      9674,            7,          18,                25,    104464
shared_memory,      9675,            7,          18,                25,    104464
shared_memory,      9676,            7,          18,                25,    104464
shared_memory,      9677,            7,          18,                25,    104464
shared_memory,      9678,            7,          18,                25,    104464
shared_memory,      9679,            7,          18,                25,    104464
shared_memory,      9680,            7,          18,                25,    104464
shared_memory,      9681,            7,          18,                25,    104464
shared_memory,      9682,            7,          18,                25,    104464
shared_memory,      9683,            7,          18,                25,    104464
shared_memory,      9684,            7,          18,                25,    104464
shared_memory,      9685,            7,          18,                25,    104464
shared_memory,      9686,            7,          18,                25,    104464
shared_memory,      9687,            7,          18,                25,    104464
shared_memory,      9688,            7,          18,                25,    104464
shared_memory,      9689,            7,          18,                25,    104464
shared_memory,      9690,            7,          18,                25,    104464
shared_memory,      9691,            7,          18,                25,    104464
shared_memory,      9692,            7,          18,                25,    104464
shared_memory,      9693,            7,          18,                25,    104464
shared_memory,      9694,            7,          18,                25,    104464
shared_memory,      9695,            7,          18,                25,    104464
shared_memory,      9696,            7,          18,                25,    104464
shared_memory,      9697,            7,          18,                25,    104464
shared_memory,      9698,            7,          18,                25,    104464
shared_memory,      9699,            7,          18,                25,    104464
shared_memory,      9700,            7,          18,                25,    104464
shared_memory,      9701,            7,          18,                25,    104464
shared_memory,      9702,            7,          18,                25,    104464
shared_memory,      9703,            7,          18,                25,    104464
shared_memory,      9704,            7,          18,                25,    104464
shared_memory,      9705,            7,          18,                25,    104464
shared_memory,      9706,            7,          18,                25,    104464
shared_memory,      9707,            7,          18,                25,    104464
shared_memory,      9708,            7,          18,                25,    104464
shared_memory,      9709,            7,          18,                25,    104464
shared_memory,      9710,            7,          18,                25,    104464
shared_memory,      9711,            7,          18,                25,    104464
shared_memory,      9712,            7,          18,                25,    104464
shared_memory,      9713,            7,          18,                25,    104464
shared_memory,      9714,            7,          18,                25,    104464
shared_memory,      9715,            7,          18,                25,    104464
shared_memory,      9716,            7,          18,                25,    104464
shared_memory,      9717,            7,          18,                25,    104464
shared_memory,      9718,            7,          18,                25,    104464
shared_memory,      9719,            7,          18,                25,    104464
shared_memory,      9720,            7,          18,                25,    104464
shared_memory,      9721,            7,          18,                25,    104464
shared_memory,      9722,            7,          18,                25,    104464
shared_memory,      9723,            7,          18,                25,    104464
shared_memory,      9724,            7,          18,                25,    104464
shared_memory,      9725,            7,          18,                25,    104464
shared_memory,      9726,            7,          18,                25,    104464
shared_memory,      9727,            7,          18,                25,    104464
shared_memory,      9728,            7,          18,                25,    104464
shared_memory,      9729,            7,          18,                25,    104464
shared_memory,      9730,            7,          18,                25,    104464
shared_memory,      9731,            7,          18,                25,    104464
shared_memory,      9732,            7,          18,                25,    104464
shared_memory,      9733,            7,          18,                25,    104464
shared_memory,      9734,            7,          18,                25,    104464
shared_memory,      9735,            7,          18,                25,    104464
shared_memory,      9736,            7,          18,                25,    104464
shared_memory,      9737,            7,          18,                25,    104464
shared_memory,      9738,            7,          18,                25,    104464
shared_memory,      9739,            7,          18,                25,    104464
shared_memory,      9740,            7,          18,                25,    104464
shared_memory,      9741,            7,          18,                25,    104464
shared_memory,      9742,            7,          18,                25,    104464
shared_memory,      9743,            7,          18,                25,    104464
shared_memory,      9744,            7,          18,                25,    104464
shared_memory,      9745,            7,          18,                25,    104464
shared_memory,      9746,            7,          18,                25,    104464
shared_memory,      9747,            7,          18,                25,    104464
shared_memory,      9748,            7,          18,                25,    104464
shared_memory,      9749,            7,          18,                25,    104464
shared_memory,      9750,            7,          18,                25,    104464
shared_memory,      9751,            7,          18,                25,    104464
shared_memory,      9752,            7,          18,                25,    104464
shared_memory,      9753,            7,          18,                25,    104464
shared_memory,      9754,            7,          18,                25,    104464
shared_memory,      9755,            7,          18,                25,    104464
shared_memory,      9756,            7,          18,                25,    104464
shared_memory,      9757,            7,          18,                25,    104464
shared_memory,      9758,            7,          18,                25,    104464
shared_memory,      9759,            7,          18,                25,    104464
shared_memory,      9760,            7,          18,                25,    104464
shared_memory,      9761,            7,          18,                25,    104464
shared_memory,      9762,            7,          18,                25,    104464
shared_memory,      9763,            7,          18,                25,    104464
shared_memory,      9764,            7,          18,                25,    104464
shared_memory,      9765,            7,          18,                25,    104464
shared_memory,      9766,            7,          18,                25,    104464
shared_memory,      9767,            7,          18,                25,    104464
shared_memory,      9768,            7,          18,                25,    104464
shared_memory,      9769,            7,          18,                25,    104464
shared_memory,      9770,            7,          18,                25,    104464
shared_memory,      9771,            7,          18,                25,    104464
shared_memory,      9772,            7,          18,                25,    104464
shared_memory,      9773,            7,          18,                25,    104464
shared_memory,      9774,            7,          18,                25,    104464
shared_memory,      9775,            7,          18,                25,    104464
shared_memory,      9776,            7,          18,                25,    104464
shared_memory,      9777,            7,          18,                25,    104464
shared_memory,      9778,            7,          18,                25,    104464
shared_memory,      9779,            7,          18,                25,    104464
shared_memory,      9780,            7,          18,                25,    104464
shared_memory,      9781,            7,          18,                25,    104464
shared_memory,      9782,            7,          18,                25,    104464
shared_memory,      9783,            7,          18,                25,    104464
shared_memory,      9784,            7,          18,                25,    104464
shared_memory,      9785,            7,          18,                25,    104464
shared_memory,      9786,            7,          18,                25,    104464
shared_memory,      9787,            7,          18,                25,    104464
shared_memory,      9788,            7,          18,                25,    104464
shared_memory,      9789,            7,          18,                25,    104464
shared_memory,      9790,            7,          18,                25,    104464
shared_memory,      9791,            7,          18,                25,    104464
shared_memory,      9792,            7,          18,                25,    104464
shared_memory,      9793,            7,          18,                25,    104464
shared_memory,      9794,            7,          18,                25,    104464
shared_memory,      9795,            7,          18,                25,    104464
shared_memory,      9796,            7,          18,                25,    104464
shared_memory,      9797,            7,          18,                25,    104464
shared_memory,      9798,            7,          18,                25,    104464
shared_memory,      9799,            7,          18,                25,    104464
shared_memory,      9800,            7,          18,                25,    104464
shared_memory,      9801,            7,          18,                25,    104464
shared_memory,      9802,            7,          18,                25,    104464
shared_memory,      9803,            7,          18,                25,    104464
shared_memory,      9804,            7,          18,                25,    104464
shared_memory,      9805,            7,          18,                25,    104464
shared_memory,      9806,            7,          18,                25,    104464
shared_memory,      9807,            7,          18,                25,    104464
shared_memory,      9808,            7,          18,                25,    104464
shared_memory,      9809,            7,          18,                25,    104464
shared_memory,      9810,            7,          18,                25,    104464
shared_memory,      9811,            7,          18,                25,    104464
shared_memory,      9812,            7,          18,                25,    104464
shared_memory,      9813,            7,          18,                25,    104464
shared_memory,      9814,            7,          18,                25,    104464
shared_memory,      9815,            7,          18,                25,    104464
shared_memory,      9816,            7,          18,                25,    104464
shared_memory,      9817,            7,          18,                25,    104464
shared_memory,      9818,            7,          18,                25,    104464
shared_memory,      9819,            7,          18,                25,    104464
shared_memory,      9820,            7,          18,                25,    104464
shared_memory,      9821,            7,          18,                25,    104464
shared_memory,      9822,            7,          18,                25,    104464
shared_memory,      9823,            7,          18,                25,    104464
shared_memory,      9824,            7,          18,                25,    104464
shared_memory,      9825,            7,          18,                25,    104464
shared_memory,      9826,            7,          18,                25,    104464
shared_memory,      9827,            7,          18,                25,    104464
shared_memory,      9828,            7,          18,                25,    104464
shared_memory,      9829,            7,          18,                25,    104464
shared_memory,      9830,            7,          18,                25,    104464
shared_memory,      9831,            7,          18,                25,    104464
shared_memory,      9832,            7,          18,                25,    104464
shared_memory,      9833,            7,          18,                25,    104464
shared_memory,      9834,            7,          18,                25,    104464
shared_memory,      9835,            7,          18,                25,    104464
shared_memory,      9836,            7,          18,                25,    104464
shared_memory,      9837,            7,          18,                25,    104464
shared_memory,      9838,            7,          18,                25,    104464
shared_memory,      9839,            7,          18,                25,    104464
shared_memory,      9840,            7,          18,                25,    104464
shared_memory,      9841,            7,          18,                25,    104464
shared_memory,      9842,            7,          18,                25,    104464
shared_memory,      9843,            7,          18,                25,    104464
shared_memory,      9844,            7,          18,                25,    104464
shared_memory,      9845,            7,          18,                25,    104464
shared_memory,      9846,            7,          18,                25,    104464
shared_memory,      9847,            7,          18,                25,    104464
shared_memory,      9848,            7,          18,                25,    104464
shared_memory,      9849,            7,          18,                25,    104464
shared_memory,      9850,            7,          18,                25,    104464
shared_memory,      9851,            7,          18,                25,    104464
shared_memory,      9852,            7,          18,                25,    104464
shared_memory,      9853,            7,          18,                25,    104464
shared_memory,      9854,            7,          18,                25,    104464
shared_memory,      9855,            7,          18,                25,    104464
shared_memory,      9856,            7,          18,                25,    104464
shared_memory,      9857,            7,          18,                25,    104464
shared_memory,      9858,            7,          18,                25,    104464
shared_memory,      9859,            7,          18,                25,    104464
shared_memory,      9860,            7,          18,                25,    104464
shared_memory,      9861,            7,          18,                25,    104464
shared_memory,      9862,            7,          18,                25,    104464
shared_memory,      9863,            7,          18,                25,    104464
shared_memory,      9864,            7,          18,                25,    104464
shared_memory,      9865,            7,          18,                25,    104464
shared_memory,      9866,            7,          18,                25,    104464
shared_memory,      9867,            7,          18,                25,    104464
shared_memory,      9868,            7,          18,                25,    104464
shared_memory,      9869,            7,          18,                25,    104464
shared_memory,      9870,            7,          18,                25,    104464
shared_memory,      9871,            7,          18,                25,    104464
shared_memory,      9872,            7,          18,                25,    104464
shared_memory,      9873,            7,          18,                25,    104464
shared_memory,      9874,            7,          18,                25,    104464
shared_memory,      9875,            7,          18,                25,    104464
shared_memory,      9876,            7,          18,                25,    104464
shared_memory,      9877,            7,          18,                25,    104464
shared_memory,      9878,            7,          18,                25,    104464
shared_memory,      9879,            7,          18,                25,    104464
shared_memory,      9880,            7,          18,                25,    104464
shared_memory,      9881,            7,          18,                25,    104464
shared_memory,      9882,            7,          18,                25,    104464
shared_memory,      9883,            7,          18,                25,    104464
shared_memory,      9884,            7,          18,                25,    104464
shared_memory,      9885,            7,          18,                25,    104464
shared_memory,      9886,            7,          18,                25,    104464
shared_memory,      9887,            7,          18,                25,    104464
shared_memory,      9888,            7,          18,                25,    104464
shared_memory,      9889,            7,          18,                25,    104464
shared_memory,      9890,            7,          18,                25,    104464
shared_memory,      9891,            7,          18,                25,    104464
shared_memory,      9892,            7,          18,                25,    104464
shared_memory,      9893,            7,          18,                25,    104464
shared_memory,      9894,            7,          18,                25,    104464
shared_memory,      9895,            7,          18,                25,    104464
shared_memory,      9896,            7,          18,                25,    104464
shared_memory,      9897,            7,          18,                25,    104464
shared_memory,      9898,            7,          18,                25,    104464
shared_memory,      9899,            7,          18,                25,    104464
shared_memory,      9900,            7,          18,                25,    104464
shared_memory,      9901,            7,          18,                25,    104464
shared_memory,      9902,            7,          18,                25,    104464
shared_memory,      9903,            7,          18,                25,    104464
shared_memory,      9904,            7,          18,                25,    104464
shared_memory,      9905,            7,          18,                25,    104464
shared_memory,      9906,            7,          18,                25,    104464
shared_memory,      9907,            7,          18,                25,    104464
shared_memory,      9908,            7,          18,                25,    104464
shared_memory,      9909,            7,          18,                25,    104464
shared_memory,      9910,            7,          18,                25,    104464
shared_memory,      9911,            7,          18,                25,    104464
shared_memory,      9912,            7,          18,                25,    104464
shared_memory,      9913,            7,          18,                25,    104464
shared_memory,      9914,            7,          18,                25,    104464
shared_memory,      9915,            7,          18,                25,    104464
shared_memory,      9916,            7,          18,                25,    104464
shared_memory,      9917,            7,          18,                25,    104464
shared_memory,      9918,            7,          18,                25,    104464
shared_memory,      9919,            7,          18,                25,    104464
shared_memory,      9920,            7,          18,                25,    104464
shared_memory,      9921,            7,          18,                25,    104464
shared_memory,      9922,            7,          18,                25,    104464
shared_memory,      9923,            7,          18,                25,    104464
shared_memory,      9924,            7,          18,                25,    104464
shared_memory,      9925,            7,          18,                25,    104464
shared_memory,      9926,            7,          18,                25,    104464
shared_memory,      9927,            7,          18,                25,    104464
shared_memory,      9928,            7,          18,                25,    104464
shared_memory,      9929,            7,          18,                25,    104464
shared_memory,      9930,            7,          18,                25,    104464
shared_memory,      9931,            7,          18,                25,    104464
shared_memory,      9932,            7,          18,                25,    104464
shared_memory,      9933,            7,          18,                25,    104464
shared_memory,      9934,            7,          18,                25,    104464
shared_memory,      9935,            7,          18,                25,    104464
shared_memory,      9936,            7,          18,                25,    104464
shared_memory,      9937,            7,          18,                25,    104464
shared_memory,      9938,            7,          18,                25,    104464
shared_memory,      9939,            7,          18,                25,    104464
shared_memory,      9940,            7,          18,                25,    104464
shared_memory,      9941,            7,          18,                25,    104464
shared_memory,      9942,            7,          18,                25,    104464
shared_memory,      9943,            7,          18,                25,    104464
shared_memory,      9944,            7,          18,                25,    104464
shared_memory,      9945,            7,          18,                25,    104464
shared_memory,      9946,            7,          18,                25,    104464
shared_memory,      9947,            7,          18,                25,    104464
shared_memory,      9948,            7,          18,                25,    104464
shared_memory,      9949,            7,          18,                25,    104464
shared_memory,      9950,            7,          18,                25,    104464
shared_memory,      9951,            7,          18,                25,    104464
shared_memory,      9952,            7,          18,                25,    104464
shared_memory,      9953,            7,          18,                25,    104464
shared_memory,      9954,            7,          18,                25,    104464
shared_memory,      9955,            7,          18,                25,    104464
shared_memory,      9956,            7,          18,                25,    104464
shared_memory,      9957,            7,          18,                25,    104464
shared_memory,      9958,            7,          18,                25,    104464
shared_memory,      9959,            7,          18,                25,    104464
shared_memory,      9960,            7,          18,                25,    104464
shared_memory,      9961,            7,          18,                25,    104464
shared_memory,      9962,            7,          18,                25,    104464
shared_memory,      9963,            7,          18,                25,    104464
shared_memory,      9964,            7,          18,                25,    104464
shared_memory,      9965,            7,          18,                25,    104464
shared_memory,      9966,            7,          18,                25,    104464
shared_memory,      9967,            7,          18,                25,    104464
shared_memory,      9968,            7,          18,                25,    104464
shared_memory,      9969,            7,          18,                25,    104464
shared_memory,      9970,            7,          18,                25,    104464
shared_memory,      9971,            7,          18,                25,    104464
shared_memory,      9972,            7,          18,                25,    104464
shared_memory,      9973,            7,          18,                25,    104464
shared_memory,      9974,            7,          18,                25,    104464
shared_memory,      9975,            7,          18,                25,    104464
shared_memory,      9976,            7,          18,                25,    104464
shared_memory,      9977,            7,          18,                25,    104464
shared_memory,      9978,            7,          18,                25,    104464
shared_memory,      9979,            7,          18,                25,    104464
shared_memory,      9980,            7,          18,                25,    104464
shared_memory,      9981,            7,          18,                25,    104464
shared_memory,      9982,            7,          18,                25,    104464
shared_memory,      9983,            7,          18,                25,    104464
shared_memory,      9984,            7,          18,                25,    104464
shared_memory,      9985,            7,          18,                25,    104464
shared_memory,      9986,            7,          18,                25,    104464
shared_memory,      9987,            7,          18,                25,    104464
shared_memory,      9988,            7,          18,                25,    104464
shared_memory,      9989,            7,          18,                25,    104464
shared_memory,      9990,            7,          18,                25,    104464
shared_memory,      9991,            7,          18,                25,    104464
shared_memory,      9992,            7,          18,                25,    104464
shared_memory,      9993,            7,          18,                25,    104464
shared_memory,      9994,            7,          18,                25,    104464
shared_memory,      9995,            7,          18,                25,    104464
shared_memory,      9996,            7,          18,                25,    104464
shared_memory,      9997,            7,          18,                25,    104464
shared_memory,      9998,            7,          18,                25,    104464
shared_memory,      9999,            7,          18,                25,    104464
