method,iteration,write_cycles,read_cycles,round_trip_cycles,free_heap
native_to_wasm,0,306029,220229,526259,42256
native_to_wasm,1,210450,209042,419493,42256
native_to_wasm,2,211571,209142,420714,42256
native_to_wasm,3,210331,209836,420168,42256
native_to_wasm,4,210445,209064,419510,42256
native_to_wasm,5,211143,209146,420290,42256
native_to_wasm,6,212183,209816,422000,42256
native_to_wasm,7,210455,209148,419604,42256
native_to_wasm,8,211351,209142,420494,42256
native_to_wasm,9,210443,210225,420669,42256
native_to_wasm,10,210446,209154,419601,42256
native_to_wasm,11,210305,209834,420140,42256
native_to_wasm,12,210443,209064,419508,42256
native_to_wasm,13,211149,209152,420302,42256
native_to_wasm,14,210661,209850,420512,42256
native_to_wasm,15,210445,209150,419596,42256
native_to_wasm,16,211343,209142,420486,42256
native_to_wasm,17,210447,210347,420795,42256
native_to_wasm,18,210424,209134,419559,42256
native_to_wasm,19,210317,209826,420144,42256
native_to_wasm,20,210453,209064,419518,42256
native_to_wasm,21,211147,209152,420300,42256
native_to_wasm,22,210629,209824,420454,42256
native_to_wasm,23,210451,209148,419600,42256
native_to_wasm,24,211349,209144,420494,42256
native_to_wasm,25,210443,210347,420791,42256
native_to_wasm,26,210426,209142,419569,42256
native_to_wasm,27,210331,209836,420168,42256
native_to_wasm,28,210445,209064,419510,42256
native_to_wasm,29,211143,209146,420290,42256
native_to_wasm,30,210753,209824,420578,42256
native_to_wasm,31,210453,209146,419600,42256
native_to_wasm,32,211439,209144,420584,42256
native_to_wasm,33,210449,210114,420564,42256
native_to_wasm,34,210429,209124,419554,42256
native_to_wasm,35,210327,209816,420144,42256
native_to_wasm,36,210463,209064,419528,42256
native_to_wasm,37,211143,209152,420296,42256
native_to_wasm,38,210747,209816,420564,42256
native_to_wasm,39,210459,209150,419610,42256
native_to_wasm,40,212611,209132,421744,42256
native_to_wasm,41,210453,210318,420772,42256
native_to_wasm,42,210445,209146,419592,42256
native_to_wasm,43,210333,209840,420174,42256
native_to_wasm,44,210435,209060,419496,42256
native_to_wasm,45,211137,209152,420290,42256
native_to_wasm,46,210327,209834,420162,42256
native_to_wasm,47,210443,209367,419811,42256
native_to_wasm,48,212448,209124,421573,42256
native_to_wasm,49,210463,210052,420516,42256
native_to_wasm,50,210455,209150,419606,42256
native_to_wasm,51,210305,210226,420532,42256
native_to_wasm,52,210445,209042,419488,42256
native_to_wasm,53,211145,209148,420294,42256
native_to_wasm,54,210335,209836,420172,42256
native_to_wasm,55,210431,210695,421127,42256
native_to_wasm,56,211136,209152,420289,42256
native_to_wasm,57,210447,210044,420492,42256
native_to_wasm,58,210429,209156,419586,42256
native_to_wasm,59,211349,209146,420496,42256
native_to_wasm,60,210443,209062,419506,42256
native_to_wasm,61,211157,209144,420302,42256
native_to_wasm,62,210333,209824,420158,42256
native_to_wasm,63,210453,209374,419828,42256
native_to_wasm,64,211137,209152,420290,42256
native_to_wasm,65,210445,210044,420490,42256
native_to_wasm,66,210427,209134,419562,42256
native_to_wasm,67,211561,209126,420688,42256
native_to_wasm,68,210427,209062,419490,42256
native_to_wasm,69,211137,209152,420290,42256
native_to_wasm,70,210307,209824,420132,42256
native_to_wasm,71,210451,209478,419930,42256
native_to_wasm,72,211149,209154,420304,42256
native_to_wasm,73,210445,210132,420578,42256
native_to_wasm,74,210431,209130,419562,42256
native_to_wasm,75,211373,209146,420520,42256
native_to_wasm,76,210449,209044,419494,42256
native_to_wasm,77,211143,209152,420296,42256
native_to_wasm,78,210297,209846,420144,42256
native_to_wasm,79,210427,209462,419890,42256
native_to_wasm,80,211121,209122,420244,42256
native_to_wasm,81,210425,211468,421894,42256
native_to_wasm,82,210455,209148,419604,42256
native_to_wasm,83,210957,209140,420098,42256
native_to_wasm,84,210453,209044,419498,42256
native_to_wasm,85,211143,209152,420296,42256
native_to_wasm,86,210321,209840,420162,42256
native_to_wasm,87,210445,209060,419506,42256
native_to_wasm,88,211185,209130,420316,42256
native_to_wasm,89,210453,211058,421512,42256
native_to_wasm,90,210433,209128,419562,42256
native_to_wasm,91,211623,209148,420772,42256
native_to_wasm,92,210447,209062,419510,42256
native_to_wasm,93,211145,209150,420296,42256
native_to_wasm,94,210317,209816,420134,42256
native_to_wasm,95,210455,209064,419520,42256
native_to_wasm,96,211149,209152,420302,42256
native_to_wasm,97,212205,209838,422044,42256
native_to_wasm,98,210451,209150,419602,42256
native_to_wasm,99,211347,209154,420502,42256
native_to_wasm,100,210455,209062,419518,42256
native_to_wasm,101,211711,209142,420854,42256
native_to_wasm,102,210331,209836,420168,42256
native_to_wasm,103,210445,209064,419510,42256
native_to_wasm,104,211143,209146,420290,42256
native_to_wasm,105,211281,209826,421108,42256
native_to_wasm,106,210453,209150,419604,42256
native_to_wasm,107,211345,209154,420500,42256
native_to_wasm,108,210463,210321,420785,42256
native_to_wasm,109,210452,209162,419615,42256
native_to_wasm,110,210295,209846,420142,42256
native_to_wasm,111,210431,209062,419494,42256
native_to_wasm,112,211137,209152,420290,42256
native_to_wasm,113,210649,209834,420484,42256
native_to_wasm,114,210443,209154,419598,42256
native_to_wasm,115,211347,209130,420478,42256
native_to_wasm,116,210453,210331,420785,42256
native_to_wasm,117,210458,209152,419611,42256
native_to_wasm,118,210305,209834,420140,42256
native_to_wasm,119,210443,209064,419508,42256
native_to_wasm,120,211149,209152,420302,42256
native_to_wasm,121,210747,209822,420570,42256
native_to_wasm,122,210451,209156,419608,42256
native_to_wasm,123,211477,209142,420620,42256
native_to_wasm,124,210449,209956,420406,42256
native_to_wasm,125,210429,209124,419554,42256
native_to_wasm,126,210327,209816,420144,42256
native_to_wasm,127,210463,209064,419528,42256
native_to_wasm,128,210455,209150,419606,42256
native_to_wasm,129,210319,209816,420136,42256
native_to_wasm,130,210453,209012,419466,42256
native_to_wasm,131,211123,209124,420248,42256
native_to_wasm,132,210573,209834,420408,42256
native_to_wasm,133,210445,209148,419594,42256
native_to_wasm,134,211347,209144,420492,42256
native_to_wasm,135,210445,210306,420752,42256
native_to_wasm,136,210455,209148,419604,42256
native_to_wasm,137,210333,209838,420172,42256
native_to_wasm,138,210445,209060,419506,42256
native_to_wasm,139,211157,209140,420298,42256
native_to_wasm,140,210765,209844,420610,42256
native_to_wasm,141,210433,209128,419562,42256
native_to_wasm,142,211349,209170,420520,42256
native_to_wasm,143,210445,209856,420302,42256
native_to_wasm,144,210443,209156,419600,42256
native_to_wasm,145,210329,209834,420164,42256
native_to_wasm,146,210443,209064,419508,42256
native_to_wasm,147,211149,209178,420328,42256
native_to_wasm,148,210747,209816,420564,42256
native_to_wasm,149,210455,209150,419606,42256
native_to_wasm,150,212479,209124,421604,42256
native_to_wasm,151,210427,210238,420666,42256
native_to_wasm,152,210429,209142,419572,42256
native_to_wasm,153,210305,209838,420144,42256
native_to_wasm,154,210435,209012,419448,42256
native_to_wasm,155,211135,209148,420284,42256
native_to_wasm,156,210333,209836,420170,42256
native_to_wasm,157,210445,209146,419592,42256
native_to_wasm,158,212955,209148,422104,42256
native_to_wasm,159,210443,210050,420494,42256
native_to_wasm,160,210425,209142,419568,42256
native_to_wasm,161,210331,210272,420604,42256
native_to_wasm,162,210443,209064,419508,42256
native_to_wasm,163,211147,209148,420296,42256
native_to_wasm,164,210333,209834,420168,42256
native_to_wasm,165,210447,210644,421092,42256
native_to_wasm,166,211121,209122,420244,42256
native_to_wasm,167,210427,210030,420458,42256
native_to_wasm,168,210431,209132,419564,42256
native_to_wasm,169,210799,209142,419942,42256
native_to_wasm,170,210449,209060,419510,42256
native_to_wasm,171,211149,209148,420298,42256
native_to_wasm,172,210313,209824,420138,42256
native_to_wasm,173,210451,210372,420824,42256
native_to_wasm,174,211121,209122,420244,42256
native_to_wasm,175,210427,210064,420492,42256
native_to_wasm,176,210453,209148,419602,42256
native_to_wasm,177,211619,209152,420772,42256
native_to_wasm,178,210429,209030,419460,42256
native_to_wasm,179,211147,209150,420298,42256
native_to_wasm,180,210331,209834,420166,42256
native_to_wasm,181,210445,209466,419912,42256
native_to_wasm,182,211137,209150,420288,42256
native_to_wasm,183,210445,210058,420504,42256
native_to_wasm,184,210451,209146,419598,42256
native_to_wasm,185,211601,209144,420746,42256
native_to_wasm,186,210445,209062,419508,42256
native_to_wasm,187,211157,209142,420300,42256
native_to_wasm,188,210333,209836,420170,42256
native_to_wasm,189,210445,209472,419918,42256
native_to_wasm,190,211157,209144,420302,42256
native_to_wasm,191,210447,211562,422010,42256
native_to_wasm,192,210427,209140,419568,42256
native_to_wasm,193,210931,209140,420072,42256
native_to_wasm,194,210453,209044,419498,42256
native_to_wasm,195,211143,209152,420296,42256
native_to_wasm,196,210321,209840,420162,42256
native_to_wasm,197,210445,209060,419506,42256
native_to_wasm,198,211185,209130,420316,42256
native_to_wasm,199,210453,211058,421512,42256
native_to_wasm,200,210433,209128,419562,42256
native_to_wasm,201,211623,209148,420772,42256
native_to_wasm,202,210447,209062,419510,42256
native_to_wasm,203,211145,209150,420296,42256
native_to_wasm,204,210317,209816,420134,42256
native_to_wasm,205,210455,209064,419520,42256
native_to_wasm,206,211149,209152,420302,42256
native_to_wasm,207,212205,209838,422044,42256
native_to_wasm,208,210451,209150,419602,42256
native_to_wasm,209,211347,209154,420502,42256
native_to_wasm,210,210455,209062,419518,42256
native_to_wasm,211,211711,209142,420854,42256
native_to_wasm,212,210331,209836,420168,42256
native_to_wasm,213,210445,209064,419510,42256
native_to_wasm,214,211143,209146,420290,42256
native_to_wasm,215,211281,209826,421108,42256
native_to_wasm,216,210453,209150,419604,42256
native_to_wasm,217,211345,209154,420500,42256
native_to_wasm,218,210463,210321,420785,42256
native_to_wasm,219,210452,209162,419615,42256
native_to_wasm,220,210295,209846,420142,42256
native_to_wasm,221,210431,209062,419494,42256
native_to_wasm,222,211137,209152,420290,42256
native_to_wasm,223,210649,209834,420484,42256
native_to_wasm,224,210443,209154,419598,42256
native_to_wasm,225,211347,209130,420478,42256
native_to_wasm,226,210453,210331,420785,42256
native_to_wasm,227,210458,209152,419611,42256
native_to_wasm,228,210305,209834,420140,42256
native_to_wasm,229,210443,209064,419508,42256
native_to_wasm,230,211149,209152,420302,42256
native_to_wasm,231,210747,209822,420570,42256
native_to_wasm,232,210451,209156,419608,42256
native_to_wasm,233,211477,209142,420620,42256
native_to_wasm,234,210449,209956,420406,42256
native_to_wasm,235,210429,209124,419554,42256
native_to_wasm,236,210327,209816,420144,42256
native_to_wasm,237,210463,209064,419528,42256
native_to_wasm,238,211143,209152,420296,42256
native_to_wasm,239,210747,209816,420564,42256
native_to_wasm,240,210459,209150,419610,42256
native_to_wasm,241,212611,209132,421744,42256
native_to_wasm,242,210453,210318,420772,42256
native_to_wasm,243,210445,209146,419592,42256
native_to_wasm,244,210333,209840,420174,42256
native_to_wasm,245,210435,209060,419496,42256
native_to_wasm,246,211137,209152,420290,42256
native_to_wasm,247,210327,209834,420162,42256
native_to_wasm,248,210443,209367,419811,42256
native_to_wasm,249,212448,209124,421573,42256
native_to_wasm,250,210463,210052,420516,42256
native_to_wasm,251,210455,209150,419606,42256
native_to_wasm,252,210305,210226,420532,42256
native_to_wasm,253,210445,209042,419488,42256
native_to_wasm,254,211145,209148,420294,42256
native_to_wasm,255,210335,209836,420172,42256
native_to_wasm,256,210217,208932,419150,42256
native_to_wasm,257,210133,209606,419740,42256
native_to_wasm,258,210219,208864,419084,42256
native_to_wasm,259,210947,208938,419886,42256
native_to_wasm,260,211213,209606,420820,42256
native_to_wasm,261,210219,208922,419142,42256
native_to_wasm,262,211145,208936,420082,42256
native_to_wasm,263,210239,208862,419102,42256
native_to_wasm,264,211537,208942,420480,42256
native_to_wasm,265,210105,209606,419712,42256
native_to_wasm,266,210219,208858,419078,42256
native_to_wasm,267,210915,208924,419840,42256
native_to_wasm,268,211373,209624,420998,42256
native_to_wasm,269,210245,208940,419186,42256
native_to_wasm,270,211137,208936,420074,42256
native_to_wasm,271,210239,208862,419102,42256
native_to_wasm,272,211337,208924,420262,42256
native_to_wasm,273,210121,209636,419758,42256
native_to_wasm,274,210241,208864,419106,42256
native_to_wasm,275,210959,208940,419900,42256
native_to_wasm,276,210549,209696,420246,42256
native_to_wasm,277,210247,208950,419198,42256
native_to_wasm,278,211403,208940,420344,42256
native_to_wasm,279,210243,208862,419106,42256
native_to_wasm,280,210937,208938,419876,42256
native_to_wasm,281,210137,209636,419774,42256
native_to_wasm,282,210241,208848,419090,42256
native_to_wasm,283,210913,208934,419848,42256
native_to_wasm,284,210241,210612,420854,42256
native_to_wasm,285,210237,208950,419188,42256
native_to_wasm,286,211133,208932,420066,42256
native_to_wasm,287,210245,208850,419096,42256
native_to_wasm,288,210911,208922,419834,42256
native_to_wasm,289,210121,209636,419758,42256
native_to_wasm,290,210241,209266,419508,42256
native_to_wasm,291,210937,208916,419854,42256
native_to_wasm,292,210219,210744,420964,42256
native_to_wasm,293,210225,208918,419144,42256
native_to_wasm,294,210663,208936,419600,42256
native_to_wasm,295,210245,208850,419096,42256
native_to_wasm,296,210911,208944,419856,42256
native_to_wasm,297,210121,209636,419758,42256
native_to_wasm,298,210241,209180,419422,42256
native_to_wasm,299,210939,208938,419878,42256
native_to_wasm,300,210249,209840,420090,42256
native_to_wasm,301,210251,208940,419192,42256
native_to_wasm,302,211377,208916,420294,42256
native_to_wasm,303,210219,208818,419038,42256
native_to_wasm,304,210947,208938,419886,42256
native_to_wasm,305,210133,209606,419740,42256
native_to_wasm,306,210253,209918,420172,42256
native_to_wasm,307,210937,208944,419882,42256
native_to_wasm,308,210235,209842,420078,42256
native_to_wasm,309,210217,208932,419150,42256
native_to_wasm,310,210133,209952,420086,42256
native_to_wasm,311,210217,208856,419074,42256
native_to_wasm,312,210929,208940,419870,42256
native_to_wasm,313,210125,209632,419758,42256
native_to_wasm,314,210233,210032,420266,42256
native_to_wasm,315,210941,208946,419888,42256
native_to_wasm,316,210237,209836,420074,42256
native_to_wasm,317,210235,208948,419184,42256
native_to_wasm,318,210129,209996,420126,42256
native_to_wasm,319,210217,208858,419076,42256
native_to_wasm,320,210927,208940,419868,42256
native_to_wasm,321,210125,209632,419758,42256
native_to_wasm,322,210235,209038,419274,42256
native_to_wasm,323,212507,208938,421446,42256
native_to_wasm,324,210241,209814,420056,42256
native_to_wasm,325,210239,208946,419186,42256
native_to_wasm,326,210131,209606,419738,42256
native_to_wasm,327,210219,208862,419082,42256
native_to_wasm,328,210911,208922,419834,42256
native_to_wasm,329,210121,209636,419758,42256
native_to_wasm,330,210241,208940,419182,42256
native_to_wasm,331,212389,208914,421304,42256
native_to_wasm,332,210221,210120,420342,42256
native_to_wasm,333,210237,208942,419180,42256
native_to_wasm,334,210133,209612,419746,42256
native_to_wasm,335,210247,208864,419112,42256
native_to_wasm,336,210933,208946,419880,42256
native_to_wasm,337,210517,209612,420130,42256
native_to_wasm,338,210245,208914,419160,42256
native_to_wasm,339,212037,208938,420976,42256
native_to_wasm,340,210249,209308,419558,42256
native_to_wasm,341,210221,208924,419146,42256
native_to_wasm,342,210131,209626,419758,42256
native_to_wasm,343,210239,208862,419102,42256
native_to_wasm,344,210937,208944,419882,42256
native_to_wasm,345,210465,209632,420098,42256
native_to_wasm,346,210221,208932,419154,42256
native_to_wasm,347,211141,208932,420074,42256
native_to_wasm,348,210241,210065,420307,42256
native_to_wasm,349,210236,208944,419181,42256
native_to_wasm,350,210133,209606,419740,42256
native_to_wasm,351,210249,208852,419102,42256
native_to_wasm,352,210913,208920,419834,42256
native_to_wasm,353,210897,209614,420512,42256
native_to_wasm,354,210247,208940,419188,42256
native_to_wasm,355,211141,208934,420076,42256
native_to_wasm,356,210241,208862,419104,42256
native_to_wasm,357,211531,208940,420472,42256
native_to_wasm,358,210125,209632,419758,42256
native_to_wasm,359,210239,208862,419102,42256
native_to_wasm,360,210933,208938,419872,42256
native_to_wasm,361,211333,209606,420940,42256
native_to_wasm,362,210217,208934,419152,42256
native_to_wasm,363,211135,208934,420070,42256
native_to_wasm,364,210241,208862,419104,42256
native_to_wasm,365,211371,208944,420316,42256
native_to_wasm,366,210113,209636,419750,42256
native_to_wasm,367,210241,208864,419106,42256
native_to_wasm,368,210959,208940,419900,42256
native_to_wasm,369,210549,209696,420246,42256
native_to_wasm,370,210247,208950,419198,42256
native_to_wasm,371,211403,208940,420344,42256
native_to_wasm,372,210243,208862,419106,42256
native_to_wasm,373,210937,208938,419876,42256
native_to_wasm,374,210137,209636,419774,42256
native_to_wasm,375,210241,208848,419090,42256
native_to_wasm,376,210913,208934,419848,42256
native_to_wasm,377,210241,210612,420854,42256
native_to_wasm,378,210237,208950,419188,42256
native_to_wasm,379,211133,208932,420066,42256
native_to_wasm,380,210245,208850,419096,42256
native_to_wasm,381,210911,208922,419834,42256
native_to_wasm,382,210121,209636,419758,42256
native_to_wasm,383,210241,209266,419508,42256
native_to_wasm,384,210111,208948,419060,42256
native_to_wasm,385,210131,209606,419738,42256
native_to_wasm,386,210219,208876,419096,42256
native_to_wasm,387,210929,208944,419874,42256
native_to_wasm,388,211329,209606,420936,42256
native_to_wasm,389,210219,208918,419138,42256
native_to_wasm,390,211159,208946,420106,42256
native_to_wasm,391,210241,208864,419106,42256
native_to_wasm,392,211485,208938,420424,42256
native_to_wasm,393,210123,209638,419762,42256
native_to_wasm,394,210221,208830,419052,42256
native_to_wasm,395,210933,208938,419872,42256
native_to_wasm,396,211333,209606,420940,42256
native_to_wasm,397,210217,208934,419152,42256
native_to_wasm,398,211135,208934,420070,42256
native_to_wasm,399,210241,208862,419104,42256
native_to_wasm,400,211371,208944,420316,42256
native_to_wasm,401,210113,209636,419750,42256
native_to_wasm,402,210241,208864,419106,42256
native_to_wasm,403,210959,208940,419900,42256
native_to_wasm,404,210549,209696,420246,42256
native_to_wasm,405,210247,208950,419198,42256
native_to_wasm,406,211403,208940,420344,42256
native_to_wasm,407,210243,208862,419106,42256
native_to_wasm,408,210937,208938,419876,42256
native_to_wasm,409,210137,209636,419774,42256
native_to_wasm,410,210241,208848,419090,42256
native_to_wasm,411,210913,208934,419848,42256
native_to_wasm,412,210241,210612,420854,42256
native_to_wasm,413,210237,208950,419188,42256
native_to_wasm,414,211133,208932,420066,42256
native_to_wasm,415,210245,208850,419096,42256
native_to_wasm,416,210911,208922,419834,42256
native_to_wasm,417,210121,209636,419758,42256
native_to_wasm,418,210241,209266,419508,42256
native_to_wasm,419,210937,208916,419854,42256
native_to_wasm,420,210219,210744,420964,42256
native_to_wasm,421,210225,208918,419144,42256
native_to_wasm,422,210663,208936,419600,42256
native_to_wasm,423,210245,208850,419096,42256
native_to_wasm,424,210911,208944,419856,42256
native_to_wasm,425,210121,209636,419758,42256
native_to_wasm,426,210241,209180,419422,42256
native_to_wasm,427,210939,208938,419878,42256
native_to_wasm,428,210249,209840,420090,42256
native_to_wasm,429,210251,208940,419192,42256
native_to_wasm,430,211377,208916,420294,42256
native_to_wasm,431,210219,208818,419038,42256
native_to_wasm,432,210947,208938,419886,42256
native_to_wasm,433,210133,209606,419740,42256
native_to_wasm,434,210253,209918,420172,42256
native_to_wasm,435,210937,208944,419882,42256
native_to_wasm,436,210235,209842,420078,42256
native_to_wasm,437,210217,208932,419150,42256
native_to_wasm,438,210133,209952,420086,42256
native_to_wasm,439,210217,208856,419074,42256
native_to_wasm,440,210929,208940,419870,42256
native_to_wasm,441,210125,209632,419758,42256
native_to_wasm,442,210233,210032,420266,42256
native_to_wasm,443,210941,208946,419888,42256
native_to_wasm,444,210237,209836,420074,42256
native_to_wasm,445,210235,208948,419184,42256
native_to_wasm,446,210129,209996,420126,42256
native_to_wasm,447,210217,208858,419076,42256
native_to_wasm,448,210927,208940,419868,42256
native_to_wasm,449,210125,209632,419758,42256
native_to_wasm,450,210235,209038,419274,42256
native_to_wasm,451,212507,208938,421446,42256
native_to_wasm,452,210241,209814,420056,42256
native_to_wasm,453,210239,208946,419186,42256
native_to_wasm,454,210131,209606,419738,42256
native_to_wasm,455,210219,208862,419082,42256
native_to_wasm,456,210911,208922,419834,42256
native_to_wasm,457,210121,209636,419758,42256
native_to_wasm,458,210241,208940,419182,42256
native_to_wasm,459,212389,208914,421304,42256
native_to_wasm,460,210221,210120,420342,42256
native_to_wasm,461,210237,208942,419180,42256
native_to_wasm,462,210133,209612,419746,42256
native_to_wasm,463,210247,208864,419112,42256
native_to_wasm,464,210933,208946,419880,42256
native_to_wasm,465,210517,209612,420130,42256
native_to_wasm,466,210245,208914,419160,42256
native_to_wasm,467,212037,208938,420976,42256
native_to_wasm,468,210249,209308,419558,42256
native_to_wasm,469,210221,208924,419146,42256
native_to_wasm,470,210131,209626,419758,42256
native_to_wasm,471,210239,208862,419102,42256
native_to_wasm,472,210937,208944,419882,42256
native_to_wasm,473,210465,209632,420098,42256
native_to_wasm,474,210221,208932,419154,42256
native_to_wasm,475,211141,208932,420074,42256
native_to_wasm,476,210241,210065,420307,42256
native_to_wasm,477,210236,208944,419181,42256
native_to_wasm,478,210133,209606,419740,42256
native_to_wasm,479,210249,208852,419102,42256
native_to_wasm,480,210913,208920,419834,42256
native_to_wasm,481,210897,209614,420512,42256
native_to_wasm,482,210247,208940,419188,42256
native_to_wasm,483,211141,208934,420076,42256
native_to_wasm,484,210241,208862,419104,42256
native_to_wasm,485,211531,208940,420472,42256
native_to_wasm,486,210125,209632,419758,42256
native_to_wasm,487,210239,208862,419102,42256
native_to_wasm,488,210933,208938,419872,42256
native_to_wasm,489,211333,209606,420940,42256
native_to_wasm,490,210217,208934,419152,42256
native_to_wasm,491,211135,208934,420070,42256
native_to_wasm,492,210241,208862,419104,42256
native_to_wasm,493,211371,208944,420316,42256
native_to_wasm,494,210113,209636,419750,42256
native_to_wasm,495,210241,208864,419106,42256
native_to_wasm,496,210959,208940,419900,42256
native_to_wasm,497,210549,209696,420246,42256
native_to_wasm,498,210247,208950,419198,42256
native_to_wasm,499,211403,208940,420344,42256
native_to_wasm,500,210243,208862,419106,42256
native_to_wasm,501,210937,208938,419876,42256
native_to_wasm,502,210137,209636,419774,42256
native_to_wasm,503,210241,208848,419090,42256
native_to_wasm,504,210913,208934,419848,42256
native_to_wasm,505,210241,210612,420854,42256
native_to_wasm,506,210237,208950,419188,42256
native_to_wasm,507,211133,208932,420066,42256
native_to_wasm,508,210245,208850,419096,42256
native_to_wasm,509,210911,208922,419834,42256
native_to_wasm,510,210121,209636,419758,42256
native_to_wasm,511,210241,209266,419508,42256
native_to_wasm,512,210111,208948,419060,42256
native_to_wasm,513,210131,209606,419738,42256
native_to_wasm,514,210219,208876,419096,42256
native_to_wasm,515,210929,208944,419874,42256
native_to_wasm,516,211329,209606,420936,42256
native_to_wasm,517,210219,208918,419138,42256
native_to_wasm,518,211159,208946,420106,42256
native_to_wasm,519,210241,208864,419106,42256
native_to_wasm,520,211485,208938,420424,42256
native_to_wasm,521,210123,209638,419762,42256
native_to_wasm,522,210221,208830,419052,42256
native_to_wasm,523,210933,208938,419872,42256
native_to_wasm,524,211333,209606,420940,42256
native_to_wasm,525,210217,208934,419152,42256
native_to_wasm,526,211135,208934,420070,42256
native_to_wasm,527,210241,208862,419104,42256
native_to_wasm,528,211371,208944,420316,42256
native_to_wasm,529,210113,209636,419750,42256
native_to_wasm,530,210241,208864,419106,42256
native_to_wasm,531,210959,208940,419900,42256
native_to_wasm,532,210549,209696,420246,42256
native_to_wasm,533,210247,208950,419198,42256
native_to_wasm,534,211403,208940,420344,42256
native_to_wasm,535,210243,208862,419106,42256
native_to_wasm,536,210937,208938,419876,42256
native_to_wasm,537,210137,209636,419774,42256
native_to_wasm,538,210241,208848,419090,42256
native_to_wasm,539,210913,208934,419848,42256
native_to_wasm,540,210241,210612,420854,42256
native_to_wasm,541,210237,208950,419188,42256
native_to_wasm,542,211133,208932,420066,42256
native_to_wasm,543,210245,208850,419096,42256
native_to_wasm,544,210911,208922,419834,42256
native_to_wasm,545,210121,209636,419758,42256
native_to_wasm,546,210241,209266,419508,42256
native_to_wasm,547,210937,208916,419854,42256
native_to_wasm,548,210219,210744,420964,42256
native_to_wasm,549,210225,208918,419144,42256
native_to_wasm,550,210663,208936,419600,42256
native_to_wasm,551,210245,208850,419096,42256
native_to_wasm,552,210911,208944,419856,42256
native_to_wasm,553,210121,209636,419758,42256
native_to_wasm,554,210241,209180,419422,42256
native_to_wasm,555,210939,208938,419878,42256
native_to_wasm,556,210249,209840,420090,42256
native_to_wasm,557,210251,208940,419192,42256
native_to_wasm,558,211377,208916,420294,42256
native_to_wasm,559,210219,208818,419038,42256
native_to_wasm,560,210947,208938,419886,42256
native_to_wasm,561,210133,209606,419740,42256
native_to_wasm,562,210253,209918,420172,42256
native_to_wasm,563,210937,208944,419882,42256
native_to_wasm,564,210235,209842,420078,42256
native_to_wasm,565,210217,208932,419150,42256
native_to_wasm,566,210133,209952,420086,42256
native_to_wasm,567,210217,208856,419074,42256
native_to_wasm,568,210929,208940,419870,42256
native_to_wasm,569,210125,209632,419758,42256
native_to_wasm,570,210233,210032,420266,42256
native_to_wasm,571,210941,208946,419888,42256
native_to_wasm,572,210237,209836,420074,42256
native_to_wasm,573,210235,208948,419184,42256
native_to_wasm,574,210129,209996,420126,42256
native_to_wasm,575,210217,208858,419076,42256
native_to_wasm,576,210927,208940,419868,42256
native_to_wasm,577,210125,209632,419758,42256
native_to_wasm,578,210235,209038,419274,42256
native_to_wasm,579,212507,208938,421446,42256
native_to_wasm,580,210241,209814,420056,42256
native_to_wasm,581,210239,208946,419186,42256
native_to_wasm,582,210131,209606,419738,42256
native_to_wasm,583,210219,208862,419082,42256
native_to_wasm,584,210911,208922,419834,42256
native_to_wasm,585,210121,209636,419758,42256
native_to_wasm,586,210241,208940,419182,42256
native_to_wasm,587,212389,208914,421304,42256
native_to_wasm,588,210221,210120,420342,42256
native_to_wasm,589,210237,208942,419180,42256
native_to_wasm,590,210133,209612,419746,42256
native_to_wasm,591,210247,208864,419112,42256
native_to_wasm,592,210933,208946,419880,42256
native_to_wasm,593,210517,209612,420130,42256
native_to_wasm,594,210245,208914,419160,42256
native_to_wasm,595,212037,208938,420976,42256
native_to_wasm,596,210249,209308,419558,42256
native_to_wasm,597,210221,208924,419146,42256
native_to_wasm,598,210131,209626,419758,42256
native_to_wasm,599,210239,208862,419102,42256
native_to_wasm,600,210937,208944,419882,42256
native_to_wasm,601,210465,209632,420098,42256
native_to_wasm,602,210221,208932,419154,42256
native_to_wasm,603,211141,208932,420074,42256
native_to_wasm,604,210241,210065,420307,42256
native_to_wasm,605,210236,208944,419181,42256
native_to_wasm,606,210133,209606,419740,42256
native_to_wasm,607,210249,208852,419102,42256
native_to_wasm,608,210913,208920,419834,42256
native_to_wasm,609,210897,209614,420512,42256
native_to_wasm,610,210247,208940,419188,42256
native_to_wasm,611,211141,208934,420076,42256
native_to_wasm,612,210241,208862,419104,42256
native_to_wasm,613,211531,208940,420472,42256
native_to_wasm,614,210125,209632,419758,42256
native_to_wasm,615,210239,208862,419102,42256
native_to_wasm,616,210933,208938,419872,42256
native_to_wasm,617,211333,209606,420940,42256
native_to_wasm,618,210217,208934,419152,42256
native_to_wasm,619,211135,208934,420070,42256
native_to_wasm,620,210241,208862,419104,42256
native_to_wasm,621,211371,208944,420316,42256
native_to_wasm,622,210113,209636,419750,42256
native_to_wasm,623,210241,208864,419106,42256
native_to_wasm,624,210959,208940,419900,42256
native_to_wasm,625,210549,209696,420246,42256
native_to_wasm,626,210247,208950,419198,42256
native_to_wasm,627,211403,208940,420344,42256
native_to_wasm,628,210243,208862,419106,42256
native_to_wasm,629,210937,208938,419876,42256
native_to_wasm,630,210137,209636,419774,42256
native_to_wasm,631,210241,208848,419090,42256
native_to_wasm,632,210913,208934,419848,42256
native_to_wasm,633,210241,210612,420854,42256
native_to_wasm,634,210237,208950,419188,42256
native_to_wasm,635,211133,208932,420066,42256
native_to_wasm,636,210245,208850,419096,42256
native_to_wasm,637,210911,208922,419834,42256
native_to_wasm,638,210121,209636,419758,42256
native_to_wasm,639,210241,209266,419508,42256
native_to_wasm,640,210111,208948,419060,42256
native_to_wasm,641,210131,209606,419738,42256
native_to_wasm,642,210219,208876,419096,42256
native_to_wasm,643,210929,208944,419874,42256
native_to_wasm,644,211329,209606,420936,42256
native_to_wasm,645,210219,208918,419138,42256
native_to_wasm,646,211159,208946,420106,42256
native_to_wasm,647,210241,208864,419106,42256
native_to_wasm,648,211485,208938,420424,42256
native_to_wasm,649,210123,209638,419762,42256
native_to_wasm,650,210221,208830,419052,42256
native_to_wasm,651,210933,208938,419872,42256
native_to_wasm,652,211333,209606,420940,42256
native_to_wasm,653,210217,208934,419152,42256
native_to_wasm,654,211135,208934,420070,42256
native_to_wasm,655,210241,208862,419104,42256
native_to_wasm,656,211371,208944,420316,42256
native_to_wasm,657,210113,209636,419750,42256
native_to_wasm,658,210241,208864,419106,42256
native_to_wasm,659,210959,208940,419900,42256
native_to_wasm,660,210549,209696,420246,42256
native_to_wasm,661,210247,208950,419198,42256
native_to_wasm,662,211403,208940,420344,42256
native_to_wasm,663,210243,208862,419106,42256
native_to_wasm,664,210937,208938,419876,42256
native_to_wasm,665,210137,209636,419774,42256
native_to_wasm,666,210241,208848,419090,42256
native_to_wasm,667,210913,208934,419848,42256
native_to_wasm,668,210241,210612,420854,42256
native_to_wasm,669,210237,208950,419188,42256
native_to_wasm,670,211133,208932,420066,42256
native_to_wasm,671,210245,208850,419096,42256
native_to_wasm,672,210911,208922,419834,42256
native_to_wasm,673,210121,209636,419758,42256
native_to_wasm,674,210241,209266,419508,42256
native_to_wasm,675,210937,208916,419854,42256
native_to_wasm,676,210219,210744,420964,42256
native_to_wasm,677,210225,208918,419144,42256
native_to_wasm,678,210663,208936,419600,42256
native_to_wasm,679,210245,208850,419096,42256
native_to_wasm,680,210911,208944,419856,42256
native_to_wasm,681,210121,209636,419758,42256
native_to_wasm,682,210241,209180,419422,42256
native_to_wasm,683,210939,208938,419878,42256
native_to_wasm,684,210249,209840,420090,42256
native_to_wasm,685,210251,208940,419192,42256
native_to_wasm,686,211377,208916,420294,42256
native_to_wasm,687,210219,208818,419038,42256
native_to_wasm,688,210947,208938,419886,42256
native_to_wasm,689,210133,209606,419740,42256
native_to_wasm,690,210253,209918,420172,42256
native_to_wasm,691,210937,208944,419882,42256
native_to_wasm,692,210235,209842,420078,42256
native_to_wasm,693,210217,208932,419150,42256
native_to_wasm,694,210133,209952,420086,42256
native_to_wasm,695,210217,208856,419074,42256
native_to_wasm,696,210929,208940,419870,42256
native_to_wasm,697,210125,209632,419758,42256
native_to_wasm,698,210233,210032,420266,42256
native_to_wasm,699,210941,208946,419888,42256
native_to_wasm,700,210237,209836,420074,42256
native_to_wasm,701,210235,208948,419184,42256
native_to_wasm,702,210129,209996,420126,42256
native_to_wasm,703,210217,208858,419076,42256
native_to_wasm,704,210927,208940,419868,42256
native_to_wasm,705,210125,209632,419758,42256
native_to_wasm,706,210235,209038,419274,42256
native_to_wasm,707,212507,208938,421446,42256
native_to_wasm,708,210241,209814,420056,42256
native_to_wasm,709,210239,208946,419186,42256
native_to_wasm,710,210131,209606,419738,42256
native_to_wasm,711,210219,208862,419082,42256
native_to_wasm,712,210911,208922,419834,42256
native_to_wasm,713,210121,209636,419758,42256
native_to_wasm,714,210241,208940,419182,42256
native_to_wasm,715,212389,208914,421304,42256
native_to_wasm,716,210221,210120,420342,42256
native_to_wasm,717,210237,208942,419180,42256
native_to_wasm,718,210133,209612,419746,42256
native_to_wasm,719,210247,208864,419112,42256
native_to_wasm,720,210933,208946,419880,42256
native_to_wasm,721,210517,209612,420130,42256
native_to_wasm,722,210245,208914,419160,42256
native_to_wasm,723,212037,208938,420976,42256
native_to_wasm,724,210249,209308,419558,42256
native_to_wasm,725,210221,208924,419146,42256
native_to_wasm,726,210131,209626,419758,42256
native_to_wasm,727,210239,208862,419102,42256
native_to_wasm,728,210937,208944,419882,42256
native_to_wasm,729,210465,209632,420098,42256
native_to_wasm,730,210221,208932,419154,42256
native_to_wasm,731,211141,208932,420074,42256
native_to_wasm,732,210241,210065,420307,42256
native_to_wasm,733,210236,208944,419181,42256
native_to_wasm,734,210133,209606,419740,42256
native_to_wasm,735,210249,208852,419102,42256
native_to_wasm,736,210913,208920,419834,42256
native_to_wasm,737,210897,209614,420512,42256
native_to_wasm,738,210247,208940,419188,42256
native_to_wasm,739,211141,208934,420076,42256
native_to_wasm,740,210241,208862,419104,42256
native_to_wasm,741,211531,208940,420472,42256
native_to_wasm,742,210125,209632,419758,42256
native_to_wasm,743,210239,208862,419102,42256
native_to_wasm,744,210933,208938,419872,42256
native_to_wasm,745,211333,209606,420940,42256
native_to_wasm,746,210217,208934,419152,42256
native_to_wasm,747,211135,208934,420070,42256
native_to_wasm,748,210241,208862,419104,42256
native_to_wasm,749,211371,208944,420316,42256
native_to_wasm,750,210113,209636,419750,42256
native_to_wasm,751,210241,208864,419106,42256
native_to_wasm,752,210959,208940,419900,42256
native_to_wasm,753,210549,209696,420246,42256
native_to_wasm,754,210247,208950,419198,42256
native_to_wasm,755,211403,208940,420344,42256
native_to_wasm,756,210243,208862,419106,42256
native_to_wasm,757,210937,208938,419876,42256
native_to_wasm,758,210137,209636,419774,42256
native_to_wasm,759,210241,208848,419090,42256
native_to_wasm,760,210913,208934,419848,42256
native_to_wasm,761,210241,210612,420854,42256
native_to_wasm,762,210237,208950,419188,42256
native_to_wasm,763,211133,208932,420066,42256
native_to_wasm,764,210245,208850,419096,42256
native_to_wasm,765,210911,208922,419834,42256
native_to_wasm,766,210121,209636,419758,42256
native_to_wasm,767,210241,209266,419508,42256
native_to_wasm,768,210111,208948,419060,42256
native_to_wasm,769,210131,209606,419738,42256
native_to_wasm,770,210219,208876,419096,42256
native_to_wasm,771,210929,208944,419874,42256
native_to_wasm,772,211329,209606,420936,42256
native_to_wasm,773,210219,208918,419138,42256
native_to_wasm,774,211159,208946,420106,42256
native_to_wasm,775,210241,208864,419106,42256
native_to_wasm,776,211485,208938,420424,42256
native_to_wasm,777,210123,209638,419762,42256
native_to_wasm,778,210221,208830,419052,42256
native_to_wasm,779,210933,208938,419872,42256
native_to_wasm,780,211333,209606,420940,42256
native_to_wasm,781,210217,208934,419152,42256
native_to_wasm,782,211135,208934,420070,42256
native_to_wasm,783,210241,208862,419104,42256
native_to_wasm,784,211371,208944,420316,42256
native_to_wasm,785,210113,209636,419750,42256
native_to_wasm,786,210241,208864,419106,42256
native_to_wasm,787,210959,208940,419900,42256
native_to_wasm,788,210549,209696,420246,42256
native_to_wasm,789,210247,208950,419198,42256
native_to_wasm,790,211403,208940,420344,42256
native_to_wasm,791,210243,208862,419106,42256
native_to_wasm,792,210937,208938,419876,42256
native_to_wasm,793,210137,209636,419774,42256
native_to_wasm,794,210241,208848,419090,42256
native_to_wasm,795,210913,208934,419848,42256
native_to_wasm,796,210241,210612,420854,42256
native_to_wasm,797,210237,208950,419188,42256
native_to_wasm,798,211133,208932,420066,42256
native_to_wasm,799,210245,208850,419096,42256
native_to_wasm,800,210911,208922,419834,42256
native_to_wasm,801,210121,209636,419758,42256
native_to_wasm,802,210241,209266,419508,42256
native_to_wasm,803,210937,208916,419854,42256
native_to_wasm,804,210219,210744,420964,42256
native_to_wasm,805,210225,208918,419144,42256
native_to_wasm,806,210663,208936,419600,42256
native_to_wasm,807,210245,208850,419096,42256
native_to_wasm,808,210911,208944,419856,42256
native_to_wasm,809,210121,209636,419758,42256
native_to_wasm,810,210241,209180,419422,42256
native_to_wasm,811,210939,208938,419878,42256
native_to_wasm,812,210249,209840,420090,42256
native_to_wasm,813,210251,208940,419192,42256
native_to_wasm,814,211377,208916,420294,42256
native_to_wasm,815,210219,208818,419038,42256
native_to_wasm,816,210947,208938,419886,42256
native_to_wasm,817,210133,209606,419740,42256
native_to_wasm,818,210253,209918,420172,42256
native_to_wasm,819,210937,208944,419882,42256
native_to_wasm,820,210235,209842,420078,42256
native_to_wasm,821,210217,208932,419150,42256
native_to_wasm,822,210133,209952,420086,42256
native_to_wasm,823,210217,208856,419074,42256
native_to_wasm,824,210929,208940,419870,42256
native_to_wasm,825,210125,209632,419758,42256
native_to_wasm,826,210233,210032,420266,42256
native_to_wasm,827,210941,208946,419888,42256
native_to_wasm,828,210237,209836,420074,42256
native_to_wasm,829,210235,208948,419184,42256
native_to_wasm,830,210129,209996,420126,42256
native_to_wasm,831,210217,208858,419076,42256
native_to_wasm,832,210927,208940,419868,42256
native_to_wasm,833,210125,209632,419758,42256
native_to_wasm,834,210235,209038,419274,42256
native_to_wasm,835,212507,208938,421446,42256
native_to_wasm,836,210241,209814,420056,42256
native_to_wasm,837,210239,208946,419186,42256
native_to_wasm,838,210131,209606,419738,42256
native_to_wasm,839,210219,208862,419082,42256
native_to_wasm,840,210911,208922,419834,42256
native_to_wasm,841,210121,209636,419758,42256
native_to_wasm,842,210241,208940,419182,42256
native_to_wasm,843,212389,208914,421304,42256
native_to_wasm,844,210221,210120,420342,42256
native_to_wasm,845,210237,208942,419180,42256
native_to_wasm,846,210133,209612,419746,42256
native_to_wasm,847,210247,208864,419112,42256
native_to_wasm,848,210933,208946,419880,42256
native_to_wasm,849,210517,209612,420130,42256
native_to_wasm,850,210245,208914,419160,42256
native_to_wasm,851,212037,208938,420976,42256
native_to_wasm,852,210249,209308,419558,42256
native_to_wasm,853,210221,208924,419146,42256
native_to_wasm,854,210131,209626,419758,42256
native_to_wasm,855,210239,208862,419102,42256
native_to_wasm,856,210937,208944,419882,42256
native_to_wasm,857,210465,209632,420098,42256
native_to_wasm,858,210221,208932,419154,42256
native_to_wasm,859,211141,208932,420074,42256
native_to_wasm,860,210241,210065,420307,42256
native_to_wasm,861,210236,208944,419181,42256
native_to_wasm,862,210133,209606,419740,42256
native_to_wasm,863,210249,208852,419102,42256
native_to_wasm,864,210913,208920,419834,42256
native_to_wasm,865,210897,209614,420512,42256
native_to_wasm,866,210247,208940,419188,42256
native_to_wasm,867,211141,208934,420076,42256
native_to_wasm,868,210241,208862,419104,42256
native_to_wasm,869,211531,208940,420472,42256
native_to_wasm,870,210125,209632,419758,42256
native_to_wasm,871,210239,208862,419102,42256
native_to_wasm,872,210933,208938,419872,42256
native_to_wasm,873,211333,209606,420940,42256
native_to_wasm,874,210217,208934,419152,42256
native_to_wasm,875,211135,208934,420070,42256
native_to_wasm,876,210241,208862,419104,42256
native_to_wasm,877,211371,208944,420316,42256
native_to_wasm,878,210113,209636,419750,42256
native_to_wasm,879,210241,208864,419106,42256
native_to_wasm,880,210959,208940,419900,42256
native_to_wasm,881,210549,209696,420246,42256
native_to_wasm,882,210247,208950,419198,42256
native_to_wasm,883,211403,208940,420344,42256
native_to_wasm,884,210243,208862,419106,42256
native_to_wasm,885,210937,208938,419876,42256
native_to_wasm,886,210137,209636,419774,42256
native_to_wasm,887,210241,208848,419090,42256
native_to_wasm,888,210913,208934,419848,42256
native_to_wasm,889,210241,210612,420854,42256
native_to_wasm,890,210237,208950,419188,42256
native_to_wasm,891,211133,208932,420066,42256
native_to_wasm,892,210245,208850,419096,42256
native_to_wasm,893,210911,208922,419834,42256
native_to_wasm,894,210121,209636,419758,42256
native_to_wasm,895,210241,209266,419508,42256
native_to_wasm,896,210111,208948,419060,42256
native_to_wasm,897,210131,209606,419738,42256
native_to_wasm,898,210219,208876,419096,42256
native_to_wasm,899,210929,208944,419874,42256
native_to_wasm,900,211329,209606,420936,42256
native_to_wasm,901,210219,208918,419138,42256
native_to_wasm,902,211159,208946,420106,42256
native_to_wasm,903,210241,208864,419106,42256
native_to_wasm,904,211485,208938,420424,42256
native_to_wasm,905,210123,209638,419762,42256
native_to_wasm,906,210221,208830,419052,42256
native_to_wasm,907,210933,208938,419872,42256
native_to_wasm,908,211333,209606,420940,42256
native_to_wasm,909,210217,208934,419152,42256
native_to_wasm,910,211135,208934,420070,42256
native_to_wasm,911,210241,208862,419104,42256
native_to_wasm,912,211371,208944,420316,42256
native_to_wasm,913,210113,209636,419750,42256
native_to_wasm,914,210241,208864,419106,42256
native_to_wasm,915,210959,208940,419900,42256
native_to_wasm,916,210549,209696,420246,42256
native_to_wasm,917,210247,208950,419198,42256
native_to_wasm,918,211403,208940,420344,42256
native_to_wasm,919,210243,208862,419106,42256
native_to_wasm,920,210937,208938,419876,42256
native_to_wasm,921,210137,209636,419774,42256
native_to_wasm,922,210241,208848,419090,42256
native_to_wasm,923,210913,208934,419848,42256
native_to_wasm,924,210241,210612,420854,42256
native_to_wasm,925,210237,208950,419188,42256
native_to_wasm,926,211133,208932,420066,42256
native_to_wasm,927,210245,208850,419096,42256
native_to_wasm,928,210911,208922,419834,42256
native_to_wasm,929,210121,209636,419758,42256
native_to_wasm,930,210241,209266,419508,42256
native_to_wasm,931,210937,208916,419854,42256
native_to_wasm,932,210219,210744,420964,42256
native_to_wasm,933,210225,208918,419144,42256
native_to_wasm,934,210663,208936,419600,42256
native_to_wasm,935,210245,208850,419096,42256
native_to_wasm,936,210911,208944,419856,42256
native_to_wasm,937,210121,209636,419758,42256
native_to_wasm,938,210241,209180,419422,42256
native_to_wasm,939,210939,208938,419878,42256
native_to_wasm,940,210249,209840,420090,42256
native_to_wasm,941,210251,208940,419192,42256
native_to_wasm,942,211377,208916,420294,42256
native_to_wasm,943,210219,208818,419038,42256
native_to_wasm,944,210947,208938,419886,42256
native_to_wasm,945,210133,209606,419740,42256
native_to_wasm,946,210253,209918,420172,42256
native_to_wasm,947,210937,208944,419882,42256
native_to_wasm,948,210235,209842,420078,42256
native_to_wasm,949,210217,208932,419150,42256
native_to_wasm,950,210133,209952,420086,42256
native_to_wasm,951,210217,208856,419074,42256
native_to_wasm,952,210929,208940,419870,42256
native_to_wasm,953,210125,209632,419758,42256
native_to_wasm,954,210233,210032,420266,42256
native_to_wasm,955,210941,208946,419888,42256
native_to_wasm,956,210237,209836,420074,42256
native_to_wasm,957,210235,208948,419184,42256
native_to_wasm,958,210129,209996,420126,42256
native_to_wasm,959,210217,208858,419076,42256
native_to_wasm,960,210927,208940,419868,42256
native_to_wasm,961,210125,209632,419758,42256
native_to_wasm,962,210235,209038,419274,42256
native_to_wasm,963,212507,208938,421446,42256
native_to_wasm,964,210241,209814,420056,42256
native_to_wasm,965,210239,208946,419186,42256
native_to_wasm,966,210131,209606,419738,42256
native_to_wasm,967,210219,208862,419082,42256
native_to_wasm,968,210911,208922,419834,42256
native_to_wasm,969,210121,209636,419758,42256
native_to_wasm,970,210241,208940,419182,42256
native_to_wasm,971,212389,208914,421304,42256
native_to_wasm,972,210221,210120,420342,42256
native_to_wasm,973,210237,208942,419180,42256
native_to_wasm,974,210133,209612,419746,42256
native_to_wasm,975,210247,208864,419112,42256
native_to_wasm,976,210933,208946,419880,42256
native_to_wasm,977,210517,209612,420130,42256
native_to_wasm,978,210245,208914,419160,42256
native_to_wasm,979,212037,208938,420976,42256
native_to_wasm,980,210249,209308,419558,42256
native_to_wasm,981,210221,208924,419146,42256
native_to_wasm,982,210131,209626,419758,42256
native_to_wasm,983,210239,208862,419102,42256
native_to_wasm,984,210937,208944,419882,42256
native_to_wasm,985,210465,209632,420098,42256
native_to_wasm,986,210221,208932,419154,42256
native_to_wasm,987,211141,208932,420074,42256
native_to_wasm,988,210241,210065,420307,42256
native_to_wasm,989,210236,208944,419181,42256
native_to_wasm,990,210133,209606,419740,42256
native_to_wasm,991,210249,208852,419102,42256
native_to_wasm,992,210913,208920,419834,42256
native_to_wasm,993,210897,209614,420512,42256
native_to_wasm,994,210247,208940,419188,42256
native_to_wasm,995,211141,208934,420076,42256
native_to_wasm,996,210241,208862,419104,42256
native_to_wasm,997,211531,208940,420472,42256
native_to_wasm,998,210125,209632,419758,42256
native_to_wasm,999,210239,208862,419102,42256
native_to_wasm,1000,210933,208938,419872,42256
native_to_wasm,1001,211333,209606,420940,42256
native_to_wasm,1002,210217,208934,419152,42256
native_to_wasm,1003,211135,208934,420070,42256
native_to_wasm,1004,210241,208862,419104,42256
native_to_wasm,1005,211371,208944,420316,42256
native_to_wasm,1006,210113,209636,419750,42256
native_to_wasm,1007,210241,208864,419106,42256
native_to_wasm,1008,210959,208940,419900,42256
native_to_wasm,1009,210549,209696,420246,42256
native_to_wasm,1010,210247,208950,419198,42256
native_to_wasm,1011,211403,208940,420344,42256
native_to_wasm,1012,210243,208862,419106,42256
native_to_wasm,1013,210937,208938,419876,42256
native_to_wasm,1014,210137,209636,419774,42256
native_to_wasm,1015,210241,208848,419090,42256
native_to_wasm,1016,210913,208934,419848,42256
native_to_wasm,1017,210241,210612,420854,42256
native_to_wasm,1018,210237,208950,419188,42256
native_to_wasm,1019,211133,208932,420066,42256
native_to_wasm,1020,210245,208850,419096,42256
native_to_wasm,1021,210911,208922,419834,42256
native_to_wasm,1022,210121,209636,419758,42256
native_to_wasm,1023,210241,209266,419508,42256
native_to_wasm,1024,210111,208948,419060,42256
native_to_wasm,1025,210131,209606,419738,42256
native_to_wasm,1026,210219,208876,419096,42256
native_to_wasm,1027,210929,208944,419874,42256
native_to_wasm,1028,211329,209606,420936,42256
native_to_wasm,1029,210219,208918,419138,42256
native_to_wasm,1030,211159,208946,420106,42256
native_to_wasm,1031,210241,208864,419106,42256
native_to_wasm,1032,211485,208938,420424,42256
native_to_wasm,1033,210123,209638,419762,42256
native_to_wasm,1034,210221,208830,419052,42256
native_to_wasm,1035,210933,208938,419872,42256
native_to_wasm,1036,211333,209606,420940,42256
native_to_wasm,1037,210217,208934,419152,42256
native_to_wasm,1038,211135,208934,420070,42256
native_to_wasm,1039,210241,208862,419104,42256
native_to_wasm,1040,211371,208944,420316,42256
native_to_wasm,1041,210113,209636,419750,42256
native_to_wasm,1042,210241,208864,419106,42256
native_to_wasm,1043,210959,208940,419900,42256
native_to_wasm,1044,210549,209696,420246,42256
native_to_wasm,1045,210247,208950,419198,42256
native_to_wasm,1046,211403,208940,420344,42256
native_to_wasm,1047,210243,208862,419106,42256
native_to_wasm,1048,210937,208938,419876,42256
native_to_wasm,1049,210137,209636,419774,42256
native_to_wasm,1050,210241,208848,419090,42256
native_to_wasm,1051,210913,208934,419848,42256
native_to_wasm,1052,210241,210612,420854,42256
native_to_wasm,1053,210237,208950,419188,42256
native_to_wasm,1054,211133,208932,420066,42256
native_to_wasm,1055,210245,208850,419096,42256
native_to_wasm,1056,210911,208922,419834,42256
native_to_wasm,1057,210121,209636,419758,42256
native_to_wasm,1058,210241,209266,419508,42256
native_to_wasm,1059,210937,208916,419854,42256
native_to_wasm,1060,210219,210744,420964,42256
native_to_wasm,1061,210225,208918,419144,42256
native_to_wasm,1062,210663,208936,419600,42256
native_to_wasm,1063,210245,208850,419096,42256
native_to_wasm,1064,210911,208944,419856,42256
native_to_wasm,1065,210121,209636,419758,42256
native_to_wasm,1066,210241,209180,419422,42256
native_to_wasm,1067,210939,208938,419878,42256
native_to_wasm,1068,210249,209840,420090,42256
native_to_wasm,1069,210251,208940,419192,42256
native_to_wasm,1070,211377,208916,420294,42256
native_to_wasm,1071,210219,208818,419038,42256
native_to_wasm,1072,210947,208938,419886,42256
native_to_wasm,1073,210133,209606,419740,42256
native_to_wasm,1074,210253,209918,420172,42256
native_to_wasm,1075,210937,208944,419882,42256
native_to_wasm,1076,210235,209842,420078,42256
native_to_wasm,1077,210217,208932,419150,42256
native_to_wasm,1078,210133,209952,420086,42256
native_to_wasm,1079,210217,208856,419074,42256
native_to_wasm,1080,210929,208940,419870,42256
native_to_wasm,1081,210125,209632,419758,42256
native_to_wasm,1082,210233,210032,420266,42256
native_to_wasm,1083,210941,208946,419888,42256
native_to_wasm,1084,210237,209836,420074,42256
native_to_wasm,1085,210235,208948,419184,42256
native_to_wasm,1086,210129,209996,420126,42256
native_to_wasm,1087,210217,208858,419076,42256
native_to_wasm,1088,210927,208940,419868,42256
native_to_wasm,1089,210125,209632,419758,42256
native_to_wasm,1090,210235,209038,419274,42256
native_to_wasm,1091,212507,208938,421446,42256
native_to_wasm,1092,210241,209814,420056,42256
native_to_wasm,1093,210239,208946,419186,42256
native_to_wasm,1094,210131,209606,419738,42256
native_to_wasm,1095,210219,208862,419082,42256
native_to_wasm,1096,210911,208922,419834,42256
native_to_wasm,1097,210121,209636,419758,42256
native_to_wasm,1098,210241,208940,419182,42256
native_to_wasm,1099,212389,208914,421304,42256
native_to_wasm,1100,210221,210120,420342,42256
native_to_wasm,1101,210237,208942,419180,42256
native_to_wasm,1102,210133,209612,419746,42256
native_to_wasm,1103,210247,208864,419112,42256
native_to_wasm,1104,210933,208946,419880,42256
native_to_wasm,1105,210517,209612,420130,42256
native_to_wasm,1106,210245,208914,419160,42256
native_to_wasm,1107,212037,208938,420976,42256
native_to_wasm,1108,210249,209308,419558,42256
native_to_wasm,1109,210221,208924,419146,42256
native_to_wasm,1110,210131,209626,419758,42256
native_to_wasm,1111,210239,208862,419102,42256
native_to_wasm,1112,210937,208944,419882,42256
native_to_wasm,1113,210465,209632,420098,42256
native_to_wasm,1114,210221,208932,419154,42256
native_to_wasm,1115,211141,208932,420074,42256
native_to_wasm,1116,210241,210065,420307,42256
native_to_wasm,1117,210236,208944,419181,42256
native_to_wasm,1118,210133,209606,419740,42256
native_to_wasm,1119,210249,208852,419102,42256
native_to_wasm,1120,210913,208920,419834,42256
native_to_wasm,1121,210897,209614,420512,42256
native_to_wasm,1122,210247,208940,419188,42256
native_to_wasm,1123,211141,208934,420076,42256
native_to_wasm,1124,210241,208862,419104,42256
native_to_wasm,1125,211531,208940,420472,42256
native_to_wasm,1126,210125,209632,419758,42256
native_to_wasm,1127,210239,208862,419102,42256
native_to_wasm,1128,210933,208938,419872,42256
native_to_wasm,1129,211333,209606,420940,42256
native_to_wasm,1130,210217,208934,419152,42256
native_to_wasm,1131,211135,208934,420070,42256
native_to_wasm,1132,210241,208862,419104,42256
native_to_wasm,1133,211371,208944,420316,42256
native_to_wasm,1134,210113,209636,419750,42256
native_to_wasm,1135,210241,208864,419106,42256
native_to_wasm,1136,210959,208940,419900,42256
native_to_wasm,1137,210549,209696,420246,42256
native_to_wasm,1138,210247,208950,419198,42256
native_to_wasm,1139,211403,208940,420344,42256
native_to_wasm,1140,210243,208862,419106,42256
native_to_wasm,1141,210937,208938,419876,42256
native_to_wasm,1142,210137,209636,419774,42256
native_to_wasm,1143,210241,208848,419090,42256
native_to_wasm,1144,210913,208934,419848,42256
native_to_wasm,1145,210241,210612,420854,42256
native_to_wasm,1146,210237,208950,419188,42256
native_to_wasm,1147,211133,208932,420066,42256
native_to_wasm,1148,210245,208850,419096,42256
native_to_wasm,1149,210911,208922,419834,42256
native_to_wasm,1150,210121,209636,419758,42256
native_to_wasm,1151,210241,209266,419508,42256
native_to_wasm,1152,210111,208948,419060,42256
native_to_wasm,1153,210131,209606,419738,42256
native_to_wasm,1154,210219,208876,419096,42256
native_to_wasm,1155,210929,208944,419874,42256
native_to_wasm,1156,211329,209606,420936,42256
native_to_wasm,1157,210219,208918,419138,42256
native_to_wasm,1158,211159,208946,420106,42256
native_to_wasm,1159,210241,208864,419106,42256
native_to_wasm,1160,211485,208938,420424,42256
native_to_wasm,1161,210123,209638,419762,42256
native_to_wasm,1162,210221,208830,419052,42256
native_to_wasm,1163,210933,208938,419872,42256
native_to_wasm,1164,211333,209606,420940,42256
native_to_wasm,1165,210217,208934,419152,42256
native_to_wasm,1166,211135,208934,420070,42256
native_to_wasm,1167,210241,208862,419104,42256
native_to_wasm,1168,211371,208944,420316,42256
native_to_wasm,1169,210113,209636,419750,42256
native_to_wasm,1170,210241,208864,419106,42256
native_to_wasm,1171,210959,208940,419900,42256
native_to_wasm,1172,210549,209696,420246,42256
native_to_wasm,1173,210247,208950,419198,42256
native_to_wasm,1174,211403,208940,420344,42256
native_to_wasm,1175,210243,208862,419106,42256
native_to_wasm,1176,210937,208938,419876,42256
native_to_wasm,1177,210137,209636,419774,42256
native_to_wasm,1178,210241,208848,419090,42256
native_to_wasm,1179,210913,208934,419848,42256
native_to_wasm,1180,210241,210612,420854,42256
native_to_wasm,1181,210237,208950,419188,42256
native_to_wasm,1182,211133,208932,420066,42256
native_to_wasm,1183,210245,208850,419096,42256
native_to_wasm,1184,210911,208922,419834,42256
native_to_wasm,1185,210121,209636,419758,42256
native_to_wasm,1186,210241,209266,419508,42256
native_to_wasm,1187,210937,208916,419854,42256
native_to_wasm,1188,210219,210744,420964,42256
native_to_wasm,1189,210225,208918,419144,42256
native_to_wasm,1190,210663,208936,419600,42256
native_to_wasm,1191,210245,208850,419096,42256
native_to_wasm,1192,210911,208944,419856,42256
native_to_wasm,1193,210121,209636,419758,42256
native_to_wasm,1194,210241,209180,419422,42256
native_to_wasm,1195,210939,208938,419878,42256
native_to_wasm,1196,210249,209840,420090,42256
native_to_wasm,1197,210251,208940,419192,42256
native_to_wasm,1198,211377,208916,420294,42256
native_to_wasm,1199,210219,208818,419038,42256
native_to_wasm,1200,210947,208938,419886,42256
native_to_wasm,1201,210133,209606,419740,42256
native_to_wasm,1202,210253,209918,420172,42256
native_to_wasm,1203,210937,208944,419882,42256
native_to_wasm,1204,210235,209842,420078,42256
native_to_wasm,1205,210217,208932,419150,42256
native_to_wasm,1206,210133,209952,420086,42256
native_to_wasm,1207,210217,208856,419074,42256
native_to_wasm,1208,210929,208940,419870,42256
native_to_wasm,1209,210125,209632,419758,42256
native_to_wasm,1210,210233,210032,420266,42256
native_to_wasm,1211,210941,208946,419888,42256
native_to_wasm,1212,210237,209836,420074,42256
native_to_wasm,1213,210235,208948,419184,42256
native_to_wasm,1214,210129,209996,420126,42256
native_to_wasm,1215,210217,208858,419076,42256
native_to_wasm,1216,210927,208940,419868,42256
native_to_wasm,1217,210125,209632,419758,42256
native_to_wasm,1218,210235,209038,419274,42256
native_to_wasm,1219,212507,208938,421446,42256
native_to_wasm,1220,210241,209814,420056,42256
native_to_wasm,1221,210239,208946,419186,42256
native_to_wasm,1222,210131,209606,419738,42256
native_to_wasm,1223,210219,208862,419082,42256
native_to_wasm,1224,210911,208922,419834,42256
native_to_wasm,1225,210121,209636,419758,42256
native_to_wasm,1226,210241,208940,419182,42256
native_to_wasm,1227,212389,208914,421304,42256
native_to_wasm,1228,210221,210120,420342,42256
native_to_wasm,1229,210237,208942,419180,42256
native_to_wasm,1230,210133,209612,419746,42256
native_to_wasm,1231,210247,208864,419112,42256
native_to_wasm,1232,210933,208946,419880,42256
native_to_wasm,1233,210517,209612,420130,42256
native_to_wasm,1234,210245,208914,419160,42256
native_to_wasm,1235,212037,208938,420976,42256
native_to_wasm,1236,210249,209308,419558,42256
native_to_wasm,1237,210221,208924,419146,42256
native_to_wasm,1238,210131,209626,419758,42256
native_to_wasm,1239,210239,208862,419102,42256
native_to_wasm,1240,210937,208944,419882,42256
native_to_wasm,1241,210465,209632,420098,42256
native_to_wasm,1242,210221,208932,419154,42256
native_to_wasm,1243,211141,208932,420074,42256
native_to_wasm,1244,210241,210065,420307,42256
native_to_wasm,1245,210236,208944,419181,42256
native_to_wasm,1246,210133,209606,419740,42256
native_to_wasm,1247,210249,208852,419102,42256
native_to_wasm,1248,210913,208920,419834,42256
native_to_wasm,1249,210897,209614,420512,42256
native_to_wasm,1250,210247,208940,419188,42256
native_to_wasm,1251,211141,208934,420076,42256
native_to_wasm,1252,210241,208862,419104,42256
native_to_wasm,1253,211531,208940,420472,42256
native_to_wasm,1254,210125,209632,419758,42256
native_to_wasm,1255,210239,208862,419102,42256
native_to_wasm,1256,210933,208938,419872,42256
native_to_wasm,1257,211333,209606,420940,42256
native_to_wasm,1258,210217,208934,419152,42256
native_to_wasm,1259,211135,208934,420070,42256
native_to_wasm,1260,210241,208862,419104,42256
native_to_wasm,1261,211371,208944,420316,42256
native_to_wasm,1262,210113,209636,419750,42256
native_to_wasm,1263,210241,208864,419106,42256
native_to_wasm,1264,210959,208940,419900,42256
native_to_wasm,1265,210549,209696,420246,42256
native_to_wasm,1266,210247,208950,419198,42256
native_to_wasm,1267,211403,208940,420344,42256
native_to_wasm,1268,210243,208862,419106,42256
native_to_wasm,1269,210937,208938,419876,42256
native_to_wasm,1270,210137,209636,419774,42256
native_to_wasm,1271,210241,208848,419090,42256
native_to_wasm,1272,210913,208934,419848,42256
native_to_wasm,1273,210241,210612,420854,42256
native_to_wasm,1274,210237,208950,419188,42256
native_to_wasm,1275,211133,208932,420066,42256
native_to_wasm,1276,210245,208850,419096,42256
native_to_wasm,1277,210911,208922,419834,42256
native_to_wasm,1278,210121,209636,419758,42256
native_to_wasm,1279,210241,209266,419508,42256
native_to_wasm,1280,210111,208948,419060,42256
native_to_wasm,1281,210131,209606,419738,42256
native_to_wasm,1282,210219,208876,419096,42256
native_to_wasm,1283,210929,208944,419874,42256
native_to_wasm,1284,211329,209606,420936,42256
native_to_wasm,1285,210219,208918,419138,42256
native_to_wasm,1286,211159,208946,420106,42256
native_to_wasm,1287,210241,208864,419106,42256
native_to_wasm,1288,211485,208938,420424,42256
native_to_wasm,1289,210123,209638,419762,42256
native_to_wasm,1290,210221,208830,419052,42256
native_to_wasm,1291,210933,208938,419872,42256
native_to_wasm,1292,211333,209606,420940,42256
native_to_wasm,1293,210217,208934,419152,42256
native_to_wasm,1294,211135,208934,420070,42256
native_to_wasm,1295,210241,208862,419104,42256
native_to_wasm,1296,211371,208944,420316,42256
native_to_wasm,1297,210113,209636,419750,42256
native_to_wasm,1298,210241,208864,419106,42256
native_to_wasm,1299,210959,208940,419900,42256
native_to_wasm,1300,210549,209696,420246,42256
native_to_wasm,1301,210247,208950,419198,42256
native_to_wasm,1302,211403,208940,420344,42256
native_to_wasm,1303,210243,208862,419106,42256
native_to_wasm,1304,210937,208938,419876,42256
native_to_wasm,1305,210137,209636,419774,42256
native_to_wasm,1306,210241,208848,419090,42256
native_to_wasm,1307,210913,208934,419848,42256
native_to_wasm,1308,210241,210612,420854,42256
native_to_wasm,1309,210237,208950,419188,42256
native_to_wasm,1310,211133,208932,420066,42256
native_to_wasm,1311,210245,208850,419096,42256
native_to_wasm,1312,210911,208922,419834,42256
native_to_wasm,1313,210121,209636,419758,42256
native_to_wasm,1314,210241,209266,419508,42256
native_to_wasm,1315,210937,208916,419854,42256
native_to_wasm,1316,210219,210744,420964,42256
native_to_wasm,1317,210225,208918,419144,42256
native_to_wasm,1318,210663,208936,419600,42256
native_to_wasm,1319,210245,208850,419096,42256
native_to_wasm,1320,210911,208944,419856,42256
native_to_wasm,1321,210121,209636,419758,42256
native_to_wasm,1322,210241,209180,419422,42256
native_to_wasm,1323,210939,208938,419878,42256
native_to_wasm,1324,210249,209840,420090,42256
native_to_wasm,1325,210251,208940,419192,42256
native_to_wasm,1326,211377,208916,420294,42256
native_to_wasm,1327,210219,208818,419038,42256
native_to_wasm,1328,210947,208938,419886,42256
native_to_wasm,1329,210133,209606,419740,42256
native_to_wasm,1330,210253,209918,420172,42256
native_to_wasm,1331,210937,208944,419882,42256
native_to_wasm,1332,210235,209842,420078,42256
native_to_wasm,1333,210217,208932,419150,42256
native_to_wasm,1334,210133,209952,420086,42256
native_to_wasm,1335,210217,208856,419074,42256
native_to_wasm,1336,210929,208940,419870,42256
native_to_wasm,1337,210125,209632,419758,42256
native_to_wasm,1338,210233,210032,420266,42256
native_to_wasm,1339,210941,208946,419888,42256
native_to_wasm,1340,210237,209836,420074,42256
native_to_wasm,1341,210235,208948,419184,42256
native_to_wasm,1342,210129,209996,420126,42256
native_to_wasm,1343,210217,208858,419076,42256
native_to_wasm,1344,210927,208940,419868,42256
native_to_wasm,1345,210125,209632,419758,42256
native_to_wasm,1346,210235,209038,419274,42256
native_to_wasm,1347,212507,208938,421446,42256
native_to_wasm,1348,210241,209814,420056,42256
native_to_wasm,1349,210239,208946,419186,42256
native_to_wasm,1350,210131,209606,419738,42256
native_to_wasm,1351,210219,208862,419082,42256
native_to_wasm,1352,210911,208922,419834,42256
native_to_wasm,1353,210121,209636,419758,42256
native_to_wasm,1354,210241,208940,419182,42256
native_to_wasm,1355,212389,208914,421304,42256
native_to_wasm,1356,210221,210120,420342,42256
native_to_wasm,1357,210237,208942,419180,42256
native_to_wasm,1358,210133,209612,419746,42256
native_to_wasm,1359,210247,208864,419112,42256
native_to_wasm,1360,210933,208946,419880,42256
native_to_wasm,1361,210517,209612,420130,42256
native_to_wasm,1362,210245,208914,419160,42256
native_to_wasm,1363,212037,208938,420976,42256
native_to_wasm,1364,210249,209308,419558,42256
native_to_wasm,1365,210221,208924,419146,42256
native_to_wasm,1366,210131,209626,419758,42256
native_to_wasm,1367,210239,208862,419102,42256
native_to_wasm,1368,210937,208944,419882,42256
native_to_wasm,1369,210465,209632,420098,42256
native_to_wasm,1370,210221,208932,419154,42256
native_to_wasm,1371,211141,208932,420074,42256
native_to_wasm,1372,210241,210065,420307,42256
native_to_wasm,1373,210236,208944,419181,42256
native_to_wasm,1374,210133,209606,419740,42256
native_to_wasm,1375,210249,208852,419102,42256
native_to_wasm,1376,210913,208920,419834,42256
native_to_wasm,1377,210897,209614,420512,42256
native_to_wasm,1378,210247,208940,419188,42256
native_to_wasm,1379,211141,208934,420076,42256
native_to_wasm,1380,210241,208862,419104,42256
native_to_wasm,1381,211531,208940,420472,42256
native_to_wasm,1382,210125,209632,419758,42256
native_to_wasm,1383,210239,208862,419102,42256
native_to_wasm,1384,210933,208938,419872,42256
native_to_wasm,1385,211333,209606,420940,42256
native_to_wasm,1386,210217,208934,419152,42256
native_to_wasm,1387,211135,208934,420070,42256
native_to_wasm,1388,210241,208862,419104,42256
native_to_wasm,1389,211371,208944,420316,42256
native_to_wasm,1390,210113,209636,419750,42256
native_to_wasm,1391,210241,208864,419106,42256
native_to_wasm,1392,210959,208940,419900,42256
native_to_wasm,1393,210549,209696,420246,42256
native_to_wasm,1394,210247,208950,419198,42256
native_to_wasm,1395,211403,208940,420344,42256
native_to_wasm,1396,210243,208862,419106,42256
native_to_wasm,1397,210937,208938,419876,42256
native_to_wasm,1398,210137,209636,419774,42256
native_to_wasm,1399,210241,208848,419090,42256
native_to_wasm,1400,210913,208934,419848,42256
native_to_wasm,1401,210241,210612,420854,42256
native_to_wasm,1402,210237,208950,419188,42256
native_to_wasm,1403,211133,208932,420066,42256
native_to_wasm,1404,210245,208850,419096,42256
native_to_wasm,1405,210911,208922,419834,42256
native_to_wasm,1406,210121,209636,419758,42256
native_to_wasm,1407,210241,209266,419508,42256
native_to_wasm,1408,210111,208948,419060,42256
native_to_wasm,1409,210131,209606,419738,42256
native_to_wasm,1410,210219,208876,419096,42256
native_to_wasm,1411,210929,208944,419874,42256
native_to_wasm,1412,211329,209606,420936,42256
native_to_wasm,1413,210219,208918,419138,42256
native_to_wasm,1414,211159,208946,420106,42256
native_to_wasm,1415,210241,208864,419106,42256
native_to_wasm,1416,211485,208938,420424,42256
native_to_wasm,1417,210123,209638,419762,42256
native_to_wasm,1418,210221,208830,419052,42256
native_to_wasm,1419,210933,208938,419872,42256
native_to_wasm,1420,211333,209606,420940,42256
native_to_wasm,1421,210217,208934,419152,42256
native_to_wasm,1422,211135,208934,420070,42256
native_to_wasm,1423,210241,208862,419104,42256
native_to_wasm,1424,211371,208944,420316,42256
native_to_wasm,1425,210113,209636,419750,42256
native_to_wasm,1426,210241,208864,419106,42256
native_to_wasm,1427,210959,208940,419900,42256
native_to_wasm,1428,210549,209696,420246,42256
native_to_wasm,1429,210247,208950,419198,42256
native_to_wasm,1430,211403,208940,420344,42256
native_to_wasm,1431,210243,208862,419106,42256
native_to_wasm,1432,210937,208938,419876,42256
native_to_wasm,1433,210137,209636,419774,42256
native_to_wasm,1434,210241,208848,419090,42256
native_to_wasm,1435,210913,208934,419848,42256
native_to_wasm,1436,210241,210612,420854,42256
native_to_wasm,1437,210237,208950,419188,42256
native_to_wasm,1438,211133,208932,420066,42256
native_to_wasm,1439,210245,208850,419096,42256
native_to_wasm,1440,210911,208922,419834,42256
native_to_wasm,1441,210121,209636,419758,42256
native_to_wasm,1442,210241,209266,419508,42256
native_to_wasm,1443,210937,208916,419854,42256
native_to_wasm,1444,210219,210744,420964,42256
native_to_wasm,1445,210225,208918,419144,42256
native_to_wasm,1446,210663,208936,419600,42256
native_to_wasm,1447,210245,208850,419096,42256
native_to_wasm,1448,210911,208944,419856,42256
native_to_wasm,1449,210121,209636,419758,42256
native_to_wasm,1450,210241,209180,419422,42256
native_to_wasm,1451,210939,208938,419878,42256
native_to_wasm,1452,210249,209840,420090,42256
native_to_wasm,1453,210251,208940,419192,42256
native_to_wasm,1454,211377,208916,420294,42256
native_to_wasm,1455,210219,208818,419038,42256
native_to_wasm,1456,210947,208938,419886,42256
native_to_wasm,1457,210133,209606,419740,42256
native_to_wasm,1458,210253,209918,420172,42256
native_to_wasm,1459,210937,208944,419882,42256
native_to_wasm,1460,210235,209842,420078,42256
native_to_wasm,1461,210217,208932,419150,42256
native_to_wasm,1462,210133,209952,420086,42256
native_to_wasm,1463,210217,208856,419074,42256
native_to_wasm,1464,210929,208940,419870,42256
native_to_wasm,1465,210125,209632,419758,42256
native_to_wasm,1466,210233,210032,420266,42256
native_to_wasm,1467,210941,208946,419888,42256
native_to_wasm,1468,210237,209836,420074,42256
native_to_wasm,1469,210235,208948,419184,42256
native_to_wasm,1470,210129,209996,420126,42256
native_to_wasm,1471,210217,208858,419076,42256
native_to_wasm,1472,210927,208940,419868,42256
native_to_wasm,1473,210125,209632,419758,42256
native_to_wasm,1474,210235,209038,419274,42256
native_to_wasm,1475,212507,208938,421446,42256
native_to_wasm,1476,210241,209814,420056,42256
native_to_wasm,1477,210239,208946,419186,42256
native_to_wasm,1478,210131,209606,419738,42256
native_to_wasm,1479,210219,208862,419082,42256
native_to_wasm,1480,210911,208922,419834,42256
native_to_wasm,1481,210121,209636,419758,42256
native_to_wasm,1482,210241,208940,419182,42256
native_to_wasm,1483,212389,208914,421304,42256
native_to_wasm,1484,210221,210120,420342,42256
native_to_wasm,1485,210237,208942,419180,42256
native_to_wasm,1486,210133,209612,419746,42256
native_to_wasm,1487,210247,208864,419112,42256
native_to_wasm,1488,210933,208946,419880,42256
native_to_wasm,1489,210517,209612,420130,42256
native_to_wasm,1490,210245,208914,419160,42256
native_to_wasm,1491,212037,208938,420976,42256
native_to_wasm,1492,210249,209308,419558,42256
native_to_wasm,1493,210221,208924,419146,42256
native_to_wasm,1494,210131,209626,419758,42256
native_to_wasm,1495,210239,208862,419102,42256
native_to_wasm,1496,210937,208944,419882,42256
native_to_wasm,1497,210465,209632,420098,42256
native_to_wasm,1498,210221,208932,419154,42256
native_to_wasm,1499,211141,208932,420074,42256
native_to_wasm,1500,210241,210065,420307,42256
native_to_wasm,1501,210236,208944,419181,42256
native_to_wasm,1502,210133,209606,419740,42256
native_to_wasm,1503,210249,208852,419102,42256
native_to_wasm,1504,210913,208920,419834,42256
native_to_wasm,1505,210897,209614,420512,42256
native_to_wasm,1506,210247,208940,419188,42256
native_to_wasm,1507,211141,208934,420076,42256
native_to_wasm,1508,210241,208862,419104,42256
native_to_wasm,1509,211531,208940,420472,42256
native_to_wasm,1510,210125,209632,419758,42256
native_to_wasm,1511,210239,208862,419102,42256
native_to_wasm,1512,210933,208938,419872,42256
native_to_wasm,1513,211333,209606,420940,42256
native_to_wasm,1514,210217,208934,419152,42256
native_to_wasm,1515,211135,208934,420070,42256
native_to_wasm,1516,210241,208862,419104,42256
native_to_wasm,1517,211371,208944,420316,42256
native_to_wasm,1518,210113,209636,419750,42256
native_to_wasm,1519,210241,208864,419106,42256
native_to_wasm,1520,210959,208940,419900,42256
native_to_wasm,1521,210549,209696,420246,42256
native_to_wasm,1522,210247,208950,419198,42256
native_to_wasm,1523,211403,208940,420344,42256
native_to_wasm,1524,210243,208862,419106,42256
native_to_wasm,1525,210937,208938,419876,42256
native_to_wasm,1526,210137,209636,419774,42256
native_to_wasm,1527,210241,208848,419090,42256
native_to_wasm,1528,210913,208934,419848,42256
native_to_wasm,1529,210241,210612,420854,42256
native_to_wasm,1530,210237,208950,419188,42256
native_to_wasm,1531,211133,208932,420066,42256
native_to_wasm,1532,210245,208850,419096,42256
native_to_wasm,1533,210911,208922,419834,42256
native_to_wasm,1534,210121,209636,419758,42256
native_to_wasm,1535,210241,209266,419508,42256
native_to_wasm,1536,210111,208948,419060,42256
native_to_wasm,1537,210131,209606,419738,42256
native_to_wasm,1538,210219,208876,419096,42256
native_to_wasm,1539,210929,208944,419874,42256
native_to_wasm,1540,211329,209606,420936,42256
native_to_wasm,1541,210219,208918,419138,42256
native_to_wasm,1542,211159,208946,420106,42256
native_to_wasm,1543,210241,208864,419106,42256
native_to_wasm,1544,211485,208938,420424,42256
native_to_wasm,1545,210123,209638,419762,42256
native_to_wasm,1546,210221,208830,419052,42256
native_to_wasm,1547,210933,208938,419872,42256
native_to_wasm,1548,211333,209606,420940,42256
native_to_wasm,1549,210217,208934,419152,42256
native_to_wasm,1550,211135,208934,420070,42256
native_to_wasm,1551,210241,208862,419104,42256
native_to_wasm,1552,211371,208944,420316,42256
native_to_wasm,1553,210113,209636,419750,42256
native_to_wasm,1554,210241,208864,419106,42256
native_to_wasm,1555,210959,208940,419900,42256
native_to_wasm,1556,210549,209696,420246,42256
native_to_wasm,1557,210247,208950,419198,42256
native_to_wasm,1558,211403,208940,420344,42256
native_to_wasm,1559,210243,208862,419106,42256
native_to_wasm,1560,210937,208938,419876,42256
native_to_wasm,1561,210137,209636,419774,42256
native_to_wasm,1562,210241,208848,419090,42256
native_to_wasm,1563,210913,208934,419848,42256
native_to_wasm,1564,210241,210612,420854,42256
native_to_wasm,1565,210237,208950,419188,42256
native_to_wasm,1566,211133,208932,420066,42256
native_to_wasm,1567,210245,208850,419096,42256
native_to_wasm,1568,210911,208922,419834,42256
native_to_wasm,1569,210121,209636,419758,42256
native_to_wasm,1570,210241,209266,419508,42256
native_to_wasm,1571,210937,208916,419854,42256
native_to_wasm,1572,210219,210744,420964,42256
native_to_wasm,1573,210225,208918,419144,42256
native_to_wasm,1574,210663,208936,419600,42256
native_to_wasm,1575,210245,208850,419096,42256
native_to_wasm,1576,210911,208944,419856,42256
native_to_wasm,1577,210121,209636,419758,42256
native_to_wasm,1578,210241,209180,419422,42256
native_to_wasm,1579,210939,208938,419878,42256
native_to_wasm,1580,210249,209840,420090,42256
native_to_wasm,1581,210251,208940,419192,42256
native_to_wasm,1582,211377,208916,420294,42256
native_to_wasm,1583,210219,208818,419038,42256
native_to_wasm,1584,210947,208938,419886,42256
native_to_wasm,1585,210133,209606,419740,42256
native_to_wasm,1586,210253,209918,420172,42256
native_to_wasm,1587,210937,208944,419882,42256
native_to_wasm,1588,210235,209842,420078,42256
native_to_wasm,1589,210217,208932,419150,42256
native_to_wasm,1590,210133,209952,420086,42256
native_to_wasm,1591,210217,208856,419074,42256
native_to_wasm,1592,210929,208940,419870,42256
native_to_wasm,1593,210125,209632,419758,42256
native_to_wasm,1594,210233,210032,420266,42256
native_to_wasm,1595,210941,208946,419888,42256
native_to_wasm,1596,210237,209836,420074,42256
native_to_wasm,1597,210235,208948,419184,42256
native_to_wasm,1598,210129,209996,420126,42256
native_to_wasm,1599,210217,208858,419076,42256
native_to_wasm,1600,210927,208940,419868,42256
native_to_wasm,1601,210125,209632,419758,42256
native_to_wasm,1602,210235,209038,419274,42256
native_to_wasm,1603,212507,208938,421446,42256
native_to_wasm,1604,210241,209814,420056,42256
native_to_wasm,1605,210239,208946,419186,42256
native_to_wasm,1606,210131,209606,419738,42256
native_to_wasm,1607,210219,208862,419082,42256
native_to_wasm,1608,210911,208922,419834,42256
native_to_wasm,1609,210121,209636,419758,42256
native_to_wasm,1610,210241,208940,419182,42256
native_to_wasm,1611,212389,208914,421304,42256
native_to_wasm,1612,210221,210120,420342,42256
native_to_wasm,1613,210237,208942,419180,42256
native_to_wasm,1614,210133,209612,419746,42256
native_to_wasm,1615,210247,208864,419112,42256
native_to_wasm,1616,210933,208946,419880,42256
native_to_wasm,1617,210517,209612,420130,42256
native_to_wasm,1618,210245,208914,419160,42256
native_to_wasm,1619,212037,208938,420976,42256
native_to_wasm,1620,210249,209308,419558,42256
native_to_wasm,1621,210221,208924,419146,42256
native_to_wasm,1622,210131,209626,419758,42256
native_to_wasm,1623,210239,208862,419102,42256
native_to_wasm,1624,210937,208944,419882,42256
native_to_wasm,1625,210465,209632,420098,42256
native_to_wasm,1626,210221,208932,419154,42256
native_to_wasm,1627,211141,208932,420074,42256
native_to_wasm,1628,210241,210065,420307,42256
native_to_wasm,1629,210236,208944,419181,42256
native_to_wasm,1630,210133,209606,419740,42256
native_to_wasm,1631,210249,208852,419102,42256
native_to_wasm,1632,210913,208920,419834,42256
native_to_wasm,1633,210897,209614,420512,42256
native_to_wasm,1634,210247,208940,419188,42256
native_to_wasm,1635,211141,208934,420076,42256
native_to_wasm,1636,210241,208862,419104,42256
native_to_wasm,1637,211531,208940,420472,42256
native_to_wasm,1638,210125,209632,419758,42256
native_to_wasm,1639,210239,208862,419102,42256
native_to_wasm,1640,210933,208938,419872,42256
native_to_wasm,1641,211333,209606,420940,42256
native_to_wasm,1642,210217,208934,419152,42256
native_to_wasm,1643,211135,208934,420070,42256
native_to_wasm,1644,210241,208862,419104,42256
native_to_wasm,1645,211371,208944,420316,42256
native_to_wasm,1646,210113,209636,419750,42256
native_to_wasm,1647,210241,208864,419106,42256
native_to_wasm,1648,210959,208940,419900,42256
native_to_wasm,1649,210549,209696,420246,42256
native_to_wasm,1650,210247,208950,419198,42256
native_to_wasm,1651,211403,208940,420344,42256
native_to_wasm,1652,210243,208862,419106,42256
native_to_wasm,1653,210937,208938,419876,42256
native_to_wasm,1654,210137,209636,419774,42256
native_to_wasm,1655,210241,208848,419090,42256
native_to_wasm,1656,210913,208934,419848,42256
native_to_wasm,1657,210241,210612,420854,42256
native_to_wasm,1658,210237,208950,419188,42256
native_to_wasm,1659,211133,208932,420066,42256
native_to_wasm,1660,210245,208850,419096,42256
native_to_wasm,1661,210911,208922,419834,42256
native_to_wasm,1662,210121,209636,419758,42256
native_to_wasm,1663,210241,209266,419508,42256
native_to_wasm,1664,210111,208948,419060,42256
native_to_wasm,1665,210131,209606,419738,42256
native_to_wasm,1666,210219,208876,419096,42256
native_to_wasm,1667,210929,208944,419874,42256
native_to_wasm,1668,211329,209606,420936,42256
native_to_wasm,1669,210219,208918,419138,42256
native_to_wasm,1670,211159,208946,420106,42256
native_to_wasm,1671,210241,208864,419106,42256
native_to_wasm,1672,211485,208938,420424,42256
native_to_wasm,1673,210123,209638,419762,42256
native_to_wasm,1674,210221,208830,419052,42256
native_to_wasm,1675,210933,208938,419872,42256
native_to_wasm,1676,211333,209606,420940,42256
native_to_wasm,1677,210217,208934,419152,42256
native_to_wasm,1678,211135,208934,420070,42256
native_to_wasm,1679,210241,208862,419104,42256
native_to_wasm,1680,211371,208944,420316,42256
native_to_wasm,1681,210113,209636,419750,42256
native_to_wasm,1682,210241,208864,419106,42256
native_to_wasm,1683,210959,208940,419900,42256
native_to_wasm,1684,210549,209696,420246,42256
native_to_wasm,1685,210247,208950,419198,42256
native_to_wasm,1686,211403,208940,420344,42256
native_to_wasm,1687,210243,208862,419106,42256
native_to_wasm,1688,210937,208938,419876,42256
native_to_wasm,1689,210137,209636,419774,42256
native_to_wasm,1690,210241,208848,419090,42256
native_to_wasm,1691,210913,208934,419848,42256
native_to_wasm,1692,210241,210612,420854,42256
native_to_wasm,1693,210237,208950,419188,42256
native_to_wasm,1694,211133,208932,420066,42256
native_to_wasm,1695,210245,208850,419096,42256
native_to_wasm,1696,210911,208922,419834,42256
native_to_wasm,1697,210121,209636,419758,42256
native_to_wasm,1698,210241,209266,419508,42256
native_to_wasm,1699,210937,208916,419854,42256
native_to_wasm,1700,210219,210744,420964,42256
native_to_wasm,1701,210225,208918,419144,42256
native_to_wasm,1702,210663,208936,419600,42256
native_to_wasm,1703,210245,208850,419096,42256
native_to_wasm,1704,210911,208944,419856,42256
native_to_wasm,1705,210121,209636,419758,42256
native_to_wasm,1706,210241,209180,419422,42256
native_to_wasm,1707,210939,208938,419878,42256
native_to_wasm,1708,210249,209840,420090,42256
native_to_wasm,1709,210251,208940,419192,42256
native_to_wasm,1710,211377,208916,420294,42256
native_to_wasm,1711,210219,208818,419038,42256
native_to_wasm,1712,210947,208938,419886,42256
native_to_wasm,1713,210133,209606,419740,42256
native_to_wasm,1714,210253,209918,420172,42256
native_to_wasm,1715,210937,208944,419882,42256
native_to_wasm,1716,210235,209842,420078,42256
native_to_wasm,1717,210217,208932,419150,42256
native_to_wasm,1718,210133,209952,420086,42256
native_to_wasm,1719,210217,208856,419074,42256
native_to_wasm,1720,210929,208940,419870,42256
native_to_wasm,1721,210125,209632,419758,42256
native_to_wasm,1722,210233,210032,420266,42256
native_to_wasm,1723,210941,208946,419888,42256
native_to_wasm,1724,210237,209836,420074,42256
native_to_wasm,1725,210235,208948,419184,42256
native_to_wasm,1726,210129,209996,420126,42256
native_to_wasm,1727,210217,208858,419076,42256
native_to_wasm,1728,210927,208940,419868,42256
native_to_wasm,1729,210125,209632,419758,42256
native_to_wasm,1730,210235,209038,419274,42256
native_to_wasm,1731,212507,208938,421446,42256
native_to_wasm,1732,210241,209814,420056,42256
native_to_wasm,1733,210239,208946,419186,42256
native_to_wasm,1734,210131,209606,419738,42256
native_to_wasm,1735,210219,208862,419082,42256
native_to_wasm,1736,210911,208922,419834,42256
native_to_wasm,1737,210121,209636,419758,42256
native_to_wasm,1738,210241,208940,419182,42256
native_to_wasm,1739,212389,208914,421304,42256
native_to_wasm,1740,210221,210120,420342,42256
native_to_wasm,1741,210237,208942,419180,42256
native_to_wasm,1742,210133,209612,419746,42256
native_to_wasm,1743,210247,208864,419112,42256
native_to_wasm,1744,210933,208946,419880,42256
native_to_wasm,1745,210517,209612,420130,42256
native_to_wasm,1746,210245,208914,419160,42256
native_to_wasm,1747,212037,208938,420976,42256
native_to_wasm,1748,210249,209308,419558,42256
native_to_wasm,1749,210221,208924,419146,42256
native_to_wasm,1750,210131,209626,419758,42256
native_to_wasm,1751,210239,208862,419102,42256
native_to_wasm,1752,210937,208944,419882,42256
native_to_wasm,1753,210465,209632,420098,42256
native_to_wasm,1754,210221,208932,419154,42256
native_to_wasm,1755,211141,208932,420074,42256
native_to_wasm,1756,210241,210065,420307,42256
native_to_wasm,1757,210236,208944,419181,42256
native_to_wasm,1758,210133,209606,419740,42256
native_to_wasm,1759,210249,208852,419102,42256
native_to_wasm,1760,210913,208920,419834,42256
native_to_wasm,1761,210897,209614,420512,42256
native_to_wasm,1762,210247,208940,419188,42256
native_to_wasm,1763,211141,208934,420076,42256
native_to_wasm,1764,210241,208862,419104,42256
native_to_wasm,1765,211531,208940,420472,42256
native_to_wasm,1766,210125,209632,419758,42256
native_to_wasm,1767,210239,208862,419102,42256
native_to_wasm,1768,210933,208938,419872,42256
native_to_wasm,1769,211333,209606,420940,42256
native_to_wasm,1770,210217,208934,419152,42256
native_to_wasm,1771,211135,208934,420070,42256
native_to_wasm,1772,210241,208862,419104,42256
native_to_wasm,1773,211371,208944,420316,42256
native_to_wasm,1774,210113,209636,419750,42256
native_to_wasm,1775,210241,208864,419106,42256
native_to_wasm,1776,210959,208940,419900,42256
native_to_wasm,1777,210549,209696,420246,42256
native_to_wasm,1778,210247,208950,419198,42256
native_to_wasm,1779,211403,208940,420344,42256
native_to_wasm,1780,210243,208862,419106,42256
native_to_wasm,1781,210937,208938,419876,42256
native_to_wasm,1782,210137,209636,419774,42256
native_to_wasm,1783,210241,208848,419090,42256
native_to_wasm,1784,210913,208934,419848,42256
native_to_wasm,1785,210241,210612,420854,42256
native_to_wasm,1786,210237,208950,419188,42256
native_to_wasm,1787,211133,208932,420066,42256
native_to_wasm,1788,210245,208850,419096,42256
native_to_wasm,1789,210911,208922,419834,42256
native_to_wasm,1790,210121,209636,419758,42256
native_to_wasm,1791,210241,209266,419508,42256
native_to_wasm,1792,210111,208948,419060,42256
native_to_wasm,1793,210131,209606,419738,42256
native_to_wasm,1794,210219,208876,419096,42256
native_to_wasm,1795,210929,208944,419874,42256
native_to_wasm,1796,211329,209606,420936,42256
native_to_wasm,1797,210219,208918,419138,42256
native_to_wasm,1798,211159,208946,420106,42256
native_to_wasm,1799,210241,208864,419106,42256
native_to_wasm,1800,211485,208938,420424,42256
native_to_wasm,1801,210123,209638,419762,42256
native_to_wasm,1802,210221,208830,419052,42256
native_to_wasm,1803,210933,208938,419872,42256
native_to_wasm,1804,211333,209606,420940,42256
native_to_wasm,1805,210217,208934,419152,42256
native_to_wasm,1806,211135,208934,420070,42256
native_to_wasm,1807,210241,208862,419104,42256
native_to_wasm,1808,211371,208944,420316,42256
native_to_wasm,1809,210113,209636,419750,42256
native_to_wasm,1810,210241,208864,419106,42256
native_to_wasm,1811,210959,208940,419900,42256
native_to_wasm,1812,210549,209696,420246,42256
native_to_wasm,1813,210247,208950,419198,42256
native_to_wasm,1814,211403,208940,420344,42256
native_to_wasm,1815,210243,208862,419106,42256
native_to_wasm,1816,210937,208938,419876,42256
native_to_wasm,1817,210137,209636,419774,42256
native_to_wasm,1818,210241,208848,419090,42256
native_to_wasm,1819,210913,208934,419848,42256
native_to_wasm,1820,210241,210612,420854,42256
native_to_wasm,1821,210237,208950,419188,42256
native_to_wasm,1822,211133,208932,420066,42256
native_to_wasm,1823,210245,208850,419096,42256
native_to_wasm,1824,210911,208922,419834,42256
native_to_wasm,1825,210121,209636,419758,42256
native_to_wasm,1826,210241,209266,419508,42256
native_to_wasm,1827,210937,208916,419854,42256
native_to_wasm,1828,210219,210744,420964,42256
native_to_wasm,1829,210225,208918,419144,42256
native_to_wasm,1830,210663,208936,419600,42256
native_to_wasm,1831,210245,208850,419096,42256
native_to_wasm,1832,210911,208944,419856,42256
native_to_wasm,1833,210121,209636,419758,42256
native_to_wasm,1834,210241,209180,419422,42256
native_to_wasm,1835,210939,208938,419878,42256
native_to_wasm,1836,210249,209840,420090,42256
native_to_wasm,1837,210251,208940,419192,42256
native_to_wasm,1838,211377,208916,420294,42256
native_to_wasm,1839,210219,208818,419038,42256
native_to_wasm,1840,210947,208938,419886,42256
native_to_wasm,1841,210133,209606,419740,42256
native_to_wasm,1842,210253,209918,420172,42256
native_to_wasm,1843,210937,208944,419882,42256
native_to_wasm,1844,210235,209842,420078,42256
native_to_wasm,1845,210217,208932,419150,42256
native_to_wasm,1846,210133,209952,420086,42256
native_to_wasm,1847,210217,208856,419074,42256
native_to_wasm,1848,210929,208940,419870,42256
native_to_wasm,1849,210125,209632,419758,42256
native_to_wasm,1850,210233,210032,420266,42256
native_to_wasm,1851,210941,208946,419888,42256
native_to_wasm,1852,210237,209836,420074,42256
native_to_wasm,1853,210235,208948,419184,42256
native_to_wasm,1854,210129,209996,420126,42256
native_to_wasm,1855,210217,208858,419076,42256
native_to_wasm,1856,210927,208940,419868,42256
native_to_wasm,1857,210125,209632,419758,42256
native_to_wasm,1858,210235,209038,419274,42256
native_to_wasm,1859,212507,208938,421446,42256
native_to_wasm,1860,210241,209814,420056,42256
native_to_wasm,1861,210239,208946,419186,42256
native_to_wasm,1862,210131,209606,419738,42256
native_to_wasm,1863,210219,208862,419082,42256
native_to_wasm,1864,210911,208922,419834,42256
native_to_wasm,1865,210121,209636,419758,42256
native_to_wasm,1866,210241,208940,419182,42256
native_to_wasm,1867,212389,208914,421304,42256
native_to_wasm,1868,210221,210120,420342,42256
native_to_wasm,1869,210237,208942,419180,42256
native_to_wasm,1870,210133,209612,419746,42256
native_to_wasm,1871,210247,208864,419112,42256
native_to_wasm,1872,210933,208946,419880,42256
native_to_wasm,1873,210517,209612,420130,42256
native_to_wasm,1874,210245,208914,419160,42256
native_to_wasm,1875,212037,208938,420976,42256
native_to_wasm,1876,210249,209308,419558,42256
native_to_wasm,1877,210221,208924,419146,42256
native_to_wasm,1878,210131,209626,419758,42256
native_to_wasm,1879,210239,208862,419102,42256
native_to_wasm,1880,210937,208944,419882,42256
native_to_wasm,1881,210465,209632,420098,42256
native_to_wasm,1882,210221,208932,419154,42256
native_to_wasm,1883,211141,208932,420074,42256
native_to_wasm,1884,210241,210065,420307,42256
native_to_wasm,1885,210236,208944,419181,42256
native_to_wasm,1886,210133,209606,419740,42256
native_to_wasm,1887,210249,208852,419102,42256
native_to_wasm,1888,210913,208920,419834,42256
native_to_wasm,1889,210897,209614,420512,42256
native_to_wasm,1890,210247,208940,419188,42256
native_to_wasm,1891,211141,208934,420076,42256
native_to_wasm,1892,210241,208862,419104,42256
native_to_wasm,1893,211531,208940,420472,42256
native_to_wasm,1894,210125,209632,419758,42256
native_to_wasm,1895,210239,208862,419102,42256
native_to_wasm,1896,210933,208938,419872,42256
native_to_wasm,1897,211333,209606,420940,42256
native_to_wasm,1898,210217,208934,419152,42256
native_to_wasm,1899,211135,208934,420070,42256
native_to_wasm,1900,210241,208862,419104,42256
native_to_wasm,1901,211371,208944,420316,42256
native_to_wasm,1902,210113,209636,419750,42256
native_to_wasm,1903,210241,208864,419106,42256
native_to_wasm,1904,210959,208940,419900,42256
native_to_wasm,1905,210549,209696,420246,42256
native_to_wasm,1906,210247,208950,419198,42256
native_to_wasm,1907,211403,208940,420344,42256
native_to_wasm,1908,210243,208862,419106,42256
native_to_wasm,1909,210937,208938,419876,42256
native_to_wasm,1910,210137,209636,419774,42256
native_to_wasm,1911,210241,208848,419090,42256
native_to_wasm,1912,210913,208934,419848,42256
native_to_wasm,1913,210241,210612,420854,42256
native_to_wasm,1914,210237,208950,419188,42256
native_to_wasm,1915,211133,208932,420066,42256
native_to_wasm,1916,210245,208850,419096,42256
native_to_wasm,1917,210911,208922,419834,42256
native_to_wasm,1918,210121,209636,419758,42256
native_to_wasm,1919,210241,209266,419508,42256
native_to_wasm,1920,210111,208948,419060,42256
native_to_wasm,1921,210131,209606,419738,42256
native_to_wasm,1922,210219,208876,419096,42256
native_to_wasm,1923,210929,208944,419874,42256
native_to_wasm,1924,211329,209606,420936,42256
native_to_wasm,1925,210219,208918,419138,42256
native_to_wasm,1926,211159,208946,420106,42256
native_to_wasm,1927,210241,208864,419106,42256
native_to_wasm,1928,211485,208938,420424,42256
native_to_wasm,1929,210123,209638,419762,42256
native_to_wasm,1930,210221,208830,419052,42256
native_to_wasm,1931,210933,208938,419872,42256
native_to_wasm,1932,211333,209606,420940,42256
native_to_wasm,1933,210217,208934,419152,42256
native_to_wasm,1934,211135,208934,420070,42256
native_to_wasm,1935,210241,208862,419104,42256
native_to_wasm,1936,211371,208944,420316,42256
native_to_wasm,1937,210113,209636,419750,42256
native_to_wasm,1938,210241,208864,419106,42256
native_to_wasm,1939,210959,208940,419900,42256
native_to_wasm,1940,210549,209696,420246,42256
native_to_wasm,1941,210247,208950,419198,42256
native_to_wasm,1942,211403,208940,420344,42256
native_to_wasm,1943,210243,208862,419106,42256
native_to_wasm,1944,210937,208938,419876,42256
native_to_wasm,1945,210137,209636,419774,42256
native_to_wasm,1946,210241,208848,419090,42256
native_to_wasm,1947,210913,208934,419848,42256
native_to_wasm,1948,210241,210612,420854,42256
native_to_wasm,1949,210237,208950,419188,42256
native_to_wasm,1950,211133,208932,420066,42256
native_to_wasm,1951,210245,208850,419096,42256
native_to_wasm,1952,210911,208922,419834,42256
native_to_wasm,1953,210121,209636,419758,42256
native_to_wasm,1954,210241,209266,419508,42256
native_to_wasm,1955,210937,208916,419854,42256
native_to_wasm,1956,210219,210744,420964,42256
native_to_wasm,1957,210225,208918,419144,42256
native_to_wasm,1958,210663,208936,419600,42256
native_to_wasm,1959,210245,208850,419096,42256
native_to_wasm,1960,210911,208944,419856,42256
native_to_wasm,1961,210121,209636,419758,42256
native_to_wasm,1962,210241,209180,419422,42256
native_to_wasm,1963,210939,208938,419878,42256
native_to_wasm,1964,210249,209840,420090,42256
native_to_wasm,1965,210251,208940,419192,42256
native_to_wasm,1966,211377,208916,420294,42256
native_to_wasm,1967,210219,208818,419038,42256
native_to_wasm,1968,210947,208938,419886,42256
native_to_wasm,1969,210133,209606,419740,42256
native_to_wasm,1970,210253,209918,420172,42256
native_to_wasm,1971,210937,208944,419882,42256
native_to_wasm,1972,210235,209842,420078,42256
native_to_wasm,1973,210217,208932,419150,42256
native_to_wasm,1974,210133,209952,420086,42256
native_to_wasm,1975,210217,208856,419074,42256
native_to_wasm,1976,210929,208940,419870,42256
native_to_wasm,1977,210125,209632,419758,42256
native_to_wasm,1978,210233,210032,420266,42256
native_to_wasm,1979,210941,208946,419888,42256
native_to_wasm,1980,210237,209836,420074,42256
native_to_wasm,1981,210235,208948,419184,42256
native_to_wasm,1982,210129,209996,420126,42256
native_to_wasm,1983,210217,208858,419076,42256
native_to_wasm,1984,210927,208940,419868,42256
native_to_wasm,1985,210125,209632,419758,42256
native_to_wasm,1986,210235,209038,419274,42256
native_to_wasm,1987,212507,208938,421446,42256
native_to_wasm,1988,210241,209814,420056,42256
native_to_wasm,1989,210239,208946,419186,42256
native_to_wasm,1990,210131,209606,419738,42256
native_to_wasm,1991,210219,208862,419082,42256
native_to_wasm,1992,210911,208922,419834,42256
native_to_wasm,1993,210121,209636,419758,42256
native_to_wasm,1994,210241,208940,419182,42256
native_to_wasm,1995,212389,208914,421304,42256
native_to_wasm,1996,210221,210120,420342,42256
native_to_wasm,1997,210237,208942,419180,42256
native_to_wasm,1998,210133,209612,419746,42256
native_to_wasm,1999,210247,208864,419112,42256
native_to_wasm,2000,210933,208946,419880,42256
native_to_wasm,2001,210517,209612,420130,42256
native_to_wasm,2002,210245,208914,419160,42256
native_to_wasm,2003,212037,208938,420976,42256
native_to_wasm,2004,210249,209308,419558,42256
native_to_wasm,2005,210221,208924,419146,42256
native_to_wasm,2006,210131,209626,419758,42256
native_to_wasm,2007,210239,208862,419102,42256
native_to_wasm,2008,210937,208944,419882,42256
native_to_wasm,2009,210465,209632,420098,42256
native_to_wasm,2010,210221,208932,419154,42256
native_to_wasm,2011,211141,208932,420074,42256
native_to_wasm,2012,210241,210065,420307,42256
native_to_wasm,2013,210236,208944,419181,42256
native_to_wasm,2014,210133,209606,419740,42256
native_to_wasm,2015,210249,208852,419102,42256
native_to_wasm,2016,210913,208920,419834,42256
native_to_wasm,2017,210897,209614,420512,42256
native_to_wasm,2018,210247,208940,419188,42256
native_to_wasm,2019,211141,208934,420076,42256
native_to_wasm,2020,210241,208862,419104,42256
native_to_wasm,2021,211531,208940,420472,42256
native_to_wasm,2022,210125,209632,419758,42256
native_to_wasm,2023,210239,208862,419102,42256
native_to_wasm,2024,210933,208938,419872,42256
native_to_wasm,2025,211333,209606,420940,42256
native_to_wasm,2026,210217,208934,419152,42256
native_to_wasm,2027,211135,208934,420070,42256
native_to_wasm,2028,210241,208862,419104,42256
native_to_wasm,2029,211371,208944,420316,42256
native_to_wasm,2030,210113,209636,419750,42256
native_to_wasm,2031,210241,208864,419106,42256
native_to_wasm,2032,210959,208940,419900,42256
native_to_wasm,2033,210549,209696,420246,42256
native_to_wasm,2034,210247,208950,419198,42256
native_to_wasm,2035,211403,208940,420344,42256
native_to_wasm,2036,210243,208862,419106,42256
native_to_wasm,2037,210937,208938,419876,42256
native_to_wasm,2038,210137,209636,419774,42256
native_to_wasm,2039,210241,208848,419090,42256
native_to_wasm,2040,210913,208934,419848,42256
native_to_wasm,2041,210241,210612,420854,42256
native_to_wasm,2042,210237,208950,419188,42256
native_to_wasm,2043,211133,208932,420066,42256
native_to_wasm,2044,210245,208850,419096,42256
native_to_wasm,2045,210911,208922,419834,42256
native_to_wasm,2046,210121,209636,419758,42256
native_to_wasm,2047,210241,209266,419508,42256
native_to_wasm,2048,210111,208948,419060,42256
native_to_wasm,2049,210131,209606,419738,42256
native_to_wasm,2050,210219,208876,419096,42256
native_to_wasm,2051,210929,208944,419874,42256
native_to_wasm,2052,211329,209606,420936,42256
native_to_wasm,2053,210219,208918,419138,42256
native_to_wasm,2054,211159,208946,420106,42256
native_to_wasm,2055,210241,208864,419106,42256
native_to_wasm,2056,211485,208938,420424,42256
native_to_wasm,2057,210123,209638,419762,42256
native_to_wasm,2058,210221,208830,419052,42256
native_to_wasm,2059,210933,208938,419872,42256
native_to_wasm,2060,211333,209606,420940,42256
native_to_wasm,2061,210217,208934,419152,42256
native_to_wasm,2062,211135,208934,420070,42256
native_to_wasm,2063,210241,208862,419104,42256
native_to_wasm,2064,211371,208944,420316,42256
native_to_wasm,2065,210113,209636,419750,42256
native_to_wasm,2066,210241,208864,419106,42256
native_to_wasm,2067,210959,208940,419900,42256
native_to_wasm,2068,210549,209696,420246,42256
native_to_wasm,2069,210247,208950,419198,42256
native_to_wasm,2070,211403,208940,420344,42256
native_to_wasm,2071,210243,208862,419106,42256
native_to_wasm,2072,210937,208938,419876,42256
native_to_wasm,2073,210137,209636,419774,42256
native_to_wasm,2074,210241,208848,419090,42256
native_to_wasm,2075,210913,208934,419848,42256
native_to_wasm,2076,210241,210612,420854,42256
native_to_wasm,2077,210237,208950,419188,42256
native_to_wasm,2078,211133,208932,420066,42256
native_to_wasm,2079,210245,208850,419096,42256
native_to_wasm,2080,210911,208922,419834,42256
native_to_wasm,2081,210121,209636,419758,42256
native_to_wasm,2082,210241,209266,419508,42256
native_to_wasm,2083,210937,208916,419854,42256
native_to_wasm,2084,210219,210744,420964,42256
native_to_wasm,2085,210225,208918,419144,42256
native_to_wasm,2086,210663,208936,419600,42256
native_to_wasm,2087,210245,208850,419096,42256
native_to_wasm,2088,210911,208944,419856,42256
native_to_wasm,2089,210121,209636,419758,42256
native_to_wasm,2090,210241,209180,419422,42256
native_to_wasm,2091,210939,208938,419878,42256
native_to_wasm,2092,210249,209840,420090,42256
native_to_wasm,2093,210251,208940,419192,42256
native_to_wasm,2094,211377,208916,420294,42256
native_to_wasm,2095,210219,208818,419038,42256
native_to_wasm,2096,210947,208938,419886,42256
native_to_wasm,2097,210133,209606,419740,42256
native_to_wasm,2098,210253,209918,420172,42256
native_to_wasm,2099,210937,208944,419882,42256
native_to_wasm,2100,210235,209842,420078,42256
native_to_wasm,2101,210217,208932,419150,42256
native_to_wasm,2102,210133,209952,420086,42256
native_to_wasm,2103,210217,208856,419074,42256
native_to_wasm,2104,210929,208940,419870,42256
native_to_wasm,2105,210125,209632,419758,42256
native_to_wasm,2106,210233,210032,420266,42256
native_to_wasm,2107,210941,208946,419888,42256
native_to_wasm,2108,210237,209836,420074,42256
native_to_wasm,2109,210235,208948,419184,42256
native_to_wasm,2110,210129,209996,420126,42256
native_to_wasm,2111,210217,208858,419076,42256
native_to_wasm,2112,210927,208940,419868,42256
native_to_wasm,2113,210125,209632,419758,42256
native_to_wasm,2114,210235,209038,419274,42256
native_to_wasm,2115,212507,208938,421446,42256
native_to_wasm,2116,210241,209814,420056,42256
native_to_wasm,2117,210239,208946,419186,42256
native_to_wasm,2118,210131,209606,419738,42256
native_to_wasm,2119,210219,208862,419082,42256
native_to_wasm,2120,210911,208922,419834,42256
native_to_wasm,2121,210121,209636,419758,42256
native_to_wasm,2122,210241,208940,419182,42256
native_to_wasm,2123,212389,208914,421304,42256
native_to_wasm,2124,210221,210120,420342,42256
native_to_wasm,2125,210237,208942,419180,42256
native_to_wasm,2126,210133,209612,419746,42256
native_to_wasm,2127,210247,208864,419112,42256
native_to_wasm,2128,210933,208946,419880,42256
native_to_wasm,2129,210517,209612,420130,42256
native_to_wasm,2130,210245,208914,419160,42256
native_to_wasm,2131,212037,208938,420976,42256
native_to_wasm,2132,210249,209308,419558,42256
native_to_wasm,2133,210221,208924,419146,42256
native_to_wasm,2134,210131,209626,419758,42256
native_to_wasm,2135,210239,208862,419102,42256
native_to_wasm,2136,210937,208944,419882,42256
native_to_wasm,2137,210465,209632,420098,42256
native_to_wasm,2138,210221,208932,419154,42256
native_to_wasm,2139,211141,208932,420074,42256
native_to_wasm,2140,210241,210065,420307,42256
native_to_wasm,2141,210236,208944,419181,42256
native_to_wasm,2142,210133,209606,419740,42256
native_to_wasm,2143,210249,208852,419102,42256
native_to_wasm,2144,210913,208920,419834,42256
native_to_wasm,2145,210897,209614,420512,42256
native_to_wasm,2146,210247,208940,419188,42256
native_to_wasm,2147,211141,208934,420076,42256
native_to_wasm,2148,210241,208862,419104,42256
native_to_wasm,2149,211531,208940,420472,42256
native_to_wasm,2150,210125,209632,419758,42256
native_to_wasm,2151,210239,208862,419102,42256
native_to_wasm,2152,210933,208938,419872,42256
native_to_wasm,2153,211333,209606,420940,42256
native_to_wasm,2154,210217,208934,419152,42256
native_to_wasm,2155,211135,208934,420070,42256
native_to_wasm,2156,210241,208862,419104,42256
native_to_wasm,2157,211371,208944,420316,42256
native_to_wasm,2158,210113,209636,419750,42256
native_to_wasm,2159,210241,208864,419106,42256
native_to_wasm,2160,210959,208940,419900,42256
native_to_wasm,2161,210549,209696,420246,42256
native_to_wasm,2162,210247,208950,419198,42256
native_to_wasm,2163,211403,208940,420344,42256
native_to_wasm,2164,210243,208862,419106,42256
native_to_wasm,2165,210937,208938,419876,42256
native_to_wasm,2166,210137,209636,419774,42256
native_to_wasm,2167,210241,208848,419090,42256
native_to_wasm,2168,210913,208934,419848,42256
native_to_wasm,2169,210241,210612,420854,42256
native_to_wasm,2170,210237,208950,419188,42256
native_to_wasm,2171,211133,208932,420066,42256
native_to_wasm,2172,210245,208850,419096,42256
native_to_wasm,2173,210911,208922,419834,42256
native_to_wasm,2174,210121,209636,419758,42256
native_to_wasm,2175,210241,209266,419508,42256
native_to_wasm,2176,210111,208948,419060,42256
native_to_wasm,2177,210131,209606,419738,42256
native_to_wasm,2178,210219,208876,419096,42256
native_to_wasm,2179,210929,208944,419874,42256
native_to_wasm,2180,211329,209606,420936,42256
native_to_wasm,2181,210219,208918,419138,42256
native_to_wasm,2182,211159,208946,420106,42256
native_to_wasm,2183,210241,208864,419106,42256
native_to_wasm,2184,211485,208938,420424,42256
native_to_wasm,2185,210123,209638,419762,42256
native_to_wasm,2186,210221,208830,419052,42256
native_to_wasm,2187,210933,208938,419872,42256
native_to_wasm,2188,211333,209606,420940,42256
native_to_wasm,2189,210217,208934,419152,42256
native_to_wasm,2190,211135,208934,420070,42256
native_to_wasm,2191,210241,208862,419104,42256
native_to_wasm,2192,211371,208944,420316,42256
native_to_wasm,2193,210113,209636,419750,42256
native_to_wasm,2194,210241,208864,419106,42256
native_to_wasm,2195,210959,208940,419900,42256
native_to_wasm,2196,210549,209696,420246,42256
native_to_wasm,2197,210247,208950,419198,42256
native_to_wasm,2198,211403,208940,420344,42256
native_to_wasm,2199,210243,208862,419106,42256
native_to_wasm,2200,210937,208938,419876,42256
native_to_wasm,2201,210137,209636,419774,42256
native_to_wasm,2202,210241,208848,419090,42256
native_to_wasm,2203,210913,208934,419848,42256
native_to_wasm,2204,210241,210612,420854,42256
native_to_wasm,2205,210237,208950,419188,42256
native_to_wasm,2206,211133,208932,420066,42256
native_to_wasm,2207,210245,208850,419096,42256
native_to_wasm,2208,210911,208922,419834,42256
native_to_wasm,2209,210121,209636,419758,42256
native_to_wasm,2210,210241,209266,419508,42256
native_to_wasm,2211,210937,208916,419854,42256
native_to_wasm,2212,210219,210744,420964,42256
native_to_wasm,2213,210225,208918,419144,42256
native_to_wasm,2214,210663,208936,419600,42256
native_to_wasm,2215,210245,208850,419096,42256
native_to_wasm,2216,210911,208944,419856,42256
native_to_wasm,2217,210121,209636,419758,42256
native_to_wasm,2218,210241,209180,419422,42256
native_to_wasm,2219,210939,208938,419878,42256
native_to_wasm,2220,210249,209840,420090,42256
native_to_wasm,2221,210251,208940,419192,42256
native_to_wasm,2222,211377,208916,420294,42256
native_to_wasm,2223,210219,208818,419038,42256
native_to_wasm,2224,210947,208938,419886,42256
native_to_wasm,2225,210133,209606,419740,42256
native_to_wasm,2226,210253,209918,420172,42256
native_to_wasm,2227,210937,208944,419882,42256
native_to_wasm,2228,210235,209842,420078,42256
native_to_wasm,2229,210217,208932,419150,42256
native_to_wasm,2230,210133,209952,420086,42256
native_to_wasm,2231,210217,208856,419074,42256
native_to_wasm,2232,210929,208940,419870,42256
native_to_wasm,2233,210125,209632,419758,42256
native_to_wasm,2234,210233,210032,420266,42256
native_to_wasm,2235,210941,208946,419888,42256
native_to_wasm,2236,210237,209836,420074,42256
native_to_wasm,2237,210235,208948,419184,42256
native_to_wasm,2238,210129,209996,420126,42256
native_to_wasm,2239,210217,208858,419076,42256
native_to_wasm,2240,210927,208940,419868,42256
native_to_wasm,2241,210125,209632,419758,42256
native_to_wasm,2242,210235,209038,419274,42256
native_to_wasm,2243,212507,208938,421446,42256
native_to_wasm,2244,210241,209814,420056,42256
native_to_wasm,2245,210239,208946,419186,42256
native_to_wasm,2246,210131,209606,419738,42256
native_to_wasm,2247,210219,208862,419082,42256
native_to_wasm,2248,210911,208922,419834,42256
native_to_wasm,2249,210121,209636,419758,42256
native_to_wasm,2250,210241,208940,419182,42256
native_to_wasm,2251,212389,208914,421304,42256
native_to_wasm,2252,210221,210120,420342,42256
native_to_wasm,2253,210237,208942,419180,42256
native_to_wasm,2254,210133,209612,419746,42256
native_to_wasm,2255,210247,208864,419112,42256
native_to_wasm,2256,210933,208946,419880,42256
native_to_wasm,2257,210517,209612,420130,42256
native_to_wasm,2258,210245,208914,419160,42256
native_to_wasm,2259,212037,208938,420976,42256
native_to_wasm,2260,210249,209308,419558,42256
native_to_wasm,2261,210221,208924,419146,42256
native_to_wasm,2262,210131,209626,419758,42256
native_to_wasm,2263,210239,208862,419102,42256
native_to_wasm,2264,210937,208944,419882,42256
native_to_wasm,2265,210465,209632,420098,42256
native_to_wasm,2266,210221,208932,419154,42256
native_to_wasm,2267,211141,208932,420074,42256
native_to_wasm,2268,210241,210065,420307,42256
native_to_wasm,2269,210236,208944,419181,42256
native_to_wasm,2270,210133,209606,419740,42256
native_to_wasm,2271,210249,208852,419102,42256
native_to_wasm,2272,210913,208920,419834,42256
native_to_wasm,2273,210897,209614,420512,42256
native_to_wasm,2274,210247,208940,419188,42256
native_to_wasm,2275,211141,208934,420076,42256
native_to_wasm,2276,210241,208862,419104,42256
native_to_wasm,2277,211531,208940,420472,42256
native_to_wasm,2278,210125,209632,419758,42256
native_to_wasm,2279,210239,208862,419102,42256
native_to_wasm,2280,210933,208938,419872,42256
native_to_wasm,2281,211333,209606,420940,42256
native_to_wasm,2282,210217,208934,419152,42256
native_to_wasm,2283,211135,208934,420070,42256
native_to_wasm,2284,210241,208862,419104,42256
native_to_wasm,2285,211371,208944,420316,42256
native_to_wasm,2286,210113,209636,419750,42256
native_to_wasm,2287,210241,208864,419106,42256
native_to_wasm,2288,210959,208940,419900,42256
native_to_wasm,2289,210549,209696,420246,42256
native_to_wasm,2290,210247,208950,419198,42256
native_to_wasm,2291,211403,208940,420344,42256
native_to_wasm,2292,210243,208862,419106,42256
native_to_wasm,2293,210937,208938,419876,42256
native_to_wasm,2294,210137,209636,419774,42256
native_to_wasm,2295,210241,208848,419090,42256
native_to_wasm,2296,210913,208934,419848,42256
native_to_wasm,2297,210241,210612,420854,42256
native_to_wasm,2298,210237,208950,419188,42256
native_to_wasm,2299,211133,208932,420066,42256
native_to_wasm,2300,210245,208850,419096,42256
native_to_wasm,2301,210911,208922,419834,42256
native_to_wasm,2302,210121,209636,419758,42256
native_to_wasm,2303,210241,209266,419508,42256
native_to_wasm,2304,210111,208948,419060,42256
native_to_wasm,2305,210131,209606,419738,42256
native_to_wasm,2306,210219,208876,419096,42256
native_to_wasm,2307,210929,208944,419874,42256
native_to_wasm,2308,211329,209606,420936,42256
native_to_wasm,2309,210219,208918,419138,42256
native_to_wasm,2310,211159,208946,420106,42256
native_to_wasm,2311,210241,208864,419106,42256
native_to_wasm,2312,211485,208938,420424,42256
native_to_wasm,2313,210123,209638,419762,42256
native_to_wasm,2314,210221,208830,419052,42256
native_to_wasm,2315,210933,208938,419872,42256
native_to_wasm,2316,211333,209606,420940,42256
native_to_wasm,2317,210217,208934,419152,42256
native_to_wasm,2318,211135,208934,420070,42256
native_to_wasm,2319,210241,208862,419104,42256
native_to_wasm,2320,211371,208944,420316,42256
native_to_wasm,2321,210113,209636,419750,42256
native_to_wasm,2322,210241,208864,419106,42256
native_to_wasm,2323,210959,208940,419900,42256
native_to_wasm,2324,210549,209696,420246,42256
native_to_wasm,2325,210247,208950,419198,42256
native_to_wasm,2326,211403,208940,420344,42256
native_to_wasm,2327,210243,208862,419106,42256
native_to_wasm,2328,210937,208938,419876,42256
native_to_wasm,2329,210137,209636,419774,42256
native_to_wasm,2330,210241,208848,419090,42256
native_to_wasm,2331,210913,208934,419848,42256
native_to_wasm,2332,210241,210612,420854,42256
native_to_wasm,2333,210237,208950,419188,42256
native_to_wasm,2334,211133,208932,420066,42256
native_to_wasm,2335,210245,208850,419096,42256
native_to_wasm,2336,210911,208922,419834,42256
native_to_wasm,2337,210121,209636,419758,42256
native_to_wasm,2338,210241,209266,419508,42256
native_to_wasm,2339,210937,208916,419854,42256
native_to_wasm,2340,210219,210744,420964,42256
native_to_wasm,2341,210225,208918,419144,42256
native_to_wasm,2342,210663,208936,419600,42256
native_to_wasm,2343,210245,208850,419096,42256
native_to_wasm,2344,210911,208944,419856,42256
native_to_wasm,2345,210121,209636,419758,42256
native_to_wasm,2346,210241,209180,419422,42256
native_to_wasm,2347,210939,208938,419878,42256
native_to_wasm,2348,210249,209840,420090,42256
native_to_wasm,2349,210251,208940,419192,42256
native_to_wasm,2350,211377,208916,420294,42256
native_to_wasm,2351,210219,208818,419038,42256
native_to_wasm,2352,210947,208938,419886,42256
native_to_wasm,2353,210133,209606,419740,42256
native_to_wasm,2354,210253,209918,420172,42256
native_to_wasm,2355,210937,208944,419882,42256
native_to_wasm,2356,210235,209842,420078,42256
native_to_wasm,2357,210217,208932,419150,42256
native_to_wasm,2358,210133,209952,420086,42256
native_to_wasm,2359,210217,208856,419074,42256
native_to_wasm,2360,210929,208940,419870,42256
native_to_wasm,2361,210125,209632,419758,42256
native_to_wasm,2362,210233,210032,420266,42256
native_to_wasm,2363,210941,208946,419888,42256
native_to_wasm,2364,210237,209836,420074,42256
native_to_wasm,2365,210235,208948,419184,42256
native_to_wasm,2366,210129,209996,420126,42256
native_to_wasm,2367,210217,208858,419076,42256
native_to_wasm,2368,210927,208940,419868,42256
native_to_wasm,2369,210125,209632,419758,42256
native_to_wasm,2370,210235,209038,419274,42256
native_to_wasm,2371,212507,208938,421446,42256
native_to_wasm,2372,210241,209814,420056,42256
native_to_wasm,2373,210239,208946,419186,42256
native_to_wasm,2374,210131,209606,419738,42256
native_to_wasm,2375,210219,208862,419082,42256
native_to_wasm,2376,210911,208922,419834,42256
native_to_wasm,2377,210121,209636,419758,42256
native_to_wasm,2378,210241,208940,419182,42256
native_to_wasm,2379,212389,208914,421304,42256
native_to_wasm,2380,210221,210120,420342,42256
native_to_wasm,2381,210237,208942,419180,42256
native_to_wasm,2382,210133,209612,419746,42256
native_to_wasm,2383,210247,208864,419112,42256
native_to_wasm,2384,210933,208946,419880,42256
native_to_wasm,2385,210517,209612,420130,42256
native_to_wasm,2386,210245,208914,419160,42256
native_to_wasm,2387,212037,208938,420976,42256
native_to_wasm,2388,210249,209308,419558,42256
native_to_wasm,2389,210221,208924,419146,42256
native_to_wasm,2390,210131,209626,419758,42256
native_to_wasm,2391,210239,208862,419102,42256
native_to_wasm,2392,210937,208944,419882,42256
native_to_wasm,2393,210465,209632,420098,42256
native_to_wasm,2394,210221,208932,419154,42256
native_to_wasm,2395,211141,208932,420074,42256
native_to_wasm,2396,210241,210065,420307,42256
native_to_wasm,2397,210236,208944,419181,42256
native_to_wasm,2398,210133,209606,419740,42256
native_to_wasm,2399,210249,208852,419102,42256
native_to_wasm,2400,210913,208920,419834,42256
native_to_wasm,2401,210897,209614,420512,42256
native_to_wasm,2402,210247,208940,419188,42256
native_to_wasm,2403,211141,208934,420076,42256
native_to_wasm,2404,210241,208862,419104,42256
native_to_wasm,2405,211531,208940,420472,42256
native_to_wasm,2406,210125,209632,419758,42256
native_to_wasm,2407,210239,208862,419102,42256
native_to_wasm,2408,210933,208938,419872,42256
native_to_wasm,2409,211333,209606,420940,42256
native_to_wasm,2410,210217,208934,419152,42256
native_to_wasm,2411,211135,208934,420070,42256
native_to_wasm,2412,210241,208862,419104,42256
native_to_wasm,2413,211371,208944,420316,42256
native_to_wasm,2414,210113,209636,419750,42256
native_to_wasm,2415,210241,208864,419106,42256
native_to_wasm,2416,210959,208940,419900,42256
native_to_wasm,2417,210549,209696,420246,42256
native_to_wasm,2418,210247,208950,419198,42256
native_to_wasm,2419,211403,208940,420344,42256
native_to_wasm,2420,210243,208862,419106,42256
native_to_wasm,2421,210937,208938,419876,42256
native_to_wasm,2422,210137,209636,419774,42256
native_to_wasm,2423,210241,208848,419090,42256
native_to_wasm,2424,210913,208934,419848,42256
native_to_wasm,2425,210241,210612,420854,42256
native_to_wasm,2426,210237,208950,419188,42256
native_to_wasm,2427,211133,208932,420066,42256
native_to_wasm,2428,210245,208850,419096,42256
native_to_wasm,2429,210911,208922,419834,42256
native_to_wasm,2430,210121,209636,419758,42256
native_to_wasm,2431,210241,209266,419508,42256
native_to_wasm,2432,210111,208948,419060,42256
native_to_wasm,2433,210131,209606,419738,42256
native_to_wasm,2434,210219,208876,419096,42256
native_to_wasm,2435,210929,208944,419874,42256
native_to_wasm,2436,211329,209606,420936,42256
native_to_wasm,2437,210219,208918,419138,42256
native_to_wasm,2438,211159,208946,420106,42256
native_to_wasm,2439,210241,208864,419106,42256
native_to_wasm,2440,211485,208938,420424,42256
native_to_wasm,2441,210123,209638,419762,42256
native_to_wasm,2442,210221,208830,419052,42256
native_to_wasm,2443,210933,208938,419872,42256
native_to_wasm,2444,211333,209606,420940,42256
native_to_wasm,2445,210217,208934,419152,42256
native_to_wasm,2446,211135,208934,420070,42256
native_to_wasm,2447,210241,208862,419104,42256
native_to_wasm,2448,211371,208944,420316,42256
native_to_wasm,2449,210113,209636,419750,42256
native_to_wasm,2450,210241,208864,419106,42256
native_to_wasm,2451,210959,208940,419900,42256
native_to_wasm,2452,210549,209696,420246,42256
native_to_wasm,2453,210247,208950,419198,42256
native_to_wasm,2454,211403,208940,420344,42256
native_to_wasm,2455,210243,208862,419106,42256
native_to_wasm,2456,210937,208938,419876,42256
native_to_wasm,2457,210137,209636,419774,42256
native_to_wasm,2458,210241,208848,419090,42256
native_to_wasm,2459,210913,208934,419848,42256
native_to_wasm,2460,210241,210612,420854,42256
native_to_wasm,2461,210237,208950,419188,42256
native_to_wasm,2462,211133,208932,420066,42256
native_to_wasm,2463,210245,208850,419096,42256
native_to_wasm,2464,210911,208922,419834,42256
native_to_wasm,2465,210121,209636,419758,42256
native_to_wasm,2466,210241,209266,419508,42256
native_to_wasm,2467,210937,208916,419854,42256
native_to_wasm,2468,210219,210744,420964,42256
native_to_wasm,2469,210225,208918,419144,42256
native_to_wasm,2470,210663,208936,419600,42256
native_to_wasm,2471,210245,208850,419096,42256
native_to_wasm,2472,210911,208944,419856,42256
native_to_wasm,2473,210121,209636,419758,42256
native_to_wasm,2474,210241,209180,419422,42256
native_to_wasm,2475,210939,208938,419878,42256
native_to_wasm,2476,210249,209840,420090,42256
native_to_wasm,2477,210251,208940,419192,42256
native_to_wasm,2478,211377,208916,420294,42256
native_to_wasm,2479,210219,208818,419038,42256
native_to_wasm,2480,210947,208938,419886,42256
native_to_wasm,2481,210133,209606,419740,42256
native_to_wasm,2482,210253,209918,420172,42256
native_to_wasm,2483,210937,208944,419882,42256
native_to_wasm,2484,210235,209842,420078,42256
native_to_wasm,2485,210217,208932,419150,42256
native_to_wasm,2486,210133,209952,420086,42256
native_to_wasm,2487,210217,208856,419074,42256
native_to_wasm,2488,210929,208940,419870,42256
native_to_wasm,2489,210125,209632,419758,42256
native_to_wasm,2490,210233,210032,420266,42256
native_to_wasm,2491,210941,208946,419888,42256
native_to_wasm,2492,210237,209836,420074,42256
native_to_wasm,2493,210235,208948,419184,42256
native_to_wasm,2494,210129,209996,420126,42256
native_to_wasm,2495,210217,208858,419076,42256
native_to_wasm,2496,210927,208940,419868,42256
native_to_wasm,2497,210125,209632,419758,42256
native_to_wasm,2498,210235,209038,419274,42256
native_to_wasm,2499,212507,208938,421446,42256
native_to_wasm,2500,210241,209814,420056,42256
native_to_wasm,2501,210239,208946,419186,42256
native_to_wasm,2502,210131,209606,419738,42256
native_to_wasm,2503,210219,208862,419082,42256
native_to_wasm,2504,210911,208922,419834,42256
native_to_wasm,2505,210121,209636,419758,42256
native_to_wasm,2506,210241,208940,419182,42256
native_to_wasm,2507,212389,208914,421304,42256
native_to_wasm,2508,210221,210120,420342,42256
native_to_wasm,2509,210237,208942,419180,42256
native_to_wasm,2510,210133,209612,419746,42256
native_to_wasm,2511,210247,208864,419112,42256
native_to_wasm,2512,210933,208946,419880,42256
native_to_wasm,2513,210517,209612,420130,42256
native_to_wasm,2514,210245,208914,419160,42256
native_to_wasm,2515,212037,208938,420976,42256
native_to_wasm,2516,210249,209308,419558,42256
native_to_wasm,2517,210221,208924,419146,42256
native_to_wasm,2518,210131,209626,419758,42256
native_to_wasm,2519,210239,208862,419102,42256
native_to_wasm,2520,210937,208944,419882,42256
native_to_wasm,2521,210465,209632,420098,42256
native_to_wasm,2522,210221,208932,419154,42256
native_to_wasm,2523,211141,208932,420074,42256
native_to_wasm,2524,210241,210065,420307,42256
native_to_wasm,2525,210236,208944,419181,42256
native_to_wasm,2526,210133,209606,419740,42256
native_to_wasm,2527,210249,208852,419102,42256
native_to_wasm,2528,210913,208920,419834,42256
native_to_wasm,2529,210897,209614,420512,42256
native_to_wasm,2530,210247,208940,419188,42256
native_to_wasm,2531,211141,208934,420076,42256
native_to_wasm,2532,210241,208862,419104,42256
native_to_wasm,2533,211531,208940,420472,42256
native_to_wasm,2534,210125,209632,419758,42256
native_to_wasm,2535,210239,208862,419102,42256
native_to_wasm,2536,210933,208938,419872,42256
native_to_wasm,2537,211333,209606,420940,42256
native_to_wasm,2538,210217,208934,419152,42256
native_to_wasm,2539,211135,208934,420070,42256
native_to_wasm,2540,210241,208862,419104,42256
native_to_wasm,2541,211371,208944,420316,42256
native_to_wasm,2542,210113,209636,419750,42256
native_to_wasm,2543,210241,208864,419106,42256
native_to_wasm,2544,210959,208940,419900,42256
native_to_wasm,2545,210549,209696,420246,42256
native_to_wasm,2546,210247,208950,419198,42256
native_to_wasm,2547,211403,208940,420344,42256
native_to_wasm,2548,210243,208862,419106,42256
native_to_wasm,2549,210937,208938,419876,42256
native_to_wasm,2550,210137,209636,419774,42256
native_to_wasm,2551,210241,208848,419090,42256
native_to_wasm,2552,210913,208934,419848,42256
native_to_wasm,2553,210241,210612,420854,42256
native_to_wasm,2554,210237,208950,419188,42256
native_to_wasm,2555,211133,208932,420066,42256
native_to_wasm,2556,210245,208850,419096,42256
native_to_wasm,2557,210911,208922,419834,42256
native_to_wasm,2558,210121,209636,419758,42256
native_to_wasm,2559,210241,209266,419508,42256
native_to_wasm,2560,210111,208948,419060,42256
native_to_wasm,2561,210131,209606,419738,42256
native_to_wasm,2562,210219,208876,419096,42256
native_to_wasm,2563,210929,208944,419874,42256
native_to_wasm,2564,211329,209606,420936,42256
native_to_wasm,2565,210219,208918,419138,42256
native_to_wasm,2566,211159,208946,420106,42256
native_to_wasm,2567,210241,208864,419106,42256
native_to_wasm,2568,211485,208938,420424,42256
native_to_wasm,2569,210123,209638,419762,42256
native_to_wasm,2570,210221,208830,419052,42256
native_to_wasm,2571,210933,208938,419872,42256
native_to_wasm,2572,211333,209606,420940,42256
native_to_wasm,2573,210217,208934,419152,42256
native_to_wasm,2574,211135,208934,420070,42256
native_to_wasm,2575,210241,208862,419104,42256
native_to_wasm,2576,211371,208944,420316,42256
native_to_wasm,2577,210113,209636,419750,42256
native_to_wasm,2578,210241,208864,419106,42256
native_to_wasm,2579,210959,208940,419900,42256
native_to_wasm,2580,210549,209696,420246,42256
native_to_wasm,2581,210247,208950,419198,42256
native_to_wasm,2582,211403,208940,420344,42256
native_to_wasm,2583,210243,208862,419106,42256
native_to_wasm,2584,210937,208938,419876,42256
native_to_wasm,2585,210137,209636,419774,42256
native_to_wasm,2586,210241,208848,419090,42256
native_to_wasm,2587,210913,208934,419848,42256
native_to_wasm,2588,210241,210612,420854,42256
native_to_wasm,2589,210237,208950,419188,42256
native_to_wasm,2590,211133,208932,420066,42256
native_to_wasm,2591,210245,208850,419096,42256
native_to_wasm,2592,210911,208922,419834,42256
native_to_wasm,2593,210121,209636,419758,42256
native_to_wasm,2594,210241,209266,419508,42256
native_to_wasm,2595,210937,208916,419854,42256
native_to_wasm,2596,210219,210744,420964,42256
native_to_wasm,2597,210225,208918,419144,42256
native_to_wasm,2598,210663,208936,419600,42256
native_to_wasm,2599,210245,208850,419096,42256
native_to_wasm,2600,210911,208944,419856,42256
native_to_wasm,2601,210121,209636,419758,42256
native_to_wasm,2602,210241,209180,419422,42256
native_to_wasm,2603,210939,208938,419878,42256
native_to_wasm,2604,210249,209840,420090,42256
native_to_wasm,2605,210251,208940,419192,42256
native_to_wasm,2606,211377,208916,420294,42256
native_to_wasm,2607,210219,208818,419038,42256
native_to_wasm,2608,210947,208938,419886,42256
native_to_wasm,2609,210133,209606,419740,42256
native_to_wasm,2610,210253,209918,420172,42256
native_to_wasm,2611,210937,208944,419882,42256
native_to_wasm,2612,210235,209842,420078,42256
native_to_wasm,2613,210217,208932,419150,42256
native_to_wasm,2614,210133,209952,420086,42256
native_to_wasm,2615,210217,208856,419074,42256
native_to_wasm,2616,210929,208940,419870,42256
native_to_wasm,2617,210125,209632,419758,42256
native_to_wasm,2618,210233,210032,420266,42256
native_to_wasm,2619,210941,208946,419888,42256
native_to_wasm,2620,210237,209836,420074,42256
native_to_wasm,2621,210235,208948,419184,42256
native_to_wasm,2622,210129,209996,420126,42256
native_to_wasm,2623,210217,208858,419076,42256
native_to_wasm,2624,210927,208940,419868,42256
native_to_wasm,2625,210125,209632,419758,42256
native_to_wasm,2626,210235,209038,419274,42256
native_to_wasm,2627,212507,208938,421446,42256
native_to_wasm,2628,210241,209814,420056,42256
native_to_wasm,2629,210239,208946,419186,42256
native_to_wasm,2630,210131,209606,419738,42256
native_to_wasm,2631,210219,208862,419082,42256
native_to_wasm,2632,210911,208922,419834,42256
native_to_wasm,2633,210121,209636,419758,42256
native_to_wasm,2634,210241,208940,419182,42256
native_to_wasm,2635,212389,208914,421304,42256
native_to_wasm,2636,210221,210120,420342,42256
native_to_wasm,2637,210237,208942,419180,42256
native_to_wasm,2638,210133,209612,419746,42256
native_to_wasm,2639,210247,208864,419112,42256
native_to_wasm,2640,210933,208946,419880,42256
native_to_wasm,2641,210517,209612,420130,42256
native_to_wasm,2642,210245,208914,419160,42256
native_to_wasm,2643,212037,208938,420976,42256
native_to_wasm,2644,210249,209308,419558,42256
native_to_wasm,2645,210221,208924,419146,42256
native_to_wasm,2646,210131,209626,419758,42256
native_to_wasm,2647,210239,208862,419102,42256
native_to_wasm,2648,210937,208944,419882,42256
native_to_wasm,2649,210465,209632,420098,42256
native_to_wasm,2650,210221,208932,419154,42256
native_to_wasm,2651,211141,208932,420074,42256
native_to_wasm,2652,210241,210065,420307,42256
native_to_wasm,2653,210236,208944,419181,42256
native_to_wasm,2654,210133,209606,419740,42256
native_to_wasm,2655,210249,208852,419102,42256
native_to_wasm,2656,210913,208920,419834,42256
native_to_wasm,2657,210897,209614,420512,42256
native_to_wasm,2658,210247,208940,419188,42256
native_to_wasm,2659,211141,208934,420076,42256
native_to_wasm,2660,210241,208862,419104,42256
native_to_wasm,2661,211531,208940,420472,42256
native_to_wasm,2662,210125,209632,419758,42256
native_to_wasm,2663,210239,208862,419102,42256
native_to_wasm,2664,210933,208938,419872,42256
native_to_wasm,2665,211333,209606,420940,42256
native_to_wasm,2666,210217,208934,419152,42256
native_to_wasm,2667,211135,208934,420070,42256
native_to_wasm,2668,210241,208862,419104,42256
native_to_wasm,2669,211371,208944,420316,42256
native_to_wasm,2670,210113,209636,419750,42256
native_to_wasm,2671,210241,208864,419106,42256
native_to_wasm,2672,210959,208940,419900,42256
native_to_wasm,2673,210549,209696,420246,42256
native_to_wasm,2674,210247,208950,419198,42256
native_to_wasm,2675,211403,208940,420344,42256
native_to_wasm,2676,210243,208862,419106,42256
native_to_wasm,2677,210937,208938,419876,42256
native_to_wasm,2678,210137,209636,419774,42256
native_to_wasm,2679,210241,208848,419090,42256
native_to_wasm,2680,210913,208934,419848,42256
native_to_wasm,2681,210241,210612,420854,42256
native_to_wasm,2682,210237,208950,419188,42256
native_to_wasm,2683,211133,208932,420066,42256
native_to_wasm,2684,210245,208850,419096,42256
native_to_wasm,2685,210911,208922,419834,42256
native_to_wasm,2686,210121,209636,419758,42256
native_to_wasm,2687,210241,209266,419508,42256
native_to_wasm,2688,210111,208948,419060,42256
native_to_wasm,2689,210131,209606,419738,42256
native_to_wasm,2690,210219,208876,419096,42256
native_to_wasm,2691,210929,208944,419874,42256
native_to_wasm,2692,211329,209606,420936,42256
native_to_wasm,2693,210219,208918,419138,42256
native_to_wasm,2694,211159,208946,420106,42256
native_to_wasm,2695,210241,208864,419106,42256
native_to_wasm,2696,211485,208938,420424,42256
native_to_wasm,2697,210123,209638,419762,42256
native_to_wasm,2698,210221,208830,419052,42256
native_to_wasm,2699,210933,208938,419872,42256
native_to_wasm,2700,211333,209606,420940,42256
native_to_wasm,2701,210217,208934,419152,42256
native_to_wasm,2702,211135,208934,420070,42256
native_to_wasm,2703,210241,208862,419104,42256
native_to_wasm,2704,211371,208944,420316,42256
native_to_wasm,2705,210113,209636,419750,42256
native_to_wasm,2706,210241,208864,419106,42256
native_to_wasm,2707,210959,208940,419900,42256
native_to_wasm,2708,210549,209696,420246,42256
native_to_wasm,2709,210247,208950,419198,42256
native_to_wasm,2710,211403,208940,420344,42256
native_to_wasm,2711,210243,208862,419106,42256
native_to_wasm,2712,210937,208938,419876,42256
native_to_wasm,2713,210137,209636,419774,42256
native_to_wasm,2714,210241,208848,419090,42256
native_to_wasm,2715,210913,208934,419848,42256
native_to_wasm,2716,210241,210612,420854,42256
native_to_wasm,2717,210237,208950,419188,42256
native_to_wasm,2718,211133,208932,420066,42256
native_to_wasm,2719,210245,208850,419096,42256
native_to_wasm,2720,210911,208922,419834,42256
native_to_wasm,2721,210121,209636,419758,42256
native_to_wasm,2722,210241,209266,419508,42256
native_to_wasm,2723,210937,208916,419854,42256
native_to_wasm,2724,210219,210744,420964,42256
native_to_wasm,2725,210225,208918,419144,42256
native_to_wasm,2726,210663,208936,419600,42256
native_to_wasm,2727,210245,208850,419096,42256
native_to_wasm,2728,210911,208944,419856,42256
native_to_wasm,2729,210121,209636,419758,42256
native_to_wasm,2730,210241,209180,419422,42256
native_to_wasm,2731,210939,208938,419878,42256
native_to_wasm,2732,210249,209840,420090,42256
native_to_wasm,2733,210251,208940,419192,42256
native_to_wasm,2734,211377,208916,420294,42256
native_to_wasm,2735,210219,208818,419038,42256
native_to_wasm,2736,210947,208938,419886,42256
native_to_wasm,2737,210133,209606,419740,42256
native_to_wasm,2738,210253,209918,420172,42256
native_to_wasm,2739,210937,208944,419882,42256
native_to_wasm,2740,210235,209842,420078,42256
native_to_wasm,2741,210217,208932,419150,42256
native_to_wasm,2742,210133,209952,420086,42256
native_to_wasm,2743,210217,208856,419074,42256
native_to_wasm,2744,210929,208940,419870,42256
native_to_wasm,2745,210125,209632,419758,42256
native_to_wasm,2746,210233,210032,420266,42256
native_to_wasm,2747,210941,208946,419888,42256
native_to_wasm,2748,210237,209836,420074,42256
native_to_wasm,2749,210235,208948,419184,42256
native_to_wasm,2750,210129,209996,420126,42256
native_to_wasm,2751,210217,208858,419076,42256
native_to_wasm,2752,210927,208940,419868,42256
native_to_wasm,2753,210125,209632,419758,42256
native_to_wasm,2754,210235,209038,419274,42256
native_to_wasm,2755,212507,208938,421446,42256
native_to_wasm,2756,210241,209814,420056,42256
native_to_wasm,2757,210239,208946,419186,42256
native_to_wasm,2758,210131,209606,419738,42256
native_to_wasm,2759,210219,208862,419082,42256
native_to_wasm,2760,210911,208922,419834,42256
native_to_wasm,2761,210121,209636,419758,42256
native_to_wasm,2762,210241,208940,419182,42256
native_to_wasm,2763,212389,208914,421304,42256
native_to_wasm,2764,210221,210120,420342,42256
native_to_wasm,2765,210237,208942,419180,42256
native_to_wasm,2766,210133,209612,419746,42256
native_to_wasm,2767,210247,208864,419112,42256
native_to_wasm,2768,210933,208946,419880,42256
native_to_wasm,2769,210517,209612,420130,42256
native_to_wasm,2770,210245,208914,419160,42256
native_to_wasm,2771,212037,208938,420976,42256
native_to_wasm,2772,210249,209308,419558,42256
native_to_wasm,2773,210221,208924,419146,42256
native_to_wasm,2774,210131,209626,419758,42256
native_to_wasm,2775,210239,208862,419102,42256
native_to_wasm,2776,210937,208944,419882,42256
native_to_wasm,2777,210465,209632,420098,42256
native_to_wasm,2778,210221,208932,419154,42256
native_to_wasm,2779,211141,208932,420074,42256
native_to_wasm,2780,210241,210065,420307,42256
native_to_wasm,2781,210236,208944,419181,42256
native_to_wasm,2782,210133,209606,419740,42256
native_to_wasm,2783,210249,208852,419102,42256
native_to_wasm,2784,210913,208920,419834,42256
native_to_wasm,2785,210897,209614,420512,42256
native_to_wasm,2786,210247,208940,419188,42256
native_to_wasm,2787,211141,208934,420076,42256
native_to_wasm,2788,210241,208862,419104,42256
native_to_wasm,2789,211531,208940,420472,42256
native_to_wasm,2790,210125,209632,419758,42256
native_to_wasm,2791,210239,208862,419102,42256
native_to_wasm,2792,210933,208938,419872,42256
native_to_wasm,2793,211333,209606,420940,42256
native_to_wasm,2794,210217,208934,419152,42256
native_to_wasm,2795,211135,208934,420070,42256
native_to_wasm,2796,210241,208862,419104,42256
native_to_wasm,2797,211371,208944,420316,42256
native_to_wasm,2798,210113,209636,419750,42256
native_to_wasm,2799,210241,208864,419106,42256
native_to_wasm,2800,210959,208940,419900,42256
native_to_wasm,2801,210549,209696,420246,42256
native_to_wasm,2802,210247,208950,419198,42256
native_to_wasm,2803,211403,208940,420344,42256
native_to_wasm,2804,210243,208862,419106,42256
native_to_wasm,2805,210937,208938,419876,42256
native_to_wasm,2806,210137,209636,419774,42256
native_to_wasm,2807,210241,208848,419090,42256
native_to_wasm,2808,210913,208934,419848,42256
native_to_wasm,2809,210241,210612,420854,42256
native_to_wasm,2810,210237,208950,419188,42256
native_to_wasm,2811,211133,208932,420066,42256
native_to_wasm,2812,210245,208850,419096,42256
native_to_wasm,2813,210911,208922,419834,42256
native_to_wasm,2814,210121,209636,419758,42256
native_to_wasm,2815,210241,209266,419508,42256
native_to_wasm,2816,210111,208948,419060,42256
native_to_wasm,2817,210131,209606,419738,42256
native_to_wasm,2818,210219,208876,419096,42256
native_to_wasm,2819,210929,208944,419874,42256
native_to_wasm,2820,211329,209606,420936,42256
native_to_wasm,2821,210219,208918,419138,42256
native_to_wasm,2822,211159,208946,420106,42256
native_to_wasm,2823,210241,208864,419106,42256
native_to_wasm,2824,211485,208938,420424,42256
native_to_wasm,2825,210123,209638,419762,42256
native_to_wasm,2826,210221,208830,419052,42256
native_to_wasm,2827,210933,208938,419872,42256
native_to_wasm,2828,211333,209606,420940,42256
native_to_wasm,2829,210217,208934,419152,42256
native_to_wasm,2830,211135,208934,420070,42256
native_to_wasm,2831,210241,208862,419104,42256
native_to_wasm,2832,211371,208944,420316,42256
native_to_wasm,2833,210113,209636,419750,42256
native_to_wasm,2834,210241,208864,419106,42256
native_to_wasm,2835,210959,208940,419900,42256
native_to_wasm,2836,210549,209696,420246,42256
native_to_wasm,2837,210247,208950,419198,42256
native_to_wasm,2838,211403,208940,420344,42256
native_to_wasm,2839,210243,208862,419106,42256
native_to_wasm,2840,210937,208938,419876,42256
native_to_wasm,2841,210137,209636,419774,42256
native_to_wasm,2842,210241,208848,419090,42256
native_to_wasm,2843,210913,208934,419848,42256
native_to_wasm,2844,210241,210612,420854,42256
native_to_wasm,2845,210237,208950,419188,42256
native_to_wasm,2846,211133,208932,420066,42256
native_to_wasm,2847,210245,208850,419096,42256
native_to_wasm,2848,210911,208922,419834,42256
native_to_wasm,2849,210121,209636,419758,42256
native_to_wasm,2850,210241,209266,419508,42256
native_to_wasm,2851,210937,208916,419854,42256
native_to_wasm,2852,210219,210744,420964,42256
native_to_wasm,2853,210225,208918,419144,42256
native_to_wasm,2854,210663,208936,419600,42256
native_to_wasm,2855,210245,208850,419096,42256
native_to_wasm,2856,210911,208944,419856,42256
native_to_wasm,2857,210121,209636,419758,42256
native_to_wasm,2858,210241,209180,419422,42256
native_to_wasm,2859,210939,208938,419878,42256
native_to_wasm,2860,210249,209840,420090,42256
native_to_wasm,2861,210251,208940,419192,42256
native_to_wasm,2862,211377,208916,420294,42256
native_to_wasm,2863,210219,208818,419038,42256
native_to_wasm,2864,210947,208938,419886,42256
native_to_wasm,2865,210133,209606,419740,42256
native_to_wasm,2866,210253,209918,420172,42256
native_to_wasm,2867,210937,208944,419882,42256
native_to_wasm,2868,210235,209842,420078,42256
native_to_wasm,2869,210217,208932,419150,42256
native_to_wasm,2870,210133,209952,420086,42256
native_to_wasm,2871,210217,208856,419074,42256
native_to_wasm,2872,210929,208940,419870,42256
native_to_wasm,2873,210125,209632,419758,42256
native_to_wasm,2874,210233,210032,420266,42256
native_to_wasm,2875,210941,208946,419888,42256
native_to_wasm,2876,210237,209836,420074,42256
native_to_wasm,2877,210235,208948,419184,42256
native_to_wasm,2878,210129,209996,420126,42256
native_to_wasm,2879,210217,208858,419076,42256
native_to_wasm,2880,210927,208940,419868,42256
native_to_wasm,2881,210125,209632,419758,42256
native_to_wasm,2882,210235,209038,419274,42256
native_to_wasm,2883,212507,208938,421446,42256
native_to_wasm,2884,210241,209814,420056,42256
native_to_wasm,2885,210239,208946,419186,42256
native_to_wasm,2886,210131,209606,419738,42256
native_to_wasm,2887,210219,208862,419082,42256
native_to_wasm,2888,210911,208922,419834,42256
native_to_wasm,2889,210121,209636,419758,42256
native_to_wasm,2890,210241,208940,419182,42256
native_to_wasm,2891,212389,208914,421304,42256
native_to_wasm,2892,210221,210120,420342,42256
native_to_wasm,2893,210237,208942,419180,42256
native_to_wasm,2894,210133,209612,419746,42256
native_to_wasm,2895,210247,208864,419112,42256
native_to_wasm,2896,210933,208946,419880,42256
native_to_wasm,2897,210517,209612,420130,42256
native_to_wasm,2898,210245,208914,419160,42256
native_to_wasm,2899,212037,208938,420976,42256
native_to_wasm,2900,210249,209308,419558,42256
native_to_wasm,2901,210221,208924,419146,42256
native_to_wasm,2902,210131,209626,419758,42256
native_to_wasm,2903,210239,208862,419102,42256
native_to_wasm,2904,210937,208944,419882,42256
native_to_wasm,2905,210465,209632,420098,42256
native_to_wasm,2906,210221,208932,419154,42256
native_to_wasm,2907,211141,208932,420074,42256
native_to_wasm,2908,210241,210065,420307,42256
native_to_wasm,2909,210236,208944,419181,42256
native_to_wasm,2910,210133,209606,419740,42256
native_to_wasm,2911,210249,208852,419102,42256
native_to_wasm,2912,210913,208920,419834,42256
native_to_wasm,2913,210897,209614,420512,42256
native_to_wasm,2914,210247,208940,419188,42256
native_to_wasm,2915,211141,208934,420076,42256
native_to_wasm,2916,210241,208862,419104,42256
native_to_wasm,2917,211531,208940,420472,42256
native_to_wasm,2918,210125,209632,419758,42256
native_to_wasm,2919,210239,208862,419102,42256
native_to_wasm,2920,210933,208938,419872,42256
native_to_wasm,2921,211333,209606,420940,42256
native_to_wasm,2922,210217,208934,419152,42256
native_to_wasm,2923,211135,208934,420070,42256
native_to_wasm,2924,210241,208862,419104,42256
native_to_wasm,2925,211371,208944,420316,42256
native_to_wasm,2926,210113,209636,419750,42256
native_to_wasm,2927,210241,208864,419106,42256
native_to_wasm,2928,210959,208940,419900,42256
native_to_wasm,2929,210549,209696,420246,42256
native_to_wasm,2930,210247,208950,419198,42256
native_to_wasm,2931,211403,208940,420344,42256
native_to_wasm,2932,210243,208862,419106,42256
native_to_wasm,2933,210937,208938,419876,42256
native_to_wasm,2934,210137,209636,419774,42256
native_to_wasm,2935,210241,208848,419090,42256
native_to_wasm,2936,210913,208934,419848,42256
native_to_wasm,2937,210241,210612,420854,42256
native_to_wasm,2938,210237,208950,419188,42256
native_to_wasm,2939,211133,208932,420066,42256
native_to_wasm,2940,210245,208850,419096,42256
native_to_wasm,2941,210911,208922,419834,42256
native_to_wasm,2942,210121,209636,419758,42256
native_to_wasm,2943,210241,209266,419508,42256
native_to_wasm,2944,210111,208948,419060,42256
native_to_wasm,2945,210131,209606,419738,42256
native_to_wasm,2946,210219,208876,419096,42256
native_to_wasm,2947,210929,208944,419874,42256
native_to_wasm,2948,211329,209606,420936,42256
native_to_wasm,2949,210219,208918,419138,42256
native_to_wasm,2950,211159,208946,420106,42256
native_to_wasm,2951,210241,208864,419106,42256
native_to_wasm,2952,211485,208938,420424,42256
native_to_wasm,2953,210123,209638,419762,42256
native_to_wasm,2954,210221,208830,419052,42256
native_to_wasm,2955,210933,208938,419872,42256
native_to_wasm,2956,211333,209606,420940,42256
native_to_wasm,2957,210217,208934,419152,42256
native_to_wasm,2958,211135,208934,420070,42256
native_to_wasm,2959,210241,208862,419104,42256
native_to_wasm,2960,211371,208944,420316,42256
native_to_wasm,2961,210113,209636,419750,42256
native_to_wasm,2962,210241,208864,419106,42256
native_to_wasm,2963,210959,208940,419900,42256
native_to_wasm,2964,210549,209696,420246,42256
native_to_wasm,2965,210247,208950,419198,42256
native_to_wasm,2966,211403,208940,420344,42256
native_to_wasm,2967,210243,208862,419106,42256
native_to_wasm,2968,210937,208938,419876,42256
native_to_wasm,2969,210137,209636,419774,42256
native_to_wasm,2970,210241,208848,419090,42256
native_to_wasm,2971,210913,208934,419848,42256
native_to_wasm,2972,210241,210612,420854,42256
native_to_wasm,2973,210237,208950,419188,42256
native_to_wasm,2974,211133,208932,420066,42256
native_to_wasm,2975,210245,208850,419096,42256
native_to_wasm,2976,210911,208922,419834,42256
native_to_wasm,2977,210121,209636,419758,42256
native_to_wasm,2978,210241,209266,419508,42256
native_to_wasm,2979,210937,208916,419854,42256
native_to_wasm,2980,210219,210744,420964,42256
native_to_wasm,2981,210225,208918,419144,42256
native_to_wasm,2982,210663,208936,419600,42256
native_to_wasm,2983,210245,208850,419096,42256
native_to_wasm,2984,210911,208944,419856,42256
native_to_wasm,2985,210121,209636,419758,42256
native_to_wasm,2986,210241,209180,419422,42256
native_to_wasm,2987,210939,208938,419878,42256
native_to_wasm,2988,210249,209840,420090,42256
native_to_wasm,2989,210251,208940,419192,42256
native_to_wasm,2990,211377,208916,420294,42256
native_to_wasm,2991,210219,208818,419038,42256
native_to_wasm,2992,210947,208938,419886,42256
native_to_wasm,2993,210133,209606,419740,42256
native_to_wasm,2994,210253,209918,420172,42256
native_to_wasm,2995,210937,208944,419882,42256
native_to_wasm,2996,210235,209842,420078,42256
native_to_wasm,2997,210217,208932,419150,42256
native_to_wasm,2998,210133,209952,420086,42256
native_to_wasm,2999,210217,208856,419074,42256
native_to_wasm,3000,210929,208940,419870,42256
native_to_wasm,3001,210125,209632,419758,42256
native_to_wasm,3002,210233,210032,420266,42256
native_to_wasm,3003,210941,208946,419888,42256
native_to_wasm,3004,210237,209836,420074,42256
native_to_wasm,3005,210235,208948,419184,42256
native_to_wasm,3006,210129,209996,420126,42256
native_to_wasm,3007,210217,208858,419076,42256
native_to_wasm,3008,210927,208940,419868,42256
native_to_wasm,3009,210125,209632,419758,42256
native_to_wasm,3010,210235,209038,419274,42256
native_to_wasm,3011,212507,208938,421446,42256
native_to_wasm,3012,210241,209814,420056,42256
native_to_wasm,3013,210239,208946,419186,42256
native_to_wasm,3014,210131,209606,419738,42256
native_to_wasm,3015,210219,208862,419082,42256
native_to_wasm,3016,210911,208922,419834,42256
native_to_wasm,3017,210121,209636,419758,42256
native_to_wasm,3018,210241,208940,419182,42256
native_to_wasm,3019,212389,208914,421304,42256
native_to_wasm,3020,210221,210120,420342,42256
native_to_wasm,3021,210237,208942,419180,42256
native_to_wasm,3022,210133,209612,419746,42256
native_to_wasm,3023,210247,208864,419112,42256
native_to_wasm,3024,210933,208946,419880,42256
native_to_wasm,3025,210517,209612,420130,42256
native_to_wasm,3026,210245,208914,419160,42256
native_to_wasm,3027,212037,208938,420976,42256
native_to_wasm,3028,210249,209308,419558,42256
native_to_wasm,3029,210221,208924,419146,42256
native_to_wasm,3030,210131,209626,419758,42256
native_to_wasm,3031,210239,208862,419102,42256
native_to_wasm,3032,210937,208944,419882,42256
native_to_wasm,3033,210465,209632,420098,42256
native_to_wasm,3034,210221,208932,419154,42256
native_to_wasm,3035,211141,208932,420074,42256
native_to_wasm,3036,210241,210065,420307,42256
native_to_wasm,3037,210236,208944,419181,42256
native_to_wasm,3038,210133,209606,419740,42256
native_to_wasm,3039,210249,208852,419102,42256
native_to_wasm,3040,210913,208920,419834,42256
native_to_wasm,3041,210897,209614,420512,42256
native_to_wasm,3042,210247,208940,419188,42256
native_to_wasm,3043,211141,208934,420076,42256
native_to_wasm,3044,210241,208862,419104,42256
native_to_wasm,3045,211531,208940,420472,42256
native_to_wasm,3046,210125,209632,419758,42256
native_to_wasm,3047,210239,208862,419102,42256
native_to_wasm,3048,210933,208938,419872,42256
native_to_wasm,3049,211333,209606,420940,42256
native_to_wasm,3050,210217,208934,419152,42256
native_to_wasm,3051,211135,208934,420070,42256
native_to_wasm,3052,210241,208862,419104,42256
native_to_wasm,3053,211371,208944,420316,42256
native_to_wasm,3054,210113,209636,419750,42256
native_to_wasm,3055,210241,208864,419106,42256
native_to_wasm,3056,210959,208940,419900,42256
native_to_wasm,3057,210549,209696,420246,42256
native_to_wasm,3058,210247,208950,419198,42256
native_to_wasm,3059,211403,208940,420344,42256
native_to_wasm,3060,210243,208862,419106,42256
native_to_wasm,3061,210937,208938,419876,42256
native_to_wasm,3062,210137,209636,419774,42256
native_to_wasm,3063,210241,208848,419090,42256
native_to_wasm,3064,210913,208934,419848,42256
native_to_wasm,3065,210241,210612,420854,42256
native_to_wasm,3066,210237,208950,419188,42256
native_to_wasm,3067,211133,208932,420066,42256
native_to_wasm,3068,210245,208850,419096,42256
native_to_wasm,3069,210911,208922,419834,42256
native_to_wasm,3070,210121,209636,419758,42256
native_to_wasm,3071,210241,209266,419508,42256
native_to_wasm,3072,210111,208948,419060,42256
native_to_wasm,3073,210131,209606,419738,42256
native_to_wasm,3074,210219,208876,419096,42256
native_to_wasm,3075,210929,208944,419874,42256
native_to_wasm,3076,211329,209606,420936,42256
native_to_wasm,3077,210219,208918,419138,42256
native_to_wasm,3078,211159,208946,420106,42256
native_to_wasm,3079,210241,208864,419106,42256
native_to_wasm,3080,211485,208938,420424,42256
native_to_wasm,3081,210123,209638,419762,42256
native_to_wasm,3082,210221,208830,419052,42256
native_to_wasm,3083,210933,208938,419872,42256
native_to_wasm,3084,211333,209606,420940,42256
native_to_wasm,3085,210217,208934,419152,42256
native_to_wasm,3086,211135,208934,420070,42256
native_to_wasm,3087,210241,208862,419104,42256
native_to_wasm,3088,211371,208944,420316,42256
native_to_wasm,3089,210113,209636,419750,42256
native_to_wasm,3090,210241,208864,419106,42256
native_to_wasm,3091,210959,208940,419900,42256
native_to_wasm,3092,210549,209696,420246,42256
native_to_wasm,3093,210247,208950,419198,42256
native_to_wasm,3094,211403,208940,420344,42256
native_to_wasm,3095,210243,208862,419106,42256
native_to_wasm,3096,210937,208938,419876,42256
native_to_wasm,3097,210137,209636,419774,42256
native_to_wasm,3098,210241,208848,419090,42256
native_to_wasm,3099,210913,208934,419848,42256
native_to_wasm,3100,210241,210612,420854,42256
native_to_wasm,3101,210237,208950,419188,42256
native_to_wasm,3102,211133,208932,420066,42256
native_to_wasm,3103,210245,208850,419096,42256
native_to_wasm,3104,210911,208922,419834,42256
native_to_wasm,3105,210121,209636,419758,42256
native_to_wasm,3106,210241,209266,419508,42256
native_to_wasm,3107,210937,208916,419854,42256
native_to_wasm,3108,210219,210744,420964,42256
native_to_wasm,3109,210225,208918,419144,42256
native_to_wasm,3110,210663,208936,419600,42256
native_to_wasm,3111,210245,208850,419096,42256
native_to_wasm,3112,210911,208944,419856,42256
native_to_wasm,3113,210121,209636,419758,42256
native_to_wasm,3114,210241,209180,419422,42256
native_to_wasm,3115,210939,208938,419878,42256
native_to_wasm,3116,210249,209840,420090,42256
native_to_wasm,3117,210251,208940,419192,42256
native_to_wasm,3118,211377,208916,420294,42256
native_to_wasm,3119,210219,208818,419038,42256
native_to_wasm,3120,210947,208938,419886,42256
native_to_wasm,3121,210133,209606,419740,42256
native_to_wasm,3122,210253,209918,420172,42256
native_to_wasm,3123,210937,208944,419882,42256
native_to_wasm,3124,210235,209842,420078,42256
native_to_wasm,3125,210217,208932,419150,42256
native_to_wasm,3126,210133,209952,420086,42256
native_to_wasm,3127,210217,208856,419074,42256
native_to_wasm,3128,210929,208940,419870,42256
native_to_wasm,3129,210125,209632,419758,42256
native_to_wasm,3130,210233,210032,420266,42256
native_to_wasm,3131,210941,208946,419888,42256
native_to_wasm,3132,210237,209836,420074,42256
native_to_wasm,3133,210235,208948,419184,42256
native_to_wasm,3134,210129,209996,420126,42256
native_to_wasm,3135,210217,208858,419076,42256
native_to_wasm,3136,210927,208940,419868,42256
native_to_wasm,3137,210125,209632,419758,42256
native_to_wasm,3138,210235,209038,419274,42256
native_to_wasm,3139,212507,208938,421446,42256
native_to_wasm,3140,210241,209814,420056,42256
native_to_wasm,3141,210239,208946,419186,42256
native_to_wasm,3142,210131,209606,419738,42256
native_to_wasm,3143,210219,208862,419082,42256
native_to_wasm,3144,210911,208922,419834,42256
native_to_wasm,3145,210121,209636,419758,42256
native_to_wasm,3146,210241,208940,419182,42256
native_to_wasm,3147,212389,208914,421304,42256
native_to_wasm,3148,210221,210120,420342,42256
native_to_wasm,3149,210237,208942,419180,42256
native_to_wasm,3150,210133,209612,419746,42256
native_to_wasm,3151,210247,208864,419112,42256
native_to_wasm,3152,210933,208946,419880,42256
native_to_wasm,3153,210517,209612,420130,42256
native_to_wasm,3154,210245,208914,419160,42256
native_to_wasm,3155,212037,208938,420976,42256
native_to_wasm,3156,210249,209308,419558,42256
native_to_wasm,3157,210221,208924,419146,42256
native_to_wasm,3158,210131,209626,419758,42256
native_to_wasm,3159,210239,208862,419102,42256
native_to_wasm,3160,210937,208944,419882,42256
native_to_wasm,3161,210465,209632,420098,42256
native_to_wasm,3162,210221,208932,419154,42256
native_to_wasm,3163,211141,208932,420074,42256
native_to_wasm,3164,210241,210065,420307,42256
native_to_wasm,3165,210236,208944,419181,42256
native_to_wasm,3166,210133,209606,419740,42256
native_to_wasm,3167,210249,208852,419102,42256
native_to_wasm,3168,210913,208920,419834,42256
native_to_wasm,3169,210897,209614,420512,42256
native_to_wasm,3170,210247,208940,419188,42256
native_to_wasm,3171,211141,208934,420076,42256
native_to_wasm,3172,210241,208862,419104,42256
native_to_wasm,3173,211531,208940,420472,42256
native_to_wasm,3174,210125,209632,419758,42256
native_to_wasm,3175,210239,208862,419102,42256
native_to_wasm,3176,210933,208938,419872,42256
native_to_wasm,3177,211333,209606,420940,42256
native_to_wasm,3178,210217,208934,419152,42256
native_to_wasm,3179,211135,208934,420070,42256
native_to_wasm,3180,210241,208862,419104,42256
native_to_wasm,3181,211371,208944,420316,42256
native_to_wasm,3182,210113,209636,419750,42256
native_to_wasm,3183,210241,208864,419106,42256
native_to_wasm,3184,210959,208940,419900,42256
native_to_wasm,3185,210549,209696,420246,42256
native_to_wasm,3186,210247,208950,419198,42256
native_to_wasm,3187,211403,208940,420344,42256
native_to_wasm,3188,210243,208862,419106,42256
native_to_wasm,3189,210937,208938,419876,42256
native_to_wasm,3190,210137,209636,419774,42256
native_to_wasm,3191,210241,208848,419090,42256
native_to_wasm,3192,210913,208934,419848,42256
native_to_wasm,3193,210241,210612,420854,42256
native_to_wasm,3194,210237,208950,419188,42256
native_to_wasm,3195,211133,208932,420066,42256
native_to_wasm,3196,210245,208850,419096,42256
native_to_wasm,3197,210911,208922,419834,42256
native_to_wasm,3198,210121,209636,419758,42256
native_to_wasm,3199,210241,209266,419508,42256
native_to_wasm,3200,210111,208948,419060,42256
native_to_wasm,3201,210131,209606,419738,42256
native_to_wasm,3202,210219,208876,419096,42256
native_to_wasm,3203,210929,208944,419874,42256
native_to_wasm,3204,211329,209606,420936,42256
native_to_wasm,3205,210219,208918,419138,42256
native_to_wasm,3206,211159,208946,420106,42256
native_to_wasm,3207,210241,208864,419106,42256
native_to_wasm,3208,211485,208938,420424,42256
native_to_wasm,3209,210123,209638,419762,42256
native_to_wasm,3210,210221,208830,419052,42256
native_to_wasm,3211,210933,208938,419872,42256
native_to_wasm,3212,211333,209606,420940,42256
native_to_wasm,3213,210217,208934,419152,42256
native_to_wasm,3214,211135,208934,420070,42256
native_to_wasm,3215,210241,208862,419104,42256
native_to_wasm,3216,211371,208944,420316,42256
native_to_wasm,3217,210113,209636,419750,42256
native_to_wasm,3218,210241,208864,419106,42256
native_to_wasm,3219,210959,208940,419900,42256
native_to_wasm,3220,210549,209696,420246,42256
native_to_wasm,3221,210247,208950,419198,42256
native_to_wasm,3222,211403,208940,420344,42256
native_to_wasm,3223,210243,208862,419106,42256
native_to_wasm,3224,210937,208938,419876,42256
native_to_wasm,3225,210137,209636,419774,42256
native_to_wasm,3226,210241,208848,419090,42256
native_to_wasm,3227,210913,208934,419848,42256
native_to_wasm,3228,210241,210612,420854,42256
native_to_wasm,3229,210237,208950,419188,42256
native_to_wasm,3230,211133,208932,420066,42256
native_to_wasm,3231,210245,208850,419096,42256
native_to_wasm,3232,210911,208922,419834,42256
native_to_wasm,3233,210121,209636,419758,42256
native_to_wasm,3234,210241,209266,419508,42256
native_to_wasm,3235,210937,208916,419854,42256
native_to_wasm,3236,210219,210744,420964,42256
native_to_wasm,3237,210225,208918,419144,42256
native_to_wasm,3238,210663,208936,419600,42256
native_to_wasm,3239,210245,208850,419096,42256
native_to_wasm,3240,210911,208944,419856,42256
native_to_wasm,3241,210121,209636,419758,42256
native_to_wasm,3242,210241,209180,419422,42256
native_to_wasm,3243,210939,208938,419878,42256
native_to_wasm,3244,210249,209840,420090,42256
native_to_wasm,3245,210251,208940,419192,42256
native_to_wasm,3246,211377,208916,420294,42256
native_to_wasm,3247,210219,208818,419038,42256
native_to_wasm,3248,210947,208938,419886,42256
native_to_wasm,3249,210133,209606,419740,42256
native_to_wasm,3250,210253,209918,420172,42256
native_to_wasm,3251,210937,208944,419882,42256
native_to_wasm,3252,210235,209842,420078,42256
native_to_wasm,3253,210217,208932,419150,42256
native_to_wasm,3254,210133,209952,420086,42256
native_to_wasm,3255,210217,208856,419074,42256
native_to_wasm,3256,210929,208940,419870,42256
native_to_wasm,3257,210125,209632,419758,42256
native_to_wasm,3258,210233,210032,420266,42256
native_to_wasm,3259,210941,208946,419888,42256
native_to_wasm,3260,210237,209836,420074,42256
native_to_wasm,3261,210235,208948,419184,42256
native_to_wasm,3262,210129,209996,420126,42256
native_to_wasm,3263,210217,208858,419076,42256
native_to_wasm,3264,210927,208940,419868,42256
native_to_wasm,3265,210125,209632,419758,42256
native_to_wasm,3266,210235,209038,419274,42256
native_to_wasm,3267,212507,208938,421446,42256
native_to_wasm,3268,210241,209814,420056,42256
native_to_wasm,3269,210239,208946,419186,42256
native_to_wasm,3270,210131,209606,419738,42256
native_to_wasm,3271,210219,208862,419082,42256
native_to_wasm,3272,210911,208922,419834,42256
native_to_wasm,3273,210121,209636,419758,42256
native_to_wasm,3274,210241,208940,419182,42256
native_to_wasm,3275,212389,208914,421304,42256
native_to_wasm,3276,210221,210120,420342,42256
native_to_wasm,3277,210237,208942,419180,42256
native_to_wasm,3278,210133,209612,419746,42256
native_to_wasm,3279,210247,208864,419112,42256
native_to_wasm,3280,210933,208946,419880,42256
native_to_wasm,3281,210517,209612,420130,42256
native_to_wasm,3282,210245,208914,419160,42256
native_to_wasm,3283,212037,208938,420976,42256
native_to_wasm,3284,210249,209308,419558,42256
native_to_wasm,3285,210221,208924,419146,42256
native_to_wasm,3286,210131,209626,419758,42256
native_to_wasm,3287,210239,208862,419102,42256
native_to_wasm,3288,210937,208944,419882,42256
native_to_wasm,3289,210465,209632,420098,42256
native_to_wasm,3290,210221,208932,419154,42256
native_to_wasm,3291,211141,208932,420074,42256
native_to_wasm,3292,210241,210065,420307,42256
native_to_wasm,3293,210236,208944,419181,42256
native_to_wasm,3294,210133,209606,419740,42256
native_to_wasm,3295,210249,208852,419102,42256
native_to_wasm,3296,210913,208920,419834,42256
native_to_wasm,3297,210897,209614,420512,42256
native_to_wasm,3298,210247,208940,419188,42256
native_to_wasm,3299,211141,208934,420076,42256
native_to_wasm,3300,210241,208862,419104,42256
native_to_wasm,3301,211531,208940,420472,42256
native_to_wasm,3302,210125,209632,419758,42256
native_to_wasm,3303,210239,208862,419102,42256
native_to_wasm,3304,210933,208938,419872,42256
native_to_wasm,3305,211333,209606,420940,42256
native_to_wasm,3306,210217,208934,419152,42256
native_to_wasm,3307,211135,208934,420070,42256
native_to_wasm,3308,210241,208862,419104,42256
native_to_wasm,3309,211371,208944,420316,42256
native_to_wasm,3310,210113,209636,419750,42256
native_to_wasm,3311,210241,208864,419106,42256
native_to_wasm,3312,210959,208940,419900,42256
native_to_wasm,3313,210549,209696,420246,42256
native_to_wasm,3314,210247,208950,419198,42256
native_to_wasm,3315,211403,208940,420344,42256
native_to_wasm,3316,210243,208862,419106,42256
native_to_wasm,3317,210937,208938,419876,42256
native_to_wasm,3318,210137,209636,419774,42256
native_to_wasm,3319,210241,208848,419090,42256
native_to_wasm,3320,210913,208934,419848,42256
native_to_wasm,3321,210241,210612,420854,42256
native_to_wasm,3322,210237,208950,419188,42256
native_to_wasm,3323,211133,208932,420066,42256
native_to_wasm,3324,210245,208850,419096,42256
native_to_wasm,3325,210911,208922,419834,42256
native_to_wasm,3326,210121,209636,419758,42256
native_to_wasm,3327,210241,209266,419508,42256
native_to_wasm,3328,210111,208948,419060,42256
native_to_wasm,3329,210131,209606,419738,42256
native_to_wasm,3330,210219,208876,419096,42256
native_to_wasm,3331,210929,208944,419874,42256
native_to_wasm,3332,211329,209606,420936,42256
native_to_wasm,3333,210219,208918,419138,42256
native_to_wasm,3334,211159,208946,420106,42256
native_to_wasm,3335,210241,208864,419106,42256
native_to_wasm,3336,211485,208938,420424,42256
native_to_wasm,3337,210123,209638,419762,42256
native_to_wasm,3338,210221,208830,419052,42256
native_to_wasm,3339,210933,208938,419872,42256
native_to_wasm,3340,211333,209606,420940,42256
native_to_wasm,3341,210217,208934,419152,42256
native_to_wasm,3342,211135,208934,420070,42256
native_to_wasm,3343,210241,208862,419104,42256
native_to_wasm,3344,211371,208944,420316,42256
native_to_wasm,3345,210113,209636,419750,42256
native_to_wasm,3346,210241,208864,419106,42256
native_to_wasm,3347,210959,208940,419900,42256
native_to_wasm,3348,210549,209696,420246,42256
native_to_wasm,3349,210247,208950,419198,42256
native_to_wasm,3350,211403,208940,420344,42256
native_to_wasm,3351,210243,208862,419106,42256
native_to_wasm,3352,210937,208938,419876,42256
native_to_wasm,3353,210137,209636,419774,42256
native_to_wasm,3354,210241,208848,419090,42256
native_to_wasm,3355,210913,208934,419848,42256
native_to_wasm,3356,210241,210612,420854,42256
native_to_wasm,3357,210237,208950,419188,42256
native_to_wasm,3358,211133,208932,420066,42256
native_to_wasm,3359,210245,208850,419096,42256
native_to_wasm,3360,210911,208922,419834,42256
native_to_wasm,3361,210121,209636,419758,42256
native_to_wasm,3362,210241,209266,419508,42256
native_to_wasm,3363,210937,208916,419854,42256
native_to_wasm,3364,210219,210744,420964,42256
native_to_wasm,3365,210225,208918,419144,42256
native_to_wasm,3366,210663,208936,419600,42256
native_to_wasm,3367,210245,208850,419096,42256
native_to_wasm,3368,210911,208944,419856,42256
native_to_wasm,3369,210121,209636,419758,42256
native_to_wasm,3370,210241,209180,419422,42256
native_to_wasm,3371,210939,208938,419878,42256
native_to_wasm,3372,210249,209840,420090,42256
native_to_wasm,3373,210251,208940,419192,42256
native_to_wasm,3374,211377,208916,420294,42256
native_to_wasm,3375,210219,208818,419038,42256
native_to_wasm,3376,210947,208938,419886,42256
native_to_wasm,3377,210133,209606,419740,42256
native_to_wasm,3378,210253,209918,420172,42256
native_to_wasm,3379,210937,208944,419882,42256
native_to_wasm,3380,210235,209842,420078,42256
native_to_wasm,3381,210217,208932,419150,42256
native_to_wasm,3382,210133,209952,420086,42256
native_to_wasm,3383,210217,208856,419074,42256
native_to_wasm,3384,210929,208940,419870,42256
native_to_wasm,3385,210125,209632,419758,42256
native_to_wasm,3386,210233,210032,420266,42256
native_to_wasm,3387,210941,208946,419888,42256
native_to_wasm,3388,210237,209836,420074,42256
native_to_wasm,3389,210235,208948,419184,42256
native_to_wasm,3390,210129,209996,420126,42256
native_to_wasm,3391,210217,208858,419076,42256
native_to_wasm,3392,210927,208940,419868,42256
native_to_wasm,3393,210125,209632,419758,42256
native_to_wasm,3394,210235,209038,419274,42256
native_to_wasm,3395,212507,208938,421446,42256
native_to_wasm,3396,210241,209814,420056,42256
native_to_wasm,3397,210239,208946,419186,42256
native_to_wasm,3398,210131,209606,419738,42256
native_to_wasm,3399,210219,208862,419082,42256
native_to_wasm,3400,210911,208922,419834,42256
native_to_wasm,3401,210121,209636,419758,42256
native_to_wasm,3402,210241,208940,419182,42256
native_to_wasm,3403,212389,208914,421304,42256
native_to_wasm,3404,210221,210120,420342,42256
native_to_wasm,3405,210237,208942,419180,42256
native_to_wasm,3406,210133,209612,419746,42256
native_to_wasm,3407,210247,208864,419112,42256
native_to_wasm,3408,210933,208946,419880,42256
native_to_wasm,3409,210517,209612,420130,42256
native_to_wasm,3410,210245,208914,419160,42256
native_to_wasm,3411,212037,208938,420976,42256
native_to_wasm,3412,210249,209308,419558,42256
native_to_wasm,3413,210221,208924,419146,42256
native_to_wasm,3414,210131,209626,419758,42256
native_to_wasm,3415,210239,208862,419102,42256
native_to_wasm,3416,210937,208944,419882,42256
native_to_wasm,3417,210465,209632,420098,42256
native_to_wasm,3418,210221,208932,419154,42256
native_to_wasm,3419,211141,208932,420074,42256
native_to_wasm,3420,210241,210065,420307,42256
native_to_wasm,3421,210236,208944,419181,42256
native_to_wasm,3422,210133,209606,419740,42256
native_to_wasm,3423,210249,208852,419102,42256
native_to_wasm,3424,210913,208920,419834,42256
native_to_wasm,3425,210897,209614,420512,42256
native_to_wasm,3426,210247,208940,419188,42256
native_to_wasm,3427,211141,208934,420076,42256
native_to_wasm,3428,210241,208862,419104,42256
native_to_wasm,3429,211531,208940,420472,42256
native_to_wasm,3430,210125,209632,419758,42256
native_to_wasm,3431,210239,208862,419102,42256
native_to_wasm,3432,210933,208938,419872,42256
native_to_wasm,3433,211333,209606,420940,42256
native_to_wasm,3434,210217,208934,419152,42256
native_to_wasm,3435,211135,208934,420070,42256
native_to_wasm,3436,210241,208862,419104,42256
native_to_wasm,3437,211371,208944,420316,42256
native_to_wasm,3438,210113,209636,419750,42256
native_to_wasm,3439,210241,208864,419106,42256
native_to_wasm,3440,210959,208940,419900,42256
native_to_wasm,3441,210549,209696,420246,42256
native_to_wasm,3442,210247,208950,419198,42256
native_to_wasm,3443,211403,208940,420344,42256
native_to_wasm,3444,210243,208862,419106,42256
native_to_wasm,3445,210937,208938,419876,42256
native_to_wasm,3446,210137,209636,419774,42256
native_to_wasm,3447,210241,208848,419090,42256
native_to_wasm,3448,210913,208934,419848,42256
native_to_wasm,3449,210241,210612,420854,42256
native_to_wasm,3450,210237,208950,419188,42256
native_to_wasm,3451,211133,208932,420066,42256
native_to_wasm,3452,210245,208850,419096,42256
native_to_wasm,3453,210911,208922,419834,42256
native_to_wasm,3454,210121,209636,419758,42256
native_to_wasm,3455,210241,209266,419508,42256
native_to_wasm,3456,210111,208948,419060,42256
native_to_wasm,3457,210131,209606,419738,42256
native_to_wasm,3458,210219,208876,419096,42256
native_to_wasm,3459,210929,208944,419874,42256
native_to_wasm,3460,211329,209606,420936,42256
native_to_wasm,3461,210219,208918,419138,42256
native_to_wasm,3462,211159,208946,420106,42256
native_to_wasm,3463,210241,208864,419106,42256
native_to_wasm,3464,211485,208938,420424,42256
native_to_wasm,3465,210123,209638,419762,42256
native_to_wasm,3466,210221,208830,419052,42256
native_to_wasm,3467,210933,208938,419872,42256
native_to_wasm,3468,211333,209606,420940,42256
native_to_wasm,3469,210217,208934,419152,42256
native_to_wasm,3470,211135,208934,420070,42256
native_to_wasm,3471,210241,208862,419104,42256
native_to_wasm,3472,211371,208944,420316,42256
native_to_wasm,3473,210113,209636,419750,42256
native_to_wasm,3474,210241,208864,419106,42256
native_to_wasm,3475,210959,208940,419900,42256
native_to_wasm,3476,210549,209696,420246,42256
native_to_wasm,3477,210247,208950,419198,42256
native_to_wasm,3478,211403,208940,420344,42256
native_to_wasm,3479,210243,208862,419106,42256
native_to_wasm,3480,210937,208938,419876,42256
native_to_wasm,3481,210137,209636,419774,42256
native_to_wasm,3482,210241,208848,419090,42256
native_to_wasm,3483,210913,208934,419848,42256
native_to_wasm,3484,210241,210612,420854,42256
native_to_wasm,3485,210237,208950,419188,42256
native_to_wasm,3486,211133,208932,420066,42256
native_to_wasm,3487,210245,208850,419096,42256
native_to_wasm,3488,210911,208922,419834,42256
native_to_wasm,3489,210121,209636,419758,42256
native_to_wasm,3490,210241,209266,419508,42256
native_to_wasm,3491,210937,208916,419854,42256
native_to_wasm,3492,210219,210744,420964,42256
native_to_wasm,3493,210225,208918,419144,42256
native_to_wasm,3494,210663,208936,419600,42256
native_to_wasm,3495,210245,208850,419096,42256
native_to_wasm,3496,210911,208944,419856,42256
native_to_wasm,3497,210121,209636,419758,42256
native_to_wasm,3498,210241,209180,419422,42256
native_to_wasm,3499,210939,208938,419878,42256
native_to_wasm,3500,210249,209840,420090,42256
native_to_wasm,3501,210251,208940,419192,42256
native_to_wasm,3502,211377,208916,420294,42256
native_to_wasm,3503,210219,208818,419038,42256
native_to_wasm,3504,210947,208938,419886,42256
native_to_wasm,3505,210133,209606,419740,42256
native_to_wasm,3506,210253,209918,420172,42256
native_to_wasm,3507,210937,208944,419882,42256
native_to_wasm,3508,210235,209842,420078,42256
native_to_wasm,3509,210217,208932,419150,42256
native_to_wasm,3510,210133,209952,420086,42256
native_to_wasm,3511,210217,208856,419074,42256
native_to_wasm,3512,210929,208940,419870,42256
native_to_wasm,3513,210125,209632,419758,42256
native_to_wasm,3514,210233,210032,420266,42256
native_to_wasm,3515,210941,208946,419888,42256
native_to_wasm,3516,210237,209836,420074,42256
native_to_wasm,3517,210235,208948,419184,42256
native_to_wasm,3518,210129,209996,420126,42256
native_to_wasm,3519,210217,208858,419076,42256
native_to_wasm,3520,210927,208940,419868,42256
native_to_wasm,3521,210125,209632,419758,42256
native_to_wasm,3522,210235,209038,419274,42256
native_to_wasm,3523,212507,208938,421446,42256
native_to_wasm,3524,210241,209814,420056,42256
native_to_wasm,3525,210239,208946,419186,42256
native_to_wasm,3526,210131,209606,419738,42256
native_to_wasm,3527,210219,208862,419082,42256
native_to_wasm,3528,210911,208922,419834,42256
native_to_wasm,3529,210121,209636,419758,42256
native_to_wasm,3530,210241,208940,419182,42256
native_to_wasm,3531,212389,208914,421304,42256
native_to_wasm,3532,210221,210120,420342,42256
native_to_wasm,3533,210237,208942,419180,42256
native_to_wasm,3534,210133,209612,419746,42256
native_to_wasm,3535,210247,208864,419112,42256
native_to_wasm,3536,210933,208946,419880,42256
native_to_wasm,3537,210517,209612,420130,42256
native_to_wasm,3538,210245,208914,419160,42256
native_to_wasm,3539,212037,208938,420976,42256
native_to_wasm,3540,210249,209308,419558,42256
native_to_wasm,3541,210221,208924,419146,42256
native_to_wasm,3542,210131,209626,419758,42256
native_to_wasm,3543,210239,208862,419102,42256
native_to_wasm,3544,210937,208944,419882,42256
native_to_wasm,3545,210465,209632,420098,42256
native_to_wasm,3546,210221,208932,419154,42256
native_to_wasm,3547,211141,208932,420074,42256
native_to_wasm,3548,210241,210065,420307,42256
native_to_wasm,3549,210236,208944,419181,42256
native_to_wasm,3550,210133,209606,419740,42256
native_to_wasm,3551,210249,208852,419102,42256
native_to_wasm,3552,210913,208920,419834,42256
native_to_wasm,3553,210897,209614,420512,42256
native_to_wasm,3554,210247,208940,419188,42256
native_to_wasm,3555,211141,208934,420076,42256
native_to_wasm,3556,210241,208862,419104,42256
native_to_wasm,3557,211531,208940,420472,42256
native_to_wasm,3558,210125,209632,419758,42256
native_to_wasm,3559,210239,208862,419102,42256
native_to_wasm,3560,210933,208938,419872,42256
native_to_wasm,3561,211333,209606,420940,42256
native_to_wasm,3562,210217,208934,419152,42256
native_to_wasm,3563,211135,208934,420070,42256
native_to_wasm,3564,210241,208862,419104,42256
native_to_wasm,3565,211371,208944,420316,42256
native_to_wasm,3566,210113,209636,419750,42256
native_to_wasm,3567,210241,208864,419106,42256
native_to_wasm,3568,210959,208940,419900,42256
native_to_wasm,3569,210549,209696,420246,42256
native_to_wasm,3570,210247,208950,419198,42256
native_to_wasm,3571,211403,208940,420344,42256
native_to_wasm,3572,210243,208862,419106,42256
native_to_wasm,3573,210937,208938,419876,42256
native_to_wasm,3574,210137,209636,419774,42256
native_to_wasm,3575,210241,208848,419090,42256
native_to_wasm,3576,210913,208934,419848,42256
native_to_wasm,3577,210241,210612,420854,42256
native_to_wasm,3578,210237,208950,419188,42256
native_to_wasm,3579,211133,208932,420066,42256
native_to_wasm,3580,210245,208850,419096,42256
native_to_wasm,3581,210911,208922,419834,42256
native_to_wasm,3582,210121,209636,419758,42256
native_to_wasm,3583,210241,209266,419508,42256
native_to_wasm,3584,210111,208948,419060,42256
native_to_wasm,3585,210131,209606,419738,42256
native_to_wasm,3586,210219,208876,419096,42256
native_to_wasm,3587,210929,208944,419874,42256
native_to_wasm,3588,211329,209606,420936,42256
native_to_wasm,3589,210219,208918,419138,42256
native_to_wasm,3590,211159,208946,420106,42256
native_to_wasm,3591,210241,208864,419106,42256
native_to_wasm,3592,211485,208938,420424,42256
native_to_wasm,3593,210123,209638,419762,42256
native_to_wasm,3594,210221,208830,419052,42256
native_to_wasm,3595,210933,208938,419872,42256
native_to_wasm,3596,211333,209606,420940,42256
native_to_wasm,3597,210217,208934,419152,42256
native_to_wasm,3598,211135,208934,420070,42256
native_to_wasm,3599,210241,208862,419104,42256
native_to_wasm,3600,211371,208944,420316,42256
native_to_wasm,3601,210113,209636,419750,42256
native_to_wasm,3602,210241,208864,419106,42256
native_to_wasm,3603,210959,208940,419900,42256
native_to_wasm,3604,210549,209696,420246,42256
native_to_wasm,3605,210247,208950,419198,42256
native_to_wasm,3606,211403,208940,420344,42256
native_to_wasm,3607,210243,208862,419106,42256
native_to_wasm,3608,210937,208938,419876,42256
native_to_wasm,3609,210137,209636,419774,42256
native_to_wasm,3610,210241,208848,419090,42256
native_to_wasm,3611,210913,208934,419848,42256
native_to_wasm,3612,210241,210612,420854,42256
native_to_wasm,3613,210237,208950,419188,42256
native_to_wasm,3614,211133,208932,420066,42256
native_to_wasm,3615,210245,208850,419096,42256
native_to_wasm,3616,210911,208922,419834,42256
native_to_wasm,3617,210121,209636,419758,42256
native_to_wasm,3618,210241,209266,419508,42256
native_to_wasm,3619,210937,208916,419854,42256
native_to_wasm,3620,210219,210744,420964,42256
native_to_wasm,3621,210225,208918,419144,42256
native_to_wasm,3622,210663,208936,419600,42256
native_to_wasm,3623,210245,208850,419096,42256
native_to_wasm,3624,210911,208944,419856,42256
native_to_wasm,3625,210121,209636,419758,42256
native_to_wasm,3626,210241,209180,419422,42256
native_to_wasm,3627,210939,208938,419878,42256
native_to_wasm,3628,210249,209840,420090,42256
native_to_wasm,3629,210251,208940,419192,42256
native_to_wasm,3630,211377,208916,420294,42256
native_to_wasm,3631,210219,208818,419038,42256
native_to_wasm,3632,210947,208938,419886,42256
native_to_wasm,3633,210133,209606,419740,42256
native_to_wasm,3634,210253,209918,420172,42256
native_to_wasm,3635,210937,208944,419882,42256
native_to_wasm,3636,210235,209842,420078,42256
native_to_wasm,3637,210217,208932,419150,42256
native_to_wasm,3638,210133,209952,420086,42256
native_to_wasm,3639,210217,208856,419074,42256
native_to_wasm,3640,210929,208940,419870,42256
native_to_wasm,3641,210125,209632,419758,42256
native_to_wasm,3642,210233,210032,420266,42256
native_to_wasm,3643,210941,208946,419888,42256
native_to_wasm,3644,210237,209836,420074,42256
native_to_wasm,3645,210235,208948,419184,42256
native_to_wasm,3646,210129,209996,420126,42256
native_to_wasm,3647,210217,208858,419076,42256
native_to_wasm,3648,210927,208940,419868,42256
native_to_wasm,3649,210125,209632,419758,42256
native_to_wasm,3650,210235,209038,419274,42256
native_to_wasm,3651,212507,208938,421446,42256
native_to_wasm,3652,210241,209814,420056,42256
native_to_wasm,3653,210239,208946,419186,42256
native_to_wasm,3654,210131,209606,419738,42256
native_to_wasm,3655,210219,208862,419082,42256
native_to_wasm,3656,210911,208922,419834,42256
native_to_wasm,3657,210121,209636,419758,42256
native_to_wasm,3658,210241,208940,419182,42256
native_to_wasm,3659,212389,208914,421304,42256
native_to_wasm,3660,210221,210120,420342,42256
native_to_wasm,3661,210237,208942,419180,42256
native_to_wasm,3662,210133,209612,419746,42256
native_to_wasm,3663,210247,208864,419112,42256
native_to_wasm,3664,210933,208946,419880,42256
native_to_wasm,3665,210517,209612,420130,42256
native_to_wasm,3666,210245,208914,419160,42256
native_to_wasm,3667,212037,208938,420976,42256
native_to_wasm,3668,210249,209308,419558,42256
native_to_wasm,3669,210221,208924,419146,42256
native_to_wasm,3670,210131,209626,419758,42256
native_to_wasm,3671,210239,208862,419102,42256
native_to_wasm,3672,210937,208944,419882,42256
native_to_wasm,3673,210465,209632,420098,42256
native_to_wasm,3674,210221,208932,419154,42256
native_to_wasm,3675,211141,208932,420074,42256
native_to_wasm,3676,210241,210065,420307,42256
native_to_wasm,3677,210236,208944,419181,42256
native_to_wasm,3678,210133,209606,419740,42256
native_to_wasm,3679,210249,208852,419102,42256
native_to_wasm,3680,210913,208920,419834,42256
native_to_wasm,3681,210897,209614,420512,42256
native_to_wasm,3682,210247,208940,419188,42256
native_to_wasm,3683,211141,208934,420076,42256
native_to_wasm,3684,210241,208862,419104,42256
native_to_wasm,3685,211531,208940,420472,42256
native_to_wasm,3686,210125,209632,419758,42256
native_to_wasm,3687,210239,208862,419102,42256
native_to_wasm,3688,210933,208938,419872,42256
native_to_wasm,3689,211333,209606,420940,42256
native_to_wasm,3690,210217,208934,419152,42256
native_to_wasm,3691,211135,208934,420070,42256
native_to_wasm,3692,210241,208862,419104,42256
native_to_wasm,3693,211371,208944,420316,42256
native_to_wasm,3694,210113,209636,419750,42256
native_to_wasm,3695,210241,208864,419106,42256
native_to_wasm,3696,210959,208940,419900,42256
native_to_wasm,3697,210549,209696,420246,42256
native_to_wasm,3698,210247,208950,419198,42256
native_to_wasm,3699,211403,208940,420344,42256
native_to_wasm,3700,210243,208862,419106,42256
native_to_wasm,3701,210937,208938,419876,42256
native_to_wasm,3702,210137,209636,419774,42256
native_to_wasm,3703,210241,208848,419090,42256
native_to_wasm,3704,210913,208934,419848,42256
native_to_wasm,3705,210241,210612,420854,42256
native_to_wasm,3706,210237,208950,419188,42256
native_to_wasm,3707,211133,208932,420066,42256
native_to_wasm,3708,210245,208850,419096,42256
native_to_wasm,3709,210911,208922,419834,42256
native_to_wasm,3710,210121,209636,419758,42256
native_to_wasm,3711,210241,209266,419508,42256
native_to_wasm,3712,210111,208948,419060,42256
native_to_wasm,3713,210131,209606,419738,42256
native_to_wasm,3714,210219,208876,419096,42256
native_to_wasm,3715,210929,208944,419874,42256
native_to_wasm,3716,211329,209606,420936,42256
native_to_wasm,3717,210219,208918,419138,42256
native_to_wasm,3718,211159,208946,420106,42256
native_to_wasm,3719,210241,208864,419106,42256
native_to_wasm,3720,211485,208938,420424,42256
native_to_wasm,3721,210123,209638,419762,42256
native_to_wasm,3722,210221,208830,419052,42256
native_to_wasm,3723,210933,208938,419872,42256
native_to_wasm,3724,211333,209606,420940,42256
native_to_wasm,3725,210217,208934,419152,42256
native_to_wasm,3726,211135,208934,420070,42256
native_to_wasm,3727,210241,208862,419104,42256
native_to_wasm,3728,211371,208944,420316,42256
native_to_wasm,3729,210113,209636,419750,42256
native_to_wasm,3730,210241,208864,419106,42256
native_to_wasm,3731,210959,208940,419900,42256
native_to_wasm,3732,210549,209696,420246,42256
native_to_wasm,3733,210247,208950,419198,42256
native_to_wasm,3734,211403,208940,420344,42256
native_to_wasm,3735,210243,208862,419106,42256
native_to_wasm,3736,210937,208938,419876,42256
native_to_wasm,3737,210137,209636,419774,42256
native_to_wasm,3738,210241,208848,419090,42256
native_to_wasm,3739,210913,208934,419848,42256
native_to_wasm,3740,210241,210612,420854,42256
native_to_wasm,3741,210237,208950,419188,42256
native_to_wasm,3742,211133,208932,420066,42256
native_to_wasm,3743,210245,208850,419096,42256
native_to_wasm,3744,210911,208922,419834,42256
native_to_wasm,3745,210121,209636,419758,42256
native_to_wasm,3746,210241,209266,419508,42256
native_to_wasm,3747,210937,208916,419854,42256
native_to_wasm,3748,210219,210744,420964,42256
native_to_wasm,3749,210225,208918,419144,42256
native_to_wasm,3750,210663,208936,419600,42256
native_to_wasm,3751,210245,208850,419096,42256
native_to_wasm,3752,210911,208944,419856,42256
native_to_wasm,3753,210121,209636,419758,42256
native_to_wasm,3754,210241,209180,419422,42256
native_to_wasm,3755,210939,208938,419878,42256
native_to_wasm,3756,210249,209840,420090,42256
native_to_wasm,3757,210251,208940,419192,42256
native_to_wasm,3758,211377,208916,420294,42256
native_to_wasm,3759,210219,208818,419038,42256
native_to_wasm,3760,210947,208938,419886,42256
native_to_wasm,3761,210133,209606,419740,42256
native_to_wasm,3762,210253,209918,420172,42256
native_to_wasm,3763,210937,208944,419882,42256
native_to_wasm,3764,210235,209842,420078,42256
native_to_wasm,3765,210217,208932,419150,42256
native_to_wasm,3766,210133,209952,420086,42256
native_to_wasm,3767,210217,208856,419074,42256
native_to_wasm,3768,210929,208940,419870,42256
native_to_wasm,3769,210125,209632,419758,42256
native_to_wasm,3770,210233,210032,420266,42256
native_to_wasm,3771,210941,208946,419888,42256
native_to_wasm,3772,210237,209836,420074,42256
native_to_wasm,3773,210235,208948,419184,42256
native_to_wasm,3774,210129,209996,420126,42256
native_to_wasm,3775,210217,208858,419076,42256
native_to_wasm,3776,210927,208940,419868,42256
native_to_wasm,3777,210125,209632,419758,42256
native_to_wasm,3778,210235,209038,419274,42256
native_to_wasm,3779,212507,208938,421446,42256
native_to_wasm,3780,210241,209814,420056,42256
native_to_wasm,3781,210239,208946,419186,42256
native_to_wasm,3782,210131,209606,419738,42256
native_to_wasm,3783,210219,208862,419082,42256
native_to_wasm,3784,210911,208922,419834,42256
native_to_wasm,3785,210121,209636,419758,42256
native_to_wasm,3786,210241,208940,419182,42256
native_to_wasm,3787,212389,208914,421304,42256
native_to_wasm,3788,210221,210120,420342,42256
native_to_wasm,3789,210237,208942,419180,42256
native_to_wasm,3790,210133,209612,419746,42256
native_to_wasm,3791,210247,208864,419112,42256
native_to_wasm,3792,210933,208946,419880,42256
native_to_wasm,3793,210517,209612,420130,42256
native_to_wasm,3794,210245,208914,419160,42256
native_to_wasm,3795,212037,208938,420976,42256
native_to_wasm,3796,210249,209308,419558,42256
native_to_wasm,3797,210221,208924,419146,42256
native_to_wasm,3798,210131,209626,419758,42256
native_to_wasm,3799,210239,208862,419102,42256
native_to_wasm,3800,210937,208944,419882,42256
native_to_wasm,3801,210465,209632,420098,42256
native_to_wasm,3802,210221,208932,419154,42256
native_to_wasm,3803,211141,208932,420074,42256
native_to_wasm,3804,210241,210065,420307,42256
native_to_wasm,3805,210236,208944,419181,42256
native_to_wasm,3806,210133,209606,419740,42256
native_to_wasm,3807,210249,208852,419102,42256
native_to_wasm,3808,210913,208920,419834,42256
native_to_wasm,3809,210897,209614,420512,42256
native_to_wasm,3810,210247,208940,419188,42256
native_to_wasm,3811,211141,208934,420076,42256
native_to_wasm,3812,210241,208862,419104,42256
native_to_wasm,3813,211531,208940,420472,42256
native_to_wasm,3814,210125,209632,419758,42256
native_to_wasm,3815,210239,208862,419102,42256
native_to_wasm,3816,210933,208938,419872,42256
native_to_wasm,3817,211333,209606,420940,42256
native_to_wasm,3818,210217,208934,419152,42256
native_to_wasm,3819,211135,208934,420070,42256
native_to_wasm,3820,210241,208862,419104,42256
native_to_wasm,3821,211371,208944,420316,42256
native_to_wasm,3822,210113,209636,419750,42256
native_to_wasm,3823,210241,208864,419106,42256
native_to_wasm,3824,210959,208940,419900,42256
native_to_wasm,3825,210549,209696,420246,42256
native_to_wasm,3826,210247,208950,419198,42256
native_to_wasm,3827,211403,208940,420344,42256
native_to_wasm,3828,210243,208862,419106,42256
native_to_wasm,3829,210937,208938,419876,42256
native_to_wasm,3830,210137,209636,419774,42256
native_to_wasm,3831,210241,208848,419090,42256
native_to_wasm,3832,210913,208934,419848,42256
native_to_wasm,3833,210241,210612,420854,42256
native_to_wasm,3834,210237,208950,419188,42256
native_to_wasm,3835,211133,208932,420066,42256
native_to_wasm,3836,210245,208850,419096,42256
native_to_wasm,3837,210911,208922,419834,42256
native_to_wasm,3838,210121,209636,419758,42256
native_to_wasm,3839,210241,209266,419508,42256
native_to_wasm,3840,210111,208948,419060,42256
native_to_wasm,3841,210131,209606,419738,42256
native_to_wasm,3842,210219,208876,419096,42256
native_to_wasm,3843,210929,208944,419874,42256
native_to_wasm,3844,211329,209606,420936,42256
native_to_wasm,3845,210219,208918,419138,42256
native_to_wasm,3846,211159,208946,420106,42256
native_to_wasm,3847,210241,208864,419106,42256
native_to_wasm,3848,211485,208938,420424,42256
native_to_wasm,3849,210123,209638,419762,42256
native_to_wasm,3850,210221,208830,419052,42256
native_to_wasm,3851,210933,208938,419872,42256
native_to_wasm,3852,211333,209606,420940,42256
native_to_wasm,3853,210217,208934,419152,42256
native_to_wasm,3854,211135,208934,420070,42256
native_to_wasm,3855,210241,208862,419104,42256
native_to_wasm,3856,211371,208944,420316,42256
native_to_wasm,3857,210113,209636,419750,42256
native_to_wasm,3858,210241,208864,419106,42256
native_to_wasm,3859,210959,208940,419900,42256
native_to_wasm,3860,210549,209696,420246,42256
native_to_wasm,3861,210247,208950,419198,42256
native_to_wasm,3862,211403,208940,420344,42256
native_to_wasm,3863,210243,208862,419106,42256
native_to_wasm,3864,210937,208938,419876,42256
native_to_wasm,3865,210137,209636,419774,42256
native_to_wasm,3866,210241,208848,419090,42256
native_to_wasm,3867,210913,208934,419848,42256
native_to_wasm,3868,210241,210612,420854,42256
native_to_wasm,3869,210237,208950,419188,42256
native_to_wasm,3870,211133,208932,420066,42256
native_to_wasm,3871,210245,208850,419096,42256
native_to_wasm,3872,210911,208922,419834,42256
native_to_wasm,3873,210121,209636,419758,42256
native_to_wasm,3874,210241,209266,419508,42256
native_to_wasm,3875,210937,208916,419854,42256
native_to_wasm,3876,210219,210744,420964,42256
native_to_wasm,3877,210225,208918,419144,42256
native_to_wasm,3878,210663,208936,419600,42256
native_to_wasm,3879,210245,208850,419096,42256
native_to_wasm,3880,210911,208944,419856,42256
native_to_wasm,3881,210121,209636,419758,42256
native_to_wasm,3882,210241,209180,419422,42256
native_to_wasm,3883,210939,208938,419878,42256
native_to_wasm,3884,210249,209840,420090,42256
native_to_wasm,3885,210251,208940,419192,42256
native_to_wasm,3886,211377,208916,420294,42256
native_to_wasm,3887,210219,208818,419038,42256
native_to_wasm,3888,210947,208938,419886,42256
native_to_wasm,3889,210133,209606,419740,42256
native_to_wasm,3890,210253,209918,420172,42256
native_to_wasm,3891,210937,208944,419882,42256
native_to_wasm,3892,210235,209842,420078,42256
native_to_wasm,3893,210217,208932,419150,42256
native_to_wasm,3894,210133,209952,420086,42256
native_to_wasm,3895,210217,208856,419074,42256
native_to_wasm,3896,210929,208940,419870,42256
native_to_wasm,3897,210125,209632,419758,42256
native_to_wasm,3898,210233,210032,420266,42256
native_to_wasm,3899,210941,208946,419888,42256
native_to_wasm,3900,210237,209836,420074,42256
native_to_wasm,3901,210235,208948,419184,42256
native_to_wasm,3902,210129,209996,420126,42256
native_to_wasm,3903,210217,208858,419076,42256
native_to_wasm,3904,210927,208940,419868,42256
native_to_wasm,3905,210125,209632,419758,42256
native_to_wasm,3906,210235,209038,419274,42256
native_to_wasm,3907,212507,208938,421446,42256
native_to_wasm,3908,210241,209814,420056,42256
native_to_wasm,3909,210239,208946,419186,42256
native_to_wasm,3910,210131,209606,419738,42256
native_to_wasm,3911,210219,208862,419082,42256
native_to_wasm,3912,210911,208922,419834,42256
native_to_wasm,3913,210121,209636,419758,42256
native_to_wasm,3914,210241,208940,419182,42256
native_to_wasm,3915,212389,208914,421304,42256
native_to_wasm,3916,210221,210120,420342,42256
native_to_wasm,3917,210237,208942,419180,42256
native_to_wasm,3918,210133,209612,419746,42256
native_to_wasm,3919,210247,208864,419112,42256
native_to_wasm,3920,210933,208946,419880,42256
native_to_wasm,3921,210517,209612,420130,42256
native_to_wasm,3922,210245,208914,419160,42256
native_to_wasm,3923,212037,208938,420976,42256
native_to_wasm,3924,210249,209308,419558,42256
native_to_wasm,3925,210221,208924,419146,42256
native_to_wasm,3926,210131,209626,419758,42256
native_to_wasm,3927,210239,208862,419102,42256
native_to_wasm,3928,210937,208944,419882,42256
native_to_wasm,3929,210465,209632,420098,42256
native_to_wasm,3930,210221,208932,419154,42256
native_to_wasm,3931,211141,208932,420074,42256
native_to_wasm,3932,210241,210065,420307,42256
native_to_wasm,3933,210236,208944,419181,42256
native_to_wasm,3934,210133,209606,419740,42256
native_to_wasm,3935,210249,208852,419102,42256
native_to_wasm,3936,210913,208920,419834,42256
native_to_wasm,3937,210897,209614,420512,42256
native_to_wasm,3938,210247,208940,419188,42256
native_to_wasm,3939,211141,208934,420076,42256
native_to_wasm,3940,210241,208862,419104,42256
native_to_wasm,3941,211531,208940,420472,42256
native_to_wasm,3942,210125,209632,419758,42256
native_to_wasm,3943,210239,208862,419102,42256
native_to_wasm,3944,210933,208938,419872,42256
native_to_wasm,3945,211333,209606,420940,42256
native_to_wasm,3946,210217,208934,419152,42256
native_to_wasm,3947,211135,208934,420070,42256
native_to_wasm,3948,210241,208862,419104,42256
native_to_wasm,3949,211371,208944,420316,42256
native_to_wasm,3950,210113,209636,419750,42256
native_to_wasm,3951,210241,208864,419106,42256
native_to_wasm,3952,210959,208940,419900,42256
native_to_wasm,3953,210549,209696,420246,42256
native_to_wasm,3954,210247,208950,419198,42256
native_to_wasm,3955,211403,208940,420344,42256
native_to_wasm,3956,210243,208862,419106,42256
native_to_wasm,3957,210937,208938,419876,42256
native_to_wasm,3958,210137,209636,419774,42256
native_to_wasm,3959,210241,208848,419090,42256
native_to_wasm,3960,210913,208934,419848,42256
native_to_wasm,3961,210241,210612,420854,42256
native_to_wasm,3962,210237,208950,419188,42256
native_to_wasm,3963,211133,208932,420066,42256
native_to_wasm,3964,210245,208850,419096,42256
native_to_wasm,3965,210911,208922,419834,42256
native_to_wasm,3966,210121,209636,419758,42256
native_to_wasm,3967,210241,209266,419508,42256
native_to_wasm,3968,210111,208948,419060,42256
native_to_wasm,3969,210131,209606,419738,42256
native_to_wasm,3970,210219,208876,419096,42256
native_to_wasm,3971,210929,208944,419874,42256
native_to_wasm,3972,211329,209606,420936,42256
native_to_wasm,3973,210219,208918,419138,42256
native_to_wasm,3974,211159,208946,420106,42256
native_to_wasm,3975,210241,208864,419106,42256
native_to_wasm,3976,211485,208938,420424,42256
native_to_wasm,3977,210123,209638,419762,42256
native_to_wasm,3978,210221,208830,419052,42256
native_to_wasm,3979,210933,208938,419872,42256
native_to_wasm,3980,211333,209606,420940,42256
native_to_wasm,3981,210217,208934,419152,42256
native_to_wasm,3982,211135,208934,420070,42256
native_to_wasm,3983,210241,208862,419104,42256
native_to_wasm,3984,211371,208944,420316,42256
native_to_wasm,3985,210113,209636,419750,42256
native_to_wasm,3986,210241,208864,419106,42256
native_to_wasm,3987,210959,208940,419900,42256
native_to_wasm,3988,210549,209696,420246,42256
native_to_wasm,3989,210247,208950,419198,42256
native_to_wasm,3990,211403,208940,420344,42256
native_to_wasm,3991,210243,208862,419106,42256
native_to_wasm,3992,210937,208938,419876,42256
native_to_wasm,3993,210137,209636,419774,42256
native_to_wasm,3994,210241,208848,419090,42256
native_to_wasm,3995,210913,208934,419848,42256
native_to_wasm,3996,210241,210612,420854,42256
native_to_wasm,3997,210237,208950,419188,42256
native_to_wasm,3998,211133,208932,420066,42256
native_to_wasm,3999,210245,208850,419096,42256
native_to_wasm,4000,210911,208922,419834,42256
native_to_wasm,4001,210121,209636,419758,42256
native_to_wasm,4002,210241,209266,419508,42256
native_to_wasm,4003,210937,208916,419854,42256
native_to_wasm,4004,210219,210744,420964,42256
native_to_wasm,4005,210225,208918,419144,42256
native_to_wasm,4006,210663,208936,419600,42256
native_to_wasm,4007,210245,208850,419096,42256
native_to_wasm,4008,210911,208944,419856,42256
native_to_wasm,4009,210121,209636,419758,42256
native_to_wasm,4010,210241,209180,419422,42256
native_to_wasm,4011,210939,208938,419878,42256
native_to_wasm,4012,210249,209840,420090,42256
native_to_wasm,4013,210251,208940,419192,42256
native_to_wasm,4014,211377,208916,420294,42256
native_to_wasm,4015,210219,208818,419038,42256
native_to_wasm,4016,210947,208938,419886,42256
native_to_wasm,4017,210133,209606,419740,42256
native_to_wasm,4018,210253,209918,420172,42256
native_to_wasm,4019,210937,208944,419882,42256
native_to_wasm,4020,210235,209842,420078,42256
native_to_wasm,4021,210217,208932,419150,42256
native_to_wasm,4022,210133,209952,420086,42256
native_to_wasm,4023,210217,208856,419074,42256
native_to_wasm,4024,210929,208940,419870,42256
native_to_wasm,4025,210125,209632,419758,42256
native_to_wasm,4026,210233,210032,420266,42256
native_to_wasm,4027,210941,208946,419888,42256
native_to_wasm,4028,210237,209836,420074,42256
native_to_wasm,4029,210235,208948,419184,42256
native_to_wasm,4030,210129,209996,420126,42256
native_to_wasm,4031,210217,208858,419076,42256
native_to_wasm,4032,210927,208940,419868,42256
native_to_wasm,4033,210125,209632,419758,42256
native_to_wasm,4034,210235,209038,419274,42256
native_to_wasm,4035,212507,208938,421446,42256
native_to_wasm,4036,210241,209814,420056,42256
native_to_wasm,4037,210239,208946,419186,42256
native_to_wasm,4038,210131,209606,419738,42256
native_to_wasm,4039,210219,208862,419082,42256
native_to_wasm,4040,210911,208922,419834,42256
native_to_wasm,4041,210121,209636,419758,42256
native_to_wasm,4042,210241,208940,419182,42256
native_to_wasm,4043,212389,208914,421304,42256
native_to_wasm,4044,210221,210120,420342,42256
native_to_wasm,4045,210237,208942,419180,42256
native_to_wasm,4046,210133,209612,419746,42256
native_to_wasm,4047,210247,208864,419112,42256
native_to_wasm,4048,210933,208946,419880,42256
native_to_wasm,4049,210517,209612,420130,42256
native_to_wasm,4050,210245,208914,419160,42256
native_to_wasm,4051,212037,208938,420976,42256
native_to_wasm,4052,210249,209308,419558,42256
native_to_wasm,4053,210221,208924,419146,42256
native_to_wasm,4054,210131,209626,419758,42256
native_to_wasm,4055,210239,208862,419102,42256
native_to_wasm,4056,210937,208944,419882,42256
native_to_wasm,4057,210465,209632,420098,42256
native_to_wasm,4058,210221,208932,419154,42256
native_to_wasm,4059,211141,208932,420074,42256
native_to_wasm,4060,210241,210065,420307,42256
native_to_wasm,4061,210236,208944,419181,42256
native_to_wasm,4062,210133,209606,419740,42256
native_to_wasm,4063,210249,208852,419102,42256
native_to_wasm,4064,210913,208920,419834,42256
native_to_wasm,4065,210897,209614,420512,42256
native_to_wasm,4066,210247,208940,419188,42256
native_to_wasm,4067,211141,208934,420076,42256
native_to_wasm,4068,210241,208862,419104,42256
native_to_wasm,4069,211531,208940,420472,42256
native_to_wasm,4070,210125,209632,419758,42256
native_to_wasm,4071,210239,208862,419102,42256
native_to_wasm,4072,210933,208938,419872,42256
native_to_wasm,4073,211333,209606,420940,42256
native_to_wasm,4074,210217,208934,419152,42256
native_to_wasm,4075,211135,208934,420070,42256
native_to_wasm,4076,210241,208862,419104,42256
native_to_wasm,4077,211371,208944,420316,42256
native_to_wasm,4078,210113,209636,419750,42256
native_to_wasm,4079,210241,208864,419106,42256
native_to_wasm,4080,210959,208940,419900,42256
native_to_wasm,4081,210549,209696,420246,42256
native_to_wasm,4082,210247,208950,419198,42256
native_to_wasm,4083,211403,208940,420344,42256
native_to_wasm,4084,210243,208862,419106,42256
native_to_wasm,4085,210937,208938,419876,42256
native_to_wasm,4086,210137,209636,419774,42256
native_to_wasm,4087,210241,208848,419090,42256
native_to_wasm,4088,210913,208934,419848,42256
native_to_wasm,4089,210241,210612,420854,42256
native_to_wasm,4090,210237,208950,419188,42256
native_to_wasm,4091,211133,208932,420066,42256
native_to_wasm,4092,210245,208850,419096,42256
native_to_wasm,4093,210911,208922,419834,42256
native_to_wasm,4094,210121,209636,419758,42256
native_to_wasm,4095,210241,209266,419508,42256
native_to_wasm,4096,210111,208948,419060,42256
native_to_wasm,4097,210131,209606,419738,42256
native_to_wasm,4098,210219,208876,419096,42256
native_to_wasm,4099,210929,208944,419874,42256
native_to_wasm,4100,211329,209606,420936,42256
native_to_wasm,4101,210219,208918,419138,42256
native_to_wasm,4102,211159,208946,420106,42256
native_to_wasm,4103,210241,208864,419106,42256
native_to_wasm,4104,211485,208938,420424,42256
native_to_wasm,4105,210123,209638,419762,42256
native_to_wasm,4106,210221,208830,419052,42256
native_to_wasm,4107,210933,208938,419872,42256
native_to_wasm,4108,211333,209606,420940,42256
native_to_wasm,4109,210217,208934,419152,42256
native_to_wasm,4110,211135,208934,420070,42256
native_to_wasm,4111,210241,208862,419104,42256
native_to_wasm,4112,211371,208944,420316,42256
native_to_wasm,4113,210113,209636,419750,42256
native_to_wasm,4114,210241,208864,419106,42256
native_to_wasm,4115,210959,208940,419900,42256
native_to_wasm,4116,210549,209696,420246,42256
native_to_wasm,4117,210247,208950,419198,42256
native_to_wasm,4118,211403,208940,420344,42256
native_to_wasm,4119,210243,208862,419106,42256
native_to_wasm,4120,210937,208938,419876,42256
native_to_wasm,4121,210137,209636,419774,42256
native_to_wasm,4122,210241,208848,419090,42256
native_to_wasm,4123,210913,208934,419848,42256
native_to_wasm,4124,210241,210612,420854,42256
native_to_wasm,4125,210237,208950,419188,42256
native_to_wasm,4126,211133,208932,420066,42256
native_to_wasm,4127,210245,208850,419096,42256
native_to_wasm,4128,210911,208922,419834,42256
native_to_wasm,4129,210121,209636,419758,42256
native_to_wasm,4130,210241,209266,419508,42256
native_to_wasm,4131,210937,208916,419854,42256
native_to_wasm,4132,210219,210744,420964,42256
native_to_wasm,4133,210225,208918,419144,42256
native_to_wasm,4134,210663,208936,419600,42256
native_to_wasm,4135,210245,208850,419096,42256
native_to_wasm,4136,210911,208944,419856,42256
native_to_wasm,4137,210121,209636,419758,42256
native_to_wasm,4138,210241,209180,419422,42256
native_to_wasm,4139,210939,208938,419878,42256
native_to_wasm,4140,210249,209840,420090,42256
native_to_wasm,4141,210251,208940,419192,42256
native_to_wasm,4142,211377,208916,420294,42256
native_to_wasm,4143,210219,208818,419038,42256
native_to_wasm,4144,210947,208938,419886,42256
native_to_wasm,4145,210133,209606,419740,42256
native_to_wasm,4146,210253,209918,420172,42256
native_to_wasm,4147,210937,208944,419882,42256
native_to_wasm,4148,210235,209842,420078,42256
native_to_wasm,4149,210217,208932,419150,42256
native_to_wasm,4150,210133,209952,420086,42256
native_to_wasm,4151,210217,208856,419074,42256
native_to_wasm,4152,210929,208940,419870,42256
native_to_wasm,4153,210125,209632,419758,42256
native_to_wasm,4154,210233,210032,420266,42256
native_to_wasm,4155,210941,208946,419888,42256
native_to_wasm,4156,210237,209836,420074,42256
native_to_wasm,4157,210235,208948,419184,42256
native_to_wasm,4158,210129,209996,420126,42256
native_to_wasm,4159,210217,208858,419076,42256
native_to_wasm,4160,210927,208940,419868,42256
native_to_wasm,4161,210125,209632,419758,42256
native_to_wasm,4162,210235,209038,419274,42256
native_to_wasm,4163,212507,208938,421446,42256
native_to_wasm,4164,210241,209814,420056,42256
native_to_wasm,4165,210239,208946,419186,42256
native_to_wasm,4166,210131,209606,419738,42256
native_to_wasm,4167,210219,208862,419082,42256
native_to_wasm,4168,210911,208922,419834,42256
native_to_wasm,4169,210121,209636,419758,42256
native_to_wasm,4170,210241,208940,419182,42256
native_to_wasm,4171,212389,208914,421304,42256
native_to_wasm,4172,210221,210120,420342,42256
native_to_wasm,4173,210237,208942,419180,42256
native_to_wasm,4174,210133,209612,419746,42256
native_to_wasm,4175,210247,208864,419112,42256
native_to_wasm,4176,210933,208946,419880,42256
native_to_wasm,4177,210517,209612,420130,42256
native_to_wasm,4178,210245,208914,419160,42256
native_to_wasm,4179,212037,208938,420976,42256
native_to_wasm,4180,210249,209308,419558,42256
native_to_wasm,4181,210221,208924,419146,42256
native_to_wasm,4182,210131,209626,419758,42256
native_to_wasm,4183,210239,208862,419102,42256
native_to_wasm,4184,210937,208944,419882,42256
native_to_wasm,4185,210465,209632,420098,42256
native_to_wasm,4186,210221,208932,419154,42256
native_to_wasm,4187,211141,208932,420074,42256
native_to_wasm,4188,210241,210065,420307,42256
native_to_wasm,4189,210236,208944,419181,42256
native_to_wasm,4190,210133,209606,419740,42256
native_to_wasm,4191,210249,208852,419102,42256
native_to_wasm,4192,210913,208920,419834,42256
native_to_wasm,4193,210897,209614,420512,42256
native_to_wasm,4194,210247,208940,419188,42256
native_to_wasm,4195,211141,208934,420076,42256
native_to_wasm,4196,210241,208862,419104,42256
native_to_wasm,4197,211531,208940,420472,42256
native_to_wasm,4198,210125,209632,419758,42256
native_to_wasm,4199,210239,208862,419102,42256
native_to_wasm,4200,210933,208938,419872,42256
native_to_wasm,4201,211333,209606,420940,42256
native_to_wasm,4202,210217,208934,419152,42256
native_to_wasm,4203,211135,208934,420070,42256
native_to_wasm,4204,210241,208862,419104,42256
native_to_wasm,4205,211371,208944,420316,42256
native_to_wasm,4206,210113,209636,419750,42256
native_to_wasm,4207,210241,208864,419106,42256
native_to_wasm,4208,210959,208940,419900,42256
native_to_wasm,4209,210549,209696,420246,42256
native_to_wasm,4210,210247,208950,419198,42256
native_to_wasm,4211,211403,208940,420344,42256
native_to_wasm,4212,210243,208862,419106,42256
native_to_wasm,4213,210937,208938,419876,42256
native_to_wasm,4214,210137,209636,419774,42256
native_to_wasm,4215,210241,208848,419090,42256
native_to_wasm,4216,210913,208934,419848,42256
native_to_wasm,4217,210241,210612,420854,42256
native_to_wasm,4218,210237,208950,419188,42256
native_to_wasm,4219,211133,208932,420066,42256
native_to_wasm,4220,210245,208850,419096,42256
native_to_wasm,4221,210911,208922,419834,42256
native_to_wasm,4222,210121,209636,419758,42256
native_to_wasm,4223,210241,209266,419508,42256
native_to_wasm,4224,210111,208948,419060,42256
native_to_wasm,4225,210131,209606,419738,42256
native_to_wasm,4226,210219,208876,419096,42256
native_to_wasm,4227,210929,208944,419874,42256
native_to_wasm,4228,211329,209606,420936,42256
native_to_wasm,4229,210219,208918,419138,42256
native_to_wasm,4230,211159,208946,420106,42256
native_to_wasm,4231,210241,208864,419106,42256
native_to_wasm,4232,211485,208938,420424,42256
native_to_wasm,4233,210123,209638,419762,42256
native_to_wasm,4234,210221,208830,419052,42256
native_to_wasm,4235,210933,208938,419872,42256
native_to_wasm,4236,211333,209606,420940,42256
native_to_wasm,4237,210217,208934,419152,42256
native_to_wasm,4238,211135,208934,420070,42256
native_to_wasm,4239,210241,208862,419104,42256
native_to_wasm,4240,211371,208944,420316,42256
native_to_wasm,4241,210113,209636,419750,42256
native_to_wasm,4242,210241,208864,419106,42256
native_to_wasm,4243,210959,208940,419900,42256
native_to_wasm,4244,210549,209696,420246,42256
native_to_wasm,4245,210247,208950,419198,42256
native_to_wasm,4246,211403,208940,420344,42256
native_to_wasm,4247,210243,208862,419106,42256
native_to_wasm,4248,210937,208938,419876,42256
native_to_wasm,4249,210137,209636,419774,42256
native_to_wasm,4250,210241,208848,419090,42256
native_to_wasm,4251,210913,208934,419848,42256
native_to_wasm,4252,210241,210612,420854,42256
native_to_wasm,4253,210237,208950,419188,42256
native_to_wasm,4254,211133,208932,420066,42256
native_to_wasm,4255,210245,208850,419096,42256
native_to_wasm,4256,210911,208922,419834,42256
native_to_wasm,4257,210121,209636,419758,42256
native_to_wasm,4258,210241,209266,419508,42256
native_to_wasm,4259,210937,208916,419854,42256
native_to_wasm,4260,210219,210744,420964,42256
native_to_wasm,4261,210225,208918,419144,42256
native_to_wasm,4262,210663,208936,419600,42256
native_to_wasm,4263,210245,208850,419096,42256
native_to_wasm,4264,210911,208944,419856,42256
native_to_wasm,4265,210121,209636,419758,42256
native_to_wasm,4266,210241,209180,419422,42256
native_to_wasm,4267,210939,208938,419878,42256
native_to_wasm,4268,210249,209840,420090,42256
native_to_wasm,4269,210251,208940,419192,42256
native_to_wasm,4270,211377,208916,420294,42256
native_to_wasm,4271,210219,208818,419038,42256
native_to_wasm,4272,210947,208938,419886,42256
native_to_wasm,4273,210133,209606,419740,42256
native_to_wasm,4274,210253,209918,420172,42256
native_to_wasm,4275,210937,208944,419882,42256
native_to_wasm,4276,210235,209842,420078,42256
native_to_wasm,4277,210217,208932,419150,42256
native_to_wasm,4278,210133,209952,420086,42256
native_to_wasm,4279,210217,208856,419074,42256
native_to_wasm,4280,210929,208940,419870,42256
native_to_wasm,4281,210125,209632,419758,42256
native_to_wasm,4282,210233,210032,420266,42256
native_to_wasm,4283,210941,208946,419888,42256
native_to_wasm,4284,210237,209836,420074,42256
native_to_wasm,4285,210235,208948,419184,42256
native_to_wasm,4286,210129,209996,420126,42256
native_to_wasm,4287,210217,208858,419076,42256
native_to_wasm,4288,210927,208940,419868,42256
native_to_wasm,4289,210125,209632,419758,42256
native_to_wasm,4290,210235,209038,419274,42256
native_to_wasm,4291,212507,208938,421446,42256
native_to_wasm,4292,210241,209814,420056,42256
native_to_wasm,4293,210239,208946,419186,42256
native_to_wasm,4294,210131,209606,419738,42256
native_to_wasm,4295,210219,208862,419082,42256
native_to_wasm,4296,210911,208922,419834,42256
native_to_wasm,4297,210121,209636,419758,42256
native_to_wasm,4298,210241,208940,419182,42256
native_to_wasm,4299,212389,208914,421304,42256
native_to_wasm,4300,210221,210120,420342,42256
native_to_wasm,4301,210237,208942,419180,42256
native_to_wasm,4302,210133,209612,419746,42256
native_to_wasm,4303,210247,208864,419112,42256
native_to_wasm,4304,210933,208946,419880,42256
native_to_wasm,4305,210517,209612,420130,42256
native_to_wasm,4306,210245,208914,419160,42256
native_to_wasm,4307,212037,208938,420976,42256
native_to_wasm,4308,210249,209308,419558,42256
native_to_wasm,4309,210221,208924,419146,42256
native_to_wasm,4310,210131,209626,419758,42256
native_to_wasm,4311,210239,208862,419102,42256
native_to_wasm,4312,210937,208944,419882,42256
native_to_wasm,4313,210465,209632,420098,42256
native_to_wasm,4314,210221,208932,419154,42256
native_to_wasm,4315,211141,208932,420074,42256
native_to_wasm,4316,210241,210065,420307,42256
native_to_wasm,4317,210236,208944,419181,42256
native_to_wasm,4318,210133,209606,419740,42256
native_to_wasm,4319,210249,208852,419102,42256
native_to_wasm,4320,210913,208920,419834,42256
native_to_wasm,4321,210897,209614,420512,42256
native_to_wasm,4322,210247,208940,419188,42256
native_to_wasm,4323,211141,208934,420076,42256
native_to_wasm,4324,210241,208862,419104,42256
native_to_wasm,4325,211531,208940,420472,42256
native_to_wasm,4326,210125,209632,419758,42256
native_to_wasm,4327,210239,208862,419102,42256
native_to_wasm,4328,210933,208938,419872,42256
native_to_wasm,4329,211333,209606,420940,42256
native_to_wasm,4330,210217,208934,419152,42256
native_to_wasm,4331,211135,208934,420070,42256
native_to_wasm,4332,210241,208862,419104,42256
native_to_wasm,4333,211371,208944,420316,42256
native_to_wasm,4334,210113,209636,419750,42256
native_to_wasm,4335,210241,208864,419106,42256
native_to_wasm,4336,210959,208940,419900,42256
native_to_wasm,4337,210549,209696,420246,42256
native_to_wasm,4338,210247,208950,419198,42256
native_to_wasm,4339,211403,208940,420344,42256
native_to_wasm,4340,210243,208862,419106,42256
native_to_wasm,4341,210937,208938,419876,42256
native_to_wasm,4342,210137,209636,419774,42256
native_to_wasm,4343,210241,208848,419090,42256
native_to_wasm,4344,210913,208934,419848,42256
native_to_wasm,4345,210241,210612,420854,42256
native_to_wasm,4346,210237,208950,419188,42256
native_to_wasm,4347,211133,208932,420066,42256
native_to_wasm,4348,210245,208850,419096,42256
native_to_wasm,4349,210911,208922,419834,42256
native_to_wasm,4350,210121,209636,419758,42256
native_to_wasm,4351,210241,209266,419508,42256
native_to_wasm,4352,210111,208948,419060,42256
native_to_wasm,4353,210131,209606,419738,42256
native_to_wasm,4354,210219,208876,419096,42256
native_to_wasm,4355,210929,208944,419874,42256
native_to_wasm,4356,211329,209606,420936,42256
native_to_wasm,4357,210219,208918,419138,42256
native_to_wasm,4358,211159,208946,420106,42256
native_to_wasm,4359,210241,208864,419106,42256
native_to_wasm,4360,211485,208938,420424,42256
native_to_wasm,4361,210123,209638,419762,42256
native_to_wasm,4362,210221,208830,419052,42256
native_to_wasm,4363,210933,208938,419872,42256
native_to_wasm,4364,211333,209606,420940,42256
native_to_wasm,4365,210217,208934,419152,42256
native_to_wasm,4366,211135,208934,420070,42256
native_to_wasm,4367,210241,208862,419104,42256
native_to_wasm,4368,211371,208944,420316,42256
native_to_wasm,4369,210113,209636,419750,42256
native_to_wasm,4370,210241,208864,419106,42256
native_to_wasm,4371,210959,208940,419900,42256
native_to_wasm,4372,210549,209696,420246,42256
native_to_wasm,4373,210247,208950,419198,42256
native_to_wasm,4374,211403,208940,420344,42256
native_to_wasm,4375,210243,208862,419106,42256
native_to_wasm,4376,210937,208938,419876,42256
native_to_wasm,4377,210137,209636,419774,42256
native_to_wasm,4378,210241,208848,419090,42256
native_to_wasm,4379,210913,208934,419848,42256
native_to_wasm,4380,210241,210612,420854,42256
native_to_wasm,4381,210237,208950,419188,42256
native_to_wasm,4382,211133,208932,420066,42256
native_to_wasm,4383,210245,208850,419096,42256
native_to_wasm,4384,210911,208922,419834,42256
native_to_wasm,4385,210121,209636,419758,42256
native_to_wasm,4386,210241,209266,419508,42256
native_to_wasm,4387,210937,208916,419854,42256
native_to_wasm,4388,210219,210744,420964,42256
native_to_wasm,4389,210225,208918,419144,42256
native_to_wasm,4390,210663,208936,419600,42256
native_to_wasm,4391,210245,208850,419096,42256
native_to_wasm,4392,210911,208944,419856,42256
native_to_wasm,4393,210121,209636,419758,42256
native_to_wasm,4394,210241,209180,419422,42256
native_to_wasm,4395,210939,208938,419878,42256
native_to_wasm,4396,210249,209840,420090,42256
native_to_wasm,4397,210251,208940,419192,42256
native_to_wasm,4398,211377,208916,420294,42256
native_to_wasm,4399,210219,208818,419038,42256
native_to_wasm,4400,210947,208938,419886,42256
native_to_wasm,4401,210133,209606,419740,42256
native_to_wasm,4402,210253,209918,420172,42256
native_to_wasm,4403,210937,208944,419882,42256
native_to_wasm,4404,210235,209842,420078,42256
native_to_wasm,4405,210217,208932,419150,42256
native_to_wasm,4406,210133,209952,420086,42256
native_to_wasm,4407,210217,208856,419074,42256
native_to_wasm,4408,210929,208940,419870,42256
native_to_wasm,4409,210125,209632,419758,42256
native_to_wasm,4410,210233,210032,420266,42256
native_to_wasm,4411,210941,208946,419888,42256
native_to_wasm,4412,210237,209836,420074,42256
native_to_wasm,4413,210235,208948,419184,42256
native_to_wasm,4414,210129,209996,420126,42256
native_to_wasm,4415,210217,208858,419076,42256
native_to_wasm,4416,210927,208940,419868,42256
native_to_wasm,4417,210125,209632,419758,42256
native_to_wasm,4418,210235,209038,419274,42256
native_to_wasm,4419,212507,208938,421446,42256
native_to_wasm,4420,210241,209814,420056,42256
native_to_wasm,4421,210239,208946,419186,42256
native_to_wasm,4422,210131,209606,419738,42256
native_to_wasm,4423,210219,208862,419082,42256
native_to_wasm,4424,210911,208922,419834,42256
native_to_wasm,4425,210121,209636,419758,42256
native_to_wasm,4426,210241,208940,419182,42256
native_to_wasm,4427,212389,208914,421304,42256
native_to_wasm,4428,210221,210120,420342,42256
native_to_wasm,4429,210237,208942,419180,42256
native_to_wasm,4430,210133,209612,419746,42256
native_to_wasm,4431,210247,208864,419112,42256
native_to_wasm,4432,210933,208946,419880,42256
native_to_wasm,4433,210517,209612,420130,42256
native_to_wasm,4434,210245,208914,419160,42256
native_to_wasm,4435,212037,208938,420976,42256
native_to_wasm,4436,210249,209308,419558,42256
native_to_wasm,4437,210221,208924,419146,42256
native_to_wasm,4438,210131,209626,419758,42256
native_to_wasm,4439,210239,208862,419102,42256
native_to_wasm,4440,210937,208944,419882,42256
native_to_wasm,4441,210465,209632,420098,42256
native_to_wasm,4442,210221,208932,419154,42256
native_to_wasm,4443,211141,208932,420074,42256
native_to_wasm,4444,210241,210065,420307,42256
native_to_wasm,4445,210236,208944,419181,42256
native_to_wasm,4446,210133,209606,419740,42256
native_to_wasm,4447,210249,208852,419102,42256
native_to_wasm,4448,210913,208920,419834,42256
native_to_wasm,4449,210897,209614,420512,42256
native_to_wasm,4450,210247,208940,419188,42256
native_to_wasm,4451,211141,208934,420076,42256
native_to_wasm,4452,210241,208862,419104,42256
native_to_wasm,4453,211531,208940,420472,42256
native_to_wasm,4454,210125,209632,419758,42256
native_to_wasm,4455,210239,208862,419102,42256
native_to_wasm,4456,210933,208938,419872,42256
native_to_wasm,4457,211333,209606,420940,42256
native_to_wasm,4458,210217,208934,419152,42256
native_to_wasm,4459,211135,208934,420070,42256
native_to_wasm,4460,210241,208862,419104,42256
native_to_wasm,4461,211371,208944,420316,42256
native_to_wasm,4462,210113,209636,419750,42256
native_to_wasm,4463,210241,208864,419106,42256
native_to_wasm,4464,210959,208940,419900,42256
native_to_wasm,4465,210549,209696,420246,42256
native_to_wasm,4466,210247,208950,419198,42256
native_to_wasm,4467,211403,208940,420344,42256
native_to_wasm,4468,210243,208862,419106,42256
native_to_wasm,4469,210937,208938,419876,42256
native_to_wasm,4470,210137,209636,419774,42256
native_to_wasm,4471,210241,208848,419090,42256
native_to_wasm,4472,210913,208934,419848,42256
native_to_wasm,4473,210241,210612,420854,42256
native_to_wasm,4474,210237,208950,419188,42256
native_to_wasm,4475,211133,208932,420066,42256
native_to_wasm,4476,210245,208850,419096,42256
native_to_wasm,4477,210911,208922,419834,42256
native_to_wasm,4478,210121,209636,419758,42256
native_to_wasm,4479,210241,209266,419508,42256
native_to_wasm,4480,210111,208948,419060,42256
native_to_wasm,4481,210131,209606,419738,42256
native_to_wasm,4482,210219,208876,419096,42256
native_to_wasm,4483,210929,208944,419874,42256
native_to_wasm,4484,211329,209606,420936,42256
native_to_wasm,4485,210219,208918,419138,42256
native_to_wasm,4486,211159,208946,420106,42256
native_to_wasm,4487,210241,208864,419106,42256
native_to_wasm,4488,211485,208938,420424,42256
native_to_wasm,4489,210123,209638,419762,42256
native_to_wasm,4490,210221,208830,419052,42256
native_to_wasm,4491,210933,208938,419872,42256
native_to_wasm,4492,211333,209606,420940,42256
native_to_wasm,4493,210217,208934,419152,42256
native_to_wasm,4494,211135,208934,420070,42256
native_to_wasm,4495,210241,208862,419104,42256
native_to_wasm,4496,211371,208944,420316,42256
native_to_wasm,4497,210113,209636,419750,42256
native_to_wasm,4498,210241,208864,419106,42256
native_to_wasm,4499,210959,208940,419900,42256
native_to_wasm,4500,210549,209696,420246,42256
native_to_wasm,4501,210247,208950,419198,42256
native_to_wasm,4502,211403,208940,420344,42256
native_to_wasm,4503,210243,208862,419106,42256
native_to_wasm,4504,210937,208938,419876,42256
native_to_wasm,4505,210137,209636,419774,42256
native_to_wasm,4506,210241,208848,419090,42256
native_to_wasm,4507,210913,208934,419848,42256
native_to_wasm,4508,210241,210612,420854,42256
native_to_wasm,4509,210237,208950,419188,42256
native_to_wasm,4510,211133,208932,420066,42256
native_to_wasm,4511,210245,208850,419096,42256
native_to_wasm,4512,210911,208922,419834,42256
native_to_wasm,4513,210121,209636,419758,42256
native_to_wasm,4514,210241,209266,419508,42256
native_to_wasm,4515,210937,208916,419854,42256
native_to_wasm,4516,210219,210744,420964,42256
native_to_wasm,4517,210225,208918,419144,42256
native_to_wasm,4518,210663,208936,419600,42256
native_to_wasm,4519,210245,208850,419096,42256
native_to_wasm,4520,210911,208944,419856,42256
native_to_wasm,4521,210121,209636,419758,42256
native_to_wasm,4522,210241,209180,419422,42256
native_to_wasm,4523,210939,208938,419878,42256
native_to_wasm,4524,210249,209840,420090,42256
native_to_wasm,4525,210251,208940,419192,42256
native_to_wasm,4526,211377,208916,420294,42256
native_to_wasm,4527,210219,208818,419038,42256
native_to_wasm,4528,210947,208938,419886,42256
native_to_wasm,4529,210133,209606,419740,42256
native_to_wasm,4530,210253,209918,420172,42256
native_to_wasm,4531,210937,208944,419882,42256
native_to_wasm,4532,210235,209842,420078,42256
native_to_wasm,4533,210217,208932,419150,42256
native_to_wasm,4534,210133,209952,420086,42256
native_to_wasm,4535,210217,208856,419074,42256
native_to_wasm,4536,210929,208940,419870,42256
native_to_wasm,4537,210125,209632,419758,42256
native_to_wasm,4538,210233,210032,420266,42256
native_to_wasm,4539,210941,208946,419888,42256
native_to_wasm,4540,210237,209836,420074,42256
native_to_wasm,4541,210235,208948,419184,42256
native_to_wasm,4542,210129,209996,420126,42256
native_to_wasm,4543,210217,208858,419076,42256
native_to_wasm,4544,210927,208940,419868,42256
native_to_wasm,4545,210125,209632,419758,42256
native_to_wasm,4546,210235,209038,419274,42256
native_to_wasm,4547,212507,208938,421446,42256
native_to_wasm,4548,210241,209814,420056,42256
native_to_wasm,4549,210239,208946,419186,42256
native_to_wasm,4550,210131,209606,419738,42256
native_to_wasm,4551,210219,208862,419082,42256
native_to_wasm,4552,210911,208922,419834,42256
native_to_wasm,4553,210121,209636,419758,42256
native_to_wasm,4554,210241,208940,419182,42256
native_to_wasm,4555,212389,208914,421304,42256
native_to_wasm,4556,210221,210120,420342,42256
native_to_wasm,4557,210237,208942,419180,42256
native_to_wasm,4558,210133,209612,419746,42256
native_to_wasm,4559,210247,208864,419112,42256
native_to_wasm,4560,210933,208946,419880,42256
native_to_wasm,4561,210517,209612,420130,42256
native_to_wasm,4562,210245,208914,419160,42256
native_to_wasm,4563,212037,208938,420976,42256
native_to_wasm,4564,210249,209308,419558,42256
native_to_wasm,4565,210221,208924,419146,42256
native_to_wasm,4566,210131,209626,419758,42256
native_to_wasm,4567,210239,208862,419102,42256
native_to_wasm,4568,210937,208944,419882,42256
native_to_wasm,4569,210465,209632,420098,42256
native_to_wasm,4570,210221,208932,419154,42256
native_to_wasm,4571,211141,208932,420074,42256
native_to_wasm,4572,210241,210065,420307,42256
native_to_wasm,4573,210236,208944,419181,42256
native_to_wasm,4574,210133,209606,419740,42256
native_to_wasm,4575,210249,208852,419102,42256
native_to_wasm,4576,210913,208920,419834,42256
native_to_wasm,4577,210897,209614,420512,42256
native_to_wasm,4578,210247,208940,419188,42256
native_to_wasm,4579,211141,208934,420076,42256
native_to_wasm,4580,210241,208862,419104,42256
native_to_wasm,4581,211531,208940,420472,42256
native_to_wasm,4582,210125,209632,419758,42256
native_to_wasm,4583,210239,208862,419102,42256
native_to_wasm,4584,210933,208938,419872,42256
native_to_wasm,4585,211333,209606,420940,42256
native_to_wasm,4586,210217,208934,419152,42256
native_to_wasm,4587,211135,208934,420070,42256
native_to_wasm,4588,210241,208862,419104,42256
native_to_wasm,4589,211371,208944,420316,42256
native_to_wasm,4590,210113,209636,419750,42256
native_to_wasm,4591,210241,208864,419106,42256
native_to_wasm,4592,210959,208940,419900,42256
native_to_wasm,4593,210549,209696,420246,42256
native_to_wasm,4594,210247,208950,419198,42256
native_to_wasm,4595,211403,208940,420344,42256
native_to_wasm,4596,210243,208862,419106,42256
native_to_wasm,4597,210937,208938,419876,42256
native_to_wasm,4598,210137,209636,419774,42256
native_to_wasm,4599,210241,208848,419090,42256
native_to_wasm,4600,210913,208934,419848,42256
native_to_wasm,4601,210241,210612,420854,42256
native_to_wasm,4602,210237,208950,419188,42256
native_to_wasm,4603,211133,208932,420066,42256
native_to_wasm,4604,210245,208850,419096,42256
native_to_wasm,4605,210911,208922,419834,42256
native_to_wasm,4606,210121,209636,419758,42256
native_to_wasm,4607,210241,209266,419508,42256
native_to_wasm,4608,210111,208948,419060,42256
native_to_wasm,4609,210131,209606,419738,42256
native_to_wasm,4610,210219,208876,419096,42256
native_to_wasm,4611,210929,208944,419874,42256
native_to_wasm,4612,211329,209606,420936,42256
native_to_wasm,4613,210219,208918,419138,42256
native_to_wasm,4614,211159,208946,420106,42256
native_to_wasm,4615,210241,208864,419106,42256
native_to_wasm,4616,211485,208938,420424,42256
native_to_wasm,4617,210123,209638,419762,42256
native_to_wasm,4618,210221,208830,419052,42256
native_to_wasm,4619,210933,208938,419872,42256
native_to_wasm,4620,211333,209606,420940,42256
native_to_wasm,4621,210217,208934,419152,42256
native_to_wasm,4622,211135,208934,420070,42256
native_to_wasm,4623,210241,208862,419104,42256
native_to_wasm,4624,211371,208944,420316,42256
native_to_wasm,4625,210113,209636,419750,42256
native_to_wasm,4626,210241,208864,419106,42256
native_to_wasm,4627,210959,208940,419900,42256
native_to_wasm,4628,210549,209696,420246,42256
native_to_wasm,4629,210247,208950,419198,42256
native_to_wasm,4630,211403,208940,420344,42256
native_to_wasm,4631,210243,208862,419106,42256
native_to_wasm,4632,210937,208938,419876,42256
native_to_wasm,4633,210137,209636,419774,42256
native_to_wasm,4634,210241,208848,419090,42256
native_to_wasm,4635,210913,208934,419848,42256
native_to_wasm,4636,210241,210612,420854,42256
native_to_wasm,4637,210237,208950,419188,42256
native_to_wasm,4638,211133,208932,420066,42256
native_to_wasm,4639,210245,208850,419096,42256
native_to_wasm,4640,210911,208922,419834,42256
native_to_wasm,4641,210121,209636,419758,42256
native_to_wasm,4642,210241,209266,419508,42256
native_to_wasm,4643,210937,208916,419854,42256
native_to_wasm,4644,210219,210744,420964,42256
native_to_wasm,4645,210225,208918,419144,42256
native_to_wasm,4646,210663,208936,419600,42256
native_to_wasm,4647,210245,208850,419096,42256
native_to_wasm,4648,210911,208944,419856,42256
native_to_wasm,4649,210121,209636,419758,42256
native_to_wasm,4650,210241,209180,419422,42256
native_to_wasm,4651,210939,208938,419878,42256
native_to_wasm,4652,210249,209840,420090,42256
native_to_wasm,4653,210251,208940,419192,42256
native_to_wasm,4654,211377,208916,420294,42256
native_to_wasm,4655,210219,208818,419038,42256
native_to_wasm,4656,210947,208938,419886,42256
native_to_wasm,4657,210133,209606,419740,42256
native_to_wasm,4658,210253,209918,420172,42256
native_to_wasm,4659,210937,208944,419882,42256
native_to_wasm,4660,210235,209842,420078,42256
native_to_wasm,4661,210217,208932,419150,42256
native_to_wasm,4662,210133,209952,420086,42256
native_to_wasm,4663,210217,208856,419074,42256
native_to_wasm,4664,210929,208940,419870,42256
native_to_wasm,4665,210125,209632,419758,42256
native_to_wasm,4666,210233,210032,420266,42256
native_to_wasm,4667,210941,208946,419888,42256
native_to_wasm,4668,210237,209836,420074,42256
native_to_wasm,4669,210235,208948,419184,42256
native_to_wasm,4670,210129,209996,420126,42256
native_to_wasm,4671,210217,208858,419076,42256
native_to_wasm,4672,210927,208940,419868,42256
native_to_wasm,4673,210125,209632,419758,42256
native_to_wasm,4674,210235,209038,419274,42256
native_to_wasm,4675,212507,208938,421446,42256
native_to_wasm,4676,210241,209814,420056,42256
native_to_wasm,4677,210239,208946,419186,42256
native_to_wasm,4678,210131,209606,419738,42256
native_to_wasm,4679,210219,208862,419082,42256
native_to_wasm,4680,210911,208922,419834,42256
native_to_wasm,4681,210121,209636,419758,42256
native_to_wasm,4682,210241,208940,419182,42256
native_to_wasm,4683,212389,208914,421304,42256
native_to_wasm,4684,210221,210120,420342,42256
native_to_wasm,4685,210237,208942,419180,42256
native_to_wasm,4686,210133,209612,419746,42256
native_to_wasm,4687,210247,208864,419112,42256
native_to_wasm,4688,210933,208946,419880,42256
native_to_wasm,4689,210517,209612,420130,42256
native_to_wasm,4690,210245,208914,419160,42256
native_to_wasm,4691,212037,208938,420976,42256
native_to_wasm,4692,210249,209308,419558,42256
native_to_wasm,4693,210221,208924,419146,42256
native_to_wasm,4694,210131,209626,419758,42256
native_to_wasm,4695,210239,208862,419102,42256
native_to_wasm,4696,210937,208944,419882,42256
native_to_wasm,4697,210465,209632,420098,42256
native_to_wasm,4698,210221,208932,419154,42256
native_to_wasm,4699,211141,208932,420074,42256
native_to_wasm,4700,210241,210065,420307,42256
native_to_wasm,4701,210236,208944,419181,42256
native_to_wasm,4702,210133,209606,419740,42256
native_to_wasm,4703,210249,208852,419102,42256
native_to_wasm,4704,210913,208920,419834,42256
native_to_wasm,4705,210897,209614,420512,42256
native_to_wasm,4706,210247,208940,419188,42256
native_to_wasm,4707,211141,208934,420076,42256
native_to_wasm,4708,210241,208862,419104,42256
native_to_wasm,4709,211531,208940,420472,42256
native_to_wasm,4710,210125,209632,419758,42256
native_to_wasm,4711,210239,208862,419102,42256
native_to_wasm,4712,210933,208938,419872,42256
native_to_wasm,4713,211333,209606,420940,42256
native_to_wasm,4714,210217,208934,419152,42256
native_to_wasm,4715,211135,208934,420070,42256
native_to_wasm,4716,210241,208862,419104,42256
native_to_wasm,4717,211371,208944,420316,42256
native_to_wasm,4718,210113,209636,419750,42256
native_to_wasm,4719,210241,208864,419106,42256
native_to_wasm,4720,210959,208940,419900,42256
native_to_wasm,4721,210549,209696,420246,42256
native_to_wasm,4722,210247,208950,419198,42256
native_to_wasm,4723,211403,208940,420344,42256
native_to_wasm,4724,210243,208862,419106,42256
native_to_wasm,4725,210937,208938,419876,42256
native_to_wasm,4726,210137,209636,419774,42256
native_to_wasm,4727,210241,208848,419090,42256
native_to_wasm,4728,210913,208934,419848,42256
native_to_wasm,4729,210241,210612,420854,42256
native_to_wasm,4730,210237,208950,419188,42256
native_to_wasm,4731,211133,208932,420066,42256
native_to_wasm,4732,210245,208850,419096,42256
native_to_wasm,4733,210911,208922,419834,42256
native_to_wasm,4734,210121,209636,419758,42256
native_to_wasm,4735,210241,209266,419508,42256
native_to_wasm,4736,210111,208948,419060,42256
native_to_wasm,4737,210131,209606,419738,42256
native_to_wasm,4738,210219,208876,419096,42256
native_to_wasm,4739,210929,208944,419874,42256
native_to_wasm,4740,211329,209606,420936,42256
native_to_wasm,4741,210219,208918,419138,42256
native_to_wasm,4742,211159,208946,420106,42256
native_to_wasm,4743,210241,208864,419106,42256
native_to_wasm,4744,211485,208938,420424,42256
native_to_wasm,4745,210123,209638,419762,42256
native_to_wasm,4746,210221,208830,419052,42256
native_to_wasm,4747,210933,208938,419872,42256
native_to_wasm,4748,211333,209606,420940,42256
native_to_wasm,4749,210217,208934,419152,42256
native_to_wasm,4750,211135,208934,420070,42256
native_to_wasm,4751,210241,208862,419104,42256
native_to_wasm,4752,211371,208944,420316,42256
native_to_wasm,4753,210113,209636,419750,42256
native_to_wasm,4754,210241,208864,419106,42256
native_to_wasm,4755,210959,208940,419900,42256
native_to_wasm,4756,210549,209696,420246,42256
native_to_wasm,4757,210247,208950,419198,42256
native_to_wasm,4758,211403,208940,420344,42256
native_to_wasm,4759,210243,208862,419106,42256
native_to_wasm,4760,210937,208938,419876,42256
native_to_wasm,4761,210137,209636,419774,42256
native_to_wasm,4762,210241,208848,419090,42256
native_to_wasm,4763,210913,208934,419848,42256
native_to_wasm,4764,210241,210612,420854,42256
native_to_wasm,4765,210237,208950,419188,42256
native_to_wasm,4766,211133,208932,420066,42256
native_to_wasm,4767,210245,208850,419096,42256
native_to_wasm,4768,210911,208922,419834,42256
native_to_wasm,4769,210121,209636,419758,42256
native_to_wasm,4770,210241,209266,419508,42256
native_to_wasm,4771,210937,208916,419854,42256
native_to_wasm,4772,210219,210744,420964,42256
native_to_wasm,4773,210225,208918,419144,42256
native_to_wasm,4774,210663,208936,419600,42256
native_to_wasm,4775,210245,208850,419096,42256
native_to_wasm,4776,210911,208944,419856,42256
native_to_wasm,4777,210121,209636,419758,42256
native_to_wasm,4778,210241,209180,419422,42256
native_to_wasm,4779,210939,208938,419878,42256
native_to_wasm,4780,210249,209840,420090,42256
native_to_wasm,4781,210251,208940,419192,42256
native_to_wasm,4782,211377,208916,420294,42256
native_to_wasm,4783,210219,208818,419038,42256
native_to_wasm,4784,210947,208938,419886,42256
native_to_wasm,4785,210133,209606,419740,42256
native_to_wasm,4786,210253,209918,420172,42256
native_to_wasm,4787,210937,208944,419882,42256
native_to_wasm,4788,210235,209842,420078,42256
native_to_wasm,4789,210217,208932,419150,42256
native_to_wasm,4790,210133,209952,420086,42256
native_to_wasm,4791,210217,208856,419074,42256
native_to_wasm,4792,210929,208940,419870,42256
native_to_wasm,4793,210125,209632,419758,42256
native_to_wasm,4794,210233,210032,420266,42256
native_to_wasm,4795,210941,208946,419888,42256
native_to_wasm,4796,210237,209836,420074,42256
native_to_wasm,4797,210235,208948,419184,42256
native_to_wasm,4798,210129,209996,420126,42256
native_to_wasm,4799,210217,208858,419076,42256
native_to_wasm,4800,210927,208940,419868,42256
native_to_wasm,4801,210125,209632,419758,42256
native_to_wasm,4802,210235,209038,419274,42256
native_to_wasm,4803,212507,208938,421446,42256
native_to_wasm,4804,210241,209814,420056,42256
native_to_wasm,4805,210239,208946,419186,42256
native_to_wasm,4806,210131,209606,419738,42256
native_to_wasm,4807,210219,208862,419082,42256
native_to_wasm,4808,210911,208922,419834,42256
native_to_wasm,4809,210121,209636,419758,42256
native_to_wasm,4810,210241,208940,419182,42256
native_to_wasm,4811,212389,208914,421304,42256
native_to_wasm,4812,210221,210120,420342,42256
native_to_wasm,4813,210237,208942,419180,42256
native_to_wasm,4814,210133,209612,419746,42256
native_to_wasm,4815,210247,208864,419112,42256
native_to_wasm,4816,210933,208946,419880,42256
native_to_wasm,4817,210517,209612,420130,42256
native_to_wasm,4818,210245,208914,419160,42256
native_to_wasm,4819,212037,208938,420976,42256
native_to_wasm,4820,210249,209308,419558,42256
native_to_wasm,4821,210221,208924,419146,42256
native_to_wasm,4822,210131,209626,419758,42256
native_to_wasm,4823,210239,208862,419102,42256
native_to_wasm,4824,210937,208944,419882,42256
native_to_wasm,4825,210465,209632,420098,42256
native_to_wasm,4826,210221,208932,419154,42256
native_to_wasm,4827,211141,208932,420074,42256
native_to_wasm,4828,210241,210065,420307,42256
native_to_wasm,4829,210236,208944,419181,42256
native_to_wasm,4830,210133,209606,419740,42256
native_to_wasm,4831,210249,208852,419102,42256
native_to_wasm,4832,210913,208920,419834,42256
native_to_wasm,4833,210897,209614,420512,42256
native_to_wasm,4834,210247,208940,419188,42256
native_to_wasm,4835,211141,208934,420076,42256
native_to_wasm,4836,210241,208862,419104,42256
native_to_wasm,4837,211531,208940,420472,42256
native_to_wasm,4838,210125,209632,419758,42256
native_to_wasm,4839,210239,208862,419102,42256
native_to_wasm,4840,210933,208938,419872,42256
native_to_wasm,4841,211333,209606,420940,42256
native_to_wasm,4842,210217,208934,419152,42256
native_to_wasm,4843,211135,208934,420070,42256
native_to_wasm,4844,210241,208862,419104,42256
native_to_wasm,4845,211371,208944,420316,42256
native_to_wasm,4846,210113,209636,419750,42256
native_to_wasm,4847,210241,208864,419106,42256
native_to_wasm,4848,210959,208940,419900,42256
native_to_wasm,4849,210549,209696,420246,42256
native_to_wasm,4850,210247,208950,419198,42256
native_to_wasm,4851,211403,208940,420344,42256
native_to_wasm,4852,210243,208862,419106,42256
native_to_wasm,4853,210937,208938,419876,42256
native_to_wasm,4854,210137,209636,419774,42256
native_to_wasm,4855,210241,208848,419090,42256
native_to_wasm,4856,210913,208934,419848,42256
native_to_wasm,4857,210241,210612,420854,42256
native_to_wasm,4858,210237,208950,419188,42256
native_to_wasm,4859,211133,208932,420066,42256
native_to_wasm,4860,210245,208850,419096,42256
native_to_wasm,4861,210911,208922,419834,42256
native_to_wasm,4862,210121,209636,419758,42256
native_to_wasm,4863,210241,209266,419508,42256
native_to_wasm,4864,210111,208948,419060,42256
native_to_wasm,4865,210131,209606,419738,42256
native_to_wasm,4866,210219,208876,419096,42256
native_to_wasm,4867,210929,208944,419874,42256
native_to_wasm,4868,211329,209606,420936,42256
native_to_wasm,4869,210219,208918,419138,42256
native_to_wasm,4870,211159,208946,420106,42256
native_to_wasm,4871,210241,208864,419106,42256
native_to_wasm,4872,211485,208938,420424,42256
native_to_wasm,4873,210123,209638,419762,42256
native_to_wasm,4874,210221,208830,419052,42256
native_to_wasm,4875,210933,208938,419872,42256
native_to_wasm,4876,211333,209606,420940,42256
native_to_wasm,4877,210217,208934,419152,42256
native_to_wasm,4878,211135,208934,420070,42256
native_to_wasm,4879,210241,208862,419104,42256
native_to_wasm,4880,211371,208944,420316,42256
native_to_wasm,4881,210113,209636,419750,42256
native_to_wasm,4882,210241,208864,419106,42256
native_to_wasm,4883,210959,208940,419900,42256
native_to_wasm,4884,210549,209696,420246,42256
native_to_wasm,4885,210247,208950,419198,42256
native_to_wasm,4886,211403,208940,420344,42256
native_to_wasm,4887,210243,208862,419106,42256
native_to_wasm,4888,210937,208938,419876,42256
native_to_wasm,4889,210137,209636,419774,42256
native_to_wasm,4890,210241,208848,419090,42256
native_to_wasm,4891,210913,208934,419848,42256
native_to_wasm,4892,210241,210612,420854,42256
native_to_wasm,4893,210237,208950,419188,42256
native_to_wasm,4894,211133,208932,420066,42256
native_to_wasm,4895,210245,208850,419096,42256
native_to_wasm,4896,210911,208922,419834,42256
native_to_wasm,4897,210121,209636,419758,42256
native_to_wasm,4898,210241,209266,419508,42256
native_to_wasm,4899,210937,208916,419854,42256
native_to_wasm,4900,210219,210744,420964,42256
native_to_wasm,4901,210225,208918,419144,42256
native_to_wasm,4902,210663,208936,419600,42256
native_to_wasm,4903,210245,208850,419096,42256
native_to_wasm,4904,210911,208944,419856,42256
native_to_wasm,4905,210121,209636,419758,42256
native_to_wasm,4906,210241,209180,419422,42256
native_to_wasm,4907,210939,208938,419878,42256
native_to_wasm,4908,210249,209840,420090,42256
native_to_wasm,4909,210251,208940,419192,42256
native_to_wasm,4910,211377,208916,420294,42256
native_to_wasm,4911,210219,208818,419038,42256
native_to_wasm,4912,210947,208938,419886,42256
native_to_wasm,4913,210133,209606,419740,42256
native_to_wasm,4914,210253,209918,420172,42256
native_to_wasm,4915,210937,208944,419882,42256
native_to_wasm,4916,210235,209842,420078,42256
native_to_wasm,4917,210217,208932,419150,42256
native_to_wasm,4918,210133,209952,420086,42256
native_to_wasm,4919,210217,208856,419074,42256
native_to_wasm,4920,210929,208940,419870,42256
native_to_wasm,4921,210125,209632,419758,42256
native_to_wasm,4922,210233,210032,420266,42256
native_to_wasm,4923,210941,208946,419888,42256
native_to_wasm,4924,210237,209836,420074,42256
native_to_wasm,4925,210235,208948,419184,42256
native_to_wasm,4926,210129,209996,420126,42256
native_to_wasm,4927,210217,208858,419076,42256
native_to_wasm,4928,210927,208940,419868,42256
native_to_wasm,4929,210125,209632,419758,42256
native_to_wasm,4930,210235,209038,419274,42256
native_to_wasm,4931,212507,208938,421446,42256
native_to_wasm,4932,210241,209814,420056,42256
native_to_wasm,4933,210239,208946,419186,42256
native_to_wasm,4934,210131,209606,419738,42256
native_to_wasm,4935,210219,208862,419082,42256
native_to_wasm,4936,210911,208922,419834,42256
native_to_wasm,4937,210121,209636,419758,42256
native_to_wasm,4938,210241,208940,419182,42256
native_to_wasm,4939,212389,208914,421304,42256
native_to_wasm,4940,210221,210120,420342,42256
native_to_wasm,4941,210237,208942,419180,42256
native_to_wasm,4942,210133,209612,419746,42256
native_to_wasm,4943,210247,208864,419112,42256
native_to_wasm,4944,210933,208946,419880,42256
native_to_wasm,4945,210517,209612,420130,42256
native_to_wasm,4946,210245,208914,419160,42256
native_to_wasm,4947,212037,208938,420976,42256
native_to_wasm,4948,210249,209308,419558,42256
native_to_wasm,4949,210221,208924,419146,42256
native_to_wasm,4950,210131,209626,419758,42256
native_to_wasm,4951,210239,208862,419102,42256
native_to_wasm,4952,210937,208944,419882,42256
native_to_wasm,4953,210465,209632,420098,42256
native_to_wasm,4954,210221,208932,419154,42256
native_to_wasm,4955,211141,208932,420074,42256
native_to_wasm,4956,210241,210065,420307,42256
native_to_wasm,4957,210236,208944,419181,42256
native_to_wasm,4958,210133,209606,419740,42256
native_to_wasm,4959,210249,208852,419102,42256
native_to_wasm,4960,210913,208920,419834,42256
native_to_wasm,4961,210897,209614,420512,42256
native_to_wasm,4962,210247,208940,419188,42256
native_to_wasm,4963,211141,208934,420076,42256
native_to_wasm,4964,210241,208862,419104,42256
native_to_wasm,4965,211531,208940,420472,42256
native_to_wasm,4966,210125,209632,419758,42256
native_to_wasm,4967,210239,208862,419102,42256
native_to_wasm,4968,210933,208938,419872,42256
native_to_wasm,4969,211333,209606,420940,42256
native_to_wasm,4970,210217,208934,419152,42256
native_to_wasm,4971,211135,208934,420070,42256
native_to_wasm,4972,210241,208862,419104,42256
native_to_wasm,4973,211371,208944,420316,42256
native_to_wasm,4974,210113,209636,419750,42256
native_to_wasm,4975,210241,208864,419106,42256
native_to_wasm,4976,210959,208940,419900,42256
native_to_wasm,4977,210549,209696,420246,42256
native_to_wasm,4978,210247,208950,419198,42256
native_to_wasm,4979,211403,208940,420344,42256
native_to_wasm,4980,210243,208862,419106,42256
native_to_wasm,4981,210937,208938,419876,42256
native_to_wasm,4982,210137,209636,419774,42256
native_to_wasm,4983,210241,208848,419090,42256
native_to_wasm,4984,210913,208934,419848,42256
native_to_wasm,4985,210241,210612,420854,42256
native_to_wasm,4986,210237,208950,419188,42256
native_to_wasm,4987,211133,208932,420066,42256
native_to_wasm,4988,210245,208850,419096,42256
native_to_wasm,4989,210911,208922,419834,42256
native_to_wasm,4990,210121,209636,419758,42256
native_to_wasm,4991,210241,209266,419508,42256
native_to_wasm,4992,210111,208948,419060,42256
native_to_wasm,4993,210131,209606,419738,42256
native_to_wasm,4994,210219,208876,419096,42256
native_to_wasm,4995,210929,208944,419874,42256
native_to_wasm,4996,211329,209606,420936,42256
native_to_wasm,4997,210219,208918,419138,42256
native_to_wasm,4998,211159,208946,420106,42256
native_to_wasm,4999,210241,208864,419106,42256
native_to_wasm,5000,211485,208938,420424,42256
native_to_wasm,5001,210123,209638,419762,42256
native_to_wasm,5002,210221,208830,419052,42256
native_to_wasm,5003,210933,208938,419872,42256
native_to_wasm,5004,211333,209606,420940,42256
native_to_wasm,5005,210217,208934,419152,42256
native_to_wasm,5006,211135,208934,420070,42256
native_to_wasm,5007,210241,208862,419104,42256
native_to_wasm,5008,211371,208944,420316,42256
native_to_wasm,5009,210113,209636,419750,42256
native_to_wasm,5010,210241,208864,419106,42256
native_to_wasm,5011,210959,208940,419900,42256
native_to_wasm,5012,210549,209696,420246,42256
native_to_wasm,5013,210247,208950,419198,42256
native_to_wasm,5014,211403,208940,420344,42256
native_to_wasm,5015,210243,208862,419106,42256
native_to_wasm,5016,210937,208938,419876,42256
native_to_wasm,5017,210137,209636,419774,42256
native_to_wasm,5018,210241,208848,419090,42256
native_to_wasm,5019,210913,208934,419848,42256
native_to_wasm,5020,210241,210612,420854,42256
native_to_wasm,5021,210237,208950,419188,42256
native_to_wasm,5022,211133,208932,420066,42256
native_to_wasm,5023,210245,208850,419096,42256
native_to_wasm,5024,210911,208922,419834,42256
native_to_wasm,5025,210121,209636,419758,42256
native_to_wasm,5026,210241,209266,419508,42256
native_to_wasm,5027,210937,208916,419854,42256
native_to_wasm,5028,210219,210744,420964,42256
native_to_wasm,5029,210225,208918,419144,42256
native_to_wasm,5030,210663,208936,419600,42256
native_to_wasm,5031,210245,208850,419096,42256
native_to_wasm,5032,210911,208944,419856,42256
native_to_wasm,5033,210121,209636,419758,42256
native_to_wasm,5034,210241,209180,419422,42256
native_to_wasm,5035,210939,208938,419878,42256
native_to_wasm,5036,210249,209840,420090,42256
native_to_wasm,5037,210251,208940,419192,42256
native_to_wasm,5038,211377,208916,420294,42256
native_to_wasm,5039,210219,208818,419038,42256
native_to_wasm,5040,210947,208938,419886,42256
native_to_wasm,5041,210133,209606,419740,42256
native_to_wasm,5042,210253,209918,420172,42256
native_to_wasm,5043,210937,208944,419882,42256
native_to_wasm,5044,210235,209842,420078,42256
native_to_wasm,5045,210217,208932,419150,42256
native_to_wasm,5046,210133,209952,420086,42256
native_to_wasm,5047,210217,208856,419074,42256
native_to_wasm,5048,210929,208940,419870,42256
native_to_wasm,5049,210125,209632,419758,42256
native_to_wasm,5050,210233,210032,420266,42256
native_to_wasm,5051,210941,208946,419888,42256
native_to_wasm,5052,210237,209836,420074,42256
native_to_wasm,5053,210235,208948,419184,42256
native_to_wasm,5054,210129,209996,420126,42256
native_to_wasm,5055,210217,208858,419076,42256
native_to_wasm,5056,210927,208940,419868,42256
native_to_wasm,5057,210125,209632,419758,42256
native_to_wasm,5058,210235,209038,419274,42256
native_to_wasm,5059,212507,208938,421446,42256
native_to_wasm,5060,210241,209814,420056,42256
native_to_wasm,5061,210239,208946,419186,42256
native_to_wasm,5062,210131,209606,419738,42256
native_to_wasm,5063,210219,208862,419082,42256
native_to_wasm,5064,210911,208922,419834,42256
native_to_wasm,5065,210121,209636,419758,42256
native_to_wasm,5066,210241,208940,419182,42256
native_to_wasm,5067,212389,208914,421304,42256
native_to_wasm,5068,210221,210120,420342,42256
native_to_wasm,5069,210237,208942,419180,42256
native_to_wasm,5070,210133,209612,419746,42256
native_to_wasm,5071,210247,208864,419112,42256
native_to_wasm,5072,210933,208946,419880,42256
native_to_wasm,5073,210517,209612,420130,42256
native_to_wasm,5074,210245,208914,419160,42256
native_to_wasm,5075,212037,208938,420976,42256
native_to_wasm,5076,210249,209308,419558,42256
native_to_wasm,5077,210221,208924,419146,42256
native_to_wasm,5078,210131,209626,419758,42256
native_to_wasm,5079,210239,208862,419102,42256
native_to_wasm,5080,210937,208944,419882,42256
native_to_wasm,5081,210465,209632,420098,42256
native_to_wasm,5082,210221,208932,419154,42256
native_to_wasm,5083,211141,208932,420074,42256
native_to_wasm,5084,210241,210065,420307,42256
native_to_wasm,5085,210236,208944,419181,42256
native_to_wasm,5086,210133,209606,419740,42256
native_to_wasm,5087,210249,208852,419102,42256
native_to_wasm,5088,210913,208920,419834,42256
native_to_wasm,5089,210897,209614,420512,42256
native_to_wasm,5090,210247,208940,419188,42256
native_to_wasm,5091,211141,208934,420076,42256
native_to_wasm,5092,210241,208862,419104,42256
native_to_wasm,5093,211531,208940,420472,42256
native_to_wasm,5094,210125,209632,419758,42256
native_to_wasm,5095,210239,208862,419102,42256
native_to_wasm,5096,210933,208938,419872,42256
native_to_wasm,5097,211333,209606,420940,42256
native_to_wasm,5098,210217,208934,419152,42256
native_to_wasm,5099,211135,208934,420070,42256
native_to_wasm,5100,210241,208862,419104,42256
native_to_wasm,5101,211371,208944,420316,42256
native_to_wasm,5102,210113,209636,419750,42256
native_to_wasm,5103,210241,208864,419106,42256
native_to_wasm,5104,210959,208940,419900,42256
native_to_wasm,5105,210549,209696,420246,42256
native_to_wasm,5106,210247,208950,419198,42256
native_to_wasm,5107,211403,208940,420344,42256
native_to_wasm,5108,210243,208862,419106,42256
native_to_wasm,5109,210937,208938,419876,42256
native_to_wasm,5110,210137,209636,419774,42256
native_to_wasm,5111,210241,208848,419090,42256
native_to_wasm,5112,210913,208934,419848,42256
native_to_wasm,5113,210241,210612,420854,42256
native_to_wasm,5114,210237,208950,419188,42256
native_to_wasm,5115,211133,208932,420066,42256
native_to_wasm,5116,210245,208850,419096,42256
native_to_wasm,5117,210911,208922,419834,42256
native_to_wasm,5118,210121,209636,419758,42256
native_to_wasm,5119,210241,209266,419508,42256
native_to_wasm,5120,210111,208948,419060,42256
native_to_wasm,5121,210131,209606,419738,42256
native_to_wasm,5122,210219,208876,419096,42256
native_to_wasm,5123,210929,208944,419874,42256
native_to_wasm,5124,211329,209606,420936,42256
native_to_wasm,5125,210219,208918,419138,42256
native_to_wasm,5126,211159,208946,420106,42256
native_to_wasm,5127,210241,208864,419106,42256
native_to_wasm,5128,211485,208938,420424,42256
native_to_wasm,5129,210123,209638,419762,42256
native_to_wasm,5130,210221,208830,419052,42256
native_to_wasm,5131,210933,208938,419872,42256
native_to_wasm,5132,211333,209606,420940,42256
native_to_wasm,5133,210217,208934,419152,42256
native_to_wasm,5134,211135,208934,420070,42256
native_to_wasm,5135,210241,208862,419104,42256
native_to_wasm,5136,211371,208944,420316,42256
native_to_wasm,5137,210113,209636,419750,42256
native_to_wasm,5138,210241,208864,419106,42256
native_to_wasm,5139,210959,208940,419900,42256
native_to_wasm,5140,210549,209696,420246,42256
native_to_wasm,5141,210247,208950,419198,42256
native_to_wasm,5142,211403,208940,420344,42256
native_to_wasm,5143,210243,208862,419106,42256
native_to_wasm,5144,210937,208938,419876,42256
native_to_wasm,5145,210137,209636,419774,42256
native_to_wasm,5146,210241,208848,419090,42256
native_to_wasm,5147,210913,208934,419848,42256
native_to_wasm,5148,210241,210612,420854,42256
native_to_wasm,5149,210237,208950,419188,42256
native_to_wasm,5150,211133,208932,420066,42256
native_to_wasm,5151,210245,208850,419096,42256
native_to_wasm,5152,210911,208922,419834,42256
native_to_wasm,5153,210121,209636,419758,42256
native_to_wasm,5154,210241,209266,419508,42256
native_to_wasm,5155,210937,208916,419854,42256
native_to_wasm,5156,210219,210744,420964,42256
native_to_wasm,5157,210225,208918,419144,42256
native_to_wasm,5158,210663,208936,419600,42256
native_to_wasm,5159,210245,208850,419096,42256
native_to_wasm,5160,210911,208944,419856,42256
native_to_wasm,5161,210121,209636,419758,42256
native_to_wasm,5162,210241,209180,419422,42256
native_to_wasm,5163,210939,208938,419878,42256
native_to_wasm,5164,210249,209840,420090,42256
native_to_wasm,5165,210251,208940,419192,42256
native_to_wasm,5166,211377,208916,420294,42256
native_to_wasm,5167,210219,208818,419038,42256
native_to_wasm,5168,210947,208938,419886,42256
native_to_wasm,5169,210133,209606,419740,42256
native_to_wasm,5170,210253,209918,420172,42256
native_to_wasm,5171,210937,208944,419882,42256
native_to_wasm,5172,210235,209842,420078,42256
native_to_wasm,5173,210217,208932,419150,42256
native_to_wasm,5174,210133,209952,420086,42256
native_to_wasm,5175,210217,208856,419074,42256
native_to_wasm,5176,210929,208940,419870,42256
native_to_wasm,5177,210125,209632,419758,42256
native_to_wasm,5178,210233,210032,420266,42256
native_to_wasm,5179,210941,208946,419888,42256
native_to_wasm,5180,210237,209836,420074,42256
native_to_wasm,5181,210235,208948,419184,42256
native_to_wasm,5182,210129,209996,420126,42256
native_to_wasm,5183,210217,208858,419076,42256
native_to_wasm,5184,210927,208940,419868,42256
native_to_wasm,5185,210125,209632,419758,42256
native_to_wasm,5186,210235,209038,419274,42256
native_to_wasm,5187,212507,208938,421446,42256
native_to_wasm,5188,210241,209814,420056,42256
native_to_wasm,5189,210239,208946,419186,42256
native_to_wasm,5190,210131,209606,419738,42256
native_to_wasm,5191,210219,208862,419082,42256
native_to_wasm,5192,210911,208922,419834,42256
native_to_wasm,5193,210121,209636,419758,42256
native_to_wasm,5194,210241,208940,419182,42256
native_to_wasm,5195,212389,208914,421304,42256
native_to_wasm,5196,210221,210120,420342,42256
native_to_wasm,5197,210237,208942,419180,42256
native_to_wasm,5198,210133,209612,419746,42256
native_to_wasm,5199,210247,208864,419112,42256
native_to_wasm,5200,210933,208946,419880,42256
native_to_wasm,5201,210517,209612,420130,42256
native_to_wasm,5202,210245,208914,419160,42256
native_to_wasm,5203,212037,208938,420976,42256
native_to_wasm,5204,210249,209308,419558,42256
native_to_wasm,5205,210221,208924,419146,42256
native_to_wasm,5206,210131,209626,419758,42256
native_to_wasm,5207,210239,208862,419102,42256
native_to_wasm,5208,210937,208944,419882,42256
native_to_wasm,5209,210465,209632,420098,42256
native_to_wasm,5210,210221,208932,419154,42256
native_to_wasm,5211,211141,208932,420074,42256
native_to_wasm,5212,210241,210065,420307,42256
native_to_wasm,5213,210236,208944,419181,42256
native_to_wasm,5214,210133,209606,419740,42256
native_to_wasm,5215,210249,208852,419102,42256
native_to_wasm,5216,210913,208920,419834,42256
native_to_wasm,5217,210897,209614,420512,42256
native_to_wasm,5218,210247,208940,419188,42256
native_to_wasm,5219,211141,208934,420076,42256
native_to_wasm,5220,210241,208862,419104,42256
native_to_wasm,5221,211531,208940,420472,42256
native_to_wasm,5222,210125,209632,419758,42256
native_to_wasm,5223,210239,208862,419102,42256
native_to_wasm,5224,210933,208938,419872,42256
native_to_wasm,5225,211333,209606,420940,42256
native_to_wasm,5226,210217,208934,419152,42256
native_to_wasm,5227,211135,208934,420070,42256
native_to_wasm,5228,210241,208862,419104,42256
native_to_wasm,5229,211371,208944,420316,42256
native_to_wasm,5230,210113,209636,419750,42256
native_to_wasm,5231,210241,208864,419106,42256
native_to_wasm,5232,210959,208940,419900,42256
native_to_wasm,5233,210549,209696,420246,42256
native_to_wasm,5234,210247,208950,419198,42256
native_to_wasm,5235,211403,208940,420344,42256
native_to_wasm,5236,210243,208862,419106,42256
native_to_wasm,5237,210937,208938,419876,42256
native_to_wasm,5238,210137,209636,419774,42256
native_to_wasm,5239,210241,208848,419090,42256
native_to_wasm,5240,210913,208934,419848,42256
native_to_wasm,5241,210241,210612,420854,42256
native_to_wasm,5242,210237,208950,419188,42256
native_to_wasm,5243,211133,208932,420066,42256
native_to_wasm,5244,210245,208850,419096,42256
native_to_wasm,5245,210911,208922,419834,42256
native_to_wasm,5246,210121,209636,419758,42256
native_to_wasm,5247,210241,209266,419508,42256
native_to_wasm,5248,210111,208948,419060,42256
native_to_wasm,5249,210131,209606,419738,42256
native_to_wasm,5250,210219,208876,419096,42256
native_to_wasm,5251,210929,208944,419874,42256
native_to_wasm,5252,211329,209606,420936,42256
native_to_wasm,5253,210219,208918,419138,42256
native_to_wasm,5254,211159,208946,420106,42256
native_to_wasm,5255,210241,208864,419106,42256
native_to_wasm,5256,211485,208938,420424,42256
native_to_wasm,5257,210123,209638,419762,42256
native_to_wasm,5258,210221,208830,419052,42256
native_to_wasm,5259,210933,208938,419872,42256
native_to_wasm,5260,211333,209606,420940,42256
native_to_wasm,5261,210217,208934,419152,42256
native_to_wasm,5262,211135,208934,420070,42256
native_to_wasm,5263,210241,208862,419104,42256
native_to_wasm,5264,211371,208944,420316,42256
native_to_wasm,5265,210113,209636,419750,42256
native_to_wasm,5266,210241,208864,419106,42256
native_to_wasm,5267,210959,208940,419900,42256
native_to_wasm,5268,210549,209696,420246,42256
native_to_wasm,5269,210247,208950,419198,42256
native_to_wasm,5270,211403,208940,420344,42256
native_to_wasm,5271,210243,208862,419106,42256
native_to_wasm,5272,210937,208938,419876,42256
native_to_wasm,5273,210137,209636,419774,42256
native_to_wasm,5274,210241,208848,419090,42256
native_to_wasm,5275,210913,208934,419848,42256
native_to_wasm,5276,210241,210612,420854,42256
native_to_wasm,5277,210237,208950,419188,42256
native_to_wasm,5278,211133,208932,420066,42256
native_to_wasm,5279,210245,208850,419096,42256
native_to_wasm,5280,210911,208922,419834,42256
native_to_wasm,5281,210121,209636,419758,42256
native_to_wasm,5282,210241,209266,419508,42256
native_to_wasm,5283,210937,208916,419854,42256
native_to_wasm,5284,210219,210744,420964,42256
native_to_wasm,5285,210225,208918,419144,42256
native_to_wasm,5286,210663,208936,419600,42256
native_to_wasm,5287,210245,208850,419096,42256
native_to_wasm,5288,210911,208944,419856,42256
native_to_wasm,5289,210121,209636,419758,42256
native_to_wasm,5290,210241,209180,419422,42256
native_to_wasm,5291,210939,208938,419878,42256
native_to_wasm,5292,210249,209840,420090,42256
native_to_wasm,5293,210251,208940,419192,42256
native_to_wasm,5294,211377,208916,420294,42256
native_to_wasm,5295,210219,208818,419038,42256
native_to_wasm,5296,210947,208938,419886,42256
native_to_wasm,5297,210133,209606,419740,42256
native_to_wasm,5298,210253,209918,420172,42256
native_to_wasm,5299,210937,208944,419882,42256
native_to_wasm,5300,210235,209842,420078,42256
native_to_wasm,5301,210217,208932,419150,42256
native_to_wasm,5302,210133,209952,420086,42256
native_to_wasm,5303,210217,208856,419074,42256
native_to_wasm,5304,210929,208940,419870,42256
native_to_wasm,5305,210125,209632,419758,42256
native_to_wasm,5306,210233,210032,420266,42256
native_to_wasm,5307,210941,208946,419888,42256
native_to_wasm,5308,210237,209836,420074,42256
native_to_wasm,5309,210235,208948,419184,42256
native_to_wasm,5310,210129,209996,420126,42256
native_to_wasm,5311,210217,208858,419076,42256
native_to_wasm,5312,210927,208940,419868,42256
native_to_wasm,5313,210125,209632,419758,42256
native_to_wasm,5314,210235,209038,419274,42256
native_to_wasm,5315,212507,208938,421446,42256
native_to_wasm,5316,210241,209814,420056,42256
native_to_wasm,5317,210239,208946,419186,42256
native_to_wasm,5318,210131,209606,419738,42256
native_to_wasm,5319,210219,208862,419082,42256
native_to_wasm,5320,210911,208922,419834,42256
native_to_wasm,5321,210121,209636,419758,42256
native_to_wasm,5322,210241,208940,419182,42256
native_to_wasm,5323,212389,208914,421304,42256
native_to_wasm,5324,210221,210120,420342,42256
native_to_wasm,5325,210237,208942,419180,42256
native_to_wasm,5326,210133,209612,419746,42256
native_to_wasm,5327,210247,208864,419112,42256
native_to_wasm,5328,210933,208946,419880,42256
native_to_wasm,5329,210517,209612,420130,42256
native_to_wasm,5330,210245,208914,419160,42256
native_to_wasm,5331,212037,208938,420976,42256
native_to_wasm,5332,210249,209308,419558,42256
native_to_wasm,5333,210221,208924,419146,42256
native_to_wasm,5334,210131,209626,419758,42256
native_to_wasm,5335,210239,208862,419102,42256
native_to_wasm,5336,210937,208944,419882,42256
native_to_wasm,5337,210465,209632,420098,42256
native_to_wasm,5338,210221,208932,419154,42256
native_to_wasm,5339,211141,208932,420074,42256
native_to_wasm,5340,210241,210065,420307,42256
native_to_wasm,5341,210236,208944,419181,42256
native_to_wasm,5342,210133,209606,419740,42256
native_to_wasm,5343,210249,208852,419102,42256
native_to_wasm,5344,210913,208920,419834,42256
native_to_wasm,5345,210897,209614,420512,42256
native_to_wasm,5346,210247,208940,419188,42256
native_to_wasm,5347,211141,208934,420076,42256
native_to_wasm,5348,210241,208862,419104,42256
native_to_wasm,5349,211531,208940,420472,42256
native_to_wasm,5350,210125,209632,419758,42256
native_to_wasm,5351,210239,208862,419102,42256
native_to_wasm,5352,210933,208938,419872,42256
native_to_wasm,5353,211333,209606,420940,42256
native_to_wasm,5354,210217,208934,419152,42256
native_to_wasm,5355,211135,208934,420070,42256
native_to_wasm,5356,210241,208862,419104,42256
native_to_wasm,5357,211371,208944,420316,42256
native_to_wasm,5358,210113,209636,419750,42256
native_to_wasm,5359,210241,208864,419106,42256
native_to_wasm,5360,210959,208940,419900,42256
native_to_wasm,5361,210549,209696,420246,42256
native_to_wasm,5362,210247,208950,419198,42256
native_to_wasm,5363,211403,208940,420344,42256
native_to_wasm,5364,210243,208862,419106,42256
native_to_wasm,5365,210937,208938,419876,42256
native_to_wasm,5366,210137,209636,419774,42256
native_to_wasm,5367,210241,208848,419090,42256
native_to_wasm,5368,210913,208934,419848,42256
native_to_wasm,5369,210241,210612,420854,42256
native_to_wasm,5370,210237,208950,419188,42256
native_to_wasm,5371,211133,208932,420066,42256
native_to_wasm,5372,210245,208850,419096,42256
native_to_wasm,5373,210911,208922,419834,42256
native_to_wasm,5374,210121,209636,419758,42256
native_to_wasm,5375,210241,209266,419508,42256
native_to_wasm,5376,210111,208948,419060,42256
native_to_wasm,5377,210131,209606,419738,42256
native_to_wasm,5378,210219,208876,419096,42256
native_to_wasm,5379,210929,208944,419874,42256
native_to_wasm,5380,211329,209606,420936,42256
native_to_wasm,5381,210219,208918,419138,42256
native_to_wasm,5382,211159,208946,420106,42256
native_to_wasm,5383,210241,208864,419106,42256
native_to_wasm,5384,211485,208938,420424,42256
native_to_wasm,5385,210123,209638,419762,42256
native_to_wasm,5386,210221,208830,419052,42256
native_to_wasm,5387,210933,208938,419872,42256
native_to_wasm,5388,211333,209606,420940,42256
native_to_wasm,5389,210217,208934,419152,42256
native_to_wasm,5390,211135,208934,420070,42256
native_to_wasm,5391,210241,208862,419104,42256
native_to_wasm,5392,211371,208944,420316,42256
native_to_wasm,5393,210113,209636,419750,42256
native_to_wasm,5394,210241,208864,419106,42256
native_to_wasm,5395,210959,208940,419900,42256
native_to_wasm,5396,210549,209696,420246,42256
native_to_wasm,5397,210247,208950,419198,42256
native_to_wasm,5398,211403,208940,420344,42256
native_to_wasm,5399,210243,208862,419106,42256
native_to_wasm,5400,210937,208938,419876,42256
native_to_wasm,5401,210137,209636,419774,42256
native_to_wasm,5402,210241,208848,419090,42256
native_to_wasm,5403,210913,208934,419848,42256
native_to_wasm,5404,210241,210612,420854,42256
native_to_wasm,5405,210237,208950,419188,42256
native_to_wasm,5406,211133,208932,420066,42256
native_to_wasm,5407,210245,208850,419096,42256
native_to_wasm,5408,210911,208922,419834,42256
native_to_wasm,5409,210121,209636,419758,42256
native_to_wasm,5410,210241,209266,419508,42256
native_to_wasm,5411,210937,208916,419854,42256
native_to_wasm,5412,210219,210744,420964,42256
native_to_wasm,5413,210225,208918,419144,42256
native_to_wasm,5414,210663,208936,419600,42256
native_to_wasm,5415,210245,208850,419096,42256
native_to_wasm,5416,210911,208944,419856,42256
native_to_wasm,5417,210121,209636,419758,42256
native_to_wasm,5418,210241,209180,419422,42256
native_to_wasm,5419,210939,208938,419878,42256
native_to_wasm,5420,210249,209840,420090,42256
native_to_wasm,5421,210251,208940,419192,42256
native_to_wasm,5422,211377,208916,420294,42256
native_to_wasm,5423,210219,208818,419038,42256
native_to_wasm,5424,210947,208938,419886,42256
native_to_wasm,5425,210133,209606,419740,42256
native_to_wasm,5426,210253,209918,420172,42256
native_to_wasm,5427,210937,208944,419882,42256
native_to_wasm,5428,210235,209842,420078,42256
native_to_wasm,5429,210217,208932,419150,42256
native_to_wasm,5430,210133,209952,420086,42256
native_to_wasm,5431,210217,208856,419074,42256
native_to_wasm,5432,210929,208940,419870,42256
native_to_wasm,5433,210125,209632,419758,42256
native_to_wasm,5434,210233,210032,420266,42256
native_to_wasm,5435,210941,208946,419888,42256
native_to_wasm,5436,210237,209836,420074,42256
native_to_wasm,5437,210235,208948,419184,42256
native_to_wasm,5438,210129,209996,420126,42256
native_to_wasm,5439,210217,208858,419076,42256
native_to_wasm,5440,210927,208940,419868,42256
native_to_wasm,5441,210125,209632,419758,42256
native_to_wasm,5442,210235,209038,419274,42256
native_to_wasm,5443,212507,208938,421446,42256
native_to_wasm,5444,210241,209814,420056,42256
native_to_wasm,5445,210239,208946,419186,42256
native_to_wasm,5446,210131,209606,419738,42256
native_to_wasm,5447,210219,208862,419082,42256
native_to_wasm,5448,210911,208922,419834,42256
native_to_wasm,5449,210121,209636,419758,42256
native_to_wasm,5450,210241,208940,419182,42256
native_to_wasm,5451,212389,208914,421304,42256
native_to_wasm,5452,210221,210120,420342,42256
native_to_wasm,5453,210237,208942,419180,42256
native_to_wasm,5454,210133,209612,419746,42256
native_to_wasm,5455,210247,208864,419112,42256
native_to_wasm,5456,210933,208946,419880,42256
native_to_wasm,5457,210517,209612,420130,42256
native_to_wasm,5458,210245,208914,419160,42256
native_to_wasm,5459,212037,208938,420976,42256
native_to_wasm,5460,210249,209308,419558,42256
native_to_wasm,5461,210221,208924,419146,42256
native_to_wasm,5462,210131,209626,419758,42256
native_to_wasm,5463,210239,208862,419102,42256
native_to_wasm,5464,210937,208944,419882,42256
native_to_wasm,5465,210465,209632,420098,42256
native_to_wasm,5466,210221,208932,419154,42256
native_to_wasm,5467,211141,208932,420074,42256
native_to_wasm,5468,210241,210065,420307,42256
native_to_wasm,5469,210236,208944,419181,42256
native_to_wasm,5470,210133,209606,419740,42256
native_to_wasm,5471,210249,208852,419102,42256
native_to_wasm,5472,210913,208920,419834,42256
native_to_wasm,5473,210897,209614,420512,42256
native_to_wasm,5474,210247,208940,419188,42256
native_to_wasm,5475,211141,208934,420076,42256
native_to_wasm,5476,210241,208862,419104,42256
native_to_wasm,5477,211531,208940,420472,42256
native_to_wasm,5478,210125,209632,419758,42256
native_to_wasm,5479,210239,208862,419102,42256
native_to_wasm,5480,210933,208938,419872,42256
native_to_wasm,5481,211333,209606,420940,42256
native_to_wasm,5482,210217,208934,419152,42256
native_to_wasm,5483,211135,208934,420070,42256
native_to_wasm,5484,210241,208862,419104,42256
native_to_wasm,5485,211371,208944,420316,42256
native_to_wasm,5486,210113,209636,419750,42256
native_to_wasm,5487,210241,208864,419106,42256
native_to_wasm,5488,210959,208940,419900,42256
native_to_wasm,5489,210549,209696,420246,42256
native_to_wasm,5490,210247,208950,419198,42256
native_to_wasm,5491,211403,208940,420344,42256
native_to_wasm,5492,210243,208862,419106,42256
native_to_wasm,5493,210937,208938,419876,42256
native_to_wasm,5494,210137,209636,419774,42256
native_to_wasm,5495,210241,208848,419090,42256
native_to_wasm,5496,210913,208934,419848,42256
native_to_wasm,5497,210241,210612,420854,42256
native_to_wasm,5498,210237,208950,419188,42256
native_to_wasm,5499,211133,208932,420066,42256
native_to_wasm,5500,210245,208850,419096,42256
native_to_wasm,5501,210911,208922,419834,42256
native_to_wasm,5502,210121,209636,419758,42256
native_to_wasm,5503,210241,209266,419508,42256
native_to_wasm,5504,210111,208948,419060,42256
native_to_wasm,5505,210131,209606,419738,42256
native_to_wasm,5506,210219,208876,419096,42256
native_to_wasm,5507,210929,208944,419874,42256
native_to_wasm,5508,211329,209606,420936,42256
native_to_wasm,5509,210219,208918,419138,42256
native_to_wasm,5510,211159,208946,420106,42256
native_to_wasm,5511,210241,208864,419106,42256
native_to_wasm,5512,211485,208938,420424,42256
native_to_wasm,5513,210123,209638,419762,42256
native_to_wasm,5514,210221,208830,419052,42256
native_to_wasm,5515,210933,208938,419872,42256
native_to_wasm,5516,211333,209606,420940,42256
native_to_wasm,5517,210217,208934,419152,42256
native_to_wasm,5518,211135,208934,420070,42256
native_to_wasm,5519,210241,208862,419104,42256
native_to_wasm,5520,211371,208944,420316,42256
native_to_wasm,5521,210113,209636,419750,42256
native_to_wasm,5522,210241,208864,419106,42256
native_to_wasm,5523,210959,208940,419900,42256
native_to_wasm,5524,210549,209696,420246,42256
native_to_wasm,5525,210247,208950,419198,42256
native_to_wasm,5526,211403,208940,420344,42256
native_to_wasm,5527,210243,208862,419106,42256
native_to_wasm,5528,210937,208938,419876,42256
native_to_wasm,5529,210137,209636,419774,42256
native_to_wasm,5530,210241,208848,419090,42256
native_to_wasm,5531,210913,208934,419848,42256
native_to_wasm,5532,210241,210612,420854,42256
native_to_wasm,5533,210237,208950,419188,42256
native_to_wasm,5534,211133,208932,420066,42256
native_to_wasm,5535,210245,208850,419096,42256
native_to_wasm,5536,210911,208922,419834,42256
native_to_wasm,5537,210121,209636,419758,42256
native_to_wasm,5538,210241,209266,419508,42256
native_to_wasm,5539,210937,208916,419854,42256
native_to_wasm,5540,210219,210744,420964,42256
native_to_wasm,5541,210225,208918,419144,42256
native_to_wasm,5542,210663,208936,419600,42256
native_to_wasm,5543,210245,208850,419096,42256
native_to_wasm,5544,210911,208944,419856,42256
native_to_wasm,5545,210121,209636,419758,42256
native_to_wasm,5546,210241,209180,419422,42256
native_to_wasm,5547,210939,208938,419878,42256
native_to_wasm,5548,210249,209840,420090,42256
native_to_wasm,5549,210251,208940,419192,42256
native_to_wasm,5550,211377,208916,420294,42256
native_to_wasm,5551,210219,208818,419038,42256
native_to_wasm,5552,210947,208938,419886,42256
native_to_wasm,5553,210133,209606,419740,42256
native_to_wasm,5554,210253,209918,420172,42256
native_to_wasm,5555,210937,208944,419882,42256
native_to_wasm,5556,210235,209842,420078,42256
native_to_wasm,5557,210217,208932,419150,42256
native_to_wasm,5558,210133,209952,420086,42256
native_to_wasm,5559,210217,208856,419074,42256
native_to_wasm,5560,210929,208940,419870,42256
native_to_wasm,5561,210125,209632,419758,42256
native_to_wasm,5562,210233,210032,420266,42256
native_to_wasm,5563,210941,208946,419888,42256
native_to_wasm,5564,210237,209836,420074,42256
native_to_wasm,5565,210235,208948,419184,42256
native_to_wasm,5566,210129,209996,420126,42256
native_to_wasm,5567,210217,208858,419076,42256
native_to_wasm,5568,210927,208940,419868,42256
native_to_wasm,5569,210125,209632,419758,42256
native_to_wasm,5570,210235,209038,419274,42256
native_to_wasm,5571,212507,208938,421446,42256
native_to_wasm,5572,210241,209814,420056,42256
native_to_wasm,5573,210239,208946,419186,42256
native_to_wasm,5574,210131,209606,419738,42256
native_to_wasm,5575,210219,208862,419082,42256
native_to_wasm,5576,210911,208922,419834,42256
native_to_wasm,5577,210121,209636,419758,42256
native_to_wasm,5578,210241,208940,419182,42256
native_to_wasm,5579,212389,208914,421304,42256
native_to_wasm,5580,210221,210120,420342,42256
native_to_wasm,5581,210237,208942,419180,42256
native_to_wasm,5582,210133,209612,419746,42256
native_to_wasm,5583,210247,208864,419112,42256
native_to_wasm,5584,210933,208946,419880,42256
native_to_wasm,5585,210517,209612,420130,42256
native_to_wasm,5586,210245,208914,419160,42256
native_to_wasm,5587,212037,208938,420976,42256
native_to_wasm,5588,210249,209308,419558,42256
native_to_wasm,5589,210221,208924,419146,42256
native_to_wasm,5590,210131,209626,419758,42256
native_to_wasm,5591,210239,208862,419102,42256
native_to_wasm,5592,210937,208944,419882,42256
native_to_wasm,5593,210465,209632,420098,42256
native_to_wasm,5594,210221,208932,419154,42256
native_to_wasm,5595,211141,208932,420074,42256
native_to_wasm,5596,210241,210065,420307,42256
native_to_wasm,5597,210236,208944,419181,42256
native_to_wasm,5598,210133,209606,419740,42256
native_to_wasm,5599,210249,208852,419102,42256
native_to_wasm,5600,210913,208920,419834,42256
native_to_wasm,5601,210897,209614,420512,42256
native_to_wasm,5602,210247,208940,419188,42256
native_to_wasm,5603,211141,208934,420076,42256
native_to_wasm,5604,210241,208862,419104,42256
native_to_wasm,5605,211531,208940,420472,42256
native_to_wasm,5606,210125,209632,419758,42256
native_to_wasm,5607,210239,208862,419102,42256
native_to_wasm,5608,210933,208938,419872,42256
native_to_wasm,5609,211333,209606,420940,42256
native_to_wasm,5610,210217,208934,419152,42256
native_to_wasm,5611,211135,208934,420070,42256
native_to_wasm,5612,210241,208862,419104,42256
native_to_wasm,5613,211371,208944,420316,42256
native_to_wasm,5614,210113,209636,419750,42256
native_to_wasm,5615,210241,208864,419106,42256
native_to_wasm,5616,210959,208940,419900,42256
native_to_wasm,5617,210549,209696,420246,42256
native_to_wasm,5618,210247,208950,419198,42256
native_to_wasm,5619,211403,208940,420344,42256
native_to_wasm,5620,210243,208862,419106,42256
native_to_wasm,5621,210937,208938,419876,42256
native_to_wasm,5622,210137,209636,419774,42256
native_to_wasm,5623,210241,208848,419090,42256
native_to_wasm,5624,210913,208934,419848,42256
native_to_wasm,5625,210241,210612,420854,42256
native_to_wasm,5626,210237,208950,419188,42256
native_to_wasm,5627,211133,208932,420066,42256
native_to_wasm,5628,210245,208850,419096,42256
native_to_wasm,5629,210911,208922,419834,42256
native_to_wasm,5630,210121,209636,419758,42256
native_to_wasm,5631,210241,209266,419508,42256
native_to_wasm,5632,210111,208948,419060,42256
native_to_wasm,5633,210131,209606,419738,42256
native_to_wasm,5634,210219,208876,419096,42256
native_to_wasm,5635,210929,208944,419874,42256
native_to_wasm,5636,211329,209606,420936,42256
native_to_wasm,5637,210219,208918,419138,42256
native_to_wasm,5638,211159,208946,420106,42256
native_to_wasm,5639,210241,208864,419106,42256
native_to_wasm,5640,211485,208938,420424,42256
native_to_wasm,5641,210123,209638,419762,42256
native_to_wasm,5642,210221,208830,419052,42256
native_to_wasm,5643,210933,208938,419872,42256
native_to_wasm,5644,211333,209606,420940,42256
native_to_wasm,5645,210217,208934,419152,42256
native_to_wasm,5646,211135,208934,420070,42256
native_to_wasm,5647,210241,208862,419104,42256
native_to_wasm,5648,211371,208944,420316,42256
native_to_wasm,5649,210113,209636,419750,42256
native_to_wasm,5650,210241,208864,419106,42256
native_to_wasm,5651,210959,208940,419900,42256
native_to_wasm,5652,210549,209696,420246,42256
native_to_wasm,5653,210247,208950,419198,42256
native_to_wasm,5654,211403,208940,420344,42256
native_to_wasm,5655,210243,208862,419106,42256
native_to_wasm,5656,210937,208938,419876,42256
native_to_wasm,5657,210137,209636,419774,42256
native_to_wasm,5658,210241,208848,419090,42256
native_to_wasm,5659,210913,208934,419848,42256
native_to_wasm,5660,210241,210612,420854,42256
native_to_wasm,5661,210237,208950,419188,42256
native_to_wasm,5662,211133,208932,420066,42256
native_to_wasm,5663,210245,208850,419096,42256
native_to_wasm,5664,210911,208922,419834,42256
native_to_wasm,5665,210121,209636,419758,42256
native_to_wasm,5666,210241,209266,419508,42256
native_to_wasm,5667,210937,208916,419854,42256
native_to_wasm,5668,210219,210744,420964,42256
native_to_wasm,5669,210225,208918,419144,42256
native_to_wasm,5670,210663,208936,419600,42256
native_to_wasm,5671,210245,208850,419096,42256
native_to_wasm,5672,210911,208944,419856,42256
native_to_wasm,5673,210121,209636,419758,42256
native_to_wasm,5674,210241,209180,419422,42256
native_to_wasm,5675,210939,208938,419878,42256
native_to_wasm,5676,210249,209840,420090,42256
native_to_wasm,5677,210251,208940,419192,42256
native_to_wasm,5678,211377,208916,420294,42256
native_to_wasm,5679,210219,208818,419038,42256
native_to_wasm,5680,210947,208938,419886,42256
native_to_wasm,5681,210133,209606,419740,42256
native_to_wasm,5682,210253,209918,420172,42256
native_to_wasm,5683,210937,208944,419882,42256
native_to_wasm,5684,210235,209842,420078,42256
native_to_wasm,5685,210217,208932,419150,42256
native_to_wasm,5686,210133,209952,420086,42256
native_to_wasm,5687,210217,208856,419074,42256
native_to_wasm,5688,210929,208940,419870,42256
native_to_wasm,5689,210125,209632,419758,42256
native_to_wasm,5690,210233,210032,420266,42256
native_to_wasm,5691,210941,208946,419888,42256
native_to_wasm,5692,210237,209836,420074,42256
native_to_wasm,5693,210235,208948,419184,42256
native_to_wasm,5694,210129,209996,420126,42256
native_to_wasm,5695,210217,208858,419076,42256
native_to_wasm,5696,210927,208940,419868,42256
native_to_wasm,5697,210125,209632,419758,42256
native_to_wasm,5698,210235,209038,419274,42256
native_to_wasm,5699,212507,208938,421446,42256
native_to_wasm,5700,210241,209814,420056,42256
native_to_wasm,5701,210239,208946,419186,42256
native_to_wasm,5702,210131,209606,419738,42256
native_to_wasm,5703,210219,208862,419082,42256
native_to_wasm,5704,210911,208922,419834,42256
native_to_wasm,5705,210121,209636,419758,42256
native_to_wasm,5706,210241,208940,419182,42256
native_to_wasm,5707,212389,208914,421304,42256
native_to_wasm,5708,210221,210120,420342,42256
native_to_wasm,5709,210237,208942,419180,42256
native_to_wasm,5710,210133,209612,419746,42256
native_to_wasm,5711,210247,208864,419112,42256
native_to_wasm,5712,210933,208946,419880,42256
native_to_wasm,5713,210517,209612,420130,42256
native_to_wasm,5714,210245,208914,419160,42256
native_to_wasm,5715,212037,208938,420976,42256
native_to_wasm,5716,210249,209308,419558,42256
native_to_wasm,5717,210221,208924,419146,42256
native_to_wasm,5718,210131,209626,419758,42256
native_to_wasm,5719,210239,208862,419102,42256
native_to_wasm,5720,210937,208944,419882,42256
native_to_wasm,5721,210465,209632,420098,42256
native_to_wasm,5722,210221,208932,419154,42256
native_to_wasm,5723,211141,208932,420074,42256
native_to_wasm,5724,210241,210065,420307,42256
native_to_wasm,5725,210236,208944,419181,42256
native_to_wasm,5726,210133,209606,419740,42256
native_to_wasm,5727,210249,208852,419102,42256
native_to_wasm,5728,210913,208920,419834,42256
native_to_wasm,5729,210897,209614,420512,42256
native_to_wasm,5730,210247,208940,419188,42256
native_to_wasm,5731,211141,208934,420076,42256
native_to_wasm,5732,210241,208862,419104,42256
native_to_wasm,5733,211531,208940,420472,42256
native_to_wasm,5734,210125,209632,419758,42256
native_to_wasm,5735,210239,208862,419102,42256
native_to_wasm,5736,210933,208938,419872,42256
native_to_wasm,5737,211333,209606,420940,42256
native_to_wasm,5738,210217,208934,419152,42256
native_to_wasm,5739,211135,208934,420070,42256
native_to_wasm,5740,210241,208862,419104,42256
native_to_wasm,5741,211371,208944,420316,42256
native_to_wasm,5742,210113,209636,419750,42256
native_to_wasm,5743,210241,208864,419106,42256
native_to_wasm,5744,210959,208940,419900,42256
native_to_wasm,5745,210549,209696,420246,42256
native_to_wasm,5746,210247,208950,419198,42256
native_to_wasm,5747,211403,208940,420344,42256
native_to_wasm,5748,210243,208862,419106,42256
native_to_wasm,5749,210937,208938,419876,42256
native_to_wasm,5750,210137,209636,419774,42256
native_to_wasm,5751,210241,208848,419090,42256
native_to_wasm,5752,210913,208934,419848,42256
native_to_wasm,5753,210241,210612,420854,42256
native_to_wasm,5754,210237,208950,419188,42256
native_to_wasm,5755,211133,208932,420066,42256
native_to_wasm,5756,210245,208850,419096,42256
native_to_wasm,5757,210911,208922,419834,42256
native_to_wasm,5758,210121,209636,419758,42256
native_to_wasm,5759,210241,209266,419508,42256
native_to_wasm,5760,210111,208948,419060,42256
native_to_wasm,5761,210131,209606,419738,42256
native_to_wasm,5762,210219,208876,419096,42256
native_to_wasm,5763,210929,208944,419874,42256
native_to_wasm,5764,211329,209606,420936,42256
native_to_wasm,5765,210219,208918,419138,42256
native_to_wasm,5766,211159,208946,420106,42256
native_to_wasm,5767,210241,208864,419106,42256
native_to_wasm,5768,211485,208938,420424,42256
native_to_wasm,5769,210123,209638,419762,42256
native_to_wasm,5770,210221,208830,419052,42256
native_to_wasm,5771,210933,208938,419872,42256
native_to_wasm,5772,211333,209606,420940,42256
native_to_wasm,5773,210217,208934,419152,42256
native_to_wasm,5774,211135,208934,420070,42256
native_to_wasm,5775,210241,208862,419104,42256
native_to_wasm,5776,211371,208944,420316,42256
native_to_wasm,5777,210113,209636,419750,42256
native_to_wasm,5778,210241,208864,419106,42256
native_to_wasm,5779,210959,208940,419900,42256
native_to_wasm,5780,210549,209696,420246,42256
native_to_wasm,5781,210247,208950,419198,42256
native_to_wasm,5782,211403,208940,420344,42256
native_to_wasm,5783,210243,208862,419106,42256
native_to_wasm,5784,210937,208938,419876,42256
native_to_wasm,5785,210137,209636,419774,42256
native_to_wasm,5786,210241,208848,419090,42256
native_to_wasm,5787,210913,208934,419848,42256
native_to_wasm,5788,210241,210612,420854,42256
native_to_wasm,5789,210237,208950,419188,42256
native_to_wasm,5790,211133,208932,420066,42256
native_to_wasm,5791,210245,208850,419096,42256
native_to_wasm,5792,210911,208922,419834,42256
native_to_wasm,5793,210121,209636,419758,42256
native_to_wasm,5794,210241,209266,419508,42256
native_to_wasm,5795,210937,208916,419854,42256
native_to_wasm,5796,210219,210744,420964,42256
native_to_wasm,5797,210225,208918,419144,42256
native_to_wasm,5798,210663,208936,419600,42256
native_to_wasm,5799,210245,208850,419096,42256
native_to_wasm,5800,210911,208944,419856,42256
native_to_wasm,5801,210121,209636,419758,42256
native_to_wasm,5802,210241,209180,419422,42256
native_to_wasm,5803,210939,208938,419878,42256
native_to_wasm,5804,210249,209840,420090,42256
native_to_wasm,5805,210251,208940,419192,42256
native_to_wasm,5806,211377,208916,420294,42256
native_to_wasm,5807,210219,208818,419038,42256
native_to_wasm,5808,210947,208938,419886,42256
native_to_wasm,5809,210133,209606,419740,42256
native_to_wasm,5810,210253,209918,420172,42256
native_to_wasm,5811,210937,208944,419882,42256
native_to_wasm,5812,210235,209842,420078,42256
native_to_wasm,5813,210217,208932,419150,42256
native_to_wasm,5814,210133,209952,420086,42256
native_to_wasm,5815,210217,208856,419074,42256
native_to_wasm,5816,210929,208940,419870,42256
native_to_wasm,5817,210125,209632,419758,42256
native_to_wasm,5818,210233,210032,420266,42256
native_to_wasm,5819,210941,208946,419888,42256
native_to_wasm,5820,210237,209836,420074,42256
native_to_wasm,5821,210235,208948,419184,42256
native_to_wasm,5822,210129,209996,420126,42256
native_to_wasm,5823,210217,208858,419076,42256
native_to_wasm,5824,210927,208940,419868,42256
native_to_wasm,5825,210125,209632,419758,42256
native_to_wasm,5826,210235,209038,419274,42256
native_to_wasm,5827,212507,208938,421446,42256
native_to_wasm,5828,210241,209814,420056,42256
native_to_wasm,5829,210239,208946,419186,42256
native_to_wasm,5830,210131,209606,419738,42256
native_to_wasm,5831,210219,208862,419082,42256
native_to_wasm,5832,210911,208922,419834,42256
native_to_wasm,5833,210121,209636,419758,42256
native_to_wasm,5834,210241,208940,419182,42256
native_to_wasm,5835,212389,208914,421304,42256
native_to_wasm,5836,210221,210120,420342,42256
native_to_wasm,5837,210237,208942,419180,42256
native_to_wasm,5838,210133,209612,419746,42256
native_to_wasm,5839,210247,208864,419112,42256
native_to_wasm,5840,210933,208946,419880,42256
native_to_wasm,5841,210517,209612,420130,42256
native_to_wasm,5842,210245,208914,419160,42256
native_to_wasm,5843,212037,208938,420976,42256
native_to_wasm,5844,210249,209308,419558,42256
native_to_wasm,5845,210221,208924,419146,42256
native_to_wasm,5846,210131,209626,419758,42256
native_to_wasm,5847,210239,208862,419102,42256
native_to_wasm,5848,210937,208944,419882,42256
native_to_wasm,5849,210465,209632,420098,42256
native_to_wasm,5850,210221,208932,419154,42256
native_to_wasm,5851,211141,208932,420074,42256
native_to_wasm,5852,210241,210065,420307,42256
native_to_wasm,5853,210236,208944,419181,42256
native_to_wasm,5854,210133,209606,419740,42256
native_to_wasm,5855,210249,208852,419102,42256
native_to_wasm,5856,210913,208920,419834,42256
native_to_wasm,5857,210897,209614,420512,42256
native_to_wasm,5858,210247,208940,419188,42256
native_to_wasm,5859,211141,208934,420076,42256
native_to_wasm,5860,210241,208862,419104,42256
native_to_wasm,5861,211531,208940,420472,42256
native_to_wasm,5862,210125,209632,419758,42256
native_to_wasm,5863,210239,208862,419102,42256
native_to_wasm,5864,210933,208938,419872,42256
native_to_wasm,5865,211333,209606,420940,42256
native_to_wasm,5866,210217,208934,419152,42256
native_to_wasm,5867,211135,208934,420070,42256
native_to_wasm,5868,210241,208862,419104,42256
native_to_wasm,5869,211371,208944,420316,42256
native_to_wasm,5870,210113,209636,419750,42256
native_to_wasm,5871,210241,208864,419106,42256
native_to_wasm,5872,210959,208940,419900,42256
native_to_wasm,5873,210549,209696,420246,42256
native_to_wasm,5874,210247,208950,419198,42256
native_to_wasm,5875,211403,208940,420344,42256
native_to_wasm,5876,210243,208862,419106,42256
native_to_wasm,5877,210937,208938,419876,42256
native_to_wasm,5878,210137,209636,419774,42256
native_to_wasm,5879,210241,208848,419090,42256
native_to_wasm,5880,210913,208934,419848,42256
native_to_wasm,5881,210241,210612,420854,42256
native_to_wasm,5882,210237,208950,419188,42256
native_to_wasm,5883,211133,208932,420066,42256
native_to_wasm,5884,210245,208850,419096,42256
native_to_wasm,5885,210911,208922,419834,42256
native_to_wasm,5886,210121,209636,419758,42256
native_to_wasm,5887,210241,209266,419508,42256
native_to_wasm,5888,210111,208948,419060,42256
native_to_wasm,5889,210131,209606,419738,42256
native_to_wasm,5890,210219,208876,419096,42256
native_to_wasm,5891,210929,208944,419874,42256
native_to_wasm,5892,211329,209606,420936,42256
native_to_wasm,5893,210219,208918,419138,42256
native_to_wasm,5894,211159,208946,420106,42256
native_to_wasm,5895,210241,208864,419106,42256
native_to_wasm,5896,211485,208938,420424,42256
native_to_wasm,5897,210123,209638,419762,42256
native_to_wasm,5898,210221,208830,419052,42256
native_to_wasm,5899,210933,208938,419872,42256
native_to_wasm,5900,211333,209606,420940,42256
native_to_wasm,5901,210217,208934,419152,42256
native_to_wasm,5902,211135,208934,420070,42256
native_to_wasm,5903,210241,208862,419104,42256
native_to_wasm,5904,211371,208944,420316,42256
native_to_wasm,5905,210113,209636,419750,42256
native_to_wasm,5906,210241,208864,419106,42256
native_to_wasm,5907,210959,208940,419900,42256
native_to_wasm,5908,210549,209696,420246,42256
native_to_wasm,5909,210247,208950,419198,42256
native_to_wasm,5910,211403,208940,420344,42256
native_to_wasm,5911,210243,208862,419106,42256
native_to_wasm,5912,210937,208938,419876,42256
native_to_wasm,5913,210137,209636,419774,42256
native_to_wasm,5914,210241,208848,419090,42256
native_to_wasm,5915,210913,208934,419848,42256
native_to_wasm,5916,210241,210612,420854,42256
native_to_wasm,5917,210237,208950,419188,42256
native_to_wasm,5918,211133,208932,420066,42256
native_to_wasm,5919,210245,208850,419096,42256
native_to_wasm,5920,210911,208922,419834,42256
native_to_wasm,5921,210121,209636,419758,42256
native_to_wasm,5922,210241,209266,419508,42256
native_to_wasm,5923,210937,208916,419854,42256
native_to_wasm,5924,210219,210744,420964,42256
native_to_wasm,5925,210225,208918,419144,42256
native_to_wasm,5926,210663,208936,419600,42256
native_to_wasm,5927,210245,208850,419096,42256
native_to_wasm,5928,210911,208944,419856,42256
native_to_wasm,5929,210121,209636,419758,42256
native_to_wasm,5930,210241,209180,419422,42256
native_to_wasm,5931,210939,208938,419878,42256
native_to_wasm,5932,210249,209840,420090,42256
native_to_wasm,5933,210251,208940,419192,42256
native_to_wasm,5934,211377,208916,420294,42256
native_to_wasm,5935,210219,208818,419038,42256
native_to_wasm,5936,210947,208938,419886,42256
native_to_wasm,5937,210133,209606,419740,42256
native_to_wasm,5938,210253,209918,420172,42256
native_to_wasm,5939,210937,208944,419882,42256
native_to_wasm,5940,210235,209842,420078,42256
native_to_wasm,5941,210217,208932,419150,42256
native_to_wasm,5942,210133,209952,420086,42256
native_to_wasm,5943,210217,208856,419074,42256
native_to_wasm,5944,210929,208940,419870,42256
native_to_wasm,5945,210125,209632,419758,42256
native_to_wasm,5946,210233,210032,420266,42256
native_to_wasm,5947,210941,208946,419888,42256
native_to_wasm,5948,210237,209836,420074,42256
native_to_wasm,5949,210235,208948,419184,42256
native_to_wasm,5950,210129,209996,420126,42256
native_to_wasm,5951,210217,208858,419076,42256
native_to_wasm,5952,210927,208940,419868,42256
native_to_wasm,5953,210125,209632,419758,42256
native_to_wasm,5954,210235,209038,419274,42256
native_to_wasm,5955,212507,208938,421446,42256
native_to_wasm,5956,210241,209814,420056,42256
native_to_wasm,5957,210239,208946,419186,42256
native_to_wasm,5958,210131,209606,419738,42256
native_to_wasm,5959,210219,208862,419082,42256
native_to_wasm,5960,210911,208922,419834,42256
native_to_wasm,5961,210121,209636,419758,42256
native_to_wasm,5962,210241,208940,419182,42256
native_to_wasm,5963,212389,208914,421304,42256
native_to_wasm,5964,210221,210120,420342,42256
native_to_wasm,5965,210237,208942,419180,42256
native_to_wasm,5966,210133,209612,419746,42256
native_to_wasm,5967,210247,208864,419112,42256
native_to_wasm,5968,210933,208946,419880,42256
native_to_wasm,5969,210517,209612,420130,42256
native_to_wasm,5970,210245,208914,419160,42256
native_to_wasm,5971,212037,208938,420976,42256
native_to_wasm,5972,210249,209308,419558,42256
native_to_wasm,5973,210221,208924,419146,42256
native_to_wasm,5974,210131,209626,419758,42256
native_to_wasm,5975,210239,208862,419102,42256
native_to_wasm,5976,210937,208944,419882,42256
native_to_wasm,5977,210465,209632,420098,42256
native_to_wasm,5978,210221,208932,419154,42256
native_to_wasm,5979,211141,208932,420074,42256
native_to_wasm,5980,210241,210065,420307,42256
native_to_wasm,5981,210236,208944,419181,42256
native_to_wasm,5982,210133,209606,419740,42256
native_to_wasm,5983,210249,208852,419102,42256
native_to_wasm,5984,210913,208920,419834,42256
native_to_wasm,5985,210897,209614,420512,42256
native_to_wasm,5986,210247,208940,419188,42256
native_to_wasm,5987,211141,208934,420076,42256
native_to_wasm,5988,210241,208862,419104,42256
native_to_wasm,5989,211531,208940,420472,42256
native_to_wasm,5990,210125,209632,419758,42256
native_to_wasm,5991,210239,208862,419102,42256
native_to_wasm,5992,210933,208938,419872,42256
native_to_wasm,5993,211333,209606,420940,42256
native_to_wasm,5994,210217,208934,419152,42256
native_to_wasm,5995,211135,208934,420070,42256
native_to_wasm,5996,210241,208862,419104,42256
native_to_wasm,5997,211371,208944,420316,42256
native_to_wasm,5998,210113,209636,419750,42256
native_to_wasm,5999,210241,208864,419106,42256
native_to_wasm,6000,210959,208940,419900,42256
native_to_wasm,6001,210549,209696,420246,42256
native_to_wasm,6002,210247,208950,419198,42256
native_to_wasm,6003,211403,208940,420344,42256
native_to_wasm,6004,210243,208862,419106,42256
native_to_wasm,6005,210937,208938,419876,42256
native_to_wasm,6006,210137,209636,419774,42256
native_to_wasm,6007,210241,208848,419090,42256
native_to_wasm,6008,210913,208934,419848,42256
native_to_wasm,6009,210241,210612,420854,42256
native_to_wasm,6010,210237,208950,419188,42256
native_to_wasm,6011,211133,208932,420066,42256
native_to_wasm,6012,210245,208850,419096,42256
native_to_wasm,6013,210911,208922,419834,42256
native_to_wasm,6014,210121,209636,419758,42256
native_to_wasm,6015,210241,209266,419508,42256
native_to_wasm,6016,210111,208948,419060,42256
native_to_wasm,6017,210131,209606,419738,42256
native_to_wasm,6018,210219,208876,419096,42256
native_to_wasm,6019,210929,208944,419874,42256
native_to_wasm,6020,211329,209606,420936,42256
native_to_wasm,6021,210219,208918,419138,42256
native_to_wasm,6022,211159,208946,420106,42256
native_to_wasm,6023,210241,208864,419106,42256
native_to_wasm,6024,211485,208938,420424,42256
native_to_wasm,6025,210123,209638,419762,42256
native_to_wasm,6026,210221,208830,419052,42256
native_to_wasm,6027,210933,208938,419872,42256
native_to_wasm,6028,211333,209606,420940,42256
native_to_wasm,6029,210217,208934,419152,42256
native_to_wasm,6030,211135,208934,420070,42256
native_to_wasm,6031,210241,208862,419104,42256
native_to_wasm,6032,211371,208944,420316,42256
native_to_wasm,6033,210113,209636,419750,42256
native_to_wasm,6034,210241,208864,419106,42256
native_to_wasm,6035,210959,208940,419900,42256
native_to_wasm,6036,210549,209696,420246,42256
native_to_wasm,6037,210247,208950,419198,42256
native_to_wasm,6038,211403,208940,420344,42256
native_to_wasm,6039,210243,208862,419106,42256
native_to_wasm,6040,210937,208938,419876,42256
native_to_wasm,6041,210137,209636,419774,42256
native_to_wasm,6042,210241,208848,419090,42256
native_to_wasm,6043,210913,208934,419848,42256
native_to_wasm,6044,210241,210612,420854,42256
native_to_wasm,6045,210237,208950,419188,42256
native_to_wasm,6046,211133,208932,420066,42256
native_to_wasm,6047,210245,208850,419096,42256
native_to_wasm,6048,210911,208922,419834,42256
native_to_wasm,6049,210121,209636,419758,42256
native_to_wasm,6050,210241,209266,419508,42256
native_to_wasm,6051,210937,208916,419854,42256
native_to_wasm,6052,210219,210744,420964,42256
native_to_wasm,6053,210225,208918,419144,42256
native_to_wasm,6054,210663,208936,419600,42256
native_to_wasm,6055,210245,208850,419096,42256
native_to_wasm,6056,210911,208944,419856,42256
native_to_wasm,6057,210121,209636,419758,42256
native_to_wasm,6058,210241,209180,419422,42256
native_to_wasm,6059,210939,208938,419878,42256
native_to_wasm,6060,210249,209840,420090,42256
native_to_wasm,6061,210251,208940,419192,42256
native_to_wasm,6062,211377,208916,420294,42256
native_to_wasm,6063,210219,208818,419038,42256
native_to_wasm,6064,210947,208938,419886,42256
native_to_wasm,6065,210133,209606,419740,42256
native_to_wasm,6066,210253,209918,420172,42256
native_to_wasm,6067,210937,208944,419882,42256
native_to_wasm,6068,210235,209842,420078,42256
native_to_wasm,6069,210217,208932,419150,42256
native_to_wasm,6070,210133,209952,420086,42256
native_to_wasm,6071,210217,208856,419074,42256
native_to_wasm,6072,210929,208940,419870,42256
native_to_wasm,6073,210125,209632,419758,42256
native_to_wasm,6074,210233,210032,420266,42256
native_to_wasm,6075,210941,208946,419888,42256
native_to_wasm,6076,210237,209836,420074,42256
native_to_wasm,6077,210235,208948,419184,42256
native_to_wasm,6078,210129,209996,420126,42256
native_to_wasm,6079,210217,208858,419076,42256
native_to_wasm,6080,210927,208940,419868,42256
native_to_wasm,6081,210125,209632,419758,42256
native_to_wasm,6082,210235,209038,419274,42256
native_to_wasm,6083,212507,208938,421446,42256
native_to_wasm,6084,210241,209814,420056,42256
native_to_wasm,6085,210239,208946,419186,42256
native_to_wasm,6086,210131,209606,419738,42256
native_to_wasm,6087,210219,208862,419082,42256
native_to_wasm,6088,210911,208922,419834,42256
native_to_wasm,6089,210121,209636,419758,42256
native_to_wasm,6090,210241,208940,419182,42256
native_to_wasm,6091,212389,208914,421304,42256
native_to_wasm,6092,210221,210120,420342,42256
native_to_wasm,6093,210237,208942,419180,42256
native_to_wasm,6094,210133,209612,419746,42256
native_to_wasm,6095,210247,208864,419112,42256
native_to_wasm,6096,210933,208946,419880,42256
native_to_wasm,6097,210517,209612,420130,42256
native_to_wasm,6098,210245,208914,419160,42256
native_to_wasm,6099,212037,208938,420976,42256
native_to_wasm,6100,210249,209308,419558,42256
native_to_wasm,6101,210221,208924,419146,42256
native_to_wasm,6102,210131,209626,419758,42256
native_to_wasm,6103,210239,208862,419102,42256
native_to_wasm,6104,210937,208944,419882,42256
native_to_wasm,6105,210465,209632,420098,42256
native_to_wasm,6106,210221,208932,419154,42256
native_to_wasm,6107,211141,208932,420074,42256
native_to_wasm,6108,210241,210065,420307,42256
native_to_wasm,6109,210236,208944,419181,42256
native_to_wasm,6110,210133,209606,419740,42256
native_to_wasm,6111,210249,208852,419102,42256
native_to_wasm,6112,210913,208920,419834,42256
native_to_wasm,6113,210897,209614,420512,42256
native_to_wasm,6114,210247,208940,419188,42256
native_to_wasm,6115,211141,208934,420076,42256
native_to_wasm,6116,210241,208862,419104,42256
native_to_wasm,6117,211531,208940,420472,42256
native_to_wasm,6118,210125,209632,419758,42256
native_to_wasm,6119,210239,208862,419102,42256
native_to_wasm,6120,210933,208938,419872,42256
native_to_wasm,6121,211333,209606,420940,42256
native_to_wasm,6122,210217,208934,419152,42256
native_to_wasm,6123,211135,208934,420070,42256
native_to_wasm,6124,210241,208862,419104,42256
native_to_wasm,6125,211371,208944,420316,42256
native_to_wasm,6126,210113,209636,419750,42256
native_to_wasm,6127,210241,208864,419106,42256
native_to_wasm,6128,210959,208940,419900,42256
native_to_wasm,6129,210549,209696,420246,42256
native_to_wasm,6130,210247,208950,419198,42256
native_to_wasm,6131,211403,208940,420344,42256
native_to_wasm,6132,210243,208862,419106,42256
native_to_wasm,6133,210937,208938,419876,42256
native_to_wasm,6134,210137,209636,419774,42256
native_to_wasm,6135,210241,208848,419090,42256
native_to_wasm,6136,210913,208934,419848,42256
native_to_wasm,6137,210241,210612,420854,42256
native_to_wasm,6138,210237,208950,419188,42256
native_to_wasm,6139,211133,208932,420066,42256
native_to_wasm,6140,210245,208850,419096,42256
native_to_wasm,6141,210911,208922,419834,42256
native_to_wasm,6142,210121,209636,419758,42256
native_to_wasm,6143,210241,209266,419508,42256
native_to_wasm,6144,210111,208948,419060,42256
native_to_wasm,6145,210131,209606,419738,42256
native_to_wasm,6146,210219,208876,419096,42256
native_to_wasm,6147,210929,208944,419874,42256
native_to_wasm,6148,211329,209606,420936,42256
native_to_wasm,6149,210219,208918,419138,42256
native_to_wasm,6150,211159,208946,420106,42256
native_to_wasm,6151,210241,208864,419106,42256
native_to_wasm,6152,211485,208938,420424,42256
native_to_wasm,6153,210123,209638,419762,42256
native_to_wasm,6154,210221,208830,419052,42256
native_to_wasm,6155,210933,208938,419872,42256
native_to_wasm,6156,211333,209606,420940,42256
native_to_wasm,6157,210217,208934,419152,42256
native_to_wasm,6158,211135,208934,420070,42256
native_to_wasm,6159,210241,208862,419104,42256
native_to_wasm,6160,211371,208944,420316,42256
native_to_wasm,6161,210113,209636,419750,42256
native_to_wasm,6162,210241,208864,419106,42256
native_to_wasm,6163,210959,208940,419900,42256
native_to_wasm,6164,210549,209696,420246,42256
native_to_wasm,6165,210247,208950,419198,42256
native_to_wasm,6166,211403,208940,420344,42256
native_to_wasm,6167,210243,208862,419106,42256
native_to_wasm,6168,210937,208938,419876,42256
native_to_wasm,6169,210137,209636,419774,42256
native_to_wasm,6170,210241,208848,419090,42256
native_to_wasm,6171,210913,208934,419848,42256
native_to_wasm,6172,210241,210612,420854,42256
native_to_wasm,6173,210237,208950,419188,42256
native_to_wasm,6174,211133,208932,420066,42256
native_to_wasm,6175,210245,208850,419096,42256
native_to_wasm,6176,210911,208922,419834,42256
native_to_wasm,6177,210121,209636,419758,42256
native_to_wasm,6178,210241,209266,419508,42256
native_to_wasm,6179,210937,208916,419854,42256
native_to_wasm,6180,210219,210744,420964,42256
native_to_wasm,6181,210225,208918,419144,42256
native_to_wasm,6182,210663,208936,419600,42256
native_to_wasm,6183,210245,208850,419096,42256
native_to_wasm,6184,210911,208944,419856,42256
native_to_wasm,6185,210121,209636,419758,42256
native_to_wasm,6186,210241,209180,419422,42256
native_to_wasm,6187,210939,208938,419878,42256
native_to_wasm,6188,210249,209840,420090,42256
native_to_wasm,6189,210251,208940,419192,42256
native_to_wasm,6190,211377,208916,420294,42256
native_to_wasm,6191,210219,208818,419038,42256
native_to_wasm,6192,210947,208938,419886,42256
native_to_wasm,6193,210133,209606,419740,42256
native_to_wasm,6194,210253,209918,420172,42256
native_to_wasm,6195,210937,208944,419882,42256
native_to_wasm,6196,210235,209842,420078,42256
native_to_wasm,6197,210217,208932,419150,42256
native_to_wasm,6198,210133,209952,420086,42256
native_to_wasm,6199,210217,208856,419074,42256
native_to_wasm,6200,210929,208940,419870,42256
native_to_wasm,6201,210125,209632,419758,42256
native_to_wasm,6202,210233,210032,420266,42256
native_to_wasm,6203,210941,208946,419888,42256
native_to_wasm,6204,210237,209836,420074,42256
native_to_wasm,6205,210235,208948,419184,42256
native_to_wasm,6206,210129,209996,420126,42256
native_to_wasm,6207,210217,208858,419076,42256
native_to_wasm,6208,210927,208940,419868,42256
native_to_wasm,6209,210125,209632,419758,42256
native_to_wasm,6210,210235,209038,419274,42256
native_to_wasm,6211,212507,208938,421446,42256
native_to_wasm,6212,210241,209814,420056,42256
native_to_wasm,6213,210239,208946,419186,42256
native_to_wasm,6214,210131,209606,419738,42256
native_to_wasm,6215,210219,208862,419082,42256
native_to_wasm,6216,210911,208922,419834,42256
native_to_wasm,6217,210121,209636,419758,42256
native_to_wasm,6218,210241,208940,419182,42256
native_to_wasm,6219,212389,208914,421304,42256
native_to_wasm,6220,210221,210120,420342,42256
native_to_wasm,6221,210237,208942,419180,42256
native_to_wasm,6222,210133,209612,419746,42256
native_to_wasm,6223,210247,208864,419112,42256
native_to_wasm,6224,210933,208946,419880,42256
native_to_wasm,6225,210517,209612,420130,42256
native_to_wasm,6226,210245,208914,419160,42256
native_to_wasm,6227,212037,208938,420976,42256
native_to_wasm,6228,210249,209308,419558,42256
native_to_wasm,6229,210221,208924,419146,42256
native_to_wasm,6230,210131,209626,419758,42256
native_to_wasm,6231,210239,208862,419102,42256
native_to_wasm,6232,210937,208944,419882,42256
native_to_wasm,6233,210465,209632,420098,42256
native_to_wasm,6234,210221,208932,419154,42256
native_to_wasm,6235,211141,208932,420074,42256
native_to_wasm,6236,210241,210065,420307,42256
native_to_wasm,6237,210236,208944,419181,42256
native_to_wasm,6238,210133,209606,419740,42256
native_to_wasm,6239,210249,208852,419102,42256
native_to_wasm,6240,210913,208920,419834,42256
native_to_wasm,6241,210897,209614,420512,42256
native_to_wasm,6242,210247,208940,419188,42256
native_to_wasm,6243,211141,208934,420076,42256
native_to_wasm,6244,210241,208862,419104,42256
native_to_wasm,6245,211531,208940,420472,42256
native_to_wasm,6246,210125,209632,419758,42256
native_to_wasm,6247,210239,208862,419102,42256
native_to_wasm,6248,210933,208938,419872,42256
native_to_wasm,6249,211333,209606,420940,42256
native_to_wasm,6250,210217,208934,419152,42256
native_to_wasm,6251,211135,208934,420070,42256
native_to_wasm,6252,210241,208862,419104,42256
native_to_wasm,6253,211371,208944,420316,42256
native_to_wasm,6254,210113,209636,419750,42256
native_to_wasm,6255,210241,208864,419106,42256
native_to_wasm,6256,210959,208940,419900,42256
native_to_wasm,6257,210549,209696,420246,42256
native_to_wasm,6258,210247,208950,419198,42256
native_to_wasm,6259,211403,208940,420344,42256
native_to_wasm,6260,210243,208862,419106,42256
native_to_wasm,6261,210937,208938,419876,42256
native_to_wasm,6262,210137,209636,419774,42256
native_to_wasm,6263,210241,208848,419090,42256
native_to_wasm,6264,210913,208934,419848,42256
native_to_wasm,6265,210241,210612,420854,42256
native_to_wasm,6266,210237,208950,419188,42256
native_to_wasm,6267,211133,208932,420066,42256
native_to_wasm,6268,210245,208850,419096,42256
native_to_wasm,6269,210911,208922,419834,42256
native_to_wasm,6270,210121,209636,419758,42256
native_to_wasm,6271,210241,209266,419508,42256
native_to_wasm,6272,210111,208948,419060,42256
native_to_wasm,6273,210131,209606,419738,42256
native_to_wasm,6274,210219,208876,419096,42256
native_to_wasm,6275,210929,208944,419874,42256
native_to_wasm,6276,211329,209606,420936,42256
native_to_wasm,6277,210219,208918,419138,42256
native_to_wasm,6278,211159,208946,420106,42256
native_to_wasm,6279,210241,208864,419106,42256
native_to_wasm,6280,211485,208938,420424,42256
native_to_wasm,6281,210123,209638,419762,42256
native_to_wasm,6282,210221,208830,419052,42256
native_to_wasm,6283,210933,208938,419872,42256
native_to_wasm,6284,211333,209606,420940,42256
native_to_wasm,6285,210217,208934,419152,42256
native_to_wasm,6286,211135,208934,420070,42256
native_to_wasm,6287,210241,208862,419104,42256
native_to_wasm,6288,211371,208944,420316,42256
native_to_wasm,6289,210113,209636,419750,42256
native_to_wasm,6290,210241,208864,419106,42256
native_to_wasm,6291,210959,208940,419900,42256
native_to_wasm,6292,210549,209696,420246,42256
native_to_wasm,6293,210247,208950,419198,42256
native_to_wasm,6294,211403,208940,420344,42256
native_to_wasm,6295,210243,208862,419106,42256
native_to_wasm,6296,210937,208938,419876,42256
native_to_wasm,6297,210137,209636,419774,42256
native_to_wasm,6298,210241,208848,419090,42256
native_to_wasm,6299,210913,208934,419848,42256
native_to_wasm,6300,210241,210612,420854,42256
native_to_wasm,6301,210237,208950,419188,42256
native_to_wasm,6302,211133,208932,420066,42256
native_to_wasm,6303,210245,208850,419096,42256
native_to_wasm,6304,210911,208922,419834,42256
native_to_wasm,6305,210121,209636,419758,42256
native_to_wasm,6306,210241,209266,419508,42256
native_to_wasm,6307,210937,208916,419854,42256
native_to_wasm,6308,210219,210744,420964,42256
native_to_wasm,6309,210225,208918,419144,42256
native_to_wasm,6310,210663,208936,419600,42256
native_to_wasm,6311,210245,208850,419096,42256
native_to_wasm,6312,210911,208944,419856,42256
native_to_wasm,6313,210121,209636,419758,42256
native_to_wasm,6314,210241,209180,419422,42256
native_to_wasm,6315,210939,208938,419878,42256
native_to_wasm,6316,210249,209840,420090,42256
native_to_wasm,6317,210251,208940,419192,42256
native_to_wasm,6318,211377,208916,420294,42256
native_to_wasm,6319,210219,208818,419038,42256
native_to_wasm,6320,210947,208938,419886,42256
native_to_wasm,6321,210133,209606,419740,42256
native_to_wasm,6322,210253,209918,420172,42256
native_to_wasm,6323,210937,208944,419882,42256
native_to_wasm,6324,210235,209842,420078,42256
native_to_wasm,6325,210217,208932,419150,42256
native_to_wasm,6326,210133,209952,420086,42256
native_to_wasm,6327,210217,208856,419074,42256
native_to_wasm,6328,210929,208940,419870,42256
native_to_wasm,6329,210125,209632,419758,42256
native_to_wasm,6330,210233,210032,420266,42256
native_to_wasm,6331,210941,208946,419888,42256
native_to_wasm,6332,210237,209836,420074,42256
native_to_wasm,6333,210235,208948,419184,42256
native_to_wasm,6334,210129,209996,420126,42256
native_to_wasm,6335,210217,208858,419076,42256
native_to_wasm,6336,210927,208940,419868,42256
native_to_wasm,6337,210125,209632,419758,42256
native_to_wasm,6338,210235,209038,419274,42256
native_to_wasm,6339,212507,208938,421446,42256
native_to_wasm,6340,210241,209814,420056,42256
native_to_wasm,6341,210239,208946,419186,42256
native_to_wasm,6342,210131,209606,419738,42256
native_to_wasm,6343,210219,208862,419082,42256
native_to_wasm,6344,210911,208922,419834,42256
native_to_wasm,6345,210121,209636,419758,42256
native_to_wasm,6346,210241,208940,419182,42256
native_to_wasm,6347,212389,208914,421304,42256
native_to_wasm,6348,210221,210120,420342,42256
native_to_wasm,6349,210237,208942,419180,42256
native_to_wasm,6350,210133,209612,419746,42256
native_to_wasm,6351,210247,208864,419112,42256
native_to_wasm,6352,210933,208946,419880,42256
native_to_wasm,6353,210517,209612,420130,42256
native_to_wasm,6354,210245,208914,419160,42256
native_to_wasm,6355,212037,208938,420976,42256
native_to_wasm,6356,210249,209308,419558,42256
native_to_wasm,6357,210221,208924,419146,42256
native_to_wasm,6358,210131,209626,419758,42256
native_to_wasm,6359,210239,208862,419102,42256
native_to_wasm,6360,210937,208944,419882,42256
native_to_wasm,6361,210465,209632,420098,42256
native_to_wasm,6362,210221,208932,419154,42256
native_to_wasm,6363,211141,208932,420074,42256
native_to_wasm,6364,210241,210065,420307,42256
native_to_wasm,6365,210236,208944,419181,42256
native_to_wasm,6366,210133,209606,419740,42256
native_to_wasm,6367,210249,208852,419102,42256
native_to_wasm,6368,210913,208920,419834,42256
native_to_wasm,6369,210897,209614,420512,42256
native_to_wasm,6370,210247,208940,419188,42256
native_to_wasm,6371,211141,208934,420076,42256
native_to_wasm,6372,210241,208862,419104,42256
native_to_wasm,6373,211531,208940,420472,42256
native_to_wasm,6374,210125,209632,419758,42256
native_to_wasm,6375,210239,208862,419102,42256
native_to_wasm,6376,210933,208938,419872,42256
native_to_wasm,6377,211333,209606,420940,42256
native_to_wasm,6378,210217,208934,419152,42256
native_to_wasm,6379,211135,208934,420070,42256
native_to_wasm,6380,210241,208862,419104,42256
native_to_wasm,6381,211371,208944,420316,42256
native_to_wasm,6382,210113,209636,419750,42256
native_to_wasm,6383,210241,208864,419106,42256
native_to_wasm,6384,210959,208940,419900,42256
native_to_wasm,6385,210549,209696,420246,42256
native_to_wasm,6386,210247,208950,419198,42256
native_to_wasm,6387,211403,208940,420344,42256
native_to_wasm,6388,210243,208862,419106,42256
native_to_wasm,6389,210937,208938,419876,42256
native_to_wasm,6390,210137,209636,419774,42256
native_to_wasm,6391,210241,208848,419090,42256
native_to_wasm,6392,210913,208934,419848,42256
native_to_wasm,6393,210241,210612,420854,42256
native_to_wasm,6394,210237,208950,419188,42256
native_to_wasm,6395,211133,208932,420066,42256
native_to_wasm,6396,210245,208850,419096,42256
native_to_wasm,6397,210911,208922,419834,42256
native_to_wasm,6398,210121,209636,419758,42256
native_to_wasm,6399,210241,209266,419508,42256
native_to_wasm,6400,210111,208948,419060,42256
native_to_wasm,6401,210131,209606,419738,42256
native_to_wasm,6402,210219,208876,419096,42256
native_to_wasm,6403,210929,208944,419874,42256
native_to_wasm,6404,211329,209606,420936,42256
native_to_wasm,6405,210219,208918,419138,42256
native_to_wasm,6406,211159,208946,420106,42256
native_to_wasm,6407,210241,208864,419106,42256
native_to_wasm,6408,211485,208938,420424,42256
native_to_wasm,6409,210123,209638,419762,42256
native_to_wasm,6410,210221,208830,419052,42256
native_to_wasm,6411,210933,208938,419872,42256
native_to_wasm,6412,211333,209606,420940,42256
native_to_wasm,6413,210217,208934,419152,42256
native_to_wasm,6414,211135,208934,420070,42256
native_to_wasm,6415,210241,208862,419104,42256
native_to_wasm,6416,211371,208944,420316,42256
native_to_wasm,6417,210113,209636,419750,42256
native_to_wasm,6418,210241,208864,419106,42256
native_to_wasm,6419,210959,208940,419900,42256
native_to_wasm,6420,210549,209696,420246,42256
native_to_wasm,6421,210247,208950,419198,42256
native_to_wasm,6422,211403,208940,420344,42256
native_to_wasm,6423,210243,208862,419106,42256
native_to_wasm,6424,210937,208938,419876,42256
native_to_wasm,6425,210137,209636,419774,42256
native_to_wasm,6426,210241,208848,419090,42256
native_to_wasm,6427,210913,208934,419848,42256
native_to_wasm,6428,210241,210612,420854,42256
native_to_wasm,6429,210237,208950,419188,42256
native_to_wasm,6430,211133,208932,420066,42256
native_to_wasm,6431,210245,208850,419096,42256
native_to_wasm,6432,210911,208922,419834,42256
native_to_wasm,6433,210121,209636,419758,42256
native_to_wasm,6434,210241,209266,419508,42256
native_to_wasm,6435,210937,208916,419854,42256
native_to_wasm,6436,210219,210744,420964,42256
native_to_wasm,6437,210225,208918,419144,42256
native_to_wasm,6438,210663,208936,419600,42256
native_to_wasm,6439,210245,208850,419096,42256
native_to_wasm,6440,210911,208944,419856,42256
native_to_wasm,6441,210121,209636,419758,42256
native_to_wasm,6442,210241,209180,419422,42256
native_to_wasm,6443,210939,208938,419878,42256
native_to_wasm,6444,210249,209840,420090,42256
native_to_wasm,6445,210251,208940,419192,42256
native_to_wasm,6446,211377,208916,420294,42256
native_to_wasm,6447,210219,208818,419038,42256
native_to_wasm,6448,210947,208938,419886,42256
native_to_wasm,6449,210133,209606,419740,42256
native_to_wasm,6450,210253,209918,420172,42256
native_to_wasm,6451,210937,208944,419882,42256
native_to_wasm,6452,210235,209842,420078,42256
native_to_wasm,6453,210217,208932,419150,42256
native_to_wasm,6454,210133,209952,420086,42256
native_to_wasm,6455,210217,208856,419074,42256
native_to_wasm,6456,210929,208940,419870,42256
native_to_wasm,6457,210125,209632,419758,42256
native_to_wasm,6458,210233,210032,420266,42256
native_to_wasm,6459,210941,208946,419888,42256
native_to_wasm,6460,210237,209836,420074,42256
native_to_wasm,6461,210235,208948,419184,42256
native_to_wasm,6462,210129,209996,420126,42256
native_to_wasm,6463,210217,208858,419076,42256
native_to_wasm,6464,210927,208940,419868,42256
native_to_wasm,6465,210125,209632,419758,42256
native_to_wasm,6466,210235,209038,419274,42256
native_to_wasm,6467,212507,208938,421446,42256
native_to_wasm,6468,210241,209814,420056,42256
native_to_wasm,6469,210239,208946,419186,42256
native_to_wasm,6470,210131,209606,419738,42256
native_to_wasm,6471,210219,208862,419082,42256
native_to_wasm,6472,210911,208922,419834,42256
native_to_wasm,6473,210121,209636,419758,42256
native_to_wasm,6474,210241,208940,419182,42256
native_to_wasm,6475,212389,208914,421304,42256
native_to_wasm,6476,210221,210120,420342,42256
native_to_wasm,6477,210237,208942,419180,42256
native_to_wasm,6478,210133,209612,419746,42256
native_to_wasm,6479,210247,208864,419112,42256
native_to_wasm,6480,210933,208946,419880,42256
native_to_wasm,6481,210517,209612,420130,42256
native_to_wasm,6482,210245,208914,419160,42256
native_to_wasm,6483,212037,208938,420976,42256
native_to_wasm,6484,210249,209308,419558,42256
native_to_wasm,6485,210221,208924,419146,42256
native_to_wasm,6486,210131,209626,419758,42256
native_to_wasm,6487,210239,208862,419102,42256
native_to_wasm,6488,210937,208944,419882,42256
native_to_wasm,6489,210465,209632,420098,42256
native_to_wasm,6490,210221,208932,419154,42256
native_to_wasm,6491,211141,208932,420074,42256
native_to_wasm,6492,210241,210065,420307,42256
native_to_wasm,6493,210236,208944,419181,42256
native_to_wasm,6494,210133,209606,419740,42256
native_to_wasm,6495,210249,208852,419102,42256
native_to_wasm,6496,210913,208920,419834,42256
native_to_wasm,6497,210897,209614,420512,42256
native_to_wasm,6498,210247,208940,419188,42256
native_to_wasm,6499,211141,208934,420076,42256
native_to_wasm,6500,210241,208862,419104,42256
native_to_wasm,6501,211531,208940,420472,42256
native_to_wasm,6502,210125,209632,419758,42256
native_to_wasm,6503,210239,208862,419102,42256
native_to_wasm,6504,210933,208938,419872,42256
native_to_wasm,6505,211333,209606,420940,42256
native_to_wasm,6506,210217,208934,419152,42256
native_to_wasm,6507,211135,208934,420070,42256
native_to_wasm,6508,210241,208862,419104,42256
native_to_wasm,6509,211371,208944,420316,42256
native_to_wasm,6510,210113,209636,419750,42256
native_to_wasm,6511,210241,208864,419106,42256
native_to_wasm,6512,210959,208940,419900,42256
native_to_wasm,6513,210549,209696,420246,42256
native_to_wasm,6514,210247,208950,419198,42256
native_to_wasm,6515,211403,208940,420344,42256
native_to_wasm,6516,210243,208862,419106,42256
native_to_wasm,6517,210937,208938,419876,42256
native_to_wasm,6518,210137,209636,419774,42256
native_to_wasm,6519,210241,208848,419090,42256
native_to_wasm,6520,210913,208934,419848,42256
native_to_wasm,6521,210241,210612,420854,42256
native_to_wasm,6522,210237,208950,419188,42256
native_to_wasm,6523,211133,208932,420066,42256
native_to_wasm,6524,210245,208850,419096,42256
native_to_wasm,6525,210911,208922,419834,42256
native_to_wasm,6526,210121,209636,419758,42256
native_to_wasm,6527,210241,209266,419508,42256
native_to_wasm,6528,210111,208948,419060,42256
native_to_wasm,6529,210131,209606,419738,42256
native_to_wasm,6530,210219,208876,419096,42256
native_to_wasm,6531,210929,208944,419874,42256
native_to_wasm,6532,211329,209606,420936,42256
native_to_wasm,6533,210219,208918,419138,42256
native_to_wasm,6534,211159,208946,420106,42256
native_to_wasm,6535,210241,208864,419106,42256
native_to_wasm,6536,211485,208938,420424,42256
native_to_wasm,6537,210123,209638,419762,42256
native_to_wasm,6538,210221,208830,419052,42256
native_to_wasm,6539,210933,208938,419872,42256
native_to_wasm,6540,211333,209606,420940,42256
native_to_wasm,6541,210217,208934,419152,42256
native_to_wasm,6542,211135,208934,420070,42256
native_to_wasm,6543,210241,208862,419104,42256
native_to_wasm,6544,211371,208944,420316,42256
native_to_wasm,6545,210113,209636,419750,42256
native_to_wasm,6546,210241,208864,419106,42256
native_to_wasm,6547,210959,208940,419900,42256
native_to_wasm,6548,210549,209696,420246,42256
native_to_wasm,6549,210247,208950,419198,42256
native_to_wasm,6550,211403,208940,420344,42256
native_to_wasm,6551,210243,208862,419106,42256
native_to_wasm,6552,210937,208938,419876,42256
native_to_wasm,6553,210137,209636,419774,42256
native_to_wasm,6554,210241,208848,419090,42256
native_to_wasm,6555,210913,208934,419848,42256
native_to_wasm,6556,210241,210612,420854,42256
native_to_wasm,6557,210237,208950,419188,42256
native_to_wasm,6558,211133,208932,420066,42256
native_to_wasm,6559,210245,208850,419096,42256
native_to_wasm,6560,210911,208922,419834,42256
native_to_wasm,6561,210121,209636,419758,42256
native_to_wasm,6562,210241,209266,419508,42256
native_to_wasm,6563,210937,208916,419854,42256
native_to_wasm,6564,210219,210744,420964,42256
native_to_wasm,6565,210225,208918,419144,42256
native_to_wasm,6566,210663,208936,419600,42256
native_to_wasm,6567,210245,208850,419096,42256
native_to_wasm,6568,210911,208944,419856,42256
native_to_wasm,6569,210121,209636,419758,42256
native_to_wasm,6570,210241,209180,419422,42256
native_to_wasm,6571,210939,208938,419878,42256
native_to_wasm,6572,210249,209840,420090,42256
native_to_wasm,6573,210251,208940,419192,42256
native_to_wasm,6574,211377,208916,420294,42256
native_to_wasm,6575,210219,208818,419038,42256
native_to_wasm,6576,210947,208938,419886,42256
native_to_wasm,6577,210133,209606,419740,42256
native_to_wasm,6578,210253,209918,420172,42256
native_to_wasm,6579,210937,208944,419882,42256
native_to_wasm,6580,210235,209842,420078,42256
native_to_wasm,6581,210217,208932,419150,42256
native_to_wasm,6582,210133,209952,420086,42256
native_to_wasm,6583,210217,208856,419074,42256
native_to_wasm,6584,210929,208940,419870,42256
native_to_wasm,6585,210125,209632,419758,42256
native_to_wasm,6586,210233,210032,420266,42256
native_to_wasm,6587,210941,208946,419888,42256
native_to_wasm,6588,210237,209836,420074,42256
native_to_wasm,6589,210235,208948,419184,42256
native_to_wasm,6590,210129,209996,420126,42256
native_to_wasm,6591,210217,208858,419076,42256
native_to_wasm,6592,210927,208940,419868,42256
native_to_wasm,6593,210125,209632,419758,42256
native_to_wasm,6594,210235,209038,419274,42256
native_to_wasm,6595,212507,208938,421446,42256
native_to_wasm,6596,210241,209814,420056,42256
native_to_wasm,6597,210239,208946,419186,42256
native_to_wasm,6598,210131,209606,419738,42256
native_to_wasm,6599,210219,208862,419082,42256
native_to_wasm,6600,210911,208922,419834,42256
native_to_wasm,6601,210121,209636,419758,42256
native_to_wasm,6602,210241,208940,419182,42256
native_to_wasm,6603,212389,208914,421304,42256
native_to_wasm,6604,210221,210120,420342,42256
native_to_wasm,6605,210237,208942,419180,42256
native_to_wasm,6606,210133,209612,419746,42256
native_to_wasm,6607,210247,208864,419112,42256
native_to_wasm,6608,210933,208946,419880,42256
native_to_wasm,6609,210517,209612,420130,42256
native_to_wasm,6610,210245,208914,419160,42256
native_to_wasm,6611,212037,208938,420976,42256
native_to_wasm,6612,210249,209308,419558,42256
native_to_wasm,6613,210221,208924,419146,42256
native_to_wasm,6614,210131,209626,419758,42256
native_to_wasm,6615,210239,208862,419102,42256
native_to_wasm,6616,210937,208944,419882,42256
native_to_wasm,6617,210465,209632,420098,42256
native_to_wasm,6618,210221,208932,419154,42256
native_to_wasm,6619,211141,208932,420074,42256
native_to_wasm,6620,210241,210065,420307,42256
native_to_wasm,6621,210236,208944,419181,42256
native_to_wasm,6622,210133,209606,419740,42256
native_to_wasm,6623,210249,208852,419102,42256
native_to_wasm,6624,210913,208920,419834,42256
native_to_wasm,6625,210897,209614,420512,42256
native_to_wasm,6626,210247,208940,419188,42256
native_to_wasm,6627,211141,208934,420076,42256
native_to_wasm,6628,210241,208862,419104,42256
native_to_wasm,6629,211531,208940,420472,42256
native_to_wasm,6630,210125,209632,419758,42256
native_to_wasm,6631,210239,208862,419102,42256
native_to_wasm,6632,210933,208938,419872,42256
native_to_wasm,6633,211333,209606,420940,42256
native_to_wasm,6634,210217,208934,419152,42256
native_to_wasm,6635,211135,208934,420070,42256
native_to_wasm,6636,210241,208862,419104,42256
native_to_wasm,6637,211371,208944,420316,42256
native_to_wasm,6638,210113,209636,419750,42256
native_to_wasm,6639,210241,208864,419106,42256
native_to_wasm,6640,210959,208940,419900,42256
native_to_wasm,6641,210549,209696,420246,42256
native_to_wasm,6642,210247,208950,419198,42256
native_to_wasm,6643,211403,208940,420344,42256
native_to_wasm,6644,210243,208862,419106,42256
native_to_wasm,6645,210937,208938,419876,42256
native_to_wasm,6646,210137,209636,419774,42256
native_to_wasm,6647,210241,208848,419090,42256
native_to_wasm,6648,210913,208934,419848,42256
native_to_wasm,6649,210241,210612,420854,42256
native_to_wasm,6650,210237,208950,419188,42256
native_to_wasm,6651,211133,208932,420066,42256
native_to_wasm,6652,210245,208850,419096,42256
native_to_wasm,6653,210911,208922,419834,42256
native_to_wasm,6654,210121,209636,419758,42256
native_to_wasm,6655,210241,209266,419508,42256
native_to_wasm,6656,210111,208948,419060,42256
native_to_wasm,6657,210131,209606,419738,42256
native_to_wasm,6658,210219,208876,419096,42256
native_to_wasm,6659,210929,208944,419874,42256
native_to_wasm,6660,211329,209606,420936,42256
native_to_wasm,6661,210219,208918,419138,42256
native_to_wasm,6662,211159,208946,420106,42256
native_to_wasm,6663,210241,208864,419106,42256
native_to_wasm,6664,211485,208938,420424,42256
native_to_wasm,6665,210123,209638,419762,42256
native_to_wasm,6666,210221,208830,419052,42256
native_to_wasm,6667,210933,208938,419872,42256
native_to_wasm,6668,211333,209606,420940,42256
native_to_wasm,6669,210217,208934,419152,42256
native_to_wasm,6670,211135,208934,420070,42256
native_to_wasm,6671,210241,208862,419104,42256
native_to_wasm,6672,211371,208944,420316,42256
native_to_wasm,6673,210113,209636,419750,42256
native_to_wasm,6674,210241,208864,419106,42256
native_to_wasm,6675,210959,208940,419900,42256
native_to_wasm,6676,210549,209696,420246,42256
native_to_wasm,6677,210247,208950,419198,42256
native_to_wasm,6678,211403,208940,420344,42256
native_to_wasm,6679,210243,208862,419106,42256
native_to_wasm,6680,210937,208938,419876,42256
native_to_wasm,6681,210137,209636,419774,42256
native_to_wasm,6682,210241,208848,419090,42256
native_to_wasm,6683,210913,208934,419848,42256
native_to_wasm,6684,210241,210612,420854,42256
native_to_wasm,6685,210237,208950,419188,42256
native_to_wasm,6686,211133,208932,420066,42256
native_to_wasm,6687,210245,208850,419096,42256
native_to_wasm,6688,210911,208922,419834,42256
native_to_wasm,6689,210121,209636,419758,42256
native_to_wasm,6690,210241,209266,419508,42256
native_to_wasm,6691,210937,208916,419854,42256
native_to_wasm,6692,210219,210744,420964,42256
native_to_wasm,6693,210225,208918,419144,42256
native_to_wasm,6694,210663,208936,419600,42256
native_to_wasm,6695,210245,208850,419096,42256
native_to_wasm,6696,210911,208944,419856,42256
native_to_wasm,6697,210121,209636,419758,42256
native_to_wasm,6698,210241,209180,419422,42256
native_to_wasm,6699,210939,208938,419878,42256
native_to_wasm,6700,210249,209840,420090,42256
native_to_wasm,6701,210251,208940,419192,42256
native_to_wasm,6702,211377,208916,420294,42256
native_to_wasm,6703,210219,208818,419038,42256
native_to_wasm,6704,210947,208938,419886,42256
native_to_wasm,6705,210133,209606,419740,42256
native_to_wasm,6706,210253,209918,420172,42256
native_to_wasm,6707,210937,208944,419882,42256
native_to_wasm,6708,210235,209842,420078,42256
native_to_wasm,6709,210217,208932,419150,42256
native_to_wasm,6710,210133,209952,420086,42256
native_to_wasm,6711,210217,208856,419074,42256
native_to_wasm,6712,210929,208940,419870,42256
native_to_wasm,6713,210125,209632,419758,42256
native_to_wasm,6714,210233,210032,420266,42256
native_to_wasm,6715,210941,208946,419888,42256
native_to_wasm,6716,210237,209836,420074,42256
native_to_wasm,6717,210235,208948,419184,42256
native_to_wasm,6718,210129,209996,420126,42256
native_to_wasm,6719,210217,208858,419076,42256
native_to_wasm,6720,210927,208940,419868,42256
native_to_wasm,6721,210125,209632,419758,42256
native_to_wasm,6722,210235,209038,419274,42256
native_to_wasm,6723,212507,208938,421446,42256
native_to_wasm,6724,210241,209814,420056,42256
native_to_wasm,6725,210239,208946,419186,42256
native_to_wasm,6726,210131,209606,419738,42256
native_to_wasm,6727,210219,208862,419082,42256
native_to_wasm,6728,210911,208922,419834,42256
native_to_wasm,6729,210121,209636,419758,42256
native_to_wasm,6730,210241,208940,419182,42256
native_to_wasm,6731,212389,208914,421304,42256
native_to_wasm,6732,210221,210120,420342,42256
native_to_wasm,6733,210237,208942,419180,42256
native_to_wasm,6734,210133,209612,419746,42256
native_to_wasm,6735,210247,208864,419112,42256
native_to_wasm,6736,210933,208946,419880,42256
native_to_wasm,6737,210517,209612,420130,42256
native_to_wasm,6738,210245,208914,419160,42256
native_to_wasm,6739,212037,208938,420976,42256
native_to_wasm,6740,210249,209308,419558,42256
native_to_wasm,6741,210221,208924,419146,42256
native_to_wasm,6742,210131,209626,419758,42256
native_to_wasm,6743,210239,208862,419102,42256
native_to_wasm,6744,210937,208944,419882,42256
native_to_wasm,6745,210465,209632,420098,42256
native_to_wasm,6746,210221,208932,419154,42256
native_to_wasm,6747,211141,208932,420074,42256
native_to_wasm,6748,210241,210065,420307,42256
native_to_wasm,6749,210236,208944,419181,42256
native_to_wasm,6750,210133,209606,419740,42256
native_to_wasm,6751,210249,208852,419102,42256
native_to_wasm,6752,210913,208920,419834,42256
native_to_wasm,6753,210897,209614,420512,42256
native_to_wasm,6754,210247,208940,419188,42256
native_to_wasm,6755,211141,208934,420076,42256
native_to_wasm,6756,210241,208862,419104,42256
native_to_wasm,6757,211531,208940,420472,42256
native_to_wasm,6758,210125,209632,419758,42256
native_to_wasm,6759,210239,208862,419102,42256
native_to_wasm,6760,210933,208938,419872,42256
native_to_wasm,6761,211333,209606,420940,42256
native_to_wasm,6762,210217,208934,419152,42256
native_to_wasm,6763,211135,208934,420070,42256
native_to_wasm,6764,210241,208862,419104,42256
native_to_wasm,6765,211371,208944,420316,42256
native_to_wasm,6766,210113,209636,419750,42256
native_to_wasm,6767,210241,208864,419106,42256
native_to_wasm,6768,210959,208940,419900,42256
native_to_wasm,6769,210549,209696,420246,42256
native_to_wasm,6770,210247,208950,419198,42256
native_to_wasm,6771,211403,208940,420344,42256
native_to_wasm,6772,210243,208862,419106,42256
native_to_wasm,6773,210937,208938,419876,42256
native_to_wasm,6774,210137,209636,419774,42256
native_to_wasm,6775,210241,208848,419090,42256
native_to_wasm,6776,210913,208934,419848,42256
native_to_wasm,6777,210241,210612,420854,42256
native_to_wasm,6778,210237,208950,419188,42256
native_to_wasm,6779,211133,208932,420066,42256
native_to_wasm,6780,210245,208850,419096,42256
native_to_wasm,6781,210911,208922,419834,42256
native_to_wasm,6782,210121,209636,419758,42256
native_to_wasm,6783,210241,209266,419508,42256
native_to_wasm,6784,210111,208948,419060,42256
native_to_wasm,6785,210131,209606,419738,42256
native_to_wasm,6786,210219,208876,419096,42256
native_to_wasm,6787,210929,208944,419874,42256
native_to_wasm,6788,211329,209606,420936,42256
native_to_wasm,6789,210219,208918,419138,42256
native_to_wasm,6790,211159,208946,420106,42256
native_to_wasm,6791,210241,208864,419106,42256
native_to_wasm,6792,211485,208938,420424,42256
native_to_wasm,6793,210123,209638,419762,42256
native_to_wasm,6794,210221,208830,419052,42256
native_to_wasm,6795,210933,208938,419872,42256
native_to_wasm,6796,211333,209606,420940,42256
native_to_wasm,6797,210217,208934,419152,42256
native_to_wasm,6798,211135,208934,420070,42256
native_to_wasm,6799,210241,208862,419104,42256
native_to_wasm,6800,211371,208944,420316,42256
native_to_wasm,6801,210113,209636,419750,42256
native_to_wasm,6802,210241,208864,419106,42256
native_to_wasm,6803,210959,208940,419900,42256
native_to_wasm,6804,210549,209696,420246,42256
native_to_wasm,6805,210247,208950,419198,42256
native_to_wasm,6806,211403,208940,420344,42256
native_to_wasm,6807,210243,208862,419106,42256
native_to_wasm,6808,210937,208938,419876,42256
native_to_wasm,6809,210137,209636,419774,42256
native_to_wasm,6810,210241,208848,419090,42256
native_to_wasm,6811,210913,208934,419848,42256
native_to_wasm,6812,210241,210612,420854,42256
native_to_wasm,6813,210237,208950,419188,42256
native_to_wasm,6814,211133,208932,420066,42256
native_to_wasm,6815,210245,208850,419096,42256
native_to_wasm,6816,210911,208922,419834,42256
native_to_wasm,6817,210121,209636,419758,42256
native_to_wasm,6818,210241,209266,419508,42256
native_to_wasm,6819,210937,208916,419854,42256
native_to_wasm,6820,210219,210744,420964,42256
native_to_wasm,6821,210225,208918,419144,42256
native_to_wasm,6822,210663,208936,419600,42256
native_to_wasm,6823,210245,208850,419096,42256
native_to_wasm,6824,210911,208944,419856,42256
native_to_wasm,6825,210121,209636,419758,42256
native_to_wasm,6826,210241,209180,419422,42256
native_to_wasm,6827,210939,208938,419878,42256
native_to_wasm,6828,210249,209840,420090,42256
native_to_wasm,6829,210251,208940,419192,42256
native_to_wasm,6830,211377,208916,420294,42256
native_to_wasm,6831,210219,208818,419038,42256
native_to_wasm,6832,210947,208938,419886,42256
native_to_wasm,6833,210133,209606,419740,42256
native_to_wasm,6834,210253,209918,420172,42256
native_to_wasm,6835,210937,208944,419882,42256
native_to_wasm,6836,210235,209842,420078,42256
native_to_wasm,6837,210217,208932,419150,42256
native_to_wasm,6838,210133,209952,420086,42256
native_to_wasm,6839,210217,208856,419074,42256
native_to_wasm,6840,210929,208940,419870,42256
native_to_wasm,6841,210125,209632,419758,42256
native_to_wasm,6842,210233,210032,420266,42256
native_to_wasm,6843,210941,208946,419888,42256
native_to_wasm,6844,210237,209836,420074,42256
native_to_wasm,6845,210235,208948,419184,42256
native_to_wasm,6846,210129,209996,420126,42256
native_to_wasm,6847,210217,208858,419076,42256
native_to_wasm,6848,210927,208940,419868,42256
native_to_wasm,6849,210125,209632,419758,42256
native_to_wasm,6850,210235,209038,419274,42256
native_to_wasm,6851,212507,208938,421446,42256
native_to_wasm,6852,210241,209814,420056,42256
native_to_wasm,6853,210239,208946,419186,42256
native_to_wasm,6854,210131,209606,419738,42256
native_to_wasm,6855,210219,208862,419082,42256
native_to_wasm,6856,210911,208922,419834,42256
native_to_wasm,6857,210121,209636,419758,42256
native_to_wasm,6858,210241,208940,419182,42256
native_to_wasm,6859,212389,208914,421304,42256
native_to_wasm,6860,210221,210120,420342,42256
native_to_wasm,6861,210237,208942,419180,42256
native_to_wasm,6862,210133,209612,419746,42256
native_to_wasm,6863,210247,208864,419112,42256
native_to_wasm,6864,210933,208946,419880,42256
native_to_wasm,6865,210517,209612,420130,42256
native_to_wasm,6866,210245,208914,419160,42256
native_to_wasm,6867,212037,208938,420976,42256
native_to_wasm,6868,210249,209308,419558,42256
native_to_wasm,6869,210221,208924,419146,42256
native_to_wasm,6870,210131,209626,419758,42256
native_to_wasm,6871,210239,208862,419102,42256
native_to_wasm,6872,210937,208944,419882,42256
native_to_wasm,6873,210465,209632,420098,42256
native_to_wasm,6874,210221,208932,419154,42256
native_to_wasm,6875,211141,208932,420074,42256
native_to_wasm,6876,210241,210065,420307,42256
native_to_wasm,6877,210236,208944,419181,42256
native_to_wasm,6878,210133,209606,419740,42256
native_to_wasm,6879,210249,208852,419102,42256
native_to_wasm,6880,210913,208920,419834,42256
native_to_wasm,6881,210897,209614,420512,42256
native_to_wasm,6882,210247,208940,419188,42256
native_to_wasm,6883,211141,208934,420076,42256
native_to_wasm,6884,210241,208862,419104,42256
native_to_wasm,6885,211531,208940,420472,42256
native_to_wasm,6886,210125,209632,419758,42256
native_to_wasm,6887,210239,208862,419102,42256
native_to_wasm,6888,210933,208938,419872,42256
native_to_wasm,6889,211333,209606,420940,42256
native_to_wasm,6890,210217,208934,419152,42256
native_to_wasm,6891,211135,208934,420070,42256
native_to_wasm,6892,210241,208862,419104,42256
native_to_wasm,6893,211371,208944,420316,42256
native_to_wasm,6894,210113,209636,419750,42256
native_to_wasm,6895,210241,208864,419106,42256
native_to_wasm,6896,210959,208940,419900,42256
native_to_wasm,6897,210549,209696,420246,42256
native_to_wasm,6898,210247,208950,419198,42256
native_to_wasm,6899,211403,208940,420344,42256
native_to_wasm,6900,210243,208862,419106,42256
native_to_wasm,6901,210937,208938,419876,42256
native_to_wasm,6902,210137,209636,419774,42256
native_to_wasm,6903,210241,208848,419090,42256
native_to_wasm,6904,210913,208934,419848,42256
native_to_wasm,6905,210241,210612,420854,42256
native_to_wasm,6906,210237,208950,419188,42256
native_to_wasm,6907,211133,208932,420066,42256
native_to_wasm,6908,210245,208850,419096,42256
native_to_wasm,6909,210911,208922,419834,42256
native_to_wasm,6910,210121,209636,419758,42256
native_to_wasm,6911,210241,209266,419508,42256
native_to_wasm,6912,210111,208948,419060,42256
native_to_wasm,6913,210131,209606,419738,42256
native_to_wasm,6914,210219,208876,419096,42256
native_to_wasm,6915,210929,208944,419874,42256
native_to_wasm,6916,211329,209606,420936,42256
native_to_wasm,6917,210219,208918,419138,42256
native_to_wasm,6918,211159,208946,420106,42256
native_to_wasm,6919,210241,208864,419106,42256
native_to_wasm,6920,211485,208938,420424,42256
native_to_wasm,6921,210123,209638,419762,42256
native_to_wasm,6922,210221,208830,419052,42256
native_to_wasm,6923,210933,208938,419872,42256
native_to_wasm,6924,211333,209606,420940,42256
native_to_wasm,6925,210217,208934,419152,42256
native_to_wasm,6926,211135,208934,420070,42256
native_to_wasm,6927,210241,208862,419104,42256
native_to_wasm,6928,211371,208944,420316,42256
native_to_wasm,6929,210113,209636,419750,42256
native_to_wasm,6930,210241,208864,419106,42256
native_to_wasm,6931,210959,208940,419900,42256
native_to_wasm,6932,210549,209696,420246,42256
native_to_wasm,6933,210247,208950,419198,42256
native_to_wasm,6934,211403,208940,420344,42256
native_to_wasm,6935,210243,208862,419106,42256
native_to_wasm,6936,210937,208938,419876,42256
native_to_wasm,6937,210137,209636,419774,42256
native_to_wasm,6938,210241,208848,419090,42256
native_to_wasm,6939,210913,208934,419848,42256
native_to_wasm,6940,210241,210612,420854,42256
native_to_wasm,6941,210237,208950,419188,42256
native_to_wasm,6942,211133,208932,420066,42256
native_to_wasm,6943,210245,208850,419096,42256
native_to_wasm,6944,210911,208922,419834,42256
native_to_wasm,6945,210121,209636,419758,42256
native_to_wasm,6946,210241,209266,419508,42256
native_to_wasm,6947,210937,208916,419854,42256
native_to_wasm,6948,210219,210744,420964,42256
native_to_wasm,6949,210225,208918,419144,42256
native_to_wasm,6950,210663,208936,419600,42256
native_to_wasm,6951,210245,208850,419096,42256
native_to_wasm,6952,210911,208944,419856,42256
native_to_wasm,6953,210121,209636,419758,42256
native_to_wasm,6954,210241,209180,419422,42256
native_to_wasm,6955,210939,208938,419878,42256
native_to_wasm,6956,210249,209840,420090,42256
native_to_wasm,6957,210251,208940,419192,42256
native_to_wasm,6958,211377,208916,420294,42256
native_to_wasm,6959,210219,208818,419038,42256
native_to_wasm,6960,210947,208938,419886,42256
native_to_wasm,6961,210133,209606,419740,42256
native_to_wasm,6962,210253,209918,420172,42256
native_to_wasm,6963,210937,208944,419882,42256
native_to_wasm,6964,210235,209842,420078,42256
native_to_wasm,6965,210217,208932,419150,42256
native_to_wasm,6966,210133,209952,420086,42256
native_to_wasm,6967,210217,208856,419074,42256
native_to_wasm,6968,210929,208940,419870,42256
native_to_wasm,6969,210125,209632,419758,42256
native_to_wasm,6970,210233,210032,420266,42256
native_to_wasm,6971,210941,208946,419888,42256
native_to_wasm,6972,210237,209836,420074,42256
native_to_wasm,6973,210235,208948,419184,42256
native_to_wasm,6974,210129,209996,420126,42256
native_to_wasm,6975,210217,208858,419076,42256
native_to_wasm,6976,210927,208940,419868,42256
native_to_wasm,6977,210125,209632,419758,42256
native_to_wasm,6978,210235,209038,419274,42256
native_to_wasm,6979,212507,208938,421446,42256
native_to_wasm,6980,210241,209814,420056,42256
native_to_wasm,6981,210239,208946,419186,42256
native_to_wasm,6982,210131,209606,419738,42256
native_to_wasm,6983,210219,208862,419082,42256
native_to_wasm,6984,210911,208922,419834,42256
native_to_wasm,6985,210121,209636,419758,42256
native_to_wasm,6986,210241,208940,419182,42256
native_to_wasm,6987,212389,208914,421304,42256
native_to_wasm,6988,210221,210120,420342,42256
native_to_wasm,6989,210237,208942,419180,42256
native_to_wasm,6990,210133,209612,419746,42256
native_to_wasm,6991,210247,208864,419112,42256
native_to_wasm,6992,210933,208946,419880,42256
native_to_wasm,6993,210517,209612,420130,42256
native_to_wasm,6994,210245,208914,419160,42256
native_to_wasm,6995,212037,208938,420976,42256
native_to_wasm,6996,210249,209308,419558,42256
native_to_wasm,6997,210221,208924,419146,42256
native_to_wasm,6998,210131,209626,419758,42256
native_to_wasm,6999,210239,208862,419102,42256
native_to_wasm,7000,210937,208944,419882,42256
native_to_wasm,7001,210465,209632,420098,42256
native_to_wasm,7002,210221,208932,419154,42256
native_to_wasm,7003,211141,208932,420074,42256
native_to_wasm,7004,210241,210065,420307,42256
native_to_wasm,7005,210236,208944,419181,42256
native_to_wasm,7006,210133,209606,419740,42256
native_to_wasm,7007,210249,208852,419102,42256
native_to_wasm,7008,210913,208920,419834,42256
native_to_wasm,7009,210897,209614,420512,42256
native_to_wasm,7010,210247,208940,419188,42256
native_to_wasm,7011,211141,208934,420076,42256
native_to_wasm,7012,210241,208862,419104,42256
native_to_wasm,7013,211531,208940,420472,42256
native_to_wasm,7014,210125,209632,419758,42256
native_to_wasm,7015,210239,208862,419102,42256
native_to_wasm,7016,210933,208938,419872,42256
native_to_wasm,7017,211333,209606,420940,42256
native_to_wasm,7018,210217,208934,419152,42256
native_to_wasm,7019,211135,208934,420070,42256
native_to_wasm,7020,210241,208862,419104,42256
native_to_wasm,7021,211371,208944,420316,42256
native_to_wasm,7022,210113,209636,419750,42256
native_to_wasm,7023,210241,208864,419106,42256
native_to_wasm,7024,210959,208940,419900,42256
native_to_wasm,7025,210549,209696,420246,42256
native_to_wasm,7026,210247,208950,419198,42256
native_to_wasm,7027,211403,208940,420344,42256
native_to_wasm,7028,210243,208862,419106,42256
native_to_wasm,7029,210937,208938,419876,42256
native_to_wasm,7030,210137,209636,419774,42256
native_to_wasm,7031,210241,208848,419090,42256
native_to_wasm,7032,210913,208934,419848,42256
native_to_wasm,7033,210241,210612,420854,42256
native_to_wasm,7034,210237,208950,419188,42256
native_to_wasm,7035,211133,208932,420066,42256
native_to_wasm,7036,210245,208850,419096,42256
native_to_wasm,7037,210911,208922,419834,42256
native_to_wasm,7038,210121,209636,419758,42256
native_to_wasm,7039,210241,209266,419508,42256
native_to_wasm,7040,210111,208948,419060,42256
native_to_wasm,7041,210131,209606,419738,42256
native_to_wasm,7042,210219,208876,419096,42256
native_to_wasm,7043,210929,208944,419874,42256
native_to_wasm,7044,211329,209606,420936,42256
native_to_wasm,7045,210219,208918,419138,42256
native_to_wasm,7046,211159,208946,420106,42256
native_to_wasm,7047,210241,208864,419106,42256
native_to_wasm,7048,211485,208938,420424,42256
native_to_wasm,7049,210123,209638,419762,42256
native_to_wasm,7050,210221,208830,419052,42256
native_to_wasm,7051,210933,208938,419872,42256
native_to_wasm,7052,211333,209606,420940,42256
native_to_wasm,7053,210217,208934,419152,42256
native_to_wasm,7054,211135,208934,420070,42256
native_to_wasm,7055,210241,208862,419104,42256
native_to_wasm,7056,211371,208944,420316,42256
native_to_wasm,7057,210113,209636,419750,42256
native_to_wasm,7058,210241,208864,419106,42256
native_to_wasm,7059,210959,208940,419900,42256
native_to_wasm,7060,210549,209696,420246,42256
native_to_wasm,7061,210247,208950,419198,42256
native_to_wasm,7062,211403,208940,420344,42256
native_to_wasm,7063,210243,208862,419106,42256
native_to_wasm,7064,210937,208938,419876,42256
native_to_wasm,7065,210137,209636,419774,42256
native_to_wasm,7066,210241,208848,419090,42256
native_to_wasm,7067,210913,208934,419848,42256
native_to_wasm,7068,210241,210612,420854,42256
native_to_wasm,7069,210237,208950,419188,42256
native_to_wasm,7070,211133,208932,420066,42256
native_to_wasm,7071,210245,208850,419096,42256
native_to_wasm,7072,210911,208922,419834,42256
native_to_wasm,7073,210121,209636,419758,42256
native_to_wasm,7074,210241,209266,419508,42256
native_to_wasm,7075,210937,208916,419854,42256
native_to_wasm,7076,210219,210744,420964,42256
native_to_wasm,7077,210225,208918,419144,42256
native_to_wasm,7078,210663,208936,419600,42256
native_to_wasm,7079,210245,208850,419096,42256
native_to_wasm,7080,210911,208944,419856,42256
native_to_wasm,7081,210121,209636,419758,42256
native_to_wasm,7082,210241,209180,419422,42256
native_to_wasm,7083,210939,208938,419878,42256
native_to_wasm,7084,210249,209840,420090,42256
native_to_wasm,7085,210251,208940,419192,42256
native_to_wasm,7086,211377,208916,420294,42256
native_to_wasm,7087,210219,208818,419038,42256
native_to_wasm,7088,210947,208938,419886,42256
native_to_wasm,7089,210133,209606,419740,42256
native_to_wasm,7090,210253,209918,420172,42256
native_to_wasm,7091,210937,208944,419882,42256
native_to_wasm,7092,210235,209842,420078,42256
native_to_wasm,7093,210217,208932,419150,42256
native_to_wasm,7094,210133,209952,420086,42256
native_to_wasm,7095,210217,208856,419074,42256
native_to_wasm,7096,210929,208940,419870,42256
native_to_wasm,7097,210125,209632,419758,42256
native_to_wasm,7098,210233,210032,420266,42256
native_to_wasm,7099,210941,208946,419888,42256
native_to_wasm,7100,210237,209836,420074,42256
native_to_wasm,7101,210235,208948,419184,42256
native_to_wasm,7102,210129,209996,420126,42256
native_to_wasm,7103,210217,208858,419076,42256
native_to_wasm,7104,210927,208940,419868,42256
native_to_wasm,7105,210125,209632,419758,42256
native_to_wasm,7106,210235,209038,419274,42256
native_to_wasm,7107,212507,208938,421446,42256
native_to_wasm,7108,210241,209814,420056,42256
native_to_wasm,7109,210239,208946,419186,42256
native_to_wasm,7110,210131,209606,419738,42256
native_to_wasm,7111,210219,208862,419082,42256
native_to_wasm,7112,210911,208922,419834,42256
native_to_wasm,7113,210121,209636,419758,42256
native_to_wasm,7114,210241,208940,419182,42256
native_to_wasm,7115,212389,208914,421304,42256
native_to_wasm,7116,210221,210120,420342,42256
native_to_wasm,7117,210237,208942,419180,42256
native_to_wasm,7118,210133,209612,419746,42256
native_to_wasm,7119,210247,208864,419112,42256
native_to_wasm,7120,210933,208946,419880,42256
native_to_wasm,7121,210517,209612,420130,42256
native_to_wasm,7122,210245,208914,419160,42256
native_to_wasm,7123,212037,208938,420976,42256
native_to_wasm,7124,210249,209308,419558,42256
native_to_wasm,7125,210221,208924,419146,42256
native_to_wasm,7126,210131,209626,419758,42256
native_to_wasm,7127,210239,208862,419102,42256
native_to_wasm,7128,210937,208944,419882,42256
native_to_wasm,7129,210465,209632,420098,42256
native_to_wasm,7130,210221,208932,419154,42256
native_to_wasm,7131,211141,208932,420074,42256
native_to_wasm,7132,210241,210065,420307,42256
native_to_wasm,7133,210236,208944,419181,42256
native_to_wasm,7134,210133,209606,419740,42256
native_to_wasm,7135,210249,208852,419102,42256
native_to_wasm,7136,210913,208920,419834,42256
native_to_wasm,7137,210897,209614,420512,42256
native_to_wasm,7138,210247,208940,419188,42256
native_to_wasm,7139,211141,208934,420076,42256
native_to_wasm,7140,210241,208862,419104,42256
native_to_wasm,7141,211531,208940,420472,42256
native_to_wasm,7142,210125,209632,419758,42256
native_to_wasm,7143,210239,208862,419102,42256
native_to_wasm,7144,210933,208938,419872,42256
native_to_wasm,7145,211333,209606,420940,42256
native_to_wasm,7146,210217,208934,419152,42256
native_to_wasm,7147,211135,208934,420070,42256
native_to_wasm,7148,210241,208862,419104,42256
native_to_wasm,7149,211371,208944,420316,42256
native_to_wasm,7150,210113,209636,419750,42256
native_to_wasm,7151,210241,208864,419106,42256
native_to_wasm,7152,210959,208940,419900,42256
native_to_wasm,7153,210549,209696,420246,42256
native_to_wasm,7154,210247,208950,419198,42256
native_to_wasm,7155,211403,208940,420344,42256
native_to_wasm,7156,210243,208862,419106,42256
native_to_wasm,7157,210937,208938,419876,42256
native_to_wasm,7158,210137,209636,419774,42256
native_to_wasm,7159,210241,208848,419090,42256
native_to_wasm,7160,210913,208934,419848,42256
native_to_wasm,7161,210241,210612,420854,42256
native_to_wasm,7162,210237,208950,419188,42256
native_to_wasm,7163,211133,208932,420066,42256
native_to_wasm,7164,210245,208850,419096,42256
native_to_wasm,7165,210911,208922,419834,42256
native_to_wasm,7166,210121,209636,419758,42256
native_to_wasm,7167,210241,209266,419508,42256
native_to_wasm,7168,210111,208948,419060,42256
native_to_wasm,7169,210131,209606,419738,42256
native_to_wasm,7170,210219,208876,419096,42256
native_to_wasm,7171,210929,208944,419874,42256
native_to_wasm,7172,211329,209606,420936,42256
native_to_wasm,7173,210219,208918,419138,42256
native_to_wasm,7174,211159,208946,420106,42256
native_to_wasm,7175,210241,208864,419106,42256
native_to_wasm,7176,211485,208938,420424,42256
native_to_wasm,7177,210123,209638,419762,42256
native_to_wasm,7178,210221,208830,419052,42256
native_to_wasm,7179,210933,208938,419872,42256
native_to_wasm,7180,211333,209606,420940,42256
native_to_wasm,7181,210217,208934,419152,42256
native_to_wasm,7182,211135,208934,420070,42256
native_to_wasm,7183,210241,208862,419104,42256
native_to_wasm,7184,211371,208944,420316,42256
native_to_wasm,7185,210113,209636,419750,42256
native_to_wasm,7186,210241,208864,419106,42256
native_to_wasm,7187,210959,208940,419900,42256
native_to_wasm,7188,210549,209696,420246,42256
native_to_wasm,7189,210247,208950,419198,42256
native_to_wasm,7190,211403,208940,420344,42256
native_to_wasm,7191,210243,208862,419106,42256
native_to_wasm,7192,210937,208938,419876,42256
native_to_wasm,7193,210137,209636,419774,42256
native_to_wasm,7194,210241,208848,419090,42256
native_to_wasm,7195,210913,208934,419848,42256
native_to_wasm,7196,210241,210612,420854,42256
native_to_wasm,7197,210237,208950,419188,42256
native_to_wasm,7198,211133,208932,420066,42256
native_to_wasm,7199,210245,208850,419096,42256
native_to_wasm,7200,210911,208922,419834,42256
native_to_wasm,7201,210121,209636,419758,42256
native_to_wasm,7202,210241,209266,419508,42256
native_to_wasm,7203,210937,208916,419854,42256
native_to_wasm,7204,210219,210744,420964,42256
native_to_wasm,7205,210225,208918,419144,42256
native_to_wasm,7206,210663,208936,419600,42256
native_to_wasm,7207,210245,208850,419096,42256
native_to_wasm,7208,210911,208944,419856,42256
native_to_wasm,7209,210121,209636,419758,42256
native_to_wasm,7210,210241,209180,419422,42256
native_to_wasm,7211,210939,208938,419878,42256
native_to_wasm,7212,210249,209840,420090,42256
native_to_wasm,7213,210251,208940,419192,42256
native_to_wasm,7214,211377,208916,420294,42256
native_to_wasm,7215,210219,208818,419038,42256
native_to_wasm,7216,210947,208938,419886,42256
native_to_wasm,7217,210133,209606,419740,42256
native_to_wasm,7218,210253,209918,420172,42256
native_to_wasm,7219,210937,208944,419882,42256
native_to_wasm,7220,210235,209842,420078,42256
native_to_wasm,7221,210217,208932,419150,42256
native_to_wasm,7222,210133,209952,420086,42256
native_to_wasm,7223,210217,208856,419074,42256
native_to_wasm,7224,210929,208940,419870,42256
native_to_wasm,7225,210125,209632,419758,42256
native_to_wasm,7226,210233,210032,420266,42256
native_to_wasm,7227,210941,208946,419888,42256
native_to_wasm,7228,210237,209836,420074,42256
native_to_wasm,7229,210235,208948,419184,42256
native_to_wasm,7230,210129,209996,420126,42256
native_to_wasm,7231,210217,208858,419076,42256
native_to_wasm,7232,210927,208940,419868,42256
native_to_wasm,7233,210125,209632,419758,42256
native_to_wasm,7234,210235,209038,419274,42256
native_to_wasm,7235,212507,208938,421446,42256
native_to_wasm,7236,210241,209814,420056,42256
native_to_wasm,7237,210239,208946,419186,42256
native_to_wasm,7238,210131,209606,419738,42256
native_to_wasm,7239,210219,208862,419082,42256
native_to_wasm,7240,210911,208922,419834,42256
native_to_wasm,7241,210121,209636,419758,42256
native_to_wasm,7242,210241,208940,419182,42256
native_to_wasm,7243,212389,208914,421304,42256
native_to_wasm,7244,210221,210120,420342,42256
native_to_wasm,7245,210237,208942,419180,42256
native_to_wasm,7246,210133,209612,419746,42256
native_to_wasm,7247,210247,208864,419112,42256
native_to_wasm,7248,210933,208946,419880,42256
native_to_wasm,7249,210517,209612,420130,42256
native_to_wasm,7250,210245,208914,419160,42256
native_to_wasm,7251,212037,208938,420976,42256
native_to_wasm,7252,210249,209308,419558,42256
native_to_wasm,7253,210221,208924,419146,42256
native_to_wasm,7254,210131,209626,419758,42256
native_to_wasm,7255,210239,208862,419102,42256
native_to_wasm,7256,210937,208944,419882,42256
native_to_wasm,7257,210465,209632,420098,42256
native_to_wasm,7258,210221,208932,419154,42256
native_to_wasm,7259,211141,208932,420074,42256
native_to_wasm,7260,210241,210065,420307,42256
native_to_wasm,7261,210236,208944,419181,42256
native_to_wasm,7262,210133,209606,419740,42256
native_to_wasm,7263,210249,208852,419102,42256
native_to_wasm,7264,210913,208920,419834,42256
native_to_wasm,7265,210897,209614,420512,42256
native_to_wasm,7266,210247,208940,419188,42256
native_to_wasm,7267,211141,208934,420076,42256
native_to_wasm,7268,210241,208862,419104,42256
native_to_wasm,7269,211531,208940,420472,42256
native_to_wasm,7270,210125,209632,419758,42256
native_to_wasm,7271,210239,208862,419102,42256
native_to_wasm,7272,210933,208938,419872,42256
native_to_wasm,7273,211333,209606,420940,42256
native_to_wasm,7274,210217,208934,419152,42256
native_to_wasm,7275,211135,208934,420070,42256
native_to_wasm,7276,210241,208862,419104,42256
native_to_wasm,7277,211371,208944,420316,42256
native_to_wasm,7278,210113,209636,419750,42256
native_to_wasm,7279,210241,208864,419106,42256
native_to_wasm,7280,210959,208940,419900,42256
native_to_wasm,7281,210549,209696,420246,42256
native_to_wasm,7282,210247,208950,419198,42256
native_to_wasm,7283,211403,208940,420344,42256
native_to_wasm,7284,210243,208862,419106,42256
native_to_wasm,7285,210937,208938,419876,42256
native_to_wasm,7286,210137,209636,419774,42256
native_to_wasm,7287,210241,208848,419090,42256
native_to_wasm,7288,210913,208934,419848,42256
native_to_wasm,7289,210241,210612,420854,42256
native_to_wasm,7290,210237,208950,419188,42256
native_to_wasm,7291,211133,208932,420066,42256
native_to_wasm,7292,210245,208850,419096,42256
native_to_wasm,7293,210911,208922,419834,42256
native_to_wasm,7294,210121,209636,419758,42256
native_to_wasm,7295,210241,209266,419508,42256
native_to_wasm,7296,210111,208948,419060,42256
native_to_wasm,7297,210131,209606,419738,42256
native_to_wasm,7298,210219,208876,419096,42256
native_to_wasm,7299,210929,208944,419874,42256
native_to_wasm,7300,211329,209606,420936,42256
native_to_wasm,7301,210219,208918,419138,42256
native_to_wasm,7302,211159,208946,420106,42256
native_to_wasm,7303,210241,208864,419106,42256
native_to_wasm,7304,211485,208938,420424,42256
native_to_wasm,7305,210123,209638,419762,42256
native_to_wasm,7306,210221,208830,419052,42256
native_to_wasm,7307,210933,208938,419872,42256
native_to_wasm,7308,211333,209606,420940,42256
native_to_wasm,7309,210217,208934,419152,42256
native_to_wasm,7310,211135,208934,420070,42256
native_to_wasm,7311,210241,208862,419104,42256
native_to_wasm,7312,211371,208944,420316,42256
native_to_wasm,7313,210113,209636,419750,42256
native_to_wasm,7314,210241,208864,419106,42256
native_to_wasm,7315,210959,208940,419900,42256
native_to_wasm,7316,210549,209696,420246,42256
native_to_wasm,7317,210247,208950,419198,42256
native_to_wasm,7318,211403,208940,420344,42256
native_to_wasm,7319,210243,208862,419106,42256
native_to_wasm,7320,210937,208938,419876,42256
native_to_wasm,7321,210137,209636,419774,42256
native_to_wasm,7322,210241,208848,419090,42256
native_to_wasm,7323,210913,208934,419848,42256
native_to_wasm,7324,210241,210612,420854,42256
native_to_wasm,7325,210237,208950,419188,42256
native_to_wasm,7326,211133,208932,420066,42256
native_to_wasm,7327,210245,208850,419096,42256
native_to_wasm,7328,210911,208922,419834,42256
native_to_wasm,7329,210121,209636,419758,42256
native_to_wasm,7330,210241,209266,419508,42256
native_to_wasm,7331,210937,208916,419854,42256
native_to_wasm,7332,210219,210744,420964,42256
native_to_wasm,7333,210225,208918,419144,42256
native_to_wasm,7334,210663,208936,419600,42256
native_to_wasm,7335,210245,208850,419096,42256
native_to_wasm,7336,210911,208944,419856,42256
native_to_wasm,7337,210121,209636,419758,42256
native_to_wasm,7338,210241,209180,419422,42256
native_to_wasm,7339,210939,208938,419878,42256
native_to_wasm,7340,210249,209840,420090,42256
native_to_wasm,7341,210251,208940,419192,42256
native_to_wasm,7342,211377,208916,420294,42256
native_to_wasm,7343,210219,208818,419038,42256
native_to_wasm,7344,210947,208938,419886,42256
native_to_wasm,7345,210133,209606,419740,42256
native_to_wasm,7346,210253,209918,420172,42256
native_to_wasm,7347,210937,208944,419882,42256
native_to_wasm,7348,210235,209842,420078,42256
native_to_wasm,7349,210217,208932,419150,42256
native_to_wasm,7350,210133,209952,420086,42256
native_to_wasm,7351,210217,208856,419074,42256
native_to_wasm,7352,210929,208940,419870,42256
native_to_wasm,7353,210125,209632,419758,42256
native_to_wasm,7354,210233,210032,420266,42256
native_to_wasm,7355,210941,208946,419888,42256
native_to_wasm,7356,210237,209836,420074,42256
native_to_wasm,7357,210235,208948,419184,42256
native_to_wasm,7358,210129,209996,420126,42256
native_to_wasm,7359,210217,208858,419076,42256
native_to_wasm,7360,210927,208940,419868,42256
native_to_wasm,7361,210125,209632,419758,42256
native_to_wasm,7362,210235,209038,419274,42256
native_to_wasm,7363,212507,208938,421446,42256
native_to_wasm,7364,210241,209814,420056,42256
native_to_wasm,7365,210239,208946,419186,42256
native_to_wasm,7366,210131,209606,419738,42256
native_to_wasm,7367,210219,208862,419082,42256
native_to_wasm,7368,210911,208922,419834,42256
native_to_wasm,7369,210121,209636,419758,42256
native_to_wasm,7370,210241,208940,419182,42256
native_to_wasm,7371,212389,208914,421304,42256
native_to_wasm,7372,210221,210120,420342,42256
native_to_wasm,7373,210237,208942,419180,42256
native_to_wasm,7374,210133,209612,419746,42256
native_to_wasm,7375,210247,208864,419112,42256
native_to_wasm,7376,210933,208946,419880,42256
native_to_wasm,7377,210517,209612,420130,42256
native_to_wasm,7378,210245,208914,419160,42256
native_to_wasm,7379,212037,208938,420976,42256
native_to_wasm,7380,210249,209308,419558,42256
native_to_wasm,7381,210221,208924,419146,42256
native_to_wasm,7382,210131,209626,419758,42256
native_to_wasm,7383,210239,208862,419102,42256
native_to_wasm,7384,210937,208944,419882,42256
native_to_wasm,7385,210465,209632,420098,42256
native_to_wasm,7386,210221,208932,419154,42256
native_to_wasm,7387,211141,208932,420074,42256
native_to_wasm,7388,210241,210065,420307,42256
native_to_wasm,7389,210236,208944,419181,42256
native_to_wasm,7390,210133,209606,419740,42256
native_to_wasm,7391,210249,208852,419102,42256
native_to_wasm,7392,210913,208920,419834,42256
native_to_wasm,7393,210897,209614,420512,42256
native_to_wasm,7394,210247,208940,419188,42256
native_to_wasm,7395,211141,208934,420076,42256
native_to_wasm,7396,210241,208862,419104,42256
native_to_wasm,7397,211531,208940,420472,42256
native_to_wasm,7398,210125,209632,419758,42256
native_to_wasm,7399,210239,208862,419102,42256
native_to_wasm,7400,210933,208938,419872,42256
native_to_wasm,7401,211333,209606,420940,42256
native_to_wasm,7402,210217,208934,419152,42256
native_to_wasm,7403,211135,208934,420070,42256
native_to_wasm,7404,210241,208862,419104,42256
native_to_wasm,7405,211371,208944,420316,42256
native_to_wasm,7406,210113,209636,419750,42256
native_to_wasm,7407,210241,208864,419106,42256
native_to_wasm,7408,210959,208940,419900,42256
native_to_wasm,7409,210549,209696,420246,42256
native_to_wasm,7410,210247,208950,419198,42256
native_to_wasm,7411,211403,208940,420344,42256
native_to_wasm,7412,210243,208862,419106,42256
native_to_wasm,7413,210937,208938,419876,42256
native_to_wasm,7414,210137,209636,419774,42256
native_to_wasm,7415,210241,208848,419090,42256
native_to_wasm,7416,210913,208934,419848,42256
native_to_wasm,7417,210241,210612,420854,42256
native_to_wasm,7418,210237,208950,419188,42256
native_to_wasm,7419,211133,208932,420066,42256
native_to_wasm,7420,210245,208850,419096,42256
native_to_wasm,7421,210911,208922,419834,42256
native_to_wasm,7422,210121,209636,419758,42256
native_to_wasm,7423,210241,209266,419508,42256
native_to_wasm,7424,210111,208948,419060,42256
native_to_wasm,7425,210131,209606,419738,42256
native_to_wasm,7426,210219,208876,419096,42256
native_to_wasm,7427,210929,208944,419874,42256
native_to_wasm,7428,211329,209606,420936,42256
native_to_wasm,7429,210219,208918,419138,42256
native_to_wasm,7430,211159,208946,420106,42256
native_to_wasm,7431,210241,208864,419106,42256
native_to_wasm,7432,211485,208938,420424,42256
native_to_wasm,7433,210123,209638,419762,42256
native_to_wasm,7434,210221,208830,419052,42256
native_to_wasm,7435,210933,208938,419872,42256
native_to_wasm,7436,211333,209606,420940,42256
native_to_wasm,7437,210217,208934,419152,42256
native_to_wasm,7438,211135,208934,420070,42256
native_to_wasm,7439,210241,208862,419104,42256
native_to_wasm,7440,211371,208944,420316,42256
native_to_wasm,7441,210113,209636,419750,42256
native_to_wasm,7442,210241,208864,419106,42256
native_to_wasm,7443,210959,208940,419900,42256
native_to_wasm,7444,210549,209696,420246,42256
native_to_wasm,7445,210247,208950,419198,42256
native_to_wasm,7446,211403,208940,420344,42256
native_to_wasm,7447,210243,208862,419106,42256
native_to_wasm,7448,210937,208938,419876,42256
native_to_wasm,7449,210137,209636,419774,42256
native_to_wasm,7450,210241,208848,419090,42256
native_to_wasm,7451,210913,208934,419848,42256
native_to_wasm,7452,210241,210612,420854,42256
native_to_wasm,7453,210237,208950,419188,42256
native_to_wasm,7454,211133,208932,420066,42256
native_to_wasm,7455,210245,208850,419096,42256
native_to_wasm,7456,210911,208922,419834,42256
native_to_wasm,7457,210121,209636,419758,42256
native_to_wasm,7458,210241,209266,419508,42256
native_to_wasm,7459,210937,208916,419854,42256
native_to_wasm,7460,210219,210744,420964,42256
native_to_wasm,7461,210225,208918,419144,42256
native_to_wasm,7462,210663,208936,419600,42256
native_to_wasm,7463,210245,208850,419096,42256
native_to_wasm,7464,210911,208944,419856,42256
native_to_wasm,7465,210121,209636,419758,42256
native_to_wasm,7466,210241,209180,419422,42256
native_to_wasm,7467,210939,208938,419878,42256
native_to_wasm,7468,210249,209840,420090,42256
native_to_wasm,7469,210251,208940,419192,42256
native_to_wasm,7470,211377,208916,420294,42256
native_to_wasm,7471,210219,208818,419038,42256
native_to_wasm,7472,210947,208938,419886,42256
native_to_wasm,7473,210133,209606,419740,42256
native_to_wasm,7474,210253,209918,420172,42256
native_to_wasm,7475,210937,208944,419882,42256
native_to_wasm,7476,210235,209842,420078,42256
native_to_wasm,7477,210217,208932,419150,42256
native_to_wasm,7478,210133,209952,420086,42256
native_to_wasm,7479,210217,208856,419074,42256
native_to_wasm,7480,210929,208940,419870,42256
native_to_wasm,7481,210125,209632,419758,42256
native_to_wasm,7482,210233,210032,420266,42256
native_to_wasm,7483,210941,208946,419888,42256
native_to_wasm,7484,210237,209836,420074,42256
native_to_wasm,7485,210235,208948,419184,42256
native_to_wasm,7486,210129,209996,420126,42256
native_to_wasm,7487,210217,208858,419076,42256
native_to_wasm,7488,210927,208940,419868,42256
native_to_wasm,7489,210125,209632,419758,42256
native_to_wasm,7490,210235,209038,419274,42256
native_to_wasm,7491,212507,208938,421446,42256
native_to_wasm,7492,210241,209814,420056,42256
native_to_wasm,7493,210239,208946,419186,42256
native_to_wasm,7494,210131,209606,419738,42256
native_to_wasm,7495,210219,208862,419082,42256
native_to_wasm,7496,210911,208922,419834,42256
native_to_wasm,7497,210121,209636,419758,42256
native_to_wasm,7498,210241,208940,419182,42256
native_to_wasm,7499,212389,208914,421304,42256
native_to_wasm,7500,210221,210120,420342,42256
native_to_wasm,7501,210237,208942,419180,42256
native_to_wasm,7502,210133,209612,419746,42256
native_to_wasm,7503,210247,208864,419112,42256
native_to_wasm,7504,210933,208946,419880,42256
native_to_wasm,7505,210517,209612,420130,42256
native_to_wasm,7506,210245,208914,419160,42256
native_to_wasm,7507,212037,208938,420976,42256
native_to_wasm,7508,210249,209308,419558,42256
native_to_wasm,7509,210221,208924,419146,42256
native_to_wasm,7510,210131,209626,419758,42256
native_to_wasm,7511,210239,208862,419102,42256
native_to_wasm,7512,210937,208944,419882,42256
native_to_wasm,7513,210465,209632,420098,42256
native_to_wasm,7514,210221,208932,419154,42256
native_to_wasm,7515,211141,208932,420074,42256
native_to_wasm,7516,210241,210065,420307,42256
native_to_wasm,7517,210236,208944,419181,42256
native_to_wasm,7518,210133,209606,419740,42256
native_to_wasm,7519,210249,208852,419102,42256
native_to_wasm,7520,210913,208920,419834,42256
native_to_wasm,7521,210897,209614,420512,42256
native_to_wasm,7522,210247,208940,419188,42256
native_to_wasm,7523,211141,208934,420076,42256
native_to_wasm,7524,210241,208862,419104,42256
native_to_wasm,7525,211531,208940,420472,42256
native_to_wasm,7526,210125,209632,419758,42256
native_to_wasm,7527,210239,208862,419102,42256
native_to_wasm,7528,210933,208938,419872,42256
native_to_wasm,7529,211333,209606,420940,42256
native_to_wasm,7530,210217,208934,419152,42256
native_to_wasm,7531,211135,208934,420070,42256
native_to_wasm,7532,210241,208862,419104,42256
native_to_wasm,7533,211371,208944,420316,42256
native_to_wasm,7534,210113,209636,419750,42256
native_to_wasm,7535,210241,208864,419106,42256
native_to_wasm,7536,210959,208940,419900,42256
native_to_wasm,7537,210549,209696,420246,42256
native_to_wasm,7538,210247,208950,419198,42256
native_to_wasm,7539,211403,208940,420344,42256
native_to_wasm,7540,210243,208862,419106,42256
native_to_wasm,7541,210937,208938,419876,42256
native_to_wasm,7542,210137,209636,419774,42256
native_to_wasm,7543,210241,208848,419090,42256
native_to_wasm,7544,210913,208934,419848,42256
native_to_wasm,7545,210241,210612,420854,42256
native_to_wasm,7546,210237,208950,419188,42256
native_to_wasm,7547,211133,208932,420066,42256
native_to_wasm,7548,210245,208850,419096,42256
native_to_wasm,7549,210911,208922,419834,42256
native_to_wasm,7550,210121,209636,419758,42256
native_to_wasm,7551,210241,209266,419508,42256
native_to_wasm,7552,210111,208948,419060,42256
native_to_wasm,7553,210131,209606,419738,42256
native_to_wasm,7554,210219,208876,419096,42256
native_to_wasm,7555,210929,208944,419874,42256
native_to_wasm,7556,211329,209606,420936,42256
native_to_wasm,7557,210219,208918,419138,42256
native_to_wasm,7558,211159,208946,420106,42256
native_to_wasm,7559,210241,208864,419106,42256
native_to_wasm,7560,211485,208938,420424,42256
native_to_wasm,7561,210123,209638,419762,42256
native_to_wasm,7562,210221,208830,419052,42256
native_to_wasm,7563,210933,208938,419872,42256
native_to_wasm,7564,211333,209606,420940,42256
native_to_wasm,7565,210217,208934,419152,42256
native_to_wasm,7566,211135,208934,420070,42256
native_to_wasm,7567,210241,208862,419104,42256
native_to_wasm,7568,211371,208944,420316,42256
native_to_wasm,7569,210113,209636,419750,42256
native_to_wasm,7570,210241,208864,419106,42256
native_to_wasm,7571,210959,208940,419900,42256
native_to_wasm,7572,210549,209696,420246,42256
native_to_wasm,7573,210247,208950,419198,42256
native_to_wasm,7574,211403,208940,420344,42256
native_to_wasm,7575,210243,208862,419106,42256
native_to_wasm,7576,210937,208938,419876,42256
native_to_wasm,7577,210137,209636,419774,42256
native_to_wasm,7578,210241,208848,419090,42256
native_to_wasm,7579,210913,208934,419848,42256
native_to_wasm,7580,210241,210612,420854,42256
native_to_wasm,7581,210237,208950,419188,42256
native_to_wasm,7582,211133,208932,420066,42256
native_to_wasm,7583,210245,208850,419096,42256
native_to_wasm,7584,210911,208922,419834,42256
native_to_wasm,7585,210121,209636,419758,42256
native_to_wasm,7586,210241,209266,419508,42256
native_to_wasm,7587,210937,208916,419854,42256
native_to_wasm,7588,210219,210744,420964,42256
native_to_wasm,7589,210225,208918,419144,42256
native_to_wasm,7590,210663,208936,419600,42256
native_to_wasm,7591,210245,208850,419096,42256
native_to_wasm,7592,210911,208944,419856,42256
native_to_wasm,7593,210121,209636,419758,42256
native_to_wasm,7594,210241,209180,419422,42256
native_to_wasm,7595,210939,208938,419878,42256
native_to_wasm,7596,210249,209840,420090,42256
native_to_wasm,7597,210251,208940,419192,42256
native_to_wasm,7598,211377,208916,420294,42256
native_to_wasm,7599,210219,208818,419038,42256
native_to_wasm,7600,210947,208938,419886,42256
native_to_wasm,7601,210133,209606,419740,42256
native_to_wasm,7602,210253,209918,420172,42256
native_to_wasm,7603,210937,208944,419882,42256
native_to_wasm,7604,210235,209842,420078,42256
native_to_wasm,7605,210217,208932,419150,42256
native_to_wasm,7606,210133,209952,420086,42256
native_to_wasm,7607,210217,208856,419074,42256
native_to_wasm,7608,210929,208940,419870,42256
native_to_wasm,7609,210125,209632,419758,42256
native_to_wasm,7610,210233,210032,420266,42256
native_to_wasm,7611,210941,208946,419888,42256
native_to_wasm,7612,210237,209836,420074,42256
native_to_wasm,7613,210235,208948,419184,42256
native_to_wasm,7614,210129,209996,420126,42256
native_to_wasm,7615,210217,208858,419076,42256
native_to_wasm,7616,210927,208940,419868,42256
native_to_wasm,7617,210125,209632,419758,42256
native_to_wasm,7618,210235,209038,419274,42256
native_to_wasm,7619,212507,208938,421446,42256
native_to_wasm,7620,210241,209814,420056,42256
native_to_wasm,7621,210239,208946,419186,42256
native_to_wasm,7622,210131,209606,419738,42256
native_to_wasm,7623,210219,208862,419082,42256
native_to_wasm,7624,210911,208922,419834,42256
native_to_wasm,7625,210121,209636,419758,42256
native_to_wasm,7626,210241,208940,419182,42256
native_to_wasm,7627,212389,208914,421304,42256
native_to_wasm,7628,210221,210120,420342,42256
native_to_wasm,7629,210237,208942,419180,42256
native_to_wasm,7630,210133,209612,419746,42256
native_to_wasm,7631,210247,208864,419112,42256
native_to_wasm,7632,210933,208946,419880,42256
native_to_wasm,7633,210517,209612,420130,42256
native_to_wasm,7634,210245,208914,419160,42256
native_to_wasm,7635,212037,208938,420976,42256
native_to_wasm,7636,210249,209308,419558,42256
native_to_wasm,7637,210221,208924,419146,42256
native_to_wasm,7638,210131,209626,419758,42256
native_to_wasm,7639,210239,208862,419102,42256
native_to_wasm,7640,210937,208944,419882,42256
native_to_wasm,7641,210465,209632,420098,42256
native_to_wasm,7642,210221,208932,419154,42256
native_to_wasm,7643,211141,208932,420074,42256
native_to_wasm,7644,210241,210065,420307,42256
native_to_wasm,7645,210236,208944,419181,42256
native_to_wasm,7646,210133,209606,419740,42256
native_to_wasm,7647,210249,208852,419102,42256
native_to_wasm,7648,210913,208920,419834,42256
native_to_wasm,7649,210897,209614,420512,42256
native_to_wasm,7650,210247,208940,419188,42256
native_to_wasm,7651,211141,208934,420076,42256
native_to_wasm,7652,210241,208862,419104,42256
native_to_wasm,7653,211531,208940,420472,42256
native_to_wasm,7654,210125,209632,419758,42256
native_to_wasm,7655,210239,208862,419102,42256
native_to_wasm,7656,210933,208938,419872,42256
native_to_wasm,7657,211333,209606,420940,42256
native_to_wasm,7658,210217,208934,419152,42256
native_to_wasm,7659,211135,208934,420070,42256
native_to_wasm,7660,210241,208862,419104,42256
native_to_wasm,7661,211371,208944,420316,42256
native_to_wasm,7662,210113,209636,419750,42256
native_to_wasm,7663,210241,208864,419106,42256
native_to_wasm,7664,210959,208940,419900,42256
native_to_wasm,7665,210549,209696,420246,42256
native_to_wasm,7666,210247,208950,419198,42256
native_to_wasm,7667,211403,208940,420344,42256
native_to_wasm,7668,210243,208862,419106,42256
native_to_wasm,7669,210937,208938,419876,42256
native_to_wasm,7670,210137,209636,419774,42256
native_to_wasm,7671,210241,208848,419090,42256
native_to_wasm,7672,210913,208934,419848,42256
native_to_wasm,7673,210241,210612,420854,42256
native_to_wasm,7674,210237,208950,419188,42256
native_to_wasm,7675,211133,208932,420066,42256
native_to_wasm,7676,210245,208850,419096,42256
native_to_wasm,7677,210911,208922,419834,42256
native_to_wasm,7678,210121,209636,419758,42256
native_to_wasm,7679,210241,209266,419508,42256
native_to_wasm,7680,210111,208948,419060,42256
native_to_wasm,7681,210131,209606,419738,42256
native_to_wasm,7682,210219,208876,419096,42256
native_to_wasm,7683,210929,208944,419874,42256
native_to_wasm,7684,211329,209606,420936,42256
native_to_wasm,7685,210219,208918,419138,42256
native_to_wasm,7686,211159,208946,420106,42256
native_to_wasm,7687,210241,208864,419106,42256
native_to_wasm,7688,211485,208938,420424,42256
native_to_wasm,7689,210123,209638,419762,42256
native_to_wasm,7690,210221,208830,419052,42256
native_to_wasm,7691,210933,208938,419872,42256
native_to_wasm,7692,211333,209606,420940,42256
native_to_wasm,7693,210217,208934,419152,42256
native_to_wasm,7694,211135,208934,420070,42256
native_to_wasm,7695,210241,208862,419104,42256
native_to_wasm,7696,211371,208944,420316,42256
native_to_wasm,7697,210113,209636,419750,42256
native_to_wasm,7698,210241,208864,419106,42256
native_to_wasm,7699,210959,208940,419900,42256
native_to_wasm,7700,210549,209696,420246,42256
native_to_wasm,7701,210247,208950,419198,42256
native_to_wasm,7702,211403,208940,420344,42256
native_to_wasm,7703,210243,208862,419106,42256
native_to_wasm,7704,210937,208938,419876,42256
native_to_wasm,7705,210137,209636,419774,42256
native_to_wasm,7706,210241,208848,419090,42256
native_to_wasm,7707,210913,208934,419848,42256
native_to_wasm,7708,210241,210612,420854,42256
native_to_wasm,7709,210237,208950,419188,42256
native_to_wasm,7710,211133,208932,420066,42256
native_to_wasm,7711,210245,208850,419096,42256
native_to_wasm,7712,210911,208922,419834,42256
native_to_wasm,7713,210121,209636,419758,42256
native_to_wasm,7714,210241,209266,419508,42256
native_to_wasm,7715,210937,208916,419854,42256
native_to_wasm,7716,210219,210744,420964,42256
native_to_wasm,7717,210225,208918,419144,42256
native_to_wasm,7718,210663,208936,419600,42256
native_to_wasm,7719,210245,208850,419096,42256
native_to_wasm,7720,210911,208944,419856,42256
native_to_wasm,7721,210121,209636,419758,42256
native_to_wasm,7722,210241,209180,419422,42256
native_to_wasm,7723,210939,208938,419878,42256
native_to_wasm,7724,210249,209840,420090,42256
native_to_wasm,7725,210251,208940,419192,42256
native_to_wasm,7726,211377,208916,420294,42256
native_to_wasm,7727,210219,208818,419038,42256
native_to_wasm,7728,210947,208938,419886,42256
native_to_wasm,7729,210133,209606,419740,42256
native_to_wasm,7730,210253,209918,420172,42256
native_to_wasm,7731,210937,208944,419882,42256
native_to_wasm,7732,210235,209842,420078,42256
native_to_wasm,7733,210217,208932,419150,42256
native_to_wasm,7734,210133,209952,420086,42256
native_to_wasm,7735,210217,208856,419074,42256
native_to_wasm,7736,210929,208940,419870,42256
native_to_wasm,7737,210125,209632,419758,42256
native_to_wasm,7738,210233,210032,420266,42256
native_to_wasm,7739,210941,208946,419888,42256
native_to_wasm,7740,210237,209836,420074,42256
native_to_wasm,7741,210235,208948,419184,42256
native_to_wasm,7742,210129,209996,420126,42256
native_to_wasm,7743,210217,208858,419076,42256
native_to_wasm,7744,210927,208940,419868,42256
native_to_wasm,7745,210125,209632,419758,42256
native_to_wasm,7746,210235,209038,419274,42256
native_to_wasm,7747,212507,208938,421446,42256
native_to_wasm,7748,210241,209814,420056,42256
native_to_wasm,7749,210239,208946,419186,42256
native_to_wasm,7750,210131,209606,419738,42256
native_to_wasm,7751,210219,208862,419082,42256
native_to_wasm,7752,210911,208922,419834,42256
native_to_wasm,7753,210121,209636,419758,42256
native_to_wasm,7754,210241,208940,419182,42256
native_to_wasm,7755,212389,208914,421304,42256
native_to_wasm,7756,210221,210120,420342,42256
native_to_wasm,7757,210237,208942,419180,42256
native_to_wasm,7758,210133,209612,419746,42256
native_to_wasm,7759,210247,208864,419112,42256
native_to_wasm,7760,210933,208946,419880,42256
native_to_wasm,7761,210517,209612,420130,42256
native_to_wasm,7762,210245,208914,419160,42256
native_to_wasm,7763,212037,208938,420976,42256
native_to_wasm,7764,210249,209308,419558,42256
native_to_wasm,7765,210221,208924,419146,42256
native_to_wasm,7766,210131,209626,419758,42256
native_to_wasm,7767,210239,208862,419102,42256
native_to_wasm,7768,210937,208944,419882,42256
native_to_wasm,7769,210465,209632,420098,42256
native_to_wasm,7770,210221,208932,419154,42256
native_to_wasm,7771,211141,208932,420074,42256
native_to_wasm,7772,210241,210065,420307,42256
native_to_wasm,7773,210236,208944,419181,42256
native_to_wasm,7774,210133,209606,419740,42256
native_to_wasm,7775,210249,208852,419102,42256
native_to_wasm,7776,210913,208920,419834,42256
native_to_wasm,7777,210897,209614,420512,42256
native_to_wasm,7778,210247,208940,419188,42256
native_to_wasm,7779,211141,208934,420076,42256
native_to_wasm,7780,210241,208862,419104,42256
native_to_wasm,7781,211531,208940,420472,42256
native_to_wasm,7782,210125,209632,419758,42256
native_to_wasm,7783,210239,208862,419102,42256
native_to_wasm,7784,210933,208938,419872,42256
native_to_wasm,7785,211333,209606,420940,42256
native_to_wasm,7786,210217,208934,419152,42256
native_to_wasm,7787,211135,208934,420070,42256
native_to_wasm,7788,210241,208862,419104,42256
native_to_wasm,7789,211371,208944,420316,42256
native_to_wasm,7790,210113,209636,419750,42256
native_to_wasm,7791,210241,208864,419106,42256
native_to_wasm,7792,210959,208940,419900,42256
native_to_wasm,7793,210549,209696,420246,42256
native_to_wasm,7794,210247,208950,419198,42256
native_to_wasm,7795,211403,208940,420344,42256
native_to_wasm,7796,210243,208862,419106,42256
native_to_wasm,7797,210937,208938,419876,42256
native_to_wasm,7798,210137,209636,419774,42256
native_to_wasm,7799,210241,208848,419090,42256
native_to_wasm,7800,210913,208934,419848,42256
native_to_wasm,7801,210241,210612,420854,42256
native_to_wasm,7802,210237,208950,419188,42256
native_to_wasm,7803,211133,208932,420066,42256
native_to_wasm,7804,210245,208850,419096,42256
native_to_wasm,7805,210911,208922,419834,42256
native_to_wasm,7806,210121,209636,419758,42256
native_to_wasm,7807,210241,209266,419508,42256
native_to_wasm,7808,210111,208948,419060,42256
native_to_wasm,7809,210131,209606,419738,42256
native_to_wasm,7810,210219,208876,419096,42256
native_to_wasm,7811,210929,208944,419874,42256
native_to_wasm,7812,211329,209606,420936,42256
native_to_wasm,7813,210219,208918,419138,42256
native_to_wasm,7814,211159,208946,420106,42256
native_to_wasm,7815,210241,208864,419106,42256
native_to_wasm,7816,211485,208938,420424,42256
native_to_wasm,7817,210123,209638,419762,42256
native_to_wasm,7818,210221,208830,419052,42256
native_to_wasm,7819,210933,208938,419872,42256
native_to_wasm,7820,211333,209606,420940,42256
native_to_wasm,7821,210217,208934,419152,42256
native_to_wasm,7822,211135,208934,420070,42256
native_to_wasm,7823,210241,208862,419104,42256
native_to_wasm,7824,211371,208944,420316,42256
native_to_wasm,7825,210113,209636,419750,42256
native_to_wasm,7826,210241,208864,419106,42256
native_to_wasm,7827,210959,208940,419900,42256
native_to_wasm,7828,210549,209696,420246,42256
native_to_wasm,7829,210247,208950,419198,42256
native_to_wasm,7830,211403,208940,420344,42256
native_to_wasm,7831,210243,208862,419106,42256
native_to_wasm,7832,210937,208938,419876,42256
native_to_wasm,7833,210137,209636,419774,42256
native_to_wasm,7834,210241,208848,419090,42256
native_to_wasm,7835,210913,208934,419848,42256
native_to_wasm,7836,210241,210612,420854,42256
native_to_wasm,7837,210237,208950,419188,42256
native_to_wasm,7838,211133,208932,420066,42256
native_to_wasm,7839,210245,208850,419096,42256
native_to_wasm,7840,210911,208922,419834,42256
native_to_wasm,7841,210121,209636,419758,42256
native_to_wasm,7842,210241,209266,419508,42256
native_to_wasm,7843,210937,208916,419854,42256
native_to_wasm,7844,210219,210744,420964,42256
native_to_wasm,7845,210225,208918,419144,42256
native_to_wasm,7846,210663,208936,419600,42256
native_to_wasm,7847,210245,208850,419096,42256
native_to_wasm,7848,210911,208944,419856,42256
native_to_wasm,7849,210121,209636,419758,42256
native_to_wasm,7850,210241,209180,419422,42256
native_to_wasm,7851,210939,208938,419878,42256
native_to_wasm,7852,210249,209840,420090,42256
native_to_wasm,7853,210251,208940,419192,42256
native_to_wasm,7854,211377,208916,420294,42256
native_to_wasm,7855,210219,208818,419038,42256
native_to_wasm,7856,210947,208938,419886,42256
native_to_wasm,7857,210133,209606,419740,42256
native_to_wasm,7858,210253,209918,420172,42256
native_to_wasm,7859,210937,208944,419882,42256
native_to_wasm,7860,210235,209842,420078,42256
native_to_wasm,7861,210217,208932,419150,42256
native_to_wasm,7862,210133,209952,420086,42256
native_to_wasm,7863,210217,208856,419074,42256
native_to_wasm,7864,210929,208940,419870,42256
native_to_wasm,7865,210125,209632,419758,42256
native_to_wasm,7866,210233,210032,420266,42256
native_to_wasm,7867,210941,208946,419888,42256
native_to_wasm,7868,210237,209836,420074,42256
native_to_wasm,7869,210235,208948,419184,42256
native_to_wasm,7870,210129,209996,420126,42256
native_to_wasm,7871,210217,208858,419076,42256
native_to_wasm,7872,210927,208940,419868,42256
native_to_wasm,7873,210125,209632,419758,42256
native_to_wasm,7874,210235,209038,419274,42256
native_to_wasm,7875,212507,208938,421446,42256
native_to_wasm,7876,210241,209814,420056,42256
native_to_wasm,7877,210239,208946,419186,42256
native_to_wasm,7878,210131,209606,419738,42256
native_to_wasm,7879,210219,208862,419082,42256
native_to_wasm,7880,210911,208922,419834,42256
native_to_wasm,7881,210121,209636,419758,42256
native_to_wasm,7882,210241,208940,419182,42256
native_to_wasm,7883,212389,208914,421304,42256
native_to_wasm,7884,210221,210120,420342,42256
native_to_wasm,7885,210237,208942,419180,42256
native_to_wasm,7886,210133,209612,419746,42256
native_to_wasm,7887,210247,208864,419112,42256
native_to_wasm,7888,210933,208946,419880,42256
native_to_wasm,7889,210517,209612,420130,42256
native_to_wasm,7890,210245,208914,419160,42256
native_to_wasm,7891,212037,208938,420976,42256
native_to_wasm,7892,210249,209308,419558,42256
native_to_wasm,7893,210221,208924,419146,42256
native_to_wasm,7894,210131,209626,419758,42256
native_to_wasm,7895,210239,208862,419102,42256
native_to_wasm,7896,210937,208944,419882,42256
native_to_wasm,7897,210465,209632,420098,42256
native_to_wasm,7898,210221,208932,419154,42256
native_to_wasm,7899,211141,208932,420074,42256
native_to_wasm,7900,210241,210065,420307,42256
native_to_wasm,7901,210236,208944,419181,42256
native_to_wasm,7902,210133,209606,419740,42256
native_to_wasm,7903,210249,208852,419102,42256
native_to_wasm,7904,210913,208920,419834,42256
native_to_wasm,7905,210897,209614,420512,42256
native_to_wasm,7906,210247,208940,419188,42256
native_to_wasm,7907,211141,208934,420076,42256
native_to_wasm,7908,210241,208862,419104,42256
native_to_wasm,7909,211531,208940,420472,42256
native_to_wasm,7910,210125,209632,419758,42256
native_to_wasm,7911,210239,208862,419102,42256
native_to_wasm,7912,210933,208938,419872,42256
native_to_wasm,7913,211333,209606,420940,42256
native_to_wasm,7914,210217,208934,419152,42256
native_to_wasm,7915,211135,208934,420070,42256
native_to_wasm,7916,210241,208862,419104,42256
native_to_wasm,7917,211371,208944,420316,42256
native_to_wasm,7918,210113,209636,419750,42256
native_to_wasm,7919,210241,208864,419106,42256
native_to_wasm,7920,210959,208940,419900,42256
native_to_wasm,7921,210549,209696,420246,42256
native_to_wasm,7922,210247,208950,419198,42256
native_to_wasm,7923,211403,208940,420344,42256
native_to_wasm,7924,210243,208862,419106,42256
native_to_wasm,7925,210937,208938,419876,42256
native_to_wasm,7926,210137,209636,419774,42256
native_to_wasm,7927,210241,208848,419090,42256
native_to_wasm,7928,210913,208934,419848,42256
native_to_wasm,7929,210241,210612,420854,42256
native_to_wasm,7930,210237,208950,419188,42256
native_to_wasm,7931,211133,208932,420066,42256
native_to_wasm,7932,210245,208850,419096,42256
native_to_wasm,7933,210911,208922,419834,42256
native_to_wasm,7934,210121,209636,419758,42256
native_to_wasm,7935,210241,209266,419508,42256
native_to_wasm,7936,210111,208948,419060,42256
native_to_wasm,7937,210131,209606,419738,42256
native_to_wasm,7938,210219,208876,419096,42256
native_to_wasm,7939,210929,208944,419874,42256
native_to_wasm,7940,211329,209606,420936,42256
native_to_wasm,7941,210219,208918,419138,42256
native_to_wasm,7942,211159,208946,420106,42256
native_to_wasm,7943,210241,208864,419106,42256
native_to_wasm,7944,211485,208938,420424,42256
native_to_wasm,7945,210123,209638,419762,42256
native_to_wasm,7946,210221,208830,419052,42256
native_to_wasm,7947,210933,208938,419872,42256
native_to_wasm,7948,211333,209606,420940,42256
native_to_wasm,7949,210217,208934,419152,42256
native_to_wasm,7950,211135,208934,420070,42256
native_to_wasm,7951,210241,208862,419104,42256
native_to_wasm,7952,211371,208944,420316,42256
native_to_wasm,7953,210113,209636,419750,42256
native_to_wasm,7954,210241,208864,419106,42256
native_to_wasm,7955,210959,208940,419900,42256
native_to_wasm,7956,210549,209696,420246,42256
native_to_wasm,7957,210247,208950,419198,42256
native_to_wasm,7958,211403,208940,420344,42256
native_to_wasm,7959,210243,208862,419106,42256
native_to_wasm,7960,210937,208938,419876,42256
native_to_wasm,7961,210137,209636,419774,42256
native_to_wasm,7962,210241,208848,419090,42256
native_to_wasm,7963,210913,208934,419848,42256
native_to_wasm,7964,210241,210612,420854,42256
native_to_wasm,7965,210237,208950,419188,42256
native_to_wasm,7966,211133,208932,420066,42256
native_to_wasm,7967,210245,208850,419096,42256
native_to_wasm,7968,210911,208922,419834,42256
native_to_wasm,7969,210121,209636,419758,42256
native_to_wasm,7970,210241,209266,419508,42256
native_to_wasm,7971,210937,208916,419854,42256
native_to_wasm,7972,210219,210744,420964,42256
native_to_wasm,7973,210225,208918,419144,42256
native_to_wasm,7974,210663,208936,419600,42256
native_to_wasm,7975,210245,208850,419096,42256
native_to_wasm,7976,210911,208944,419856,42256
native_to_wasm,7977,210121,209636,419758,42256
native_to_wasm,7978,210241,209180,419422,42256
native_to_wasm,7979,210939,208938,419878,42256
native_to_wasm,7980,210249,209840,420090,42256
native_to_wasm,7981,210251,208940,419192,42256
native_to_wasm,7982,211377,208916,420294,42256
native_to_wasm,7983,210219,208818,419038,42256
native_to_wasm,7984,210947,208938,419886,42256
native_to_wasm,7985,210133,209606,419740,42256
native_to_wasm,7986,210253,209918,420172,42256
native_to_wasm,7987,210937,208944,419882,42256
native_to_wasm,7988,210235,209842,420078,42256
native_to_wasm,7989,210217,208932,419150,42256
native_to_wasm,7990,210133,209952,420086,42256
native_to_wasm,7991,210217,208856,419074,42256
native_to_wasm,7992,210929,208940,419870,42256
native_to_wasm,7993,210125,209632,419758,42256
native_to_wasm,7994,210233,210032,420266,42256
native_to_wasm,7995,210941,208946,419888,42256
native_to_wasm,7996,210237,209836,420074,42256
native_to_wasm,7997,210235,208948,419184,42256
native_to_wasm,7998,210129,209996,420126,42256
native_to_wasm,7999,210217,208858,419076,42256
native_to_wasm,8000,210927,208940,419868,42256
native_to_wasm,8001,210125,209632,419758,42256
native_to_wasm,8002,210235,209038,419274,42256
native_to_wasm,8003,212507,208938,421446,42256
native_to_wasm,8004,210241,209814,420056,42256
native_to_wasm,8005,210239,208946,419186,42256
native_to_wasm,8006,210131,209606,419738,42256
native_to_wasm,8007,210219,208862,419082,42256
native_to_wasm,8008,210911,208922,419834,42256
native_to_wasm,8009,210121,209636,419758,42256
native_to_wasm,8010,210241,208940,419182,42256
native_to_wasm,8011,212389,208914,421304,42256
native_to_wasm,8012,210221,210120,420342,42256
native_to_wasm,8013,210237,208942,419180,42256
native_to_wasm,8014,210133,209612,419746,42256
native_to_wasm,8015,210247,208864,419112,42256
native_to_wasm,8016,210933,208946,419880,42256
native_to_wasm,8017,210517,209612,420130,42256
native_to_wasm,8018,210245,208914,419160,42256
native_to_wasm,8019,212037,208938,420976,42256
native_to_wasm,8020,210249,209308,419558,42256
native_to_wasm,8021,210221,208924,419146,42256
native_to_wasm,8022,210131,209626,419758,42256
native_to_wasm,8023,210239,208862,419102,42256
native_to_wasm,8024,210937,208944,419882,42256
native_to_wasm,8025,210465,209632,420098,42256
native_to_wasm,8026,210221,208932,419154,42256
native_to_wasm,8027,211141,208932,420074,42256
native_to_wasm,8028,210241,210065,420307,42256
native_to_wasm,8029,210236,208944,419181,42256
native_to_wasm,8030,210133,209606,419740,42256
native_to_wasm,8031,210249,208852,419102,42256
native_to_wasm,8032,210913,208920,419834,42256
native_to_wasm,8033,210897,209614,420512,42256
native_to_wasm,8034,210247,208940,419188,42256
native_to_wasm,8035,211141,208934,420076,42256
native_to_wasm,8036,210241,208862,419104,42256
native_to_wasm,8037,211531,208940,420472,42256
native_to_wasm,8038,210125,209632,419758,42256
native_to_wasm,8039,210239,208862,419102,42256
native_to_wasm,8040,210933,208938,419872,42256
native_to_wasm,8041,211333,209606,420940,42256
native_to_wasm,8042,210217,208934,419152,42256
native_to_wasm,8043,211135,208934,420070,42256
native_to_wasm,8044,210241,208862,419104,42256
native_to_wasm,8045,211371,208944,420316,42256
native_to_wasm,8046,210113,209636,419750,42256
native_to_wasm,8047,210241,208864,419106,42256
native_to_wasm,8048,210959,208940,419900,42256
native_to_wasm,8049,210549,209696,420246,42256
native_to_wasm,8050,210247,208950,419198,42256
native_to_wasm,8051,211403,208940,420344,42256
native_to_wasm,8052,210243,208862,419106,42256
native_to_wasm,8053,210937,208938,419876,42256
native_to_wasm,8054,210137,209636,419774,42256
native_to_wasm,8055,210241,208848,419090,42256
native_to_wasm,8056,210913,208934,419848,42256
native_to_wasm,8057,210241,210612,420854,42256
native_to_wasm,8058,210237,208950,419188,42256
native_to_wasm,8059,211133,208932,420066,42256
native_to_wasm,8060,210245,208850,419096,42256
native_to_wasm,8061,210911,208922,419834,42256
native_to_wasm,8062,210121,209636,419758,42256
native_to_wasm,8063,210241,209266,419508,42256
native_to_wasm,8064,210111,208948,419060,42256
native_to_wasm,8065,210131,209606,419738,42256
native_to_wasm,8066,210219,208876,419096,42256
native_to_wasm,8067,210929,208944,419874,42256
native_to_wasm,8068,211329,209606,420936,42256
native_to_wasm,8069,210219,208918,419138,42256
native_to_wasm,8070,211159,208946,420106,42256
native_to_wasm,8071,210241,208864,419106,42256
native_to_wasm,8072,211485,208938,420424,42256
native_to_wasm,8073,210123,209638,419762,42256
native_to_wasm,8074,210221,208830,419052,42256
native_to_wasm,8075,210933,208938,419872,42256
native_to_wasm,8076,211333,209606,420940,42256
native_to_wasm,8077,210217,208934,419152,42256
native_to_wasm,8078,211135,208934,420070,42256
native_to_wasm,8079,210241,208862,419104,42256
native_to_wasm,8080,211371,208944,420316,42256
native_to_wasm,8081,210113,209636,419750,42256
native_to_wasm,8082,210241,208864,419106,42256
native_to_wasm,8083,210959,208940,419900,42256
native_to_wasm,8084,210549,209696,420246,42256
native_to_wasm,8085,210247,208950,419198,42256
native_to_wasm,8086,211403,208940,420344,42256
native_to_wasm,8087,210243,208862,419106,42256
native_to_wasm,8088,210937,208938,419876,42256
native_to_wasm,8089,210137,209636,419774,42256
native_to_wasm,8090,210241,208848,419090,42256
native_to_wasm,8091,210913,208934,419848,42256
native_to_wasm,8092,210241,210612,420854,42256
native_to_wasm,8093,210237,208950,419188,42256
native_to_wasm,8094,211133,208932,420066,42256
native_to_wasm,8095,210245,208850,419096,42256
native_to_wasm,8096,210911,208922,419834,42256
native_to_wasm,8097,210121,209636,419758,42256
native_to_wasm,8098,210241,209266,419508,42256
native_to_wasm,8099,210937,208916,419854,42256
native_to_wasm,8100,210219,210744,420964,42256
native_to_wasm,8101,210225,208918,419144,42256
native_to_wasm,8102,210663,208936,419600,42256
native_to_wasm,8103,210245,208850,419096,42256
native_to_wasm,8104,210911,208944,419856,42256
native_to_wasm,8105,210121,209636,419758,42256
native_to_wasm,8106,210241,209180,419422,42256
native_to_wasm,8107,210939,208938,419878,42256
native_to_wasm,8108,210249,209840,420090,42256
native_to_wasm,8109,210251,208940,419192,42256
native_to_wasm,8110,211377,208916,420294,42256
native_to_wasm,8111,210219,208818,419038,42256
native_to_wasm,8112,210947,208938,419886,42256
native_to_wasm,8113,210133,209606,419740,42256
native_to_wasm,8114,210253,209918,420172,42256
native_to_wasm,8115,210937,208944,419882,42256
native_to_wasm,8116,210235,209842,420078,42256
native_to_wasm,8117,210217,208932,419150,42256
native_to_wasm,8118,210133,209952,420086,42256
native_to_wasm,8119,210217,208856,419074,42256
native_to_wasm,8120,210929,208940,419870,42256
native_to_wasm,8121,210125,209632,419758,42256
native_to_wasm,8122,210233,210032,420266,42256
native_to_wasm,8123,210941,208946,419888,42256
native_to_wasm,8124,210237,209836,420074,42256
native_to_wasm,8125,210235,208948,419184,42256
native_to_wasm,8126,210129,209996,420126,42256
native_to_wasm,8127,210217,208858,419076,42256
native_to_wasm,8128,210927,208940,419868,42256
native_to_wasm,8129,210125,209632,419758,42256
native_to_wasm,8130,210235,209038,419274,42256
native_to_wasm,8131,212507,208938,421446,42256
native_to_wasm,8132,210241,209814,420056,42256
native_to_wasm,8133,210239,208946,419186,42256
native_to_wasm,8134,210131,209606,419738,42256
native_to_wasm,8135,210219,208862,419082,42256
native_to_wasm,8136,210911,208922,419834,42256
native_to_wasm,8137,210121,209636,419758,42256
native_to_wasm,8138,210241,208940,419182,42256
native_to_wasm,8139,212389,208914,421304,42256
native_to_wasm,8140,210221,210120,420342,42256
native_to_wasm,8141,210237,208942,419180,42256
native_to_wasm,8142,210133,209612,419746,42256
native_to_wasm,8143,210247,208864,419112,42256
native_to_wasm,8144,210933,208946,419880,42256
native_to_wasm,8145,210517,209612,420130,42256
native_to_wasm,8146,210245,208914,419160,42256
native_to_wasm,8147,212037,208938,420976,42256
native_to_wasm,8148,210249,209308,419558,42256
native_to_wasm,8149,210221,208924,419146,42256
native_to_wasm,8150,210131,209626,419758,42256
native_to_wasm,8151,210239,208862,419102,42256
native_to_wasm,8152,210937,208944,419882,42256
native_to_wasm,8153,210465,209632,420098,42256
native_to_wasm,8154,210221,208932,419154,42256
native_to_wasm,8155,211141,208932,420074,42256
native_to_wasm,8156,210241,210065,420307,42256
native_to_wasm,8157,210236,208944,419181,42256
native_to_wasm,8158,210133,209606,419740,42256
native_to_wasm,8159,210249,208852,419102,42256
native_to_wasm,8160,210913,208920,419834,42256
native_to_wasm,8161,210897,209614,420512,42256
native_to_wasm,8162,210247,208940,419188,42256
native_to_wasm,8163,211141,208934,420076,42256
native_to_wasm,8164,210241,208862,419104,42256
native_to_wasm,8165,211531,208940,420472,42256
native_to_wasm,8166,210125,209632,419758,42256
native_to_wasm,8167,210239,208862,419102,42256
native_to_wasm,8168,210933,208938,419872,42256
native_to_wasm,8169,211333,209606,420940,42256
native_to_wasm,8170,210217,208934,419152,42256
native_to_wasm,8171,211135,208934,420070,42256
native_to_wasm,8172,210241,208862,419104,42256
native_to_wasm,8173,211371,208944,420316,42256
native_to_wasm,8174,210113,209636,419750,42256
native_to_wasm,8175,210241,208864,419106,42256
native_to_wasm,8176,210959,208940,419900,42256
native_to_wasm,8177,210549,209696,420246,42256
native_to_wasm,8178,210247,208950,419198,42256
native_to_wasm,8179,211403,208940,420344,42256
native_to_wasm,8180,210243,208862,419106,42256
native_to_wasm,8181,210937,208938,419876,42256
native_to_wasm,8182,210137,209636,419774,42256
native_to_wasm,8183,210241,208848,419090,42256
native_to_wasm,8184,210913,208934,419848,42256
native_to_wasm,8185,210241,210612,420854,42256
native_to_wasm,8186,210237,208950,419188,42256
native_to_wasm,8187,211133,208932,420066,42256
native_to_wasm,8188,210245,208850,419096,42256
native_to_wasm,8189,210911,208922,419834,42256
native_to_wasm,8190,210121,209636,419758,42256
native_to_wasm,8191,210241,209266,419508,42256
native_to_wasm,8192,210111,208948,419060,42256
native_to_wasm,8193,210131,209606,419738,42256
native_to_wasm,8194,210219,208876,419096,42256
native_to_wasm,8195,210929,208944,419874,42256
native_to_wasm,8196,211329,209606,420936,42256
native_to_wasm,8197,210219,208918,419138,42256
native_to_wasm,8198,211159,208946,420106,42256
native_to_wasm,8199,210241,208864,419106,42256
native_to_wasm,8200,211485,208938,420424,42256
native_to_wasm,8201,210123,209638,419762,42256
native_to_wasm,8202,210221,208830,419052,42256
native_to_wasm,8203,210933,208938,419872,42256
native_to_wasm,8204,211333,209606,420940,42256
native_to_wasm,8205,210217,208934,419152,42256
native_to_wasm,8206,211135,208934,420070,42256
native_to_wasm,8207,210241,208862,419104,42256
native_to_wasm,8208,211371,208944,420316,42256
native_to_wasm,8209,210113,209636,419750,42256
native_to_wasm,8210,210241,208864,419106,42256
native_to_wasm,8211,210959,208940,419900,42256
native_to_wasm,8212,210549,209696,420246,42256
native_to_wasm,8213,210247,208950,419198,42256
native_to_wasm,8214,211403,208940,420344,42256
native_to_wasm,8215,210243,208862,419106,42256
native_to_wasm,8216,210937,208938,419876,42256
native_to_wasm,8217,210137,209636,419774,42256
native_to_wasm,8218,210241,208848,419090,42256
native_to_wasm,8219,210913,208934,419848,42256
native_to_wasm,8220,210241,210612,420854,42256
native_to_wasm,8221,210237,208950,419188,42256
native_to_wasm,8222,211133,208932,420066,42256
native_to_wasm,8223,210245,208850,419096,42256
native_to_wasm,8224,210911,208922,419834,42256
native_to_wasm,8225,210121,209636,419758,42256
native_to_wasm,8226,210241,209266,419508,42256
native_to_wasm,8227,210937,208916,419854,42256
native_to_wasm,8228,210219,210744,420964,42256
native_to_wasm,8229,210225,208918,419144,42256
native_to_wasm,8230,210663,208936,419600,42256
native_to_wasm,8231,210245,208850,419096,42256
native_to_wasm,8232,210911,208944,419856,42256
native_to_wasm,8233,210121,209636,419758,42256
native_to_wasm,8234,210241,209180,419422,42256
native_to_wasm,8235,210939,208938,419878,42256
native_to_wasm,8236,210249,209840,420090,42256
native_to_wasm,8237,210251,208940,419192,42256
native_to_wasm,8238,211377,208916,420294,42256
native_to_wasm,8239,210219,208818,419038,42256
native_to_wasm,8240,210947,208938,419886,42256
native_to_wasm,8241,210133,209606,419740,42256
native_to_wasm,8242,210253,209918,420172,42256
native_to_wasm,8243,210937,208944,419882,42256
native_to_wasm,8244,210235,209842,420078,42256
native_to_wasm,8245,210217,208932,419150,42256
native_to_wasm,8246,210133,209952,420086,42256
native_to_wasm,8247,210217,208856,419074,42256
native_to_wasm,8248,210929,208940,419870,42256
native_to_wasm,8249,210125,209632,419758,42256
native_to_wasm,8250,210233,210032,420266,42256
native_to_wasm,8251,210941,208946,419888,42256
native_to_wasm,8252,210237,209836,420074,42256
native_to_wasm,8253,210235,208948,419184,42256
native_to_wasm,8254,210129,209996,420126,42256
native_to_wasm,8255,210217,208858,419076,42256
native_to_wasm,8256,210927,208940,419868,42256
native_to_wasm,8257,210125,209632,419758,42256
native_to_wasm,8258,210235,209038,419274,42256
native_to_wasm,8259,212507,208938,421446,42256
native_to_wasm,8260,210241,209814,420056,42256
native_to_wasm,8261,210239,208946,419186,42256
native_to_wasm,8262,210131,209606,419738,42256
native_to_wasm,8263,210219,208862,419082,42256
native_to_wasm,8264,210911,208922,419834,42256
native_to_wasm,8265,210121,209636,419758,42256
native_to_wasm,8266,210241,208940,419182,42256
native_to_wasm,8267,212389,208914,421304,42256
native_to_wasm,8268,210221,210120,420342,42256
native_to_wasm,8269,210237,208942,419180,42256
native_to_wasm,8270,210133,209612,419746,42256
native_to_wasm,8271,210247,208864,419112,42256
native_to_wasm,8272,210933,208946,419880,42256
native_to_wasm,8273,210517,209612,420130,42256
native_to_wasm,8274,210245,208914,419160,42256
native_to_wasm,8275,212037,208938,420976,42256
native_to_wasm,8276,210249,209308,419558,42256
native_to_wasm,8277,210221,208924,419146,42256
native_to_wasm,8278,210131,209626,419758,42256
native_to_wasm,8279,210239,208862,419102,42256
native_to_wasm,8280,210937,208944,419882,42256
native_to_wasm,8281,210465,209632,420098,42256
native_to_wasm,8282,210221,208932,419154,42256
native_to_wasm,8283,211141,208932,420074,42256
native_to_wasm,8284,210241,210065,420307,42256
native_to_wasm,8285,210236,208944,419181,42256
native_to_wasm,8286,210133,209606,419740,42256
native_to_wasm,8287,210249,208852,419102,42256
native_to_wasm,8288,210913,208920,419834,42256
native_to_wasm,8289,210897,209614,420512,42256
native_to_wasm,8290,210247,208940,419188,42256
native_to_wasm,8291,211141,208934,420076,42256
native_to_wasm,8292,210241,208862,419104,42256
native_to_wasm,8293,211531,208940,420472,42256
native_to_wasm,8294,210125,209632,419758,42256
native_to_wasm,8295,210239,208862,419102,42256
native_to_wasm,8296,210933,208938,419872,42256
native_to_wasm,8297,211333,209606,420940,42256
native_to_wasm,8298,210217,208934,419152,42256
native_to_wasm,8299,211135,208934,420070,42256
native_to_wasm,8300,210241,208862,419104,42256
native_to_wasm,8301,211371,208944,420316,42256
native_to_wasm,8302,210113,209636,419750,42256
native_to_wasm,8303,210241,208864,419106,42256
native_to_wasm,8304,210959,208940,419900,42256
native_to_wasm,8305,210549,209696,420246,42256
native_to_wasm,8306,210247,208950,419198,42256
native_to_wasm,8307,211403,208940,420344,42256
native_to_wasm,8308,210243,208862,419106,42256
native_to_wasm,8309,210937,208938,419876,42256
native_to_wasm,8310,210137,209636,419774,42256
native_to_wasm,8311,210241,208848,419090,42256
native_to_wasm,8312,210913,208934,419848,42256
native_to_wasm,8313,210241,210612,420854,42256
native_to_wasm,8314,210237,208950,419188,42256
native_to_wasm,8315,211133,208932,420066,42256
native_to_wasm,8316,210245,208850,419096,42256
native_to_wasm,8317,210911,208922,419834,42256
native_to_wasm,8318,210121,209636,419758,42256
native_to_wasm,8319,210241,209266,419508,42256
native_to_wasm,8320,210111,208948,419060,42256
native_to_wasm,8321,210131,209606,419738,42256
native_to_wasm,8322,210219,208876,419096,42256
native_to_wasm,8323,210929,208944,419874,42256
native_to_wasm,8324,211329,209606,420936,42256
native_to_wasm,8325,210219,208918,419138,42256
native_to_wasm,8326,211159,208946,420106,42256
native_to_wasm,8327,210241,208864,419106,42256
native_to_wasm,8328,211485,208938,420424,42256
native_to_wasm,8329,210123,209638,419762,42256
native_to_wasm,8330,210221,208830,419052,42256
native_to_wasm,8331,210933,208938,419872,42256
native_to_wasm,8332,211333,209606,420940,42256
native_to_wasm,8333,210217,208934,419152,42256
native_to_wasm,8334,211135,208934,420070,42256
native_to_wasm,8335,210241,208862,419104,42256
native_to_wasm,8336,211371,208944,420316,42256
native_to_wasm,8337,210113,209636,419750,42256
native_to_wasm,8338,210241,208864,419106,42256
native_to_wasm,8339,210959,208940,419900,42256
native_to_wasm,8340,210549,209696,420246,42256
native_to_wasm,8341,210247,208950,419198,42256
native_to_wasm,8342,211403,208940,420344,42256
native_to_wasm,8343,210243,208862,419106,42256
native_to_wasm,8344,210937,208938,419876,42256
native_to_wasm,8345,210137,209636,419774,42256
native_to_wasm,8346,210241,208848,419090,42256
native_to_wasm,8347,210913,208934,419848,42256
native_to_wasm,8348,210241,210612,420854,42256
native_to_wasm,8349,210237,208950,419188,42256
native_to_wasm,8350,211133,208932,420066,42256
native_to_wasm,8351,210245,208850,419096,42256
native_to_wasm,8352,210911,208922,419834,42256
native_to_wasm,8353,210121,209636,419758,42256
native_to_wasm,8354,210241,209266,419508,42256
native_to_wasm,8355,210937,208916,419854,42256
native_to_wasm,8356,210219,210744,420964,42256
native_to_wasm,8357,210225,208918,419144,42256
native_to_wasm,8358,210663,208936,419600,42256
native_to_wasm,8359,210245,208850,419096,42256
native_to_wasm,8360,210911,208944,419856,42256
native_to_wasm,8361,210121,209636,419758,42256
native_to_wasm,8362,210241,209180,419422,42256
native_to_wasm,8363,210939,208938,419878,42256
native_to_wasm,8364,210249,209840,420090,42256
native_to_wasm,8365,210251,208940,419192,42256
native_to_wasm,8366,211377,208916,420294,42256
native_to_wasm,8367,210219,208818,419038,42256
native_to_wasm,8368,210947,208938,419886,42256
native_to_wasm,8369,210133,209606,419740,42256
native_to_wasm,8370,210253,209918,420172,42256
native_to_wasm,8371,210937,208944,419882,42256
native_to_wasm,8372,210235,209842,420078,42256
native_to_wasm,8373,210217,208932,419150,42256
native_to_wasm,8374,210133,209952,420086,42256
native_to_wasm,8375,210217,208856,419074,42256
native_to_wasm,8376,210929,208940,419870,42256
native_to_wasm,8377,210125,209632,419758,42256
native_to_wasm,8378,210233,210032,420266,42256
native_to_wasm,8379,210941,208946,419888,42256
native_to_wasm,8380,210237,209836,420074,42256
native_to_wasm,8381,210235,208948,419184,42256
native_to_wasm,8382,210129,209996,420126,42256
native_to_wasm,8383,210217,208858,419076,42256
native_to_wasm,8384,210927,208940,419868,42256
native_to_wasm,8385,210125,209632,419758,42256
native_to_wasm,8386,210235,209038,419274,42256
native_to_wasm,8387,212507,208938,421446,42256
native_to_wasm,8388,210241,209814,420056,42256
native_to_wasm,8389,210239,208946,419186,42256
native_to_wasm,8390,210131,209606,419738,42256
native_to_wasm,8391,210219,208862,419082,42256
native_to_wasm,8392,210911,208922,419834,42256
native_to_wasm,8393,210121,209636,419758,42256
native_to_wasm,8394,210241,208940,419182,42256
native_to_wasm,8395,212389,208914,421304,42256
native_to_wasm,8396,210221,210120,420342,42256
native_to_wasm,8397,210237,208942,419180,42256
native_to_wasm,8398,210133,209612,419746,42256
native_to_wasm,8399,210247,208864,419112,42256
native_to_wasm,8400,210933,208946,419880,42256
native_to_wasm,8401,210517,209612,420130,42256
native_to_wasm,8402,210245,208914,419160,42256
native_to_wasm,8403,212037,208938,420976,42256
native_to_wasm,8404,210249,209308,419558,42256
native_to_wasm,8405,210221,208924,419146,42256
native_to_wasm,8406,210131,209626,419758,42256
native_to_wasm,8407,210239,208862,419102,42256
native_to_wasm,8408,210937,208944,419882,42256
native_to_wasm,8409,210465,209632,420098,42256
native_to_wasm,8410,210221,208932,419154,42256
native_to_wasm,8411,211141,208932,420074,42256
native_to_wasm,8412,210241,210065,420307,42256
native_to_wasm,8413,210236,208944,419181,42256
native_to_wasm,8414,210133,209606,419740,42256
native_to_wasm,8415,210249,208852,419102,42256
native_to_wasm,8416,210913,208920,419834,42256
native_to_wasm,8417,210897,209614,420512,42256
native_to_wasm,8418,210247,208940,419188,42256
native_to_wasm,8419,211141,208934,420076,42256
native_to_wasm,8420,210241,208862,419104,42256
native_to_wasm,8421,211531,208940,420472,42256
native_to_wasm,8422,210125,209632,419758,42256
native_to_wasm,8423,210239,208862,419102,42256
native_to_wasm,8424,210933,208938,419872,42256
native_to_wasm,8425,211333,209606,420940,42256
native_to_wasm,8426,210217,208934,419152,42256
native_to_wasm,8427,211135,208934,420070,42256
native_to_wasm,8428,210241,208862,419104,42256
native_to_wasm,8429,211371,208944,420316,42256
native_to_wasm,8430,210113,209636,419750,42256
native_to_wasm,8431,210241,208864,419106,42256
native_to_wasm,8432,210959,208940,419900,42256
native_to_wasm,8433,210549,209696,420246,42256
native_to_wasm,8434,210247,208950,419198,42256
native_to_wasm,8435,211403,208940,420344,42256
native_to_wasm,8436,210243,208862,419106,42256
native_to_wasm,8437,210937,208938,419876,42256
native_to_wasm,8438,210137,209636,419774,42256
native_to_wasm,8439,210241,208848,419090,42256
native_to_wasm,8440,210913,208934,419848,42256
native_to_wasm,8441,210241,210612,420854,42256
native_to_wasm,8442,210237,208950,419188,42256
native_to_wasm,8443,211133,208932,420066,42256
native_to_wasm,8444,210245,208850,419096,42256
native_to_wasm,8445,210911,208922,419834,42256
native_to_wasm,8446,210121,209636,419758,42256
native_to_wasm,8447,210241,209266,419508,42256
native_to_wasm,8448,210111,208948,419060,42256
native_to_wasm,8449,210131,209606,419738,42256
native_to_wasm,8450,210219,208876,419096,42256
native_to_wasm,8451,210929,208944,419874,42256
native_to_wasm,8452,211329,209606,420936,42256
native_to_wasm,8453,210219,208918,419138,42256
native_to_wasm,8454,211159,208946,420106,42256
native_to_wasm,8455,210241,208864,419106,42256
native_to_wasm,8456,211485,208938,420424,42256
native_to_wasm,8457,210123,209638,419762,42256
native_to_wasm,8458,210221,208830,419052,42256
native_to_wasm,8459,210933,208938,419872,42256
native_to_wasm,8460,211333,209606,420940,42256
native_to_wasm,8461,210217,208934,419152,42256
native_to_wasm,8462,211135,208934,420070,42256
native_to_wasm,8463,210241,208862,419104,42256
native_to_wasm,8464,211371,208944,420316,42256
native_to_wasm,8465,210113,209636,419750,42256
native_to_wasm,8466,210241,208864,419106,42256
native_to_wasm,8467,210959,208940,419900,42256
native_to_wasm,8468,210549,209696,420246,42256
native_to_wasm,8469,210247,208950,419198,42256
native_to_wasm,8470,211403,208940,420344,42256
native_to_wasm,8471,210243,208862,419106,42256
native_to_wasm,8472,210937,208938,419876,42256
native_to_wasm,8473,210137,209636,419774,42256
native_to_wasm,8474,210241,208848,419090,42256
native_to_wasm,8475,210913,208934,419848,42256
native_to_wasm,8476,210241,210612,420854,42256
native_to_wasm,8477,210237,208950,419188,42256
native_to_wasm,8478,211133,208932,420066,42256
native_to_wasm,8479,210245,208850,419096,42256
native_to_wasm,8480,210911,208922,419834,42256
native_to_wasm,8481,210121,209636,419758,42256
native_to_wasm,8482,210241,209266,419508,42256
native_to_wasm,8483,210937,208916,419854,42256
native_to_wasm,8484,210219,210744,420964,42256
native_to_wasm,8485,210225,208918,419144,42256
native_to_wasm,8486,210663,208936,419600,42256
native_to_wasm,8487,210245,208850,419096,42256
native_to_wasm,8488,210911,208944,419856,42256
native_to_wasm,8489,210121,209636,419758,42256
native_to_wasm,8490,210241,209180,419422,42256
native_to_wasm,8491,210939,208938,419878,42256
native_to_wasm,8492,210249,209840,420090,42256
native_to_wasm,8493,210251,208940,419192,42256
native_to_wasm,8494,211377,208916,420294,42256
native_to_wasm,8495,210219,208818,419038,42256
native_to_wasm,8496,210947,208938,419886,42256
native_to_wasm,8497,210133,209606,419740,42256
native_to_wasm,8498,210253,209918,420172,42256
native_to_wasm,8499,210937,208944,419882,42256
native_to_wasm,8500,210235,209842,420078,42256
native_to_wasm,8501,210217,208932,419150,42256
native_to_wasm,8502,210133,209952,420086,42256
native_to_wasm,8503,210217,208856,419074,42256
native_to_wasm,8504,210929,208940,419870,42256
native_to_wasm,8505,210125,209632,419758,42256
native_to_wasm,8506,210233,210032,420266,42256
native_to_wasm,8507,210941,208946,419888,42256
native_to_wasm,8508,210237,209836,420074,42256
native_to_wasm,8509,210235,208948,419184,42256
native_to_wasm,8510,210129,209996,420126,42256
native_to_wasm,8511,210217,208858,419076,42256
native_to_wasm,8512,210927,208940,419868,42256
native_to_wasm,8513,210125,209632,419758,42256
native_to_wasm,8514,210235,209038,419274,42256
native_to_wasm,8515,212507,208938,421446,42256
native_to_wasm,8516,210241,209814,420056,42256
native_to_wasm,8517,210239,208946,419186,42256
native_to_wasm,8518,210131,209606,419738,42256
native_to_wasm,8519,210219,208862,419082,42256
native_to_wasm,8520,210911,208922,419834,42256
native_to_wasm,8521,210121,209636,419758,42256
native_to_wasm,8522,210241,208940,419182,42256
native_to_wasm,8523,212389,208914,421304,42256
native_to_wasm,8524,210221,210120,420342,42256
native_to_wasm,8525,210237,208942,419180,42256
native_to_wasm,8526,210133,209612,419746,42256
native_to_wasm,8527,210247,208864,419112,42256
native_to_wasm,8528,210933,208946,419880,42256
native_to_wasm,8529,210517,209612,420130,42256
native_to_wasm,8530,210245,208914,419160,42256
native_to_wasm,8531,212037,208938,420976,42256
native_to_wasm,8532,210249,209308,419558,42256
native_to_wasm,8533,210221,208924,419146,42256
native_to_wasm,8534,210131,209626,419758,42256
native_to_wasm,8535,210239,208862,419102,42256
native_to_wasm,8536,210937,208944,419882,42256
native_to_wasm,8537,210465,209632,420098,42256
native_to_wasm,8538,210221,208932,419154,42256
native_to_wasm,8539,211141,208932,420074,42256
native_to_wasm,8540,210241,210065,420307,42256
native_to_wasm,8541,210236,208944,419181,42256
native_to_wasm,8542,210133,209606,419740,42256
native_to_wasm,8543,210249,208852,419102,42256
native_to_wasm,8544,210913,208920,419834,42256
native_to_wasm,8545,210897,209614,420512,42256
native_to_wasm,8546,210247,208940,419188,42256
native_to_wasm,8547,211141,208934,420076,42256
native_to_wasm,8548,210241,208862,419104,42256
native_to_wasm,8549,211531,208940,420472,42256
native_to_wasm,8550,210125,209632,419758,42256
native_to_wasm,8551,210239,208862,419102,42256
native_to_wasm,8552,210933,208938,419872,42256
native_to_wasm,8553,211333,209606,420940,42256
native_to_wasm,8554,210217,208934,419152,42256
native_to_wasm,8555,211135,208934,420070,42256
native_to_wasm,8556,210241,208862,419104,42256
native_to_wasm,8557,211371,208944,420316,42256
native_to_wasm,8558,210113,209636,419750,42256
native_to_wasm,8559,210241,208864,419106,42256
native_to_wasm,8560,210959,208940,419900,42256
native_to_wasm,8561,210549,209696,420246,42256
native_to_wasm,8562,210247,208950,419198,42256
native_to_wasm,8563,211403,208940,420344,42256
native_to_wasm,8564,210243,208862,419106,42256
native_to_wasm,8565,210937,208938,419876,42256
native_to_wasm,8566,210137,209636,419774,42256
native_to_wasm,8567,210241,208848,419090,42256
native_to_wasm,8568,210913,208934,419848,42256
native_to_wasm,8569,210241,210612,420854,42256
native_to_wasm,8570,210237,208950,419188,42256
native_to_wasm,8571,211133,208932,420066,42256
native_to_wasm,8572,210245,208850,419096,42256
native_to_wasm,8573,210911,208922,419834,42256
native_to_wasm,8574,210121,209636,419758,42256
native_to_wasm,8575,210241,209266,419508,42256
native_to_wasm,8576,210111,208948,419060,42256
native_to_wasm,8577,210131,209606,419738,42256
native_to_wasm,8578,210219,208876,419096,42256
native_to_wasm,8579,210929,208944,419874,42256
native_to_wasm,8580,211329,209606,420936,42256
native_to_wasm,8581,210219,208918,419138,42256
native_to_wasm,8582,211159,208946,420106,42256
native_to_wasm,8583,210241,208864,419106,42256
native_to_wasm,8584,211485,208938,420424,42256
native_to_wasm,8585,210123,209638,419762,42256
native_to_wasm,8586,210221,208830,419052,42256
native_to_wasm,8587,210933,208938,419872,42256
native_to_wasm,8588,211333,209606,420940,42256
native_to_wasm,8589,210217,208934,419152,42256
native_to_wasm,8590,211135,208934,420070,42256
native_to_wasm,8591,210241,208862,419104,42256
native_to_wasm,8592,211371,208944,420316,42256
native_to_wasm,8593,210113,209636,419750,42256
native_to_wasm,8594,210241,208864,419106,42256
native_to_wasm,8595,210959,208940,419900,42256
native_to_wasm,8596,210549,209696,420246,42256
native_to_wasm,8597,210247,208950,419198,42256
native_to_wasm,8598,211403,208940,420344,42256
native_to_wasm,8599,210243,208862,419106,42256
native_to_wasm,8600,210937,208938,419876,42256
native_to_wasm,8601,210137,209636,419774,42256
native_to_wasm,8602,210241,208848,419090,42256
native_to_wasm,8603,210913,208934,419848,42256
native_to_wasm,8604,210241,210612,420854,42256
native_to_wasm,8605,210237,208950,419188,42256
native_to_wasm,8606,211133,208932,420066,42256
native_to_wasm,8607,210245,208850,419096,42256
native_to_wasm,8608,210911,208922,419834,42256
native_to_wasm,8609,210121,209636,419758,42256
native_to_wasm,8610,210241,209266,419508,42256
native_to_wasm,8611,210937,208916,419854,42256
native_to_wasm,8612,210219,210744,420964,42256
native_to_wasm,8613,210225,208918,419144,42256
native_to_wasm,8614,210663,208936,419600,42256
native_to_wasm,8615,210245,208850,419096,42256
native_to_wasm,8616,210911,208944,419856,42256
native_to_wasm,8617,210121,209636,419758,42256
native_to_wasm,8618,210241,209180,419422,42256
native_to_wasm,8619,210939,208938,419878,42256
native_to_wasm,8620,210249,209840,420090,42256
native_to_wasm,8621,210251,208940,419192,42256
native_to_wasm,8622,211377,208916,420294,42256
native_to_wasm,8623,210219,208818,419038,42256
native_to_wasm,8624,210947,208938,419886,42256
native_to_wasm,8625,210133,209606,419740,42256
native_to_wasm,8626,210253,209918,420172,42256
native_to_wasm,8627,210937,208944,419882,42256
native_to_wasm,8628,210235,209842,420078,42256
native_to_wasm,8629,210217,208932,419150,42256
native_to_wasm,8630,210133,209952,420086,42256
native_to_wasm,8631,210217,208856,419074,42256
native_to_wasm,8632,210929,208940,419870,42256
native_to_wasm,8633,210125,209632,419758,42256
native_to_wasm,8634,210233,210032,420266,42256
native_to_wasm,8635,210941,208946,419888,42256
native_to_wasm,8636,210237,209836,420074,42256
native_to_wasm,8637,210235,208948,419184,42256
native_to_wasm,8638,210129,209996,420126,42256
native_to_wasm,8639,210217,208858,419076,42256
native_to_wasm,8640,210927,208940,419868,42256
native_to_wasm,8641,210125,209632,419758,42256
native_to_wasm,8642,210235,209038,419274,42256
native_to_wasm,8643,212507,208938,421446,42256
native_to_wasm,8644,210241,209814,420056,42256
native_to_wasm,8645,210239,208946,419186,42256
native_to_wasm,8646,210131,209606,419738,42256
native_to_wasm,8647,210219,208862,419082,42256
native_to_wasm,8648,210911,208922,419834,42256
native_to_wasm,8649,210121,209636,419758,42256
native_to_wasm,8650,210241,208940,419182,42256
native_to_wasm,8651,212389,208914,421304,42256
native_to_wasm,8652,210221,210120,420342,42256
native_to_wasm,8653,210237,208942,419180,42256
native_to_wasm,8654,210133,209612,419746,42256
native_to_wasm,8655,210247,208864,419112,42256
native_to_wasm,8656,210933,208946,419880,42256
native_to_wasm,8657,210517,209612,420130,42256
native_to_wasm,8658,210245,208914,419160,42256
native_to_wasm,8659,212037,208938,420976,42256
native_to_wasm,8660,210249,209308,419558,42256
native_to_wasm,8661,210221,208924,419146,42256
native_to_wasm,8662,210131,209626,419758,42256
native_to_wasm,8663,210239,208862,419102,42256
native_to_wasm,8664,210937,208944,419882,42256
native_to_wasm,8665,210465,209632,420098,42256
native_to_wasm,8666,210221,208932,419154,42256
native_to_wasm,8667,211141,208932,420074,42256
native_to_wasm,8668,210241,210065,420307,42256
native_to_wasm,8669,210236,208944,419181,42256
native_to_wasm,8670,210133,209606,419740,42256
native_to_wasm,8671,210249,208852,419102,42256
native_to_wasm,8672,210913,208920,419834,42256
native_to_wasm,8673,210897,209614,420512,42256
native_to_wasm,8674,210247,208940,419188,42256
native_to_wasm,8675,211141,208934,420076,42256
native_to_wasm,8676,210241,208862,419104,42256
native_to_wasm,8677,211531,208940,420472,42256
native_to_wasm,8678,210125,209632,419758,42256
native_to_wasm,8679,210239,208862,419102,42256
native_to_wasm,8680,210933,208938,419872,42256
native_to_wasm,8681,211333,209606,420940,42256
native_to_wasm,8682,210217,208934,419152,42256
native_to_wasm,8683,211135,208934,420070,42256
native_to_wasm,8684,210241,208862,419104,42256
native_to_wasm,8685,211371,208944,420316,42256
native_to_wasm,8686,210113,209636,419750,42256
native_to_wasm,8687,210241,208864,419106,42256
native_to_wasm,8688,210959,208940,419900,42256
native_to_wasm,8689,210549,209696,420246,42256
native_to_wasm,8690,210247,208950,419198,42256
native_to_wasm,8691,211403,208940,420344,42256
native_to_wasm,8692,210243,208862,419106,42256
native_to_wasm,8693,210937,208938,419876,42256
native_to_wasm,8694,210137,209636,419774,42256
native_to_wasm,8695,210241,208848,419090,42256
native_to_wasm,8696,210913,208934,419848,42256
native_to_wasm,8697,210241,210612,420854,42256
native_to_wasm,8698,210237,208950,419188,42256
native_to_wasm,8699,211133,208932,420066,42256
native_to_wasm,8700,210245,208850,419096,42256
native_to_wasm,8701,210911,208922,419834,42256
native_to_wasm,8702,210121,209636,419758,42256
native_to_wasm,8703,210241,209266,419508,42256
native_to_wasm,8704,210111,208948,419060,42256
native_to_wasm,8705,210131,209606,419738,42256
native_to_wasm,8706,210219,208876,419096,42256
native_to_wasm,8707,210929,208944,419874,42256
native_to_wasm,8708,211329,209606,420936,42256
native_to_wasm,8709,210219,208918,419138,42256
native_to_wasm,8710,211159,208946,420106,42256
native_to_wasm,8711,210241,208864,419106,42256
native_to_wasm,8712,211485,208938,420424,42256
native_to_wasm,8713,210123,209638,419762,42256
native_to_wasm,8714,210221,208830,419052,42256
native_to_wasm,8715,210933,208938,419872,42256
native_to_wasm,8716,211333,209606,420940,42256
native_to_wasm,8717,210217,208934,419152,42256
native_to_wasm,8718,211135,208934,420070,42256
native_to_wasm,8719,210241,208862,419104,42256
native_to_wasm,8720,211371,208944,420316,42256
native_to_wasm,8721,210113,209636,419750,42256
native_to_wasm,8722,210241,208864,419106,42256
native_to_wasm,8723,210959,208940,419900,42256
native_to_wasm,8724,210549,209696,420246,42256
native_to_wasm,8725,210247,208950,419198,42256
native_to_wasm,8726,211403,208940,420344,42256
native_to_wasm,8727,210243,208862,419106,42256
native_to_wasm,8728,210937,208938,419876,42256
native_to_wasm,8729,210137,209636,419774,42256
native_to_wasm,8730,210241,208848,419090,42256
native_to_wasm,8731,210913,208934,419848,42256
native_to_wasm,8732,210241,210612,420854,42256
native_to_wasm,8733,210237,208950,419188,42256
native_to_wasm,8734,211133,208932,420066,42256
native_to_wasm,8735,210245,208850,419096,42256
native_to_wasm,8736,210911,208922,419834,42256
native_to_wasm,8737,210121,209636,419758,42256
native_to_wasm,8738,210241,209266,419508,42256
native_to_wasm,8739,210937,208916,419854,42256
native_to_wasm,8740,210219,210744,420964,42256
native_to_wasm,8741,210225,208918,419144,42256
native_to_wasm,8742,210663,208936,419600,42256
native_to_wasm,8743,210245,208850,419096,42256
native_to_wasm,8744,210911,208944,419856,42256
native_to_wasm,8745,210121,209636,419758,42256
native_to_wasm,8746,210241,209180,419422,42256
native_to_wasm,8747,210939,208938,419878,42256
native_to_wasm,8748,210249,209840,420090,42256
native_to_wasm,8749,210251,208940,419192,42256
native_to_wasm,8750,211377,208916,420294,42256
native_to_wasm,8751,210219,208818,419038,42256
native_to_wasm,8752,210947,208938,419886,42256
native_to_wasm,8753,210133,209606,419740,42256
native_to_wasm,8754,210253,209918,420172,42256
native_to_wasm,8755,210937,208944,419882,42256
native_to_wasm,8756,210235,209842,420078,42256
native_to_wasm,8757,210217,208932,419150,42256
native_to_wasm,8758,210133,209952,420086,42256
native_to_wasm,8759,210217,208856,419074,42256
native_to_wasm,8760,210929,208940,419870,42256
native_to_wasm,8761,210125,209632,419758,42256
native_to_wasm,8762,210233,210032,420266,42256
native_to_wasm,8763,210941,208946,419888,42256
native_to_wasm,8764,210237,209836,420074,42256
native_to_wasm,8765,210235,208948,419184,42256
native_to_wasm,8766,210129,209996,420126,42256
native_to_wasm,8767,210217,208858,419076,42256
native_to_wasm,8768,210927,208940,419868,42256
native_to_wasm,8769,210125,209632,419758,42256
native_to_wasm,8770,210235,209038,419274,42256
native_to_wasm,8771,212507,208938,421446,42256
native_to_wasm,8772,210241,209814,420056,42256
native_to_wasm,8773,210239,208946,419186,42256
native_to_wasm,8774,210131,209606,419738,42256
native_to_wasm,8775,210219,208862,419082,42256
native_to_wasm,8776,210911,208922,419834,42256
native_to_wasm,8777,210121,209636,419758,42256
native_to_wasm,8778,210241,208940,419182,42256
native_to_wasm,8779,212389,208914,421304,42256
native_to_wasm,8780,210221,210120,420342,42256
native_to_wasm,8781,210237,208942,419180,42256
native_to_wasm,8782,210133,209612,419746,42256
native_to_wasm,8783,210247,208864,419112,42256
native_to_wasm,8784,210933,208946,419880,42256
native_to_wasm,8785,210517,209612,420130,42256
native_to_wasm,8786,210245,208914,419160,42256
native_to_wasm,8787,212037,208938,420976,42256
native_to_wasm,8788,210249,209308,419558,42256
native_to_wasm,8789,210221,208924,419146,42256
native_to_wasm,8790,210131,209626,419758,42256
native_to_wasm,8791,210239,208862,419102,42256
native_to_wasm,8792,210937,208944,419882,42256
native_to_wasm,8793,210465,209632,420098,42256
native_to_wasm,8794,210221,208932,419154,42256
native_to_wasm,8795,211141,208932,420074,42256
native_to_wasm,8796,210241,210065,420307,42256
native_to_wasm,8797,210236,208944,419181,42256
native_to_wasm,8798,210133,209606,419740,42256
native_to_wasm,8799,210249,208852,419102,42256
native_to_wasm,8800,210913,208920,419834,42256
native_to_wasm,8801,210897,209614,420512,42256
native_to_wasm,8802,210247,208940,419188,42256
native_to_wasm,8803,211141,208934,420076,42256
native_to_wasm,8804,210241,208862,419104,42256
native_to_wasm,8805,211531,208940,420472,42256
native_to_wasm,8806,210125,209632,419758,42256
native_to_wasm,8807,210239,208862,419102,42256
native_to_wasm,8808,210933,208938,419872,42256
native_to_wasm,8809,211333,209606,420940,42256
native_to_wasm,8810,210217,208934,419152,42256
native_to_wasm,8811,211135,208934,420070,42256
native_to_wasm,8812,210241,208862,419104,42256
native_to_wasm,8813,211371,208944,420316,42256
native_to_wasm,8814,210113,209636,419750,42256
native_to_wasm,8815,210241,208864,419106,42256
native_to_wasm,8816,210959,208940,419900,42256
native_to_wasm,8817,210549,209696,420246,42256
native_to_wasm,8818,210247,208950,419198,42256
native_to_wasm,8819,211403,208940,420344,42256
native_to_wasm,8820,210243,208862,419106,42256
native_to_wasm,8821,210937,208938,419876,42256
native_to_wasm,8822,210137,209636,419774,42256
native_to_wasm,8823,210241,208848,419090,42256
native_to_wasm,8824,210913,208934,419848,42256
native_to_wasm,8825,210241,210612,420854,42256
native_to_wasm,8826,210237,208950,419188,42256
native_to_wasm,8827,211133,208932,420066,42256
native_to_wasm,8828,210245,208850,419096,42256
native_to_wasm,8829,210911,208922,419834,42256
native_to_wasm,8830,210121,209636,419758,42256
native_to_wasm,8831,210241,209266,419508,42256
native_to_wasm,8832,210111,208948,419060,42256
native_to_wasm,8833,210131,209606,419738,42256
native_to_wasm,8834,210219,208876,419096,42256
native_to_wasm,8835,210929,208944,419874,42256
native_to_wasm,8836,211329,209606,420936,42256
native_to_wasm,8837,210219,208918,419138,42256
native_to_wasm,8838,211159,208946,420106,42256
native_to_wasm,8839,210241,208864,419106,42256
native_to_wasm,8840,211485,208938,420424,42256
native_to_wasm,8841,210123,209638,419762,42256
native_to_wasm,8842,210221,208830,419052,42256
native_to_wasm,8843,210933,208938,419872,42256
native_to_wasm,8844,211333,209606,420940,42256
native_to_wasm,8845,210217,208934,419152,42256
native_to_wasm,8846,211135,208934,420070,42256
native_to_wasm,8847,210241,208862,419104,42256
native_to_wasm,8848,211371,208944,420316,42256
native_to_wasm,8849,210113,209636,419750,42256
native_to_wasm,8850,210241,208864,419106,42256
native_to_wasm,8851,210959,208940,419900,42256
native_to_wasm,8852,210549,209696,420246,42256
native_to_wasm,8853,210247,208950,419198,42256
native_to_wasm,8854,211403,208940,420344,42256
native_to_wasm,8855,210243,208862,419106,42256
native_to_wasm,8856,210937,208938,419876,42256
native_to_wasm,8857,210137,209636,419774,42256
native_to_wasm,8858,210241,208848,419090,42256
native_to_wasm,8859,210913,208934,419848,42256
native_to_wasm,8860,210241,210612,420854,42256
native_to_wasm,8861,210237,208950,419188,42256
native_to_wasm,8862,211133,208932,420066,42256
native_to_wasm,8863,210245,208850,419096,42256
native_to_wasm,8864,210911,208922,419834,42256
native_to_wasm,8865,210121,209636,419758,42256
native_to_wasm,8866,210241,209266,419508,42256
native_to_wasm,8867,210937,208916,419854,42256
native_to_wasm,8868,210219,210744,420964,42256
native_to_wasm,8869,210225,208918,419144,42256
native_to_wasm,8870,210663,208936,419600,42256
native_to_wasm,8871,210245,208850,419096,42256
native_to_wasm,8872,210911,208944,419856,42256
native_to_wasm,8873,210121,209636,419758,42256
native_to_wasm,8874,210241,209180,419422,42256
native_to_wasm,8875,210939,208938,419878,42256
native_to_wasm,8876,210249,209840,420090,42256
native_to_wasm,8877,210251,208940,419192,42256
native_to_wasm,8878,211377,208916,420294,42256
native_to_wasm,8879,210219,208818,419038,42256
native_to_wasm,8880,210947,208938,419886,42256
native_to_wasm,8881,210133,209606,419740,42256
native_to_wasm,8882,210253,209918,420172,42256
native_to_wasm,8883,210937,208944,419882,42256
native_to_wasm,8884,210235,209842,420078,42256
native_to_wasm,8885,210217,208932,419150,42256
native_to_wasm,8886,210133,209952,420086,42256
native_to_wasm,8887,210217,208856,419074,42256
native_to_wasm,8888,210929,208940,419870,42256
native_to_wasm,8889,210125,209632,419758,42256
native_to_wasm,8890,210233,210032,420266,42256
native_to_wasm,8891,210941,208946,419888,42256
native_to_wasm,8892,210237,209836,420074,42256
native_to_wasm,8893,210235,208948,419184,42256
native_to_wasm,8894,210129,209996,420126,42256
native_to_wasm,8895,210217,208858,419076,42256
native_to_wasm,8896,210927,208940,419868,42256
native_to_wasm,8897,210125,209632,419758,42256
native_to_wasm,8898,210235,209038,419274,42256
native_to_wasm,8899,212507,208938,421446,42256
native_to_wasm,8900,210241,209814,420056,42256
native_to_wasm,8901,210239,208946,419186,42256
native_to_wasm,8902,210131,209606,419738,42256
native_to_wasm,8903,210219,208862,419082,42256
native_to_wasm,8904,210911,208922,419834,42256
native_to_wasm,8905,210121,209636,419758,42256
native_to_wasm,8906,210241,208940,419182,42256
native_to_wasm,8907,212389,208914,421304,42256
native_to_wasm,8908,210221,210120,420342,42256
native_to_wasm,8909,210237,208942,419180,42256
native_to_wasm,8910,210133,209612,419746,42256
native_to_wasm,8911,210247,208864,419112,42256
native_to_wasm,8912,210933,208946,419880,42256
native_to_wasm,8913,210517,209612,420130,42256
native_to_wasm,8914,210245,208914,419160,42256
native_to_wasm,8915,212037,208938,420976,42256
native_to_wasm,8916,210249,209308,419558,42256
native_to_wasm,8917,210221,208924,419146,42256
native_to_wasm,8918,210131,209626,419758,42256
native_to_wasm,8919,210239,208862,419102,42256
native_to_wasm,8920,210937,208944,419882,42256
native_to_wasm,8921,210465,209632,420098,42256
native_to_wasm,8922,210221,208932,419154,42256
native_to_wasm,8923,211141,208932,420074,42256
native_to_wasm,8924,210241,210065,420307,42256
native_to_wasm,8925,210236,208944,419181,42256
native_to_wasm,8926,210133,209606,419740,42256
native_to_wasm,8927,210249,208852,419102,42256
native_to_wasm,8928,210913,208920,419834,42256
native_to_wasm,8929,210897,209614,420512,42256
native_to_wasm,8930,210247,208940,419188,42256
native_to_wasm,8931,211141,208934,420076,42256
native_to_wasm,8932,210241,208862,419104,42256
native_to_wasm,8933,211531,208940,420472,42256
native_to_wasm,8934,210125,209632,419758,42256
native_to_wasm,8935,210239,208862,419102,42256
native_to_wasm,8936,210933,208938,419872,42256
native_to_wasm,8937,211333,209606,420940,42256
native_to_wasm,8938,210217,208934,419152,42256
native_to_wasm,8939,211135,208934,420070,42256
native_to_wasm,8940,210241,208862,419104,42256
native_to_wasm,8941,211371,208944,420316,42256
native_to_wasm,8942,210113,209636,419750,42256
native_to_wasm,8943,210241,208864,419106,42256
native_to_wasm,8944,210959,208940,419900,42256
native_to_wasm,8945,210549,209696,420246,42256
native_to_wasm,8946,210247,208950,419198,42256
native_to_wasm,8947,211403,208940,420344,42256
native_to_wasm,8948,210243,208862,419106,42256
native_to_wasm,8949,210937,208938,419876,42256
native_to_wasm,8950,210137,209636,419774,42256
native_to_wasm,8951,210241,208848,419090,42256
native_to_wasm,8952,210913,208934,419848,42256
native_to_wasm,8953,210241,210612,420854,42256
native_to_wasm,8954,210237,208950,419188,42256
native_to_wasm,8955,211133,208932,420066,42256
native_to_wasm,8956,210245,208850,419096,42256
native_to_wasm,8957,210911,208922,419834,42256
native_to_wasm,8958,210121,209636,419758,42256
native_to_wasm,8959,210241,209266,419508,42256
native_to_wasm,8960,210111,208948,419060,42256
native_to_wasm,8961,210131,209606,419738,42256
native_to_wasm,8962,210219,208876,419096,42256
native_to_wasm,8963,210929,208944,419874,42256
native_to_wasm,8964,211329,209606,420936,42256
native_to_wasm,8965,210219,208918,419138,42256
native_to_wasm,8966,211159,208946,420106,42256
native_to_wasm,8967,210241,208864,419106,42256
native_to_wasm,8968,211485,208938,420424,42256
native_to_wasm,8969,210123,209638,419762,42256
native_to_wasm,8970,210221,208830,419052,42256
native_to_wasm,8971,210933,208938,419872,42256
native_to_wasm,8972,211333,209606,420940,42256
native_to_wasm,8973,210217,208934,419152,42256
native_to_wasm,8974,211135,208934,420070,42256
native_to_wasm,8975,210241,208862,419104,42256
native_to_wasm,8976,211371,208944,420316,42256
native_to_wasm,8977,210113,209636,419750,42256
native_to_wasm,8978,210241,208864,419106,42256
native_to_wasm,8979,210959,208940,419900,42256
native_to_wasm,8980,210549,209696,420246,42256
native_to_wasm,8981,210247,208950,419198,42256
native_to_wasm,8982,211403,208940,420344,42256
native_to_wasm,8983,210243,208862,419106,42256
native_to_wasm,8984,210937,208938,419876,42256
native_to_wasm,8985,210137,209636,419774,42256
native_to_wasm,8986,210241,208848,419090,42256
native_to_wasm,8987,210913,208934,419848,42256
native_to_wasm,8988,210241,210612,420854,42256
native_to_wasm,8989,210237,208950,419188,42256
native_to_wasm,8990,211133,208932,420066,42256
native_to_wasm,8991,210245,208850,419096,42256
native_to_wasm,8992,210911,208922,419834,42256
native_to_wasm,8993,210121,209636,419758,42256
native_to_wasm,8994,210241,209266,419508,42256
native_to_wasm,8995,210937,208916,419854,42256
native_to_wasm,8996,210219,210744,420964,42256
native_to_wasm,8997,210225,208918,419144,42256
native_to_wasm,8998,210663,208936,419600,42256
native_to_wasm,8999,210245,208850,419096,42256
native_to_wasm,9000,210911,208944,419856,42256
native_to_wasm,9001,210121,209636,419758,42256
native_to_wasm,9002,210241,209180,419422,42256
native_to_wasm,9003,210939,208938,419878,42256
native_to_wasm,9004,210249,209840,420090,42256
native_to_wasm,9005,210251,208940,419192,42256
native_to_wasm,9006,211377,208916,420294,42256
native_to_wasm,9007,210219,208818,419038,42256
native_to_wasm,9008,210947,208938,419886,42256
native_to_wasm,9009,210133,209606,419740,42256
native_to_wasm,9010,210253,209918,420172,42256
native_to_wasm,9011,210937,208944,419882,42256
native_to_wasm,9012,210235,209842,420078,42256
native_to_wasm,9013,210217,208932,419150,42256
native_to_wasm,9014,210133,209952,420086,42256
native_to_wasm,9015,210217,208856,419074,42256
native_to_wasm,9016,210929,208940,419870,42256
native_to_wasm,9017,210125,209632,419758,42256
native_to_wasm,9018,210233,210032,420266,42256
native_to_wasm,9019,210941,208946,419888,42256
native_to_wasm,9020,210237,209836,420074,42256
native_to_wasm,9021,210235,208948,419184,42256
native_to_wasm,9022,210129,209996,420126,42256
native_to_wasm,9023,210217,208858,419076,42256
native_to_wasm,9024,210927,208940,419868,42256
native_to_wasm,9025,210125,209632,419758,42256
native_to_wasm,9026,210235,209038,419274,42256
native_to_wasm,9027,212507,208938,421446,42256
native_to_wasm,9028,210241,209814,420056,42256
native_to_wasm,9029,210239,208946,419186,42256
native_to_wasm,9030,210131,209606,419738,42256
native_to_wasm,9031,210219,208862,419082,42256
native_to_wasm,9032,210911,208922,419834,42256
native_to_wasm,9033,210121,209636,419758,42256
native_to_wasm,9034,210241,208940,419182,42256
native_to_wasm,9035,212389,208914,421304,42256
native_to_wasm,9036,210221,210120,420342,42256
native_to_wasm,9037,210237,208942,419180,42256
native_to_wasm,9038,210133,209612,419746,42256
native_to_wasm,9039,210247,208864,419112,42256
native_to_wasm,9040,210933,208946,419880,42256
native_to_wasm,9041,210517,209612,420130,42256
native_to_wasm,9042,210245,208914,419160,42256
native_to_wasm,9043,212037,208938,420976,42256
native_to_wasm,9044,210249,209308,419558,42256
native_to_wasm,9045,210221,208924,419146,42256
native_to_wasm,9046,210131,209626,419758,42256
native_to_wasm,9047,210239,208862,419102,42256
native_to_wasm,9048,210937,208944,419882,42256
native_to_wasm,9049,210465,209632,420098,42256
native_to_wasm,9050,210221,208932,419154,42256
native_to_wasm,9051,211141,208932,420074,42256
native_to_wasm,9052,210241,210065,420307,42256
native_to_wasm,9053,210236,208944,419181,42256
native_to_wasm,9054,210133,209606,419740,42256
native_to_wasm,9055,210249,208852,419102,42256
native_to_wasm,9056,210913,208920,419834,42256
native_to_wasm,9057,210897,209614,420512,42256
native_to_wasm,9058,210247,208940,419188,42256
native_to_wasm,9059,211141,208934,420076,42256
native_to_wasm,9060,210241,208862,419104,42256
native_to_wasm,9061,211531,208940,420472,42256
native_to_wasm,9062,210125,209632,419758,42256
native_to_wasm,9063,210239,208862,419102,42256
native_to_wasm,9064,210933,208938,419872,42256
native_to_wasm,9065,211333,209606,420940,42256
native_to_wasm,9066,210217,208934,419152,42256
native_to_wasm,9067,211135,208934,420070,42256
native_to_wasm,9068,210241,208862,419104,42256
native_to_wasm,9069,211371,208944,420316,42256
native_to_wasm,9070,210113,209636,419750,42256
native_to_wasm,9071,210241,208864,419106,42256
native_to_wasm,9072,210959,208940,419900,42256
native_to_wasm,9073,210549,209696,420246,42256
native_to_wasm,9074,210247,208950,419198,42256
native_to_wasm,9075,211403,208940,420344,42256
native_to_wasm,9076,210243,208862,419106,42256
native_to_wasm,9077,210937,208938,419876,42256
native_to_wasm,9078,210137,209636,419774,42256
native_to_wasm,9079,210241,208848,419090,42256
native_to_wasm,9080,210913,208934,419848,42256
native_to_wasm,9081,210241,210612,420854,42256
native_to_wasm,9082,210237,208950,419188,42256
native_to_wasm,9083,211133,208932,420066,42256
native_to_wasm,9084,210245,208850,419096,42256
native_to_wasm,9085,210911,208922,419834,42256
native_to_wasm,9086,210121,209636,419758,42256
native_to_wasm,9087,210241,209266,419508,42256
native_to_wasm,9088,210111,208948,419060,42256
native_to_wasm,9089,210131,209606,419738,42256
native_to_wasm,9090,210219,208876,419096,42256
native_to_wasm,9091,210929,208944,419874,42256
native_to_wasm,9092,211329,209606,420936,42256
native_to_wasm,9093,210219,208918,419138,42256
native_to_wasm,9094,211159,208946,420106,42256
native_to_wasm,9095,210241,208864,419106,42256
native_to_wasm,9096,211485,208938,420424,42256
native_to_wasm,9097,210123,209638,419762,42256
native_to_wasm,9098,210221,208830,419052,42256
native_to_wasm,9099,210933,208938,419872,42256
native_to_wasm,9100,211333,209606,420940,42256
native_to_wasm,9101,210217,208934,419152,42256
native_to_wasm,9102,211135,208934,420070,42256
native_to_wasm,9103,210241,208862,419104,42256
native_to_wasm,9104,211371,208944,420316,42256
native_to_wasm,9105,210113,209636,419750,42256
native_to_wasm,9106,210241,208864,419106,42256
native_to_wasm,9107,210959,208940,419900,42256
native_to_wasm,9108,210549,209696,420246,42256
native_to_wasm,9109,210247,208950,419198,42256
native_to_wasm,9110,211403,208940,420344,42256
native_to_wasm,9111,210243,208862,419106,42256
native_to_wasm,9112,210937,208938,419876,42256
native_to_wasm,9113,210137,209636,419774,42256
native_to_wasm,9114,210241,208848,419090,42256
native_to_wasm,9115,210913,208934,419848,42256
native_to_wasm,9116,210241,210612,420854,42256
native_to_wasm,9117,210237,208950,419188,42256
native_to_wasm,9118,211133,208932,420066,42256
native_to_wasm,9119,210245,208850,419096,42256
native_to_wasm,9120,210911,208922,419834,42256
native_to_wasm,9121,210121,209636,419758,42256
native_to_wasm,9122,210241,209266,419508,42256
native_to_wasm,9123,210937,208916,419854,42256
native_to_wasm,9124,210219,210744,420964,42256
native_to_wasm,9125,210225,208918,419144,42256
native_to_wasm,9126,210663,208936,419600,42256
native_to_wasm,9127,210245,208850,419096,42256
native_to_wasm,9128,210911,208944,419856,42256
native_to_wasm,9129,210121,209636,419758,42256
native_to_wasm,9130,210241,209180,419422,42256
native_to_wasm,9131,210939,208938,419878,42256
native_to_wasm,9132,210249,209840,420090,42256
native_to_wasm,9133,210251,208940,419192,42256
native_to_wasm,9134,211377,208916,420294,42256
native_to_wasm,9135,210219,208818,419038,42256
native_to_wasm,9136,210947,208938,419886,42256
native_to_wasm,9137,210133,209606,419740,42256
native_to_wasm,9138,210253,209918,420172,42256
native_to_wasm,9139,210937,208944,419882,42256
native_to_wasm,9140,210235,209842,420078,42256
native_to_wasm,9141,210217,208932,419150,42256
native_to_wasm,9142,210133,209952,420086,42256
native_to_wasm,9143,210217,208856,419074,42256
native_to_wasm,9144,210929,208940,419870,42256
native_to_wasm,9145,210125,209632,419758,42256
native_to_wasm,9146,210233,210032,420266,42256
native_to_wasm,9147,210941,208946,419888,42256
native_to_wasm,9148,210237,209836,420074,42256
native_to_wasm,9149,210235,208948,419184,42256
native_to_wasm,9150,210129,209996,420126,42256
native_to_wasm,9151,210217,208858,419076,42256
native_to_wasm,9152,210927,208940,419868,42256
native_to_wasm,9153,210125,209632,419758,42256
native_to_wasm,9154,210235,209038,419274,42256
native_to_wasm,9155,212507,208938,421446,42256
native_to_wasm,9156,210241,209814,420056,42256
native_to_wasm,9157,210239,208946,419186,42256
native_to_wasm,9158,210131,209606,419738,42256
native_to_wasm,9159,210219,208862,419082,42256
native_to_wasm,9160,210911,208922,419834,42256
native_to_wasm,9161,210121,209636,419758,42256
native_to_wasm,9162,210241,208940,419182,42256
native_to_wasm,9163,212389,208914,421304,42256
native_to_wasm,9164,210221,210120,420342,42256
native_to_wasm,9165,210237,208942,419180,42256
native_to_wasm,9166,210133,209612,419746,42256
native_to_wasm,9167,210247,208864,419112,42256
native_to_wasm,9168,210933,208946,419880,42256
native_to_wasm,9169,210517,209612,420130,42256
native_to_wasm,9170,210245,208914,419160,42256
native_to_wasm,9171,212037,208938,420976,42256
native_to_wasm,9172,210249,209308,419558,42256
native_to_wasm,9173,210221,208924,419146,42256
native_to_wasm,9174,210131,209626,419758,42256
native_to_wasm,9175,210239,208862,419102,42256
native_to_wasm,9176,210937,208944,419882,42256
native_to_wasm,9177,210465,209632,420098,42256
native_to_wasm,9178,210221,208932,419154,42256
native_to_wasm,9179,211141,208932,420074,42256
native_to_wasm,9180,210241,210065,420307,42256
native_to_wasm,9181,210236,208944,419181,42256
native_to_wasm,9182,210133,209606,419740,42256
native_to_wasm,9183,210249,208852,419102,42256
native_to_wasm,9184,210913,208920,419834,42256
native_to_wasm,9185,210897,209614,420512,42256
native_to_wasm,9186,210247,208940,419188,42256
native_to_wasm,9187,211141,208934,420076,42256
native_to_wasm,9188,210241,208862,419104,42256
native_to_wasm,9189,211531,208940,420472,42256
native_to_wasm,9190,210125,209632,419758,42256
native_to_wasm,9191,210239,208862,419102,42256
native_to_wasm,9192,210933,208938,419872,42256
native_to_wasm,9193,211333,209606,420940,42256
native_to_wasm,9194,210217,208934,419152,42256
native_to_wasm,9195,211135,208934,420070,42256
native_to_wasm,9196,210241,208862,419104,42256
native_to_wasm,9197,211371,208944,420316,42256
native_to_wasm,9198,210113,209636,419750,42256
native_to_wasm,9199,210241,208864,419106,42256
native_to_wasm,9200,210959,208940,419900,42256
native_to_wasm,9201,210549,209696,420246,42256
native_to_wasm,9202,210247,208950,419198,42256
native_to_wasm,9203,211403,208940,420344,42256
native_to_wasm,9204,210243,208862,419106,42256
native_to_wasm,9205,210937,208938,419876,42256
native_to_wasm,9206,210137,209636,419774,42256
native_to_wasm,9207,210241,208848,419090,42256
native_to_wasm,9208,210913,208934,419848,42256
native_to_wasm,9209,210241,210612,420854,42256
native_to_wasm,9210,210237,208950,419188,42256
native_to_wasm,9211,211133,208932,420066,42256
native_to_wasm,9212,210245,208850,419096,42256
native_to_wasm,9213,210911,208922,419834,42256
native_to_wasm,9214,210121,209636,419758,42256
native_to_wasm,9215,210241,209266,419508,42256
native_to_wasm,9216,210111,208948,419060,42256
native_to_wasm,9217,210131,209606,419738,42256
native_to_wasm,9218,210219,208876,419096,42256
native_to_wasm,9219,210929,208944,419874,42256
native_to_wasm,9220,211329,209606,420936,42256
native_to_wasm,9221,210219,208918,419138,42256
native_to_wasm,9222,211159,208946,420106,42256
native_to_wasm,9223,210241,208864,419106,42256
native_to_wasm,9224,211485,208938,420424,42256
native_to_wasm,9225,210123,209638,419762,42256
native_to_wasm,9226,210221,208830,419052,42256
native_to_wasm,9227,210933,208938,419872,42256
native_to_wasm,9228,211333,209606,420940,42256
native_to_wasm,9229,210217,208934,419152,42256
native_to_wasm,9230,211135,208934,420070,42256
native_to_wasm,9231,210241,208862,419104,42256
native_to_wasm,9232,211371,208944,420316,42256
native_to_wasm,9233,210113,209636,419750,42256
native_to_wasm,9234,210241,208864,419106,42256
native_to_wasm,9235,210959,208940,419900,42256
native_to_wasm,9236,210549,209696,420246,42256
native_to_wasm,9237,210247,208950,419198,42256
native_to_wasm,9238,211403,208940,420344,42256
native_to_wasm,9239,210243,208862,419106,42256
native_to_wasm,9240,210937,208938,419876,42256
native_to_wasm,9241,210137,209636,419774,42256
native_to_wasm,9242,210241,208848,419090,42256
native_to_wasm,9243,210913,208934,419848,42256
native_to_wasm,9244,210241,210612,420854,42256
native_to_wasm,9245,210237,208950,419188,42256
native_to_wasm,9246,211133,208932,420066,42256
native_to_wasm,9247,210245,208850,419096,42256
native_to_wasm,9248,210911,208922,419834,42256
native_to_wasm,9249,210121,209636,419758,42256
native_to_wasm,9250,210241,209266,419508,42256
native_to_wasm,9251,210937,208916,419854,42256
native_to_wasm,9252,210219,210744,420964,42256
native_to_wasm,9253,210225,208918,419144,42256
native_to_wasm,9254,210663,208936,419600,42256
native_to_wasm,9255,210245,208850,419096,42256
native_to_wasm,9256,210911,208944,419856,42256
native_to_wasm,9257,210121,209636,419758,42256
native_to_wasm,9258,210241,209180,419422,42256
native_to_wasm,9259,210939,208938,419878,42256
native_to_wasm,9260,210249,209840,420090,42256
native_to_wasm,9261,210251,208940,419192,42256
native_to_wasm,9262,211377,208916,420294,42256
native_to_wasm,9263,210219,208818,419038,42256
native_to_wasm,9264,210947,208938,419886,42256
native_to_wasm,9265,210133,209606,419740,42256
native_to_wasm,9266,210253,209918,420172,42256
native_to_wasm,9267,210937,208944,419882,42256
native_to_wasm,9268,210235,209842,420078,42256
native_to_wasm,9269,210217,208932,419150,42256
native_to_wasm,9270,210133,209952,420086,42256
native_to_wasm,9271,210217,208856,419074,42256
native_to_wasm,9272,210929,208940,419870,42256
native_to_wasm,9273,210125,209632,419758,42256
native_to_wasm,9274,210233,210032,420266,42256
native_to_wasm,9275,210941,208946,419888,42256
native_to_wasm,9276,210237,209836,420074,42256
native_to_wasm,9277,210235,208948,419184,42256
native_to_wasm,9278,210129,209996,420126,42256
native_to_wasm,9279,210217,208858,419076,42256
native_to_wasm,9280,210927,208940,419868,42256
native_to_wasm,9281,210125,209632,419758,42256
native_to_wasm,9282,210235,209038,419274,42256
native_to_wasm,9283,212507,208938,421446,42256
native_to_wasm,9284,210241,209814,420056,42256
native_to_wasm,9285,210239,208946,419186,42256
native_to_wasm,9286,210131,209606,419738,42256
native_to_wasm,9287,210219,208862,419082,42256
native_to_wasm,9288,210911,208922,419834,42256
native_to_wasm,9289,210121,209636,419758,42256
native_to_wasm,9290,210241,208940,419182,42256
native_to_wasm,9291,212389,208914,421304,42256
native_to_wasm,9292,210221,210120,420342,42256
native_to_wasm,9293,210237,208942,419180,42256
native_to_wasm,9294,210133,209612,419746,42256
native_to_wasm,9295,210247,208864,419112,42256
native_to_wasm,9296,210933,208946,419880,42256
native_to_wasm,9297,210517,209612,420130,42256
native_to_wasm,9298,210245,208914,419160,42256
native_to_wasm,9299,212037,208938,420976,42256
native_to_wasm,9300,210249,209308,419558,42256
native_to_wasm,9301,210221,208924,419146,42256
native_to_wasm,9302,210131,209626,419758,42256
native_to_wasm,9303,210239,208862,419102,42256
native_to_wasm,9304,210937,208944,419882,42256
native_to_wasm,9305,210465,209632,420098,42256
native_to_wasm,9306,210221,208932,419154,42256
native_to_wasm,9307,211141,208932,420074,42256
native_to_wasm,9308,210241,210065,420307,42256
native_to_wasm,9309,210236,208944,419181,42256
native_to_wasm,9310,210133,209606,419740,42256
native_to_wasm,9311,210249,208852,419102,42256
native_to_wasm,9312,210913,208920,419834,42256
native_to_wasm,9313,210897,209614,420512,42256
native_to_wasm,9314,210247,208940,419188,42256
native_to_wasm,9315,211141,208934,420076,42256
native_to_wasm,9316,210241,208862,419104,42256
native_to_wasm,9317,211531,208940,420472,42256
native_to_wasm,9318,210125,209632,419758,42256
native_to_wasm,9319,210239,208862,419102,42256
native_to_wasm,9320,210933,208938,419872,42256
native_to_wasm,9321,211333,209606,420940,42256
native_to_wasm,9322,210217,208934,419152,42256
native_to_wasm,9323,211135,208934,420070,42256
native_to_wasm,9324,210241,208862,419104,42256
native_to_wasm,9325,211371,208944,420316,42256
native_to_wasm,9326,210113,209636,419750,42256
native_to_wasm,9327,210241,208864,419106,42256
native_to_wasm,9328,210959,208940,419900,42256
native_to_wasm,9329,210549,209696,420246,42256
native_to_wasm,9330,210247,208950,419198,42256
native_to_wasm,9331,211403,208940,420344,42256
native_to_wasm,9332,210243,208862,419106,42256
native_to_wasm,9333,210937,208938,419876,42256
native_to_wasm,9334,210137,209636,419774,42256
native_to_wasm,9335,210241,208848,419090,42256
native_to_wasm,9336,210913,208934,419848,42256
native_to_wasm,9337,210241,210612,420854,42256
native_to_wasm,9338,210237,208950,419188,42256
native_to_wasm,9339,211133,208932,420066,42256
native_to_wasm,9340,210245,208850,419096,42256
native_to_wasm,9341,210911,208922,419834,42256
native_to_wasm,9342,210121,209636,419758,42256
native_to_wasm,9343,210241,209266,419508,42256
native_to_wasm,9344,210111,208948,419060,42256
native_to_wasm,9345,210131,209606,419738,42256
native_to_wasm,9346,210219,208876,419096,42256
native_to_wasm,9347,210929,208944,419874,42256
native_to_wasm,9348,211329,209606,420936,42256
native_to_wasm,9349,210219,208918,419138,42256
native_to_wasm,9350,211159,208946,420106,42256
native_to_wasm,9351,210241,208864,419106,42256
native_to_wasm,9352,211485,208938,420424,42256
native_to_wasm,9353,210123,209638,419762,42256
native_to_wasm,9354,210221,208830,419052,42256
native_to_wasm,9355,210933,208938,419872,42256
native_to_wasm,9356,211333,209606,420940,42256
native_to_wasm,9357,210217,208934,419152,42256
native_to_wasm,9358,211135,208934,420070,42256
native_to_wasm,9359,210241,208862,419104,42256
native_to_wasm,9360,211371,208944,420316,42256
native_to_wasm,9361,210113,209636,419750,42256
native_to_wasm,9362,210241,208864,419106,42256
native_to_wasm,9363,210959,208940,419900,42256
native_to_wasm,9364,210549,209696,420246,42256
native_to_wasm,9365,210247,208950,419198,42256
native_to_wasm,9366,211403,208940,420344,42256
native_to_wasm,9367,210243,208862,419106,42256
native_to_wasm,9368,210937,208938,419876,42256
native_to_wasm,9369,210137,209636,419774,42256
native_to_wasm,9370,210241,208848,419090,42256
native_to_wasm,9371,210913,208934,419848,42256
native_to_wasm,9372,210241,210612,420854,42256
native_to_wasm,9373,210237,208950,419188,42256
native_to_wasm,9374,211133,208932,420066,42256
native_to_wasm,9375,210245,208850,419096,42256
native_to_wasm,9376,210911,208922,419834,42256
native_to_wasm,9377,210121,209636,419758,42256
native_to_wasm,9378,210241,209266,419508,42256
native_to_wasm,9379,210937,208916,419854,42256
native_to_wasm,9380,210219,210744,420964,42256
native_to_wasm,9381,210225,208918,419144,42256
native_to_wasm,9382,210663,208936,419600,42256
native_to_wasm,9383,210245,208850,419096,42256
native_to_wasm,9384,210911,208944,419856,42256
native_to_wasm,9385,210121,209636,419758,42256
native_to_wasm,9386,210241,209180,419422,42256
native_to_wasm,9387,210939,208938,419878,42256
native_to_wasm,9388,210249,209840,420090,42256
native_to_wasm,9389,210251,208940,419192,42256
native_to_wasm,9390,211377,208916,420294,42256
native_to_wasm,9391,210219,208818,419038,42256
native_to_wasm,9392,210947,208938,419886,42256
native_to_wasm,9393,210133,209606,419740,42256
native_to_wasm,9394,210253,209918,420172,42256
native_to_wasm,9395,210937,208944,419882,42256
native_to_wasm,9396,210235,209842,420078,42256
native_to_wasm,9397,210217,208932,419150,42256
native_to_wasm,9398,210133,209952,420086,42256
native_to_wasm,9399,210217,208856,419074,42256
native_to_wasm,9400,210929,208940,419870,42256
native_to_wasm,9401,210125,209632,419758,42256
native_to_wasm,9402,210233,210032,420266,42256
native_to_wasm,9403,210941,208946,419888,42256
native_to_wasm,9404,210237,209836,420074,42256
native_to_wasm,9405,210235,208948,419184,42256
native_to_wasm,9406,210129,209996,420126,42256
native_to_wasm,9407,210217,208858,419076,42256
native_to_wasm,9408,210927,208940,419868,42256
native_to_wasm,9409,210125,209632,419758,42256
native_to_wasm,9410,210235,209038,419274,42256
native_to_wasm,9411,212507,208938,421446,42256
native_to_wasm,9412,210241,209814,420056,42256
native_to_wasm,9413,210239,208946,419186,42256
native_to_wasm,9414,210131,209606,419738,42256
native_to_wasm,9415,210219,208862,419082,42256
native_to_wasm,9416,210911,208922,419834,42256
native_to_wasm,9417,210121,209636,419758,42256
native_to_wasm,9418,210241,208940,419182,42256
native_to_wasm,9419,212389,208914,421304,42256
native_to_wasm,9420,210221,210120,420342,42256
native_to_wasm,9421,210237,208942,419180,42256
native_to_wasm,9422,210133,209612,419746,42256
native_to_wasm,9423,210247,208864,419112,42256
native_to_wasm,9424,210933,208946,419880,42256
native_to_wasm,9425,210517,209612,420130,42256
native_to_wasm,9426,210245,208914,419160,42256
native_to_wasm,9427,212037,208938,420976,42256
native_to_wasm,9428,210249,209308,419558,42256
native_to_wasm,9429,210221,208924,419146,42256
native_to_wasm,9430,210131,209626,419758,42256
native_to_wasm,9431,210239,208862,419102,42256
native_to_wasm,9432,210937,208944,419882,42256
native_to_wasm,9433,210465,209632,420098,42256
native_to_wasm,9434,210221,208932,419154,42256
native_to_wasm,9435,211141,208932,420074,42256
native_to_wasm,9436,210241,210065,420307,42256
native_to_wasm,9437,210236,208944,419181,42256
native_to_wasm,9438,210133,209606,419740,42256
native_to_wasm,9439,210249,208852,419102,42256
native_to_wasm,9440,210913,208920,419834,42256
native_to_wasm,9441,210897,209614,420512,42256
native_to_wasm,9442,210247,208940,419188,42256
native_to_wasm,9443,211141,208934,420076,42256
native_to_wasm,9444,210241,208862,419104,42256
native_to_wasm,9445,211531,208940,420472,42256
native_to_wasm,9446,210125,209632,419758,42256
native_to_wasm,9447,210239,208862,419102,42256
native_to_wasm,9448,210933,208938,419872,42256
native_to_wasm,9449,211333,209606,420940,42256
native_to_wasm,9450,210217,208934,419152,42256
native_to_wasm,9451,211135,208934,420070,42256
native_to_wasm,9452,210241,208862,419104,42256
native_to_wasm,9453,211371,208944,420316,42256
native_to_wasm,9454,210113,209636,419750,42256
native_to_wasm,9455,210241,208864,419106,42256
native_to_wasm,9456,210959,208940,419900,42256
native_to_wasm,9457,210549,209696,420246,42256
native_to_wasm,9458,210247,208950,419198,42256
native_to_wasm,9459,211403,208940,420344,42256
native_to_wasm,9460,210243,208862,419106,42256
native_to_wasm,9461,210937,208938,419876,42256
native_to_wasm,9462,210137,209636,419774,42256
native_to_wasm,9463,210241,208848,419090,42256
native_to_wasm,9464,210913,208934,419848,42256
native_to_wasm,9465,210241,210612,420854,42256
native_to_wasm,9466,210237,208950,419188,42256
native_to_wasm,9467,211133,208932,420066,42256
native_to_wasm,9468,210245,208850,419096,42256
native_to_wasm,9469,210911,208922,419834,42256
native_to_wasm,9470,210121,209636,419758,42256
native_to_wasm,9471,210241,209266,419508,42256
native_to_wasm,9472,210111,208948,419060,42256
native_to_wasm,9473,210131,209606,419738,42256
native_to_wasm,9474,210219,208876,419096,42256
native_to_wasm,9475,210929,208944,419874,42256
native_to_wasm,9476,211329,209606,420936,42256
native_to_wasm,9477,210219,208918,419138,42256
native_to_wasm,9478,211159,208946,420106,42256
native_to_wasm,9479,210241,208864,419106,42256
native_to_wasm,9480,211485,208938,420424,42256
native_to_wasm,9481,210123,209638,419762,42256
native_to_wasm,9482,210221,208830,419052,42256
native_to_wasm,9483,210933,208938,419872,42256
native_to_wasm,9484,211333,209606,420940,42256
native_to_wasm,9485,210217,208934,419152,42256
native_to_wasm,9486,211135,208934,420070,42256
native_to_wasm,9487,210241,208862,419104,42256
native_to_wasm,9488,211371,208944,420316,42256
native_to_wasm,9489,210113,209636,419750,42256
native_to_wasm,9490,210241,208864,419106,42256
native_to_wasm,9491,210959,208940,419900,42256
native_to_wasm,9492,210549,209696,420246,42256
native_to_wasm,9493,210247,208950,419198,42256
native_to_wasm,9494,211403,208940,420344,42256
native_to_wasm,9495,210243,208862,419106,42256
native_to_wasm,9496,210937,208938,419876,42256
native_to_wasm,9497,210137,209636,419774,42256
native_to_wasm,9498,210241,208848,419090,42256
native_to_wasm,9499,210913,208934,419848,42256
native_to_wasm,9500,210241,210612,420854,42256
native_to_wasm,9501,210237,208950,419188,42256
native_to_wasm,9502,211133,208932,420066,42256
native_to_wasm,9503,210245,208850,419096,42256
native_to_wasm,9504,210911,208922,419834,42256
native_to_wasm,9505,210121,209636,419758,42256
native_to_wasm,9506,210241,209266,419508,42256
native_to_wasm,9507,210937,208916,419854,42256
native_to_wasm,9508,210219,210744,420964,42256
native_to_wasm,9509,210225,208918,419144,42256
native_to_wasm,9510,210663,208936,419600,42256
native_to_wasm,9511,210245,208850,419096,42256
native_to_wasm,9512,210911,208944,419856,42256
native_to_wasm,9513,210121,209636,419758,42256
native_to_wasm,9514,210241,209180,419422,42256
native_to_wasm,9515,210939,208938,419878,42256
native_to_wasm,9516,210249,209840,420090,42256
native_to_wasm,9517,210251,208940,419192,42256
native_to_wasm,9518,211377,208916,420294,42256
native_to_wasm,9519,210219,208818,419038,42256
native_to_wasm,9520,210947,208938,419886,42256
native_to_wasm,9521,210133,209606,419740,42256
native_to_wasm,9522,210253,209918,420172,42256
native_to_wasm,9523,210937,208944,419882,42256
native_to_wasm,9524,210235,209842,420078,42256
native_to_wasm,9525,210217,208932,419150,42256
native_to_wasm,9526,210133,209952,420086,42256
native_to_wasm,9527,210217,208856,419074,42256
native_to_wasm,9528,210929,208940,419870,42256
native_to_wasm,9529,210125,209632,419758,42256
native_to_wasm,9530,210233,210032,420266,42256
native_to_wasm,9531,210941,208946,419888,42256
native_to_wasm,9532,210237,209836,420074,42256
native_to_wasm,9533,210235,208948,419184,42256
native_to_wasm,9534,210129,209996,420126,42256
native_to_wasm,9535,210217,208858,419076,42256
native_to_wasm,9536,210927,208940,419868,42256
native_to_wasm,9537,210125,209632,419758,42256
native_to_wasm,9538,210235,209038,419274,42256
native_to_wasm,9539,212507,208938,421446,42256
native_to_wasm,9540,210241,209814,420056,42256
native_to_wasm,9541,210239,208946,419186,42256
native_to_wasm,9542,210131,209606,419738,42256
native_to_wasm,9543,210219,208862,419082,42256
native_to_wasm,9544,210911,208922,419834,42256
native_to_wasm,9545,210121,209636,419758,42256
native_to_wasm,9546,210241,208940,419182,42256
native_to_wasm,9547,212389,208914,421304,42256
native_to_wasm,9548,210221,210120,420342,42256
native_to_wasm,9549,210237,208942,419180,42256
native_to_wasm,9550,210133,209612,419746,42256
native_to_wasm,9551,210247,208864,419112,42256
native_to_wasm,9552,210933,208946,419880,42256
native_to_wasm,9553,210517,209612,420130,42256
native_to_wasm,9554,210245,208914,419160,42256
native_to_wasm,9555,212037,208938,420976,42256
native_to_wasm,9556,210249,209308,419558,42256
native_to_wasm,9557,210221,208924,419146,42256
native_to_wasm,9558,210131,209626,419758,42256
native_to_wasm,9559,210239,208862,419102,42256
native_to_wasm,9560,210937,208944,419882,42256
native_to_wasm,9561,210465,209632,420098,42256
native_to_wasm,9562,210221,208932,419154,42256
native_to_wasm,9563,211141,208932,420074,42256
native_to_wasm,9564,210241,210065,420307,42256
native_to_wasm,9565,210236,208944,419181,42256
native_to_wasm,9566,210133,209606,419740,42256
native_to_wasm,9567,210249,208852,419102,42256
native_to_wasm,9568,210913,208920,419834,42256
native_to_wasm,9569,210897,209614,420512,42256
native_to_wasm,9570,210247,208940,419188,42256
native_to_wasm,9571,211141,208934,420076,42256
native_to_wasm,9572,210241,208862,419104,42256
native_to_wasm,9573,211531,208940,420472,42256
native_to_wasm,9574,210125,209632,419758,42256
native_to_wasm,9575,210239,208862,419102,42256
native_to_wasm,9576,210933,208938,419872,42256
native_to_wasm,9577,211333,209606,420940,42256
native_to_wasm,9578,210217,208934,419152,42256
native_to_wasm,9579,211135,208934,420070,42256
native_to_wasm,9580,210241,208862,419104,42256
native_to_wasm,9581,211371,208944,420316,42256
native_to_wasm,9582,210113,209636,419750,42256
native_to_wasm,9583,210241,208864,419106,42256
native_to_wasm,9584,210959,208940,419900,42256
native_to_wasm,9585,210549,209696,420246,42256
native_to_wasm,9586,210247,208950,419198,42256
native_to_wasm,9587,211403,208940,420344,42256
native_to_wasm,9588,210243,208862,419106,42256
native_to_wasm,9589,210937,208938,419876,42256
native_to_wasm,9590,210137,209636,419774,42256
native_to_wasm,9591,210241,208848,419090,42256
native_to_wasm,9592,210913,208934,419848,42256
native_to_wasm,9593,210241,210612,420854,42256
native_to_wasm,9594,210237,208950,419188,42256
native_to_wasm,9595,211133,208932,420066,42256
native_to_wasm,9596,210245,208850,419096,42256
native_to_wasm,9597,210911,208922,419834,42256
native_to_wasm,9598,210121,209636,419758,42256
native_to_wasm,9599,210241,209266,419508,42256
native_to_wasm,9600,210111,208948,419060,42256
native_to_wasm,9601,210131,209606,419738,42256
native_to_wasm,9602,210219,208876,419096,42256
native_to_wasm,9603,210929,208944,419874,42256
native_to_wasm,9604,211329,209606,420936,42256
native_to_wasm,9605,210219,208918,419138,42256
native_to_wasm,9606,211159,208946,420106,42256
native_to_wasm,9607,210241,208864,419106,42256
native_to_wasm,9608,211485,208938,420424,42256
native_to_wasm,9609,210123,209638,419762,42256
native_to_wasm,9610,210221,208830,419052,42256
native_to_wasm,9611,210933,208938,419872,42256
native_to_wasm,9612,211333,209606,420940,42256
native_to_wasm,9613,210217,208934,419152,42256
native_to_wasm,9614,211135,208934,420070,42256
native_to_wasm,9615,210241,208862,419104,42256
native_to_wasm,9616,211371,208944,420316,42256
native_to_wasm,9617,210113,209636,419750,42256
native_to_wasm,9618,210241,208864,419106,42256
native_to_wasm,9619,210959,208940,419900,42256
native_to_wasm,9620,210549,209696,420246,42256
native_to_wasm,9621,210247,208950,419198,42256
native_to_wasm,9622,211403,208940,420344,42256
native_to_wasm,9623,210243,208862,419106,42256
native_to_wasm,9624,210937,208938,419876,42256
native_to_wasm,9625,210137,209636,419774,42256
native_to_wasm,9626,210241,208848,419090,42256
native_to_wasm,9627,210913,208934,419848,42256
native_to_wasm,9628,210241,210612,420854,42256
native_to_wasm,9629,210237,208950,419188,42256
native_to_wasm,9630,211133,208932,420066,42256
native_to_wasm,9631,210245,208850,419096,42256
native_to_wasm,9632,210911,208922,419834,42256
native_to_wasm,9633,210121,209636,419758,42256
native_to_wasm,9634,210241,209266,419508,42256
native_to_wasm,9635,210937,208916,419854,42256
native_to_wasm,9636,210219,210744,420964,42256
native_to_wasm,9637,210225,208918,419144,42256
native_to_wasm,9638,210663,208936,419600,42256
native_to_wasm,9639,210245,208850,419096,42256
native_to_wasm,9640,210911,208944,419856,42256
native_to_wasm,9641,210121,209636,419758,42256
native_to_wasm,9642,210241,209180,419422,42256
native_to_wasm,9643,210939,208938,419878,42256
native_to_wasm,9644,210249,209840,420090,42256
native_to_wasm,9645,210251,208940,419192,42256
native_to_wasm,9646,211377,208916,420294,42256
native_to_wasm,9647,210219,208818,419038,42256
native_to_wasm,9648,210947,208938,419886,42256
native_to_wasm,9649,210133,209606,419740,42256
native_to_wasm,9650,210253,209918,420172,42256
native_to_wasm,9651,210937,208944,419882,42256
native_to_wasm,9652,210235,209842,420078,42256
native_to_wasm,9653,210217,208932,419150,42256
native_to_wasm,9654,210133,209952,420086,42256
native_to_wasm,9655,210217,208856,419074,42256
native_to_wasm,9656,210929,208940,419870,42256
native_to_wasm,9657,210125,209632,419758,42256
native_to_wasm,9658,210233,210032,420266,42256
native_to_wasm,9659,210941,208946,419888,42256
native_to_wasm,9660,210237,209836,420074,42256
native_to_wasm,9661,210235,208948,419184,42256
native_to_wasm,9662,210129,209996,420126,42256
native_to_wasm,9663,210217,208858,419076,42256
native_to_wasm,9664,210927,208940,419868,42256
native_to_wasm,9665,210125,209632,419758,42256
native_to_wasm,9666,210235,209038,419274,42256
native_to_wasm,9667,212507,208938,421446,42256
native_to_wasm,9668,210241,209814,420056,42256
native_to_wasm,9669,210239,208946,419186,42256
native_to_wasm,9670,210131,209606,419738,42256
native_to_wasm,9671,210219,208862,419082,42256
native_to_wasm,9672,210911,208922,419834,42256
native_to_wasm,9673,210121,209636,419758,42256
native_to_wasm,9674,210241,208940,419182,42256
native_to_wasm,9675,212389,208914,421304,42256
native_to_wasm,9676,210221,210120,420342,42256
native_to_wasm,9677,210237,208942,419180,42256
native_to_wasm,9678,210133,209612,419746,42256
native_to_wasm,9679,210247,208864,419112,42256
native_to_wasm,9680,210933,208946,419880,42256
native_to_wasm,9681,210517,209612,420130,42256
native_to_wasm,9682,210245,208914,419160,42256
native_to_wasm,9683,212037,208938,420976,42256
native_to_wasm,9684,210249,209308,419558,42256
native_to_wasm,9685,210221,208924,419146,42256
native_to_wasm,9686,210131,209626,419758,42256
native_to_wasm,9687,210239,208862,419102,42256
native_to_wasm,9688,210937,208944,419882,42256
native_to_wasm,9689,210465,209632,420098,42256
native_to_wasm,9690,210221,208932,419154,42256
native_to_wasm,9691,211141,208932,420074,42256
native_to_wasm,9692,210241,210065,420307,42256
native_to_wasm,9693,210236,208944,419181,42256
native_to_wasm,9694,210133,209606,419740,42256
native_to_wasm,9695,210249,208852,419102,42256
native_to_wasm,9696,210913,208920,419834,42256
native_to_wasm,9697,210897,209614,420512,42256
native_to_wasm,9698,210247,208940,419188,42256
native_to_wasm,9699,211141,208934,420076,42256
native_to_wasm,9700,210241,208862,419104,42256
native_to_wasm,9701,211531,208940,420472,42256
native_to_wasm,9702,210125,209632,419758,42256
native_to_wasm,9703,210239,208862,419102,42256
native_to_wasm,9704,210933,208938,419872,42256
native_to_wasm,9705,211333,209606,420940,42256
native_to_wasm,9706,210217,208934,419152,42256
native_to_wasm,9707,211135,208934,420070,42256
native_to_wasm,9708,210241,208862,419104,42256
native_to_wasm,9709,211371,208944,420316,42256
native_to_wasm,9710,210113,209636,419750,42256
native_to_wasm,9711,210241,208864,419106,42256
native_to_wasm,9712,210959,208940,419900,42256
native_to_wasm,9713,210549,209696,420246,42256
native_to_wasm,9714,210247,208950,419198,42256
native_to_wasm,9715,211403,208940,420344,42256
native_to_wasm,9716,210243,208862,419106,42256
native_to_wasm,9717,210937,208938,419876,42256
native_to_wasm,9718,210137,209636,419774,42256
native_to_wasm,9719,210241,208848,419090,42256
native_to_wasm,9720,210913,208934,419848,42256
native_to_wasm,9721,210241,210612,420854,42256
native_to_wasm,9722,210237,208950,419188,42256
native_to_wasm,9723,211133,208932,420066,42256
native_to_wasm,9724,210245,208850,419096,42256
native_to_wasm,9725,210911,208922,419834,42256
native_to_wasm,9726,210121,209636,419758,42256
native_to_wasm,9727,210241,209266,419508,42256
native_to_wasm,9728,210111,208948,419060,42256
native_to_wasm,9729,210131,209606,419738,42256
native_to_wasm,9730,210219,208876,419096,42256
native_to_wasm,9731,210929,208944,419874,42256
native_to_wasm,9732,211329,209606,420936,42256
native_to_wasm,9733,210219,208918,419138,42256
native_to_wasm,9734,211159,208946,420106,42256
native_to_wasm,9735,210241,208864,419106,42256
native_to_wasm,9736,211485,208938,420424,42256
native_to_wasm,9737,210123,209638,419762,42256
native_to_wasm,9738,210221,208830,419052,42256
native_to_wasm,9739,210933,208938,419872,42256
native_to_wasm,9740,211333,209606,420940,42256
native_to_wasm,9741,210217,208934,419152,42256
native_to_wasm,9742,211135,208934,420070,42256
native_to_wasm,9743,210241,208862,419104,42256
native_to_wasm,9744,211371,208944,420316,42256
native_to_wasm,9745,210113,209636,419750,42256
native_to_wasm,9746,210241,208864,419106,42256
native_to_wasm,9747,210959,208940,419900,42256
native_to_wasm,9748,210549,209696,420246,42256
native_to_wasm,9749,210247,208950,419198,42256
native_to_wasm,9750,211403,208940,420344,42256
native_to_wasm,9751,210243,208862,419106,42256
native_to_wasm,9752,210937,208938,419876,42256
native_to_wasm,9753,210137,209636,419774,42256
native_to_wasm,9754,210241,208848,419090,42256
native_to_wasm,9755,210913,208934,419848,42256
native_to_wasm,9756,210241,210612,420854,42256
native_to_wasm,9757,210237,208950,419188,42256
native_to_wasm,9758,211133,208932,420066,42256
native_to_wasm,9759,210245,208850,419096,42256
native_to_wasm,9760,210911,208922,419834,42256
native_to_wasm,9761,210121,209636,419758,42256
native_to_wasm,9762,210241,209266,419508,42256
native_to_wasm,9763,210937,208916,419854,42256
native_to_wasm,9764,210219,210744,420964,42256
native_to_wasm,9765,210225,208918,419144,42256
native_to_wasm,9766,210663,208936,419600,42256
native_to_wasm,9767,210245,208850,419096,42256
native_to_wasm,9768,210911,208944,419856,42256
native_to_wasm,9769,210121,209636,419758,42256
native_to_wasm,9770,210241,209180,419422,42256
native_to_wasm,9771,210939,208938,419878,42256
native_to_wasm,9772,210249,209840,420090,42256
native_to_wasm,9773,210251,208940,419192,42256
native_to_wasm,9774,211377,208916,420294,42256
native_to_wasm,9775,210219,208818,419038,42256
native_to_wasm,9776,210947,208938,419886,42256
native_to_wasm,9777,210133,209606,419740,42256
native_to_wasm,9778,210253,209918,420172,42256
native_to_wasm,9779,210937,208944,419882,42256
native_to_wasm,9780,210235,209842,420078,42256
native_to_wasm,9781,210217,208932,419150,42256
native_to_wasm,9782,210133,209952,420086,42256
native_to_wasm,9783,210217,208856,419074,42256
native_to_wasm,9784,210929,208940,419870,42256
native_to_wasm,9785,210125,209632,419758,42256
native_to_wasm,9786,210233,210032,420266,42256
native_to_wasm,9787,210941,208946,419888,42256
native_to_wasm,9788,210237,209836,420074,42256
native_to_wasm,9789,210235,208948,419184,42256
native_to_wasm,9790,210129,209996,420126,42256
native_to_wasm,9791,210217,208858,419076,42256
native_to_wasm,9792,210927,208940,419868,42256
native_to_wasm,9793,210125,209632,419758,42256
native_to_wasm,9794,210235,209038,419274,42256
native_to_wasm,9795,212507,208938,421446,42256
native_to_wasm,9796,210241,209814,420056,42256
native_to_wasm,9797,210239,208946,419186,42256
native_to_wasm,9798,210131,209606,419738,42256
native_to_wasm,9799,210219,208862,419082,42256
native_to_wasm,9800,210911,208922,419834,42256
native_to_wasm,9801,210121,209636,419758,42256
native_to_wasm,9802,210241,208940,419182,42256
native_to_wasm,9803,212389,208914,421304,42256
native_to_wasm,9804,210221,210120,420342,42256
native_to_wasm,9805,210237,208942,419180,42256
native_to_wasm,9806,210133,209612,419746,42256
native_to_wasm,9807,210247,208864,419112,42256
native_to_wasm,9808,210933,208946,419880,42256
native_to_wasm,9809,210517,209612,420130,42256
native_to_wasm,9810,210245,208914,419160,42256
native_to_wasm,9811,212037,208938,420976,42256
native_to_wasm,9812,210249,209308,419558,42256
native_to_wasm,9813,210221,208924,419146,42256
native_to_wasm,9814,210131,209626,419758,42256
native_to_wasm,9815,210239,208862,419102,42256
native_to_wasm,9816,210937,208944,419882,42256
native_to_wasm,9817,210465,209632,420098,42256
native_to_wasm,9818,210221,208932,419154,42256
native_to_wasm,9819,211141,208932,420074,42256
native_to_wasm,9820,210241,210065,420307,42256
native_to_wasm,9821,210236,208944,419181,42256
native_to_wasm,9822,210133,209606,419740,42256
native_to_wasm,9823,210249,208852,419102,42256
native_to_wasm,9824,210913,208920,419834,42256
native_to_wasm,9825,210897,209614,420512,42256
native_to_wasm,9826,210247,208940,419188,42256
native_to_wasm,9827,211141,208934,420076,42256
native_to_wasm,9828,210241,208862,419104,42256
native_to_wasm,9829,211531,208940,420472,42256
native_to_wasm,9830,210125,209632,419758,42256
native_to_wasm,9831,210239,208862,419102,42256
native_to_wasm,9832,210933,208938,419872,42256
native_to_wasm,9833,211333,209606,420940,42256
native_to_wasm,9834,210217,208934,419152,42256
native_to_wasm,9835,211135,208934,420070,42256
native_to_wasm,9836,210241,208862,419104,42256
native_to_wasm,9837,211371,208944,420316,42256
native_to_wasm,9838,210113,209636,419750,42256
native_to_wasm,9839,210241,208864,419106,42256
native_to_wasm,9840,210959,208940,419900,42256
native_to_wasm,9841,210549,209696,420246,42256
native_to_wasm,9842,210247,208950,419198,42256
native_to_wasm,9843,211403,208940,420344,42256
native_to_wasm,9844,210243,208862,419106,42256
native_to_wasm,9845,210937,208938,419876,42256
native_to_wasm,9846,210137,209636,419774,42256
native_to_wasm,9847,210241,208848,419090,42256
native_to_wasm,9848,210913,208934,419848,42256
native_to_wasm,9849,210241,210612,420854,42256
native_to_wasm,9850,210237,208950,419188,42256
native_to_wasm,9851,211133,208932,420066,42256
native_to_wasm,9852,210245,208850,419096,42256
native_to_wasm,9853,210911,208922,419834,42256
native_to_wasm,9854,210121,209636,419758,42256
native_to_wasm,9855,210241,209266,419508,42256
native_to_wasm,9856,210111,208948,419060,42256
native_to_wasm,9857,210131,209606,419738,42256
native_to_wasm,9858,210219,208876,419096,42256
native_to_wasm,9859,210929,208944,419874,42256
native_to_wasm,9860,211329,209606,420936,42256
native_to_wasm,9861,210219,208918,419138,42256
native_to_wasm,9862,211159,208946,420106,42256
native_to_wasm,9863,210241,208864,419106,42256
native_to_wasm,9864,211485,208938,420424,42256
native_to_wasm,9865,210123,209638,419762,42256
native_to_wasm,9866,210221,208830,419052,42256
native_to_wasm,9867,210933,208938,419872,42256
native_to_wasm,9868,211333,209606,420940,42256
native_to_wasm,9869,210217,208934,419152,42256
native_to_wasm,9870,211135,208934,420070,42256
native_to_wasm,9871,210241,208862,419104,42256
native_to_wasm,9872,211371,208944,420316,42256
native_to_wasm,9873,210113,209636,419750,42256
native_to_wasm,9874,210241,208864,419106,42256
native_to_wasm,9875,210959,208940,419900,42256
native_to_wasm,9876,210549,209696,420246,42256
native_to_wasm,9877,210247,208950,419198,42256
native_to_wasm,9878,211403,208940,420344,42256
native_to_wasm,9879,210243,208862,419106,42256
native_to_wasm,9880,210937,208938,419876,42256
native_to_wasm,9881,210137,209636,419774,42256
native_to_wasm,9882,210241,208848,419090,42256
native_to_wasm,9883,210913,208934,419848,42256
native_to_wasm,9884,210241,210612,420854,42256
native_to_wasm,9885,210237,208950,419188,42256
native_to_wasm,9886,211133,208932,420066,42256
native_to_wasm,9887,210245,208850,419096,42256
native_to_wasm,9888,210911,208922,419834,42256
native_to_wasm,9889,210121,209636,419758,42256
native_to_wasm,9890,210241,209266,419508,42256
native_to_wasm,9891,210937,208916,419854,42256
native_to_wasm,9892,210219,210744,420964,42256
native_to_wasm,9893,210225,208918,419144,42256
native_to_wasm,9894,210663,208936,419600,42256
native_to_wasm,9895,210245,208850,419096,42256
native_to_wasm,9896,210911,208944,419856,42256
native_to_wasm,9897,210121,209636,419758,42256
native_to_wasm,9898,210241,209180,419422,42256
native_to_wasm,9899,210939,208938,419878,42256
native_to_wasm,9900,210249,209840,420090,42256
native_to_wasm,9901,210251,208940,419192,42256
native_to_wasm,9902,211377,208916,420294,42256
native_to_wasm,9903,210219,208818,419038,42256
native_to_wasm,9904,210947,208938,419886,42256
native_to_wasm,9905,210133,209606,419740,42256
native_to_wasm,9906,210253,209918,420172,42256
native_to_wasm,9907,210937,208944,419882,42256
native_to_wasm,9908,210235,209842,420078,42256
native_to_wasm,9909,210217,208932,419150,42256
native_to_wasm,9910,210133,209952,420086,42256
native_to_wasm,9911,210217,208856,419074,42256
native_to_wasm,9912,210929,208940,419870,42256
native_to_wasm,9913,210125,209632,419758,42256
native_to_wasm,9914,210233,210032,420266,42256
native_to_wasm,9915,210941,208946,419888,42256
native_to_wasm,9916,210237,209836,420074,42256
native_to_wasm,9917,210235,208948,419184,42256
native_to_wasm,9918,210129,209996,420126,42256
native_to_wasm,9919,210217,208858,419076,42256
native_to_wasm,9920,210927,208940,419868,42256
native_to_wasm,9921,210125,209632,419758,42256
native_to_wasm,9922,210235,209038,419274,42256
native_to_wasm,9923,212507,208938,421446,42256
native_to_wasm,9924,210241,209814,420056,42256
native_to_wasm,9925,210239,208946,419186,42256
native_to_wasm,9926,210131,209606,419738,42256
native_to_wasm,9927,210219,208862,419082,42256
native_to_wasm,9928,210911,208922,419834,42256
native_to_wasm,9929,210121,209636,419758,42256
native_to_wasm,9930,210241,208940,419182,42256
native_to_wasm,9931,212389,208914,421304,42256
native_to_wasm,9932,210221,210120,420342,42256
native_to_wasm,9933,210237,208942,419180,42256
native_to_wasm,9934,210133,209612,419746,42256
native_to_wasm,9935,210247,208864,419112,42256
native_to_wasm,9936,210933,208946,419880,42256
native_to_wasm,9937,210517,209612,420130,42256
native_to_wasm,9938,210245,208914,419160,42256
native_to_wasm,9939,212037,208938,420976,42256
native_to_wasm,9940,210249,209308,419558,42256
native_to_wasm,9941,210221,208924,419146,42256
native_to_wasm,9942,210131,209626,419758,42256
native_to_wasm,9943,210239,208862,419102,42256
native_to_wasm,9944,210937,208944,419882,42256
native_to_wasm,9945,210465,209632,420098,42256
native_to_wasm,9946,210221,208932,419154,42256
native_to_wasm,9947,211141,208932,420074,42256
native_to_wasm,9948,210241,210065,420307,42256
native_to_wasm,9949,210236,208944,419181,42256
native_to_wasm,9950,210133,209606,419740,42256
native_to_wasm,9951,210249,208852,419102,42256
native_to_wasm,9952,210913,208920,419834,42256
native_to_wasm,9953,210897,209614,420512,42256
native_to_wasm,9954,210247,208940,419188,42256
native_to_wasm,9955,211141,208934,420076,42256
native_to_wasm,9956,210241,208862,419104,42256
native_to_wasm,9957,211531,208940,420472,42256
native_to_wasm,9958,210125,209632,419758,42256
native_to_wasm,9959,210239,208862,419102,42256
native_to_wasm,9960,210933,208938,419872,42256
native_to_wasm,9961,211333,209606,420940,42256
native_to_wasm,9962,210217,208934,419152,42256
native_to_wasm,9963,211135,208934,420070,42256
native_to_wasm,9964,210241,208862,419104,42256
native_to_wasm,9965,211371,208944,420316,42256
native_to_wasm,9966,210113,209636,419750,42256
native_to_wasm,9967,210241,208864,419106,42256
native_to_wasm,9968,210959,208940,419900,42256
native_to_wasm,9969,210549,209696,420246,42256
native_to_wasm,9970,210247,208950,419198,42256
native_to_wasm,9971,211403,208940,420344,42256
native_to_wasm,9972,210243,208862,419106,42256
native_to_wasm,9973,210937,208938,419876,42256
native_to_wasm,9974,210137,209636,419774,42256
native_to_wasm,9975,210241,208848,419090,42256
native_to_wasm,9976,210913,208934,419848,42256
native_to_wasm,9977,210241,210612,420854,42256
native_to_wasm,9978,210237,208950,419188,42256
native_to_wasm,9979,211133,208932,420066,42256
native_to_wasm,9980,210245,208850,419096,42256
native_to_wasm,9981,210911,208922,419834,42256
native_to_wasm,9982,210121,209636,419758,42256
native_to_wasm,9983,210241,209266,419508,42256
native_to_wasm,9984,210111,208948,419060,42256
native_to_wasm,9985,210131,209606,419738,42256
native_to_wasm,9986,210219,208876,419096,42256
native_to_wasm,9987,210929,208944,419874,42256
native_to_wasm,9988,211329,209606,420936,42256
native_to_wasm,9989,210219,208918,419138,42256
native_to_wasm,9990,211159,208946,420106,42256
native_to_wasm,9991,210241,208864,419106,42256
native_to_wasm,9992,211485,208938,420424,42256
native_to_wasm,9993,210123,209638,419762,42256
native_to_wasm,9994,210221,208830,419052,42256
native_to_wasm,9995,210933,208938,419872,42256
native_to_wasm,9996,211333,209606,420940,42256
native_to_wasm,9997,210217,208934,419152,42256
native_to_wasm,9998,211135,208934,420070,42256
native_to_wasm,9999,210241,208862,419104,42256
