method,iteration,write_cycles,read_cycles,round_trip_cycles,free_heap
native_to_wasm,0,306029,220253,526283,42256
native_to_wasm,1,210454,209044,419499,42256
native_to_wasm,2,211525,209160,420686,42256
native_to_wasm,3,210327,209834,420162,42256
native_to_wasm,4,210447,209062,419510,42256
native_to_wasm,5,211149,209152,420302,42256
native_to_wasm,6,212175,209816,421992,42256
native_to_wasm,7,210455,209148,419604,42256
native_to_wasm,8,211351,209142,420494,42256
native_to_wasm,9,210443,210225,420669,42256
native_to_wasm,10,210446,209154,419601,42256
native_to_wasm,11,210305,209834,420140,42256
native_to_wasm,12,210443,209064,419508,42256
native_to_wasm,13,211149,209152,420302,42256
native_to_wasm,14,210661,209850,420512,42256
native_to_wasm,15,210445,209150,419596,42256
native_to_wasm,16,211343,209142,420486,42256
native_to_wasm,17,210447,210347,420795,42256
native_to_wasm,18,210424,209134,419559,42256
native_to_wasm,19,210317,209826,420144,42256
native_to_wasm,20,210453,209064,419518,42256
native_to_wasm,21,211147,209152,420300,42256
native_to_wasm,22,210629,209824,420454,42256
native_to_wasm,23,210451,209148,419600,42256
native_to_wasm,24,211349,209144,420494,42256
native_to_wasm,25,210443,210347,420791,42256
native_to_wasm,26,210426,209142,419569,42256
native_to_wasm,27,210331,209836,420168,42256
native_to_wasm,28,210445,209064,419510,42256
native_to_wasm,29,211143,209146,420290,42256
native_to_wasm,30,210753,209824,420578,42256
native_to_wasm,31,210453,209146,419600,42256
native_to_wasm,32,211439,209144,420584,42256
native_to_wasm,33,210449,210114,420564,42256
native_to_wasm,34,210429,209124,419554,42256
native_to_wasm,35,210327,209816,420144,42256
native_to_wasm,36,210463,209064,419528,42256
native_to_wasm,37,211143,209152,420296,42256
native_to_wasm,38,210747,209816,420564,42256
native_to_wasm,39,210459,209150,419610,42256
native_to_wasm,40,212611,209132,421744,42256
native_to_wasm,41,210453,210318,420772,42256
native_to_wasm,42,210445,209146,419592,42256
native_to_wasm,43,210333,209840,420174,42256
native_to_wasm,44,210435,209060,419496,42256
native_to_wasm,45,211137,209152,420290,42256
native_to_wasm,46,210327,209834,420162,42256
native_to_wasm,47,210443,209367,419811,42256
native_to_wasm,48,212448,209124,421573,42256
native_to_wasm,49,210463,210052,420516,42256
native_to_wasm,50,210455,209150,419606,42256
native_to_wasm,51,210331,210362,420694,42256
native_to_wasm,52,210443,209062,419506,42256
native_to_wasm,53,211157,209144,420302,42256
native_to_wasm,54,210333,209824,420158,42256
native_to_wasm,55,210453,210435,420889,42256
native_to_wasm,56,211124,209122,420247,42256
native_to_wasm,57,210427,210066,420494,42256
native_to_wasm,58,210455,209150,419606,42256
native_to_wasm,59,211551,209132,420684,42256
native_to_wasm,60,210453,209046,419500,42256
native_to_wasm,61,211143,209146,420290,42256
native_to_wasm,62,210333,209838,420172,42256
native_to_wasm,63,210445,209383,419829,42256
native_to_wasm,64,211152,209148,420301,42256
native_to_wasm,65,210447,210044,420492,42256
native_to_wasm,66,210429,209142,419572,42256
native_to_wasm,67,211549,209144,420694,42256
native_to_wasm,68,210443,209062,419506,42256
native_to_wasm,69,211157,209144,420302,42256
native_to_wasm,70,210333,209824,420158,42256
native_to_wasm,71,210453,209468,419922,42256
native_to_wasm,72,211123,209128,420252,42256
native_to_wasm,73,210455,210144,420600,42256
native_to_wasm,74,210463,209148,419612,42256
native_to_wasm,75,211177,209146,420324,42256
native_to_wasm,76,210449,209044,419494,42256
native_to_wasm,77,211143,209152,420296,42256
native_to_wasm,78,210297,209846,420144,42256
native_to_wasm,79,210427,209462,419890,42256
native_to_wasm,80,211121,209122,420244,42256
native_to_wasm,81,210425,211468,421894,42256
native_to_wasm,82,210455,209148,419604,42256
native_to_wasm,83,210957,209140,420098,42256
native_to_wasm,84,210453,209044,419498,42256
native_to_wasm,85,211143,209152,420296,42256
native_to_wasm,86,210295,209846,420142,42256
native_to_wasm,87,210429,209056,419486,42256
native_to_wasm,88,211143,209152,420296,42256
native_to_wasm,89,210447,211196,421644,42256
native_to_wasm,90,210425,209142,419568,42256
native_to_wasm,91,211621,209142,420764,42256
native_to_wasm,92,210445,209064,419510,42256
native_to_wasm,93,211149,209150,420300,42256
native_to_wasm,94,210305,209834,420140,42256
native_to_wasm,95,210447,209062,419510,42256
native_to_wasm,96,211149,209152,420302,42256
native_to_wasm,97,212213,209834,422048,42256
native_to_wasm,98,210447,209146,419594,42256
native_to_wasm,99,211351,209130,420482,42256
native_to_wasm,100,210455,209064,419520,42256
native_to_wasm,101,211709,209140,420850,42256
native_to_wasm,102,210313,209822,420136,42256
native_to_wasm,103,210451,209046,419498,42256
native_to_wasm,104,211143,209174,420318,42256
native_to_wasm,105,211207,209826,421034,42256
native_to_wasm,106,210451,209146,419598,42256
native_to_wasm,107,211347,209146,420494,42256
native_to_wasm,108,210443,210331,420775,42256
native_to_wasm,109,210458,209152,419611,42256
native_to_wasm,110,210305,209834,420140,42256
native_to_wasm,111,210443,209064,419508,42256
native_to_wasm,112,211149,209152,420302,42256
native_to_wasm,113,210651,209834,420486,42256
native_to_wasm,114,210443,209150,419594,42256
native_to_wasm,115,211347,209142,420490,42256
native_to_wasm,116,210449,210329,420779,42256
native_to_wasm,117,210456,209150,419607,42256
native_to_wasm,118,210329,209834,420164,42256
native_to_wasm,119,210445,209042,419488,42256
native_to_wasm,120,211147,209152,420300,42256
native_to_wasm,121,210749,209838,420588,42256
native_to_wasm,122,210427,209124,419552,42256
native_to_wasm,123,211467,209148,420616,42256
native_to_wasm,124,210443,210050,420494,42256
native_to_wasm,125,210429,209124,419554,42256
native_to_wasm,126,210327,209816,420144,42256
native_to_wasm,127,210463,209064,419528,42256
native_to_wasm,128,210455,209150,419606,42256
native_to_wasm,129,210319,209816,420136,42256
native_to_wasm,130,210481,209046,419528,42256
native_to_wasm,131,211143,209148,420292,42256
native_to_wasm,132,210585,209826,420412,42256
native_to_wasm,133,210455,209152,419608,42256
native_to_wasm,134,211373,209150,420524,42256
native_to_wasm,135,210451,210304,420756,42256
native_to_wasm,136,210459,209148,419608,42256
native_to_wasm,137,210313,209824,420138,42256
native_to_wasm,138,210451,209042,419494,42256
native_to_wasm,139,211147,209152,420300,42256
native_to_wasm,140,210749,209816,420566,42256
native_to_wasm,141,210459,209148,419608,42256
native_to_wasm,142,211355,209122,420478,42256
native_to_wasm,143,210459,209762,420222,42256
native_to_wasm,144,210443,209156,419600,42256
native_to_wasm,145,210329,209834,420164,42256
native_to_wasm,146,210443,209064,419508,42256
native_to_wasm,147,211149,209150,420300,42256
native_to_wasm,148,210749,209822,420572,42256
native_to_wasm,149,210453,209150,419604,42256
native_to_wasm,150,212521,209132,421654,42256
native_to_wasm,151,210453,210318,420772,42256
native_to_wasm,152,210445,209146,419592,42256
native_to_wasm,153,210333,209840,420174,42256
native_to_wasm,154,210435,209060,419496,42256
native_to_wasm,155,211137,209152,420290,42256
native_to_wasm,156,210327,209834,420162,42256
native_to_wasm,157,210443,209163,419607,42256
native_to_wasm,158,212662,209150,421813,42256
native_to_wasm,159,210443,210046,420490,42256
native_to_wasm,160,210433,209128,419562,42256
native_to_wasm,161,210315,210332,420648,42256
native_to_wasm,162,210455,209064,419520,42256
native_to_wasm,163,211147,209148,420296,42256
native_to_wasm,164,210333,209834,420168,42256
native_to_wasm,165,210447,210644,421092,42256
native_to_wasm,166,211121,209122,420244,42256
native_to_wasm,167,210427,210030,420458,42256
native_to_wasm,168,210431,209132,419564,42256
native_to_wasm,169,210799,209142,419942,42256
native_to_wasm,170,210449,209060,419510,42256
native_to_wasm,171,211149,209148,420298,42256
native_to_wasm,172,210313,209824,420138,42256
native_to_wasm,173,210451,210372,420824,42256
native_to_wasm,174,211121,209122,420244,42256
native_to_wasm,175,210427,210064,420492,42256
native_to_wasm,176,210453,209148,419602,42256
native_to_wasm,177,211619,209152,420772,42256
native_to_wasm,178,210429,209056,419486,42256
native_to_wasm,179,211143,209152,420296,42256
native_to_wasm,180,210309,209826,420136,42256
native_to_wasm,181,210455,209468,419924,42256
native_to_wasm,182,211121,209148,420270,42256
native_to_wasm,183,210461,210064,420526,42256
native_to_wasm,184,210445,209152,419598,42256
native_to_wasm,185,211593,209134,420728,42256
native_to_wasm,186,210453,209062,419516,42256
native_to_wasm,187,211157,209142,420300,42256
native_to_wasm,188,210333,209836,420170,42256
native_to_wasm,189,210445,209472,419918,42256
native_to_wasm,190,211157,209144,420302,42256
native_to_wasm,191,210447,211562,422010,42256
native_to_wasm,192,210427,209140,419568,42256
native_to_wasm,193,210931,209140,420072,42256
native_to_wasm,194,210453,209044,419498,42256
native_to_wasm,195,211143,209152,420296,42256
native_to_wasm,196,210295,209846,420142,42256
native_to_wasm,197,210429,209056,419486,42256
native_to_wasm,198,211143,209152,420296,42256
native_to_wasm,199,210447,211196,421644,42256
native_to_wasm,200,210425,209142,419568,42256
native_to_wasm,201,211621,209142,420764,42256
native_to_wasm,202,210445,209064,419510,42256
native_to_wasm,203,211149,209150,420300,42256
native_to_wasm,204,210305,209834,420140,42256
native_to_wasm,205,210447,209062,419510,42256
native_to_wasm,206,211149,209152,420302,42256
native_to_wasm,207,212213,209834,422048,42256
native_to_wasm,208,210447,209146,419594,42256
native_to_wasm,209,211351,209130,420482,42256
native_to_wasm,210,210455,209064,419520,42256
native_to_wasm,211,211709,209140,420850,42256
native_to_wasm,212,210313,209822,420136,42256
native_to_wasm,213,210451,209046,419498,42256
native_to_wasm,214,211143,209174,420318,42256
native_to_wasm,215,211207,209826,421034,42256
native_to_wasm,216,210451,209146,419598,42256
native_to_wasm,217,211347,209146,420494,42256
native_to_wasm,218,210443,210331,420775,42256
native_to_wasm,219,210458,209152,419611,42256
native_to_wasm,220,210305,209834,420140,42256
native_to_wasm,221,210443,209064,419508,42256
native_to_wasm,222,211149,209152,420302,42256
native_to_wasm,223,210651,209834,420486,42256
native_to_wasm,224,210443,209150,419594,42256
native_to_wasm,225,211347,209142,420490,42256
native_to_wasm,226,210449,210329,420779,42256
native_to_wasm,227,210456,209150,419607,42256
native_to_wasm,228,210329,209834,420164,42256
native_to_wasm,229,210445,209042,419488,42256
native_to_wasm,230,211147,209152,420300,42256
native_to_wasm,231,210749,209838,420588,42256
native_to_wasm,232,210427,209124,419552,42256
native_to_wasm,233,211467,209148,420616,42256
native_to_wasm,234,210443,210050,420494,42256
native_to_wasm,235,210429,209124,419554,42256
native_to_wasm,236,210327,209816,420144,42256
native_to_wasm,237,210463,209064,419528,42256
native_to_wasm,238,211143,209152,420296,42256
native_to_wasm,239,210747,209816,420564,42256
native_to_wasm,240,210459,209150,419610,42256
native_to_wasm,241,212611,209132,421744,42256
native_to_wasm,242,210453,210318,420772,42256
native_to_wasm,243,210445,209146,419592,42256
native_to_wasm,244,210333,209840,420174,42256
native_to_wasm,245,210435,209060,419496,42256
native_to_wasm,246,211137,209152,420290,42256
native_to_wasm,247,210327,209834,420162,42256
native_to_wasm,248,210443,209367,419811,42256
native_to_wasm,249,212448,209124,421573,42256
native_to_wasm,250,210463,210052,420516,42256
native_to_wasm,251,210455,209150,419606,42256
native_to_wasm,252,210331,210362,420694,42256
native_to_wasm,253,210443,209062,419506,42256
native_to_wasm,254,211157,209144,420302,42256
native_to_wasm,255,210333,209824,420158,42256
native_to_wasm,256,210217,208932,419150,42256
native_to_wasm,257,210133,209606,419740,42256
native_to_wasm,258,210219,208864,419084,42256
native_to_wasm,259,210947,208938,419886,42256
native_to_wasm,260,211213,209606,420820,42256
native_to_wasm,261,210219,208922,419142,42256
native_to_wasm,262,211145,208936,420082,42256
native_to_wasm,263,210239,208862,419102,42256
native_to_wasm,264,211537,208942,420480,42256
native_to_wasm,265,210105,209606,419712,42256
native_to_wasm,266,210219,208858,419078,42256
native_to_wasm,267,210915,208924,419840,42256
native_to_wasm,268,211373,209624,420998,42256
native_to_wasm,269,210245,208940,419186,42256
native_to_wasm,270,211137,208936,420074,42256
native_to_wasm,271,210239,208862,419102,42256
native_to_wasm,272,211337,208924,420262,42256
native_to_wasm,273,210121,209636,419758,42256
native_to_wasm,274,210241,208864,419106,42256
native_to_wasm,275,210933,208940,419874,42256
native_to_wasm,276,210533,209728,420262,42256
native_to_wasm,277,210233,208914,419148,42256
native_to_wasm,278,211387,208950,420338,42256
native_to_wasm,279,210239,208862,419102,42256
native_to_wasm,280,210939,208942,419882,42256
native_to_wasm,281,210107,209642,419750,42256
native_to_wasm,282,210235,208848,419084,42256
native_to_wasm,283,210929,208940,419870,42256
native_to_wasm,284,210243,210568,420812,42256
native_to_wasm,285,210233,208914,419148,42256
native_to_wasm,286,211249,208914,420164,42256
native_to_wasm,287,210219,208858,419078,42256
native_to_wasm,288,210915,208922,419838,42256
native_to_wasm,289,210121,209640,419762,42256
native_to_wasm,290,210233,209242,419476,42256
native_to_wasm,291,210929,208974,419904,42256
native_to_wasm,292,210219,210778,420998,42256
native_to_wasm,293,210243,208914,419158,42256
native_to_wasm,294,210663,208936,419600,42256
native_to_wasm,295,210245,208850,419096,42256
native_to_wasm,296,210911,208920,419832,42256
native_to_wasm,297,210127,209638,419766,42256
native_to_wasm,298,210223,209164,419388,42256
native_to_wasm,299,210911,208916,419828,42256
native_to_wasm,300,210219,209864,420084,42256
native_to_wasm,301,210241,208938,419180,42256
native_to_wasm,302,211369,208938,420308,42256
native_to_wasm,303,210241,208864,419106,42256
native_to_wasm,304,210933,208938,419872,42256
native_to_wasm,305,210127,209628,419756,42256
native_to_wasm,306,210241,209938,420180,42256
native_to_wasm,307,210939,208944,419884,42256
native_to_wasm,308,210233,209814,420048,42256
native_to_wasm,309,210237,208950,419188,42256
native_to_wasm,310,210109,210042,420152,42256
native_to_wasm,311,210247,208852,419100,42256
native_to_wasm,312,210913,208920,419834,42256
native_to_wasm,313,210127,209638,419766,42256
native_to_wasm,314,210235,209942,420178,42256
native_to_wasm,315,210937,208946,419884,42256
native_to_wasm,316,210233,209836,420070,42256
native_to_wasm,317,210237,208942,419180,42256
native_to_wasm,318,210139,210142,420282,42256
native_to_wasm,319,210241,208864,419106,42256
native_to_wasm,320,210933,208940,419874,42256
native_to_wasm,321,210133,209606,419740,42256
native_to_wasm,322,210219,209033,419253,42256
native_to_wasm,323,212406,208938,421345,42256
native_to_wasm,324,210241,209814,420056,42256
native_to_wasm,325,210239,208946,419186,42256
native_to_wasm,326,210131,209606,419738,42256
native_to_wasm,327,210219,208862,419082,42256
native_to_wasm,328,210911,208922,419834,42256
native_to_wasm,329,210141,209606,419748,42256
native_to_wasm,330,210219,208918,419138,42256
native_to_wasm,331,212495,208946,421442,42256
native_to_wasm,332,210241,210124,420366,42256
native_to_wasm,333,210247,208942,419190,42256
native_to_wasm,334,210137,209636,419774,42256
native_to_wasm,335,210239,208850,419090,42256
native_to_wasm,336,210937,208924,419862,42256
native_to_wasm,337,210525,209614,420140,42256
native_to_wasm,338,210247,208948,419196,42256
native_to_wasm,339,212059,208920,420980,42256
native_to_wasm,340,210251,209940,420192,42256
native_to_wasm,341,210249,208946,419196,42256
native_to_wasm,342,210095,209624,419720,42256
native_to_wasm,343,210241,208848,419090,42256
native_to_wasm,344,210915,208922,419838,42256
native_to_wasm,345,210535,209640,420176,42256
native_to_wasm,346,210239,208940,419180,42256
native_to_wasm,347,211141,208934,420076,42256
native_to_wasm,348,210239,209927,420167,42256
native_to_wasm,349,210234,208944,419179,42256
native_to_wasm,350,210133,209608,419742,42256
native_to_wasm,351,210217,208832,419050,42256
native_to_wasm,352,210929,208940,419870,42256
native_to_wasm,353,210455,209612,420068,42256
native_to_wasm,354,210249,208940,419190,42256
native_to_wasm,355,211141,208936,420078,42256
native_to_wasm,356,210239,208872,419112,42256
native_to_wasm,357,211303,208924,420228,42256
native_to_wasm,358,210135,209616,419752,42256
native_to_wasm,359,210245,208852,419098,42256
native_to_wasm,360,210913,208920,419834,42256
native_to_wasm,361,211347,209638,420986,42256
native_to_wasm,362,210225,208922,419148,42256
native_to_wasm,363,211133,208948,420082,42256
native_to_wasm,364,210235,208812,419048,42256
native_to_wasm,365,211343,208932,420276,42256
native_to_wasm,366,210133,209606,419740,42256
native_to_wasm,367,210219,208864,419084,42256
native_to_wasm,368,210947,208938,419886,42256
native_to_wasm,369,210509,209726,420236,42256
native_to_wasm,370,210233,208918,419152,42256
native_to_wasm,371,211421,208932,420354,42256
native_to_wasm,372,210243,208860,419104,42256
native_to_wasm,373,210941,208940,419882,42256
native_to_wasm,374,210109,209642,419752,42256
native_to_wasm,375,210235,208864,419100,42256
native_to_wasm,376,210937,208942,419880,42256
native_to_wasm,377,210239,210588,420828,42256
native_to_wasm,378,210243,208940,419184,42256
native_to_wasm,379,211333,208954,420288,42256
native_to_wasm,380,210227,208814,419042,42256
native_to_wasm,381,210911,208922,419834,42256
native_to_wasm,382,210121,209636,419758,42256
native_to_wasm,383,210241,209266,419508,42256
native_to_wasm,384,210111,208948,419060,42256
native_to_wasm,385,210131,209606,419738,42256
native_to_wasm,386,210219,208862,419082,42256
native_to_wasm,387,210911,208922,419834,42256
native_to_wasm,388,211393,209632,421026,42256
native_to_wasm,389,210239,208940,419180,42256
native_to_wasm,390,211141,208934,420076,42256
native_to_wasm,391,210239,208850,419090,42256
native_to_wasm,392,211453,208938,420392,42256
native_to_wasm,393,210123,209638,419762,42256
native_to_wasm,394,210221,208830,419052,42256
native_to_wasm,395,210933,208938,419872,42256
native_to_wasm,396,211333,209632,420966,42256
native_to_wasm,397,210249,208944,419194,42256
native_to_wasm,398,211137,208932,420070,42256
native_to_wasm,399,210245,208850,419096,42256
native_to_wasm,400,211253,208932,420186,42256
native_to_wasm,401,210133,209606,419740,42256
native_to_wasm,402,210219,208864,419084,42256
native_to_wasm,403,210947,208938,419886,42256
native_to_wasm,404,210509,209726,420236,42256
native_to_wasm,405,210233,208918,419152,42256
native_to_wasm,406,211421,208932,420354,42256
native_to_wasm,407,210243,208860,419104,42256
native_to_wasm,408,210941,208940,419882,42256
native_to_wasm,409,210109,209642,419752,42256
native_to_wasm,410,210235,208864,419100,42256
native_to_wasm,411,210937,208942,419880,42256
native_to_wasm,412,210239,210588,420828,42256
native_to_wasm,413,210243,208940,419184,42256
native_to_wasm,414,211333,208954,420288,42256
native_to_wasm,415,210227,208814,419042,42256
native_to_wasm,416,210911,208922,419834,42256
native_to_wasm,417,210121,209636,419758,42256
native_to_wasm,418,210241,209266,419508,42256
native_to_wasm,419,210911,208918,419830,42256
native_to_wasm,420,210219,210762,420982,42256
native_to_wasm,421,210239,208940,419180,42256
native_to_wasm,422,211355,208916,420272,42256
native_to_wasm,423,210219,208864,419084,42256
native_to_wasm,424,210911,208920,419832,42256
native_to_wasm,425,210129,209632,419762,42256
native_to_wasm,426,210233,209238,419472,42256
native_to_wasm,427,210931,208948,419880,42256
native_to_wasm,428,210233,209836,420070,42256
native_to_wasm,429,210237,208942,419180,42256
native_to_wasm,430,211425,208950,420376,42256
native_to_wasm,431,210237,208852,419090,42256
native_to_wasm,432,210913,208922,419836,42256
native_to_wasm,433,210121,209658,419780,42256
native_to_wasm,434,210241,209390,419632,42256
native_to_wasm,435,210937,208942,419880,42256
native_to_wasm,436,210241,209834,420076,42256
native_to_wasm,437,210235,208948,419184,42256
native_to_wasm,438,211043,208934,419978,42256
native_to_wasm,439,210241,208872,419114,42256
native_to_wasm,440,210911,208926,419838,42256
native_to_wasm,441,210125,209638,419764,42256
native_to_wasm,442,210223,210615,420839,42256
native_to_wasm,443,210938,208942,419881,42256
native_to_wasm,444,210247,209834,420082,42256
native_to_wasm,445,210221,208932,419154,42256
native_to_wasm,446,210133,210144,420278,42256
native_to_wasm,447,210243,208864,419108,42256
native_to_wasm,448,210933,208946,419880,42256
native_to_wasm,449,210129,209606,419736,42256
native_to_wasm,450,210219,209223,419443,42256
native_to_wasm,451,211378,208922,420301,42256
native_to_wasm,452,210247,209842,420090,42256
native_to_wasm,453,210217,208932,419150,42256
native_to_wasm,454,210133,209612,419746,42256
native_to_wasm,455,210247,208864,419112,42256
native_to_wasm,456,210933,208946,419880,42256
native_to_wasm,457,210105,209606,419712,42256
native_to_wasm,458,210217,208932,419150,42256
native_to_wasm,459,212455,208920,421376,42256
native_to_wasm,460,210255,210108,420364,42256
native_to_wasm,461,210221,208932,419154,42256
native_to_wasm,462,210137,209640,419778,42256
native_to_wasm,463,210259,208864,419124,42256
native_to_wasm,464,210937,208944,419882,42256
native_to_wasm,465,210519,209606,420126,42256
native_to_wasm,466,210219,208924,419144,42256
native_to_wasm,467,212045,208920,420966,42256
native_to_wasm,468,210253,209942,420196,42256
native_to_wasm,469,210245,208940,419186,42256
native_to_wasm,470,210133,209606,419740,42256
native_to_wasm,471,210219,208818,419038,42256
native_to_wasm,472,210947,208938,419886,42256
native_to_wasm,473,210525,209642,420168,42256
native_to_wasm,474,210233,208914,419148,42256
native_to_wasm,475,211117,208946,420064,42256
native_to_wasm,476,210235,210096,420332,42256
native_to_wasm,477,210219,208922,419142,42256
native_to_wasm,478,210127,209638,419766,42256
native_to_wasm,479,210223,208832,419056,42256
native_to_wasm,480,210929,208940,419870,42256
native_to_wasm,481,210455,209612,420068,42256
native_to_wasm,482,210249,208940,419190,42256
native_to_wasm,483,211141,208936,420078,42256
native_to_wasm,484,210239,208872,419112,42256
native_to_wasm,485,211303,208924,420228,42256
native_to_wasm,486,210135,209616,419752,42256
native_to_wasm,487,210245,208852,419098,42256
native_to_wasm,488,210913,208920,419834,42256
native_to_wasm,489,211347,209638,420986,42256
native_to_wasm,490,210225,208922,419148,42256
native_to_wasm,491,211133,208948,420082,42256
native_to_wasm,492,210235,208812,419048,42256
native_to_wasm,493,211343,208932,420276,42256
native_to_wasm,494,210133,209606,419740,42256
native_to_wasm,495,210219,208864,419084,42256
native_to_wasm,496,210947,208938,419886,42256
native_to_wasm,497,210509,209726,420236,42256
native_to_wasm,498,210233,208918,419152,42256
native_to_wasm,499,211421,208932,420354,42256
native_to_wasm,500,210243,208860,419104,42256
native_to_wasm,501,210941,208940,419882,42256
native_to_wasm,502,210109,209642,419752,42256
native_to_wasm,503,210235,208864,419100,42256
native_to_wasm,504,210937,208942,419880,42256
native_to_wasm,505,210239,210588,420828,42256
native_to_wasm,506,210243,208940,419184,42256
native_to_wasm,507,211333,208954,420288,42256
native_to_wasm,508,210227,208814,419042,42256
native_to_wasm,509,210911,208922,419834,42256
native_to_wasm,510,210121,209636,419758,42256
native_to_wasm,511,210241,209266,419508,42256
native_to_wasm,512,210111,208948,419060,42256
native_to_wasm,513,210131,209606,419738,42256
native_to_wasm,514,210219,208862,419082,42256
native_to_wasm,515,210911,208922,419834,42256
native_to_wasm,516,211393,209632,421026,42256
native_to_wasm,517,210239,208940,419180,42256
native_to_wasm,518,211141,208934,420076,42256
native_to_wasm,519,210239,208850,419090,42256
native_to_wasm,520,211453,208938,420392,42256
native_to_wasm,521,210123,209638,419762,42256
native_to_wasm,522,210221,208830,419052,42256
native_to_wasm,523,210933,208938,419872,42256
native_to_wasm,524,211333,209632,420966,42256
native_to_wasm,525,210249,208944,419194,42256
native_to_wasm,526,211137,208932,420070,42256
native_to_wasm,527,210245,208850,419096,42256
native_to_wasm,528,211253,208932,420186,42256
native_to_wasm,529,210133,209606,419740,42256
native_to_wasm,530,210219,208864,419084,42256
native_to_wasm,531,210947,208938,419886,42256
native_to_wasm,532,210509,209726,420236,42256
native_to_wasm,533,210233,208918,419152,42256
native_to_wasm,534,211421,208932,420354,42256
native_to_wasm,535,210243,208860,419104,42256
native_to_wasm,536,210941,208940,419882,42256
native_to_wasm,537,210109,209642,419752,42256
native_to_wasm,538,210235,208864,419100,42256
native_to_wasm,539,210937,208942,419880,42256
native_to_wasm,540,210239,210588,420828,42256
native_to_wasm,541,210243,208940,419184,42256
native_to_wasm,542,211333,208954,420288,42256
native_to_wasm,543,210227,208814,419042,42256
native_to_wasm,544,210911,208922,419834,42256
native_to_wasm,545,210121,209636,419758,42256
native_to_wasm,546,210241,209266,419508,42256
native_to_wasm,547,210911,208918,419830,42256
native_to_wasm,548,210219,210762,420982,42256
native_to_wasm,549,210239,208940,419180,42256
native_to_wasm,550,211355,208916,420272,42256
native_to_wasm,551,210219,208864,419084,42256
native_to_wasm,552,210911,208920,419832,42256
native_to_wasm,553,210129,209632,419762,42256
native_to_wasm,554,210233,209238,419472,42256
native_to_wasm,555,210931,208948,419880,42256
native_to_wasm,556,210233,209836,420070,42256
native_to_wasm,557,210237,208942,419180,42256
native_to_wasm,558,211425,208950,420376,42256
native_to_wasm,559,210237,208852,419090,42256
native_to_wasm,560,210913,208922,419836,42256
native_to_wasm,561,210121,209658,419780,42256
native_to_wasm,562,210241,209390,419632,42256
native_to_wasm,563,210937,208942,419880,42256
native_to_wasm,564,210241,209834,420076,42256
native_to_wasm,565,210235,208948,419184,42256
native_to_wasm,566,211043,208934,419978,42256
native_to_wasm,567,210241,208872,419114,42256
native_to_wasm,568,210911,208926,419838,42256
native_to_wasm,569,210125,209638,419764,42256
native_to_wasm,570,210223,210615,420839,42256
native_to_wasm,571,210938,208942,419881,42256
native_to_wasm,572,210247,209834,420082,42256
native_to_wasm,573,210221,208932,419154,42256
native_to_wasm,574,210133,210144,420278,42256
native_to_wasm,575,210243,208864,419108,42256
native_to_wasm,576,210933,208946,419880,42256
native_to_wasm,577,210129,209606,419736,42256
native_to_wasm,578,210219,209223,419443,42256
native_to_wasm,579,211378,208922,420301,42256
native_to_wasm,580,210247,209842,420090,42256
native_to_wasm,581,210217,208932,419150,42256
native_to_wasm,582,210133,209612,419746,42256
native_to_wasm,583,210247,208864,419112,42256
native_to_wasm,584,210933,208946,419880,42256
native_to_wasm,585,210105,209606,419712,42256
native_to_wasm,586,210217,208932,419150,42256
native_to_wasm,587,212455,208920,421376,42256
native_to_wasm,588,210255,210108,420364,42256
native_to_wasm,589,210221,208932,419154,42256
native_to_wasm,590,210137,209640,419778,42256
native_to_wasm,591,210259,208864,419124,42256
native_to_wasm,592,210937,208944,419882,42256
native_to_wasm,593,210519,209606,420126,42256
native_to_wasm,594,210219,208924,419144,42256
native_to_wasm,595,212045,208920,420966,42256
native_to_wasm,596,210253,209942,420196,42256
native_to_wasm,597,210245,208940,419186,42256
native_to_wasm,598,210133,209606,419740,42256
native_to_wasm,599,210219,208818,419038,42256
native_to_wasm,600,210947,208938,419886,42256
native_to_wasm,601,210525,209642,420168,42256
native_to_wasm,602,210233,208914,419148,42256
native_to_wasm,603,211117,208946,420064,42256
native_to_wasm,604,210235,210096,420332,42256
native_to_wasm,605,210219,208922,419142,42256
native_to_wasm,606,210127,209638,419766,42256
native_to_wasm,607,210223,208832,419056,42256
native_to_wasm,608,210929,208940,419870,42256
native_to_wasm,609,210455,209612,420068,42256
native_to_wasm,610,210249,208940,419190,42256
native_to_wasm,611,211141,208936,420078,42256
native_to_wasm,612,210239,208872,419112,42256
native_to_wasm,613,211303,208924,420228,42256
native_to_wasm,614,210135,209616,419752,42256
native_to_wasm,615,210245,208852,419098,42256
native_to_wasm,616,210913,208920,419834,42256
native_to_wasm,617,211347,209638,420986,42256
native_to_wasm,618,210225,208922,419148,42256
native_to_wasm,619,211133,208948,420082,42256
native_to_wasm,620,210235,208812,419048,42256
native_to_wasm,621,211343,208932,420276,42256
native_to_wasm,622,210133,209606,419740,42256
native_to_wasm,623,210219,208864,419084,42256
native_to_wasm,624,210947,208938,419886,42256
native_to_wasm,625,210509,209726,420236,42256
native_to_wasm,626,210233,208918,419152,42256
native_to_wasm,627,211421,208932,420354,42256
native_to_wasm,628,210243,208860,419104,42256
native_to_wasm,629,210941,208940,419882,42256
native_to_wasm,630,210109,209642,419752,42256
native_to_wasm,631,210235,208864,419100,42256
native_to_wasm,632,210937,208942,419880,42256
native_to_wasm,633,210239,210588,420828,42256
native_to_wasm,634,210243,208940,419184,42256
native_to_wasm,635,211333,208954,420288,42256
native_to_wasm,636,210227,208814,419042,42256
native_to_wasm,637,210911,208922,419834,42256
native_to_wasm,638,210121,209636,419758,42256
native_to_wasm,639,210241,209266,419508,42256
native_to_wasm,640,210111,208948,419060,42256
native_to_wasm,641,210131,209606,419738,42256
native_to_wasm,642,210219,208862,419082,42256
native_to_wasm,643,210911,208922,419834,42256
native_to_wasm,644,211393,209632,421026,42256
native_to_wasm,645,210239,208940,419180,42256
native_to_wasm,646,211141,208934,420076,42256
native_to_wasm,647,210239,208850,419090,42256
native_to_wasm,648,211453,208938,420392,42256
native_to_wasm,649,210123,209638,419762,42256
native_to_wasm,650,210221,208830,419052,42256
native_to_wasm,651,210933,208938,419872,42256
native_to_wasm,652,211333,209632,420966,42256
native_to_wasm,653,210249,208944,419194,42256
native_to_wasm,654,211137,208932,420070,42256
native_to_wasm,655,210245,208850,419096,42256
native_to_wasm,656,211253,208932,420186,42256
native_to_wasm,657,210133,209606,419740,42256
native_to_wasm,658,210219,208864,419084,42256
native_to_wasm,659,210947,208938,419886,42256
native_to_wasm,660,210509,209726,420236,42256
native_to_wasm,661,210233,208918,419152,42256
native_to_wasm,662,211421,208932,420354,42256
native_to_wasm,663,210243,208860,419104,42256
native_to_wasm,664,210941,208940,419882,42256
native_to_wasm,665,210109,209642,419752,42256
native_to_wasm,666,210235,208864,419100,42256
native_to_wasm,667,210937,208942,419880,42256
native_to_wasm,668,210239,210588,420828,42256
native_to_wasm,669,210243,208940,419184,42256
native_to_wasm,670,211333,208954,420288,42256
native_to_wasm,671,210227,208814,419042,42256
native_to_wasm,672,210911,208922,419834,42256
native_to_wasm,673,210121,209636,419758,42256
native_to_wasm,674,210241,209266,419508,42256
native_to_wasm,675,210911,208918,419830,42256
native_to_wasm,676,210219,210762,420982,42256
native_to_wasm,677,210239,208940,419180,42256
native_to_wasm,678,211355,208916,420272,42256
native_to_wasm,679,210219,208864,419084,42256
native_to_wasm,680,210911,208920,419832,42256
native_to_wasm,681,210129,209632,419762,42256
native_to_wasm,682,210233,209238,419472,42256
native_to_wasm,683,210931,208948,419880,42256
native_to_wasm,684,210233,209836,420070,42256
native_to_wasm,685,210237,208942,419180,42256
native_to_wasm,686,211425,208950,420376,42256
native_to_wasm,687,210237,208852,419090,42256
native_to_wasm,688,210913,208922,419836,42256
native_to_wasm,689,210121,209658,419780,42256
native_to_wasm,690,210241,209390,419632,42256
native_to_wasm,691,210937,208942,419880,42256
native_to_wasm,692,210241,209834,420076,42256
native_to_wasm,693,210235,208948,419184,42256
native_to_wasm,694,211043,208934,419978,42256
native_to_wasm,695,210241,208872,419114,42256
native_to_wasm,696,210911,208926,419838,42256
native_to_wasm,697,210125,209638,419764,42256
native_to_wasm,698,210223,210615,420839,42256
native_to_wasm,699,210938,208942,419881,42256
native_to_wasm,700,210247,209834,420082,42256
native_to_wasm,701,210221,208932,419154,42256
native_to_wasm,702,210133,210144,420278,42256
native_to_wasm,703,210243,208864,419108,42256
native_to_wasm,704,210933,208946,419880,42256
native_to_wasm,705,210129,209606,419736,42256
native_to_wasm,706,210219,209223,419443,42256
native_to_wasm,707,211378,208922,420301,42256
native_to_wasm,708,210247,209842,420090,42256
native_to_wasm,709,210217,208932,419150,42256
native_to_wasm,710,210133,209612,419746,42256
native_to_wasm,711,210247,208864,419112,42256
native_to_wasm,712,210933,208946,419880,42256
native_to_wasm,713,210105,209606,419712,42256
native_to_wasm,714,210217,208932,419150,42256
native_to_wasm,715,212455,208920,421376,42256
native_to_wasm,716,210255,210108,420364,42256
native_to_wasm,717,210221,208932,419154,42256
native_to_wasm,718,210137,209640,419778,42256
native_to_wasm,719,210259,208864,419124,42256
native_to_wasm,720,210937,208944,419882,42256
native_to_wasm,721,210519,209606,420126,42256
native_to_wasm,722,210219,208924,419144,42256
native_to_wasm,723,212045,208920,420966,42256
native_to_wasm,724,210253,209942,420196,42256
native_to_wasm,725,210245,208940,419186,42256
native_to_wasm,726,210133,209606,419740,42256
native_to_wasm,727,210219,208818,419038,42256
native_to_wasm,728,210947,208938,419886,42256
native_to_wasm,729,210525,209642,420168,42256
native_to_wasm,730,210233,208914,419148,42256
native_to_wasm,731,211117,208946,420064,42256
native_to_wasm,732,210235,210096,420332,42256
native_to_wasm,733,210219,208922,419142,42256
native_to_wasm,734,210127,209638,419766,42256
native_to_wasm,735,210223,208832,419056,42256
native_to_wasm,736,210929,208940,419870,42256
native_to_wasm,737,210455,209612,420068,42256
native_to_wasm,738,210249,208940,419190,42256
native_to_wasm,739,211141,208936,420078,42256
native_to_wasm,740,210239,208872,419112,42256
native_to_wasm,741,211303,208924,420228,42256
native_to_wasm,742,210135,209616,419752,42256
native_to_wasm,743,210245,208852,419098,42256
native_to_wasm,744,210913,208920,419834,42256
native_to_wasm,745,211347,209638,420986,42256
native_to_wasm,746,210225,208922,419148,42256
native_to_wasm,747,211133,208948,420082,42256
native_to_wasm,748,210235,208812,419048,42256
native_to_wasm,749,211343,208932,420276,42256
native_to_wasm,750,210133,209606,419740,42256
native_to_wasm,751,210219,208864,419084,42256
native_to_wasm,752,210947,208938,419886,42256
native_to_wasm,753,210509,209726,420236,42256
native_to_wasm,754,210233,208918,419152,42256
native_to_wasm,755,211421,208932,420354,42256
native_to_wasm,756,210243,208860,419104,42256
native_to_wasm,757,210941,208940,419882,42256
native_to_wasm,758,210109,209642,419752,42256
native_to_wasm,759,210235,208864,419100,42256
native_to_wasm,760,210937,208942,419880,42256
native_to_wasm,761,210239,210588,420828,42256
native_to_wasm,762,210243,208940,419184,42256
native_to_wasm,763,211333,208954,420288,42256
native_to_wasm,764,210227,208814,419042,42256
native_to_wasm,765,210911,208922,419834,42256
native_to_wasm,766,210121,209636,419758,42256
native_to_wasm,767,210241,209266,419508,42256
native_to_wasm,768,210111,208948,419060,42256
native_to_wasm,769,210131,209606,419738,42256
native_to_wasm,770,210219,208862,419082,42256
native_to_wasm,771,210911,208922,419834,42256
native_to_wasm,772,211393,209632,421026,42256
native_to_wasm,773,210239,208940,419180,42256
native_to_wasm,774,211141,208934,420076,42256
native_to_wasm,775,210239,208850,419090,42256
native_to_wasm,776,211453,208938,420392,42256
native_to_wasm,777,210123,209638,419762,42256
native_to_wasm,778,210221,208830,419052,42256
native_to_wasm,779,210933,208938,419872,42256
native_to_wasm,780,211333,209632,420966,42256
native_to_wasm,781,210249,208944,419194,42256
native_to_wasm,782,211137,208932,420070,42256
native_to_wasm,783,210245,208850,419096,42256
native_to_wasm,784,211253,208932,420186,42256
native_to_wasm,785,210133,209606,419740,42256
native_to_wasm,786,210219,208864,419084,42256
native_to_wasm,787,210947,208938,419886,42256
native_to_wasm,788,210509,209726,420236,42256
native_to_wasm,789,210233,208918,419152,42256
native_to_wasm,790,211421,208932,420354,42256
native_to_wasm,791,210243,208860,419104,42256
native_to_wasm,792,210941,208940,419882,42256
native_to_wasm,793,210109,209642,419752,42256
native_to_wasm,794,210235,208864,419100,42256
native_to_wasm,795,210937,208942,419880,42256
native_to_wasm,796,210239,210588,420828,42256
native_to_wasm,797,210243,208940,419184,42256
native_to_wasm,798,211333,208954,420288,42256
native_to_wasm,799,210227,208814,419042,42256
native_to_wasm,800,210911,208922,419834,42256
native_to_wasm,801,210121,209636,419758,42256
native_to_wasm,802,210241,209266,419508,42256
native_to_wasm,803,210911,208918,419830,42256
native_to_wasm,804,210219,210762,420982,42256
native_to_wasm,805,210239,208940,419180,42256
native_to_wasm,806,211355,208916,420272,42256
native_to_wasm,807,210219,208864,419084,42256
native_to_wasm,808,210911,208920,419832,42256
native_to_wasm,809,210129,209632,419762,42256
native_to_wasm,810,210233,209238,419472,42256
native_to_wasm,811,210931,208948,419880,42256
native_to_wasm,812,210233,209836,420070,42256
native_to_wasm,813,210237,208942,419180,42256
native_to_wasm,814,211425,208950,420376,42256
native_to_wasm,815,210237,208852,419090,42256
native_to_wasm,816,210913,208922,419836,42256
native_to_wasm,817,210121,209658,419780,42256
native_to_wasm,818,210241,209390,419632,42256
native_to_wasm,819,210937,208942,419880,42256
native_to_wasm,820,210241,209834,420076,42256
native_to_wasm,821,210235,208948,419184,42256
native_to_wasm,822,211043,208934,419978,42256
native_to_wasm,823,210241,208872,419114,42256
native_to_wasm,824,210911,208926,419838,42256
native_to_wasm,825,210125,209638,419764,42256
native_to_wasm,826,210223,210615,420839,42256
native_to_wasm,827,210938,208942,419881,42256
native_to_wasm,828,210247,209834,420082,42256
native_to_wasm,829,210221,208932,419154,42256
native_to_wasm,830,210133,210144,420278,42256
native_to_wasm,831,210243,208864,419108,42256
native_to_wasm,832,210933,208946,419880,42256
native_to_wasm,833,210129,209606,419736,42256
native_to_wasm,834,210219,209223,419443,42256
native_to_wasm,835,211378,208922,420301,42256
native_to_wasm,836,210247,209842,420090,42256
native_to_wasm,837,210217,208932,419150,42256
native_to_wasm,838,210133,209612,419746,42256
native_to_wasm,839,210247,208864,419112,42256
native_to_wasm,840,210933,208946,419880,42256
native_to_wasm,841,210105,209606,419712,42256
native_to_wasm,842,210217,208932,419150,42256
native_to_wasm,843,212455,208920,421376,42256
native_to_wasm,844,210255,210108,420364,42256
native_to_wasm,845,210221,208932,419154,42256
native_to_wasm,846,210137,209640,419778,42256
native_to_wasm,847,210259,208864,419124,42256
native_to_wasm,848,210937,208944,419882,42256
native_to_wasm,849,210519,209606,420126,42256
native_to_wasm,850,210219,208924,419144,42256
native_to_wasm,851,212045,208920,420966,42256
native_to_wasm,852,210253,209942,420196,42256
native_to_wasm,853,210245,208940,419186,42256
native_to_wasm,854,210133,209606,419740,42256
native_to_wasm,855,210219,208818,419038,42256
native_to_wasm,856,210947,208938,419886,42256
native_to_wasm,857,210525,209642,420168,42256
native_to_wasm,858,210233,208914,419148,42256
native_to_wasm,859,211117,208946,420064,42256
native_to_wasm,860,210235,210096,420332,42256
native_to_wasm,861,210219,208922,419142,42256
native_to_wasm,862,210127,209638,419766,42256
native_to_wasm,863,210223,208832,419056,42256
native_to_wasm,864,210929,208940,419870,42256
native_to_wasm,865,210455,209612,420068,42256
native_to_wasm,866,210249,208940,419190,42256
native_to_wasm,867,211141,208936,420078,42256
native_to_wasm,868,210239,208872,419112,42256
native_to_wasm,869,211303,208924,420228,42256
native_to_wasm,870,210135,209616,419752,42256
native_to_wasm,871,210245,208852,419098,42256
native_to_wasm,872,210913,208920,419834,42256
native_to_wasm,873,211347,209638,420986,42256
native_to_wasm,874,210225,208922,419148,42256
native_to_wasm,875,211133,208948,420082,42256
native_to_wasm,876,210235,208812,419048,42256
native_to_wasm,877,211343,208932,420276,42256
native_to_wasm,878,210133,209606,419740,42256
native_to_wasm,879,210219,208864,419084,42256
native_to_wasm,880,210947,208938,419886,42256
native_to_wasm,881,210509,209726,420236,42256
native_to_wasm,882,210233,208918,419152,42256
native_to_wasm,883,211421,208932,420354,42256
native_to_wasm,884,210243,208860,419104,42256
native_to_wasm,885,210941,208940,419882,42256
native_to_wasm,886,210109,209642,419752,42256
native_to_wasm,887,210235,208864,419100,42256
native_to_wasm,888,210937,208942,419880,42256
native_to_wasm,889,210239,210588,420828,42256
native_to_wasm,890,210243,208940,419184,42256
native_to_wasm,891,211333,208954,420288,42256
native_to_wasm,892,210227,208814,419042,42256
native_to_wasm,893,210911,208922,419834,42256
native_to_wasm,894,210121,209636,419758,42256
native_to_wasm,895,210241,209266,419508,42256
native_to_wasm,896,210111,208948,419060,42256
native_to_wasm,897,210131,209606,419738,42256
native_to_wasm,898,210219,208862,419082,42256
native_to_wasm,899,210911,208922,419834,42256
native_to_wasm,900,211393,209632,421026,42256
native_to_wasm,901,210239,208940,419180,42256
native_to_wasm,902,211141,208934,420076,42256
native_to_wasm,903,210239,208850,419090,42256
native_to_wasm,904,211453,208938,420392,42256
native_to_wasm,905,210123,209638,419762,42256
native_to_wasm,906,210221,208830,419052,42256
native_to_wasm,907,210933,208938,419872,42256
native_to_wasm,908,211333,209632,420966,42256
native_to_wasm,909,210249,208944,419194,42256
native_to_wasm,910,211137,208932,420070,42256
native_to_wasm,911,210245,208850,419096,42256
native_to_wasm,912,211253,208932,420186,42256
native_to_wasm,913,210133,209606,419740,42256
native_to_wasm,914,210219,208864,419084,42256
native_to_wasm,915,210947,208938,419886,42256
native_to_wasm,916,210509,209726,420236,42256
native_to_wasm,917,210233,208918,419152,42256
native_to_wasm,918,211421,208932,420354,42256
native_to_wasm,919,210243,208860,419104,42256
native_to_wasm,920,210941,208940,419882,42256
native_to_wasm,921,210109,209642,419752,42256
native_to_wasm,922,210235,208864,419100,42256
native_to_wasm,923,210937,208942,419880,42256
native_to_wasm,924,210239,210588,420828,42256
native_to_wasm,925,210243,208940,419184,42256
native_to_wasm,926,211333,208954,420288,42256
native_to_wasm,927,210227,208814,419042,42256
native_to_wasm,928,210911,208922,419834,42256
native_to_wasm,929,210121,209636,419758,42256
native_to_wasm,930,210241,209266,419508,42256
native_to_wasm,931,210911,208918,419830,42256
native_to_wasm,932,210219,210762,420982,42256
native_to_wasm,933,210239,208940,419180,42256
native_to_wasm,934,211355,208916,420272,42256
native_to_wasm,935,210219,208864,419084,42256
native_to_wasm,936,210911,208920,419832,42256
native_to_wasm,937,210129,209632,419762,42256
native_to_wasm,938,210233,209238,419472,42256
native_to_wasm,939,210931,208948,419880,42256
native_to_wasm,940,210233,209836,420070,42256
native_to_wasm,941,210237,208942,419180,42256
native_to_wasm,942,211425,208950,420376,42256
native_to_wasm,943,210237,208852,419090,42256
native_to_wasm,944,210913,208922,419836,42256
native_to_wasm,945,210121,209658,419780,42256
native_to_wasm,946,210241,209390,419632,42256
native_to_wasm,947,210937,208942,419880,42256
native_to_wasm,948,210241,209834,420076,42256
native_to_wasm,949,210235,208948,419184,42256
native_to_wasm,950,211043,208934,419978,42256
native_to_wasm,951,210241,208872,419114,42256
native_to_wasm,952,210911,208926,419838,42256
native_to_wasm,953,210125,209638,419764,42256
native_to_wasm,954,210223,210615,420839,42256
native_to_wasm,955,210938,208942,419881,42256
native_to_wasm,956,210247,209834,420082,42256
native_to_wasm,957,210221,208932,419154,42256
native_to_wasm,958,210133,210144,420278,42256
native_to_wasm,959,210243,208864,419108,42256
native_to_wasm,960,210933,208946,419880,42256
native_to_wasm,961,210129,209606,419736,42256
native_to_wasm,962,210219,209223,419443,42256
native_to_wasm,963,211378,208922,420301,42256
native_to_wasm,964,210247,209842,420090,42256
native_to_wasm,965,210217,208932,419150,42256
native_to_wasm,966,210133,209612,419746,42256
native_to_wasm,967,210247,208864,419112,42256
native_to_wasm,968,210933,208946,419880,42256
native_to_wasm,969,210105,209606,419712,42256
native_to_wasm,970,210217,208932,419150,42256
native_to_wasm,971,212455,208920,421376,42256
native_to_wasm,972,210255,210108,420364,42256
native_to_wasm,973,210221,208932,419154,42256
native_to_wasm,974,210137,209640,419778,42256
native_to_wasm,975,210259,208864,419124,42256
native_to_wasm,976,210937,208944,419882,42256
native_to_wasm,977,210519,209606,420126,42256
native_to_wasm,978,210219,208924,419144,42256
native_to_wasm,979,212045,208920,420966,42256
native_to_wasm,980,210253,209942,420196,42256
native_to_wasm,981,210245,208940,419186,42256
native_to_wasm,982,210133,209606,419740,42256
native_to_wasm,983,210219,208818,419038,42256
native_to_wasm,984,210947,208938,419886,42256
native_to_wasm,985,210525,209642,420168,42256
native_to_wasm,986,210233,208914,419148,42256
native_to_wasm,987,211117,208946,420064,42256
native_to_wasm,988,210235,210096,420332,42256
native_to_wasm,989,210219,208922,419142,42256
native_to_wasm,990,210127,209638,419766,42256
native_to_wasm,991,210223,208832,419056,42256
native_to_wasm,992,210929,208940,419870,42256
native_to_wasm,993,210455,209612,420068,42256
native_to_wasm,994,210249,208940,419190,42256
native_to_wasm,995,211141,208936,420078,42256
native_to_wasm,996,210239,208872,419112,42256
native_to_wasm,997,211303,208924,420228,42256
native_to_wasm,998,210135,209616,419752,42256
native_to_wasm,999,210245,208852,419098,42256
native_to_wasm,1000,210913,208920,419834,42256
native_to_wasm,1001,211347,209638,420986,42256
native_to_wasm,1002,210225,208922,419148,42256
native_to_wasm,1003,211133,208948,420082,42256
native_to_wasm,1004,210235,208812,419048,42256
native_to_wasm,1005,211343,208932,420276,42256
native_to_wasm,1006,210133,209606,419740,42256
native_to_wasm,1007,210219,208864,419084,42256
native_to_wasm,1008,210947,208938,419886,42256
native_to_wasm,1009,210509,209726,420236,42256
native_to_wasm,1010,210233,208918,419152,42256
native_to_wasm,1011,211421,208932,420354,42256
native_to_wasm,1012,210243,208860,419104,42256
native_to_wasm,1013,210941,208940,419882,42256
native_to_wasm,1014,210109,209642,419752,42256
native_to_wasm,1015,210235,208864,419100,42256
native_to_wasm,1016,210937,208942,419880,42256
native_to_wasm,1017,210239,210588,420828,42256
native_to_wasm,1018,210243,208940,419184,42256
native_to_wasm,1019,211333,208954,420288,42256
native_to_wasm,1020,210227,208814,419042,42256
native_to_wasm,1021,210911,208922,419834,42256
native_to_wasm,1022,210121,209636,419758,42256
native_to_wasm,1023,210241,209266,419508,42256
native_to_wasm,1024,210111,208948,419060,42256
native_to_wasm,1025,210131,209606,419738,42256
native_to_wasm,1026,210219,208862,419082,42256
native_to_wasm,1027,210911,208922,419834,42256
native_to_wasm,1028,211393,209632,421026,42256
native_to_wasm,1029,210239,208940,419180,42256
native_to_wasm,1030,211141,208934,420076,42256
native_to_wasm,1031,210239,208850,419090,42256
native_to_wasm,1032,211453,208938,420392,42256
native_to_wasm,1033,210123,209638,419762,42256
native_to_wasm,1034,210221,208830,419052,42256
native_to_wasm,1035,210933,208938,419872,42256
native_to_wasm,1036,211333,209632,420966,42256
native_to_wasm,1037,210249,208944,419194,42256
native_to_wasm,1038,211137,208932,420070,42256
native_to_wasm,1039,210245,208850,419096,42256
native_to_wasm,1040,211253,208932,420186,42256
native_to_wasm,1041,210133,209606,419740,42256
native_to_wasm,1042,210219,208864,419084,42256
native_to_wasm,1043,210947,208938,419886,42256
native_to_wasm,1044,210509,209726,420236,42256
native_to_wasm,1045,210233,208918,419152,42256
native_to_wasm,1046,211421,208932,420354,42256
native_to_wasm,1047,210243,208860,419104,42256
native_to_wasm,1048,210941,208940,419882,42256
native_to_wasm,1049,210109,209642,419752,42256
native_to_wasm,1050,210235,208864,419100,42256
native_to_wasm,1051,210937,208942,419880,42256
native_to_wasm,1052,210239,210588,420828,42256
native_to_wasm,1053,210243,208940,419184,42256
native_to_wasm,1054,211333,208954,420288,42256
native_to_wasm,1055,210227,208814,419042,42256
native_to_wasm,1056,210911,208922,419834,42256
native_to_wasm,1057,210121,209636,419758,42256
native_to_wasm,1058,210241,209266,419508,42256
native_to_wasm,1059,210911,208918,419830,42256
native_to_wasm,1060,210219,210762,420982,42256
native_to_wasm,1061,210239,208940,419180,42256
native_to_wasm,1062,211355,208916,420272,42256
native_to_wasm,1063,210219,208864,419084,42256
native_to_wasm,1064,210911,208920,419832,42256
native_to_wasm,1065,210129,209632,419762,42256
native_to_wasm,1066,210233,209238,419472,42256
native_to_wasm,1067,210931,208948,419880,42256
native_to_wasm,1068,210233,209836,420070,42256
native_to_wasm,1069,210237,208942,419180,42256
native_to_wasm,1070,211425,208950,420376,42256
native_to_wasm,1071,210237,208852,419090,42256
native_to_wasm,1072,210913,208922,419836,42256
native_to_wasm,1073,210121,209658,419780,42256
native_to_wasm,1074,210241,209390,419632,42256
native_to_wasm,1075,210937,208942,419880,42256
native_to_wasm,1076,210241,209834,420076,42256
native_to_wasm,1077,210235,208948,419184,42256
native_to_wasm,1078,211043,208934,419978,42256
native_to_wasm,1079,210241,208872,419114,42256
native_to_wasm,1080,210911,208926,419838,42256
native_to_wasm,1081,210125,209638,419764,42256
native_to_wasm,1082,210223,210615,420839,42256
native_to_wasm,1083,210938,208942,419881,42256
native_to_wasm,1084,210247,209834,420082,42256
native_to_wasm,1085,210221,208932,419154,42256
native_to_wasm,1086,210133,210144,420278,42256
native_to_wasm,1087,210243,208864,419108,42256
native_to_wasm,1088,210933,208946,419880,42256
native_to_wasm,1089,210129,209606,419736,42256
native_to_wasm,1090,210219,209223,419443,42256
native_to_wasm,1091,211378,208922,420301,42256
native_to_wasm,1092,210247,209842,420090,42256
native_to_wasm,1093,210217,208932,419150,42256
native_to_wasm,1094,210133,209612,419746,42256
native_to_wasm,1095,210247,208864,419112,42256
native_to_wasm,1096,210933,208946,419880,42256
native_to_wasm,1097,210105,209606,419712,42256
native_to_wasm,1098,210217,208932,419150,42256
native_to_wasm,1099,212455,208920,421376,42256
native_to_wasm,1100,210255,210108,420364,42256
native_to_wasm,1101,210221,208932,419154,42256
native_to_wasm,1102,210137,209640,419778,42256
native_to_wasm,1103,210259,208864,419124,42256
native_to_wasm,1104,210937,208944,419882,42256
native_to_wasm,1105,210519,209606,420126,42256
native_to_wasm,1106,210219,208924,419144,42256
native_to_wasm,1107,212045,208920,420966,42256
native_to_wasm,1108,210253,209942,420196,42256
native_to_wasm,1109,210245,208940,419186,42256
native_to_wasm,1110,210133,209606,419740,42256
native_to_wasm,1111,210219,208818,419038,42256
native_to_wasm,1112,210947,208938,419886,42256
native_to_wasm,1113,210525,209642,420168,42256
native_to_wasm,1114,210233,208914,419148,42256
native_to_wasm,1115,211117,208946,420064,42256
native_to_wasm,1116,210235,210096,420332,42256
native_to_wasm,1117,210219,208922,419142,42256
native_to_wasm,1118,210127,209638,419766,42256
native_to_wasm,1119,210223,208832,419056,42256
native_to_wasm,1120,210929,208940,419870,42256
native_to_wasm,1121,210455,209612,420068,42256
native_to_wasm,1122,210249,208940,419190,42256
native_to_wasm,1123,211141,208936,420078,42256
native_to_wasm,1124,210239,208872,419112,42256
native_to_wasm,1125,211303,208924,420228,42256
native_to_wasm,1126,210135,209616,419752,42256
native_to_wasm,1127,210245,208852,419098,42256
native_to_wasm,1128,210913,208920,419834,42256
native_to_wasm,1129,211347,209638,420986,42256
native_to_wasm,1130,210225,208922,419148,42256
native_to_wasm,1131,211133,208948,420082,42256
native_to_wasm,1132,210235,208812,419048,42256
native_to_wasm,1133,211343,208932,420276,42256
native_to_wasm,1134,210133,209606,419740,42256
native_to_wasm,1135,210219,208864,419084,42256
native_to_wasm,1136,210947,208938,419886,42256
native_to_wasm,1137,210509,209726,420236,42256
native_to_wasm,1138,210233,208918,419152,42256
native_to_wasm,1139,211421,208932,420354,42256
native_to_wasm,1140,210243,208860,419104,42256
native_to_wasm,1141,210941,208940,419882,42256
native_to_wasm,1142,210109,209642,419752,42256
native_to_wasm,1143,210235,208864,419100,42256
native_to_wasm,1144,210937,208942,419880,42256
native_to_wasm,1145,210239,210588,420828,42256
native_to_wasm,1146,210243,208940,419184,42256
native_to_wasm,1147,211333,208954,420288,42256
native_to_wasm,1148,210227,208814,419042,42256
native_to_wasm,1149,210911,208922,419834,42256
native_to_wasm,1150,210121,209636,419758,42256
native_to_wasm,1151,210241,209266,419508,42256
native_to_wasm,1152,210111,208948,419060,42256
native_to_wasm,1153,210131,209606,419738,42256
native_to_wasm,1154,210219,208862,419082,42256
native_to_wasm,1155,210911,208922,419834,42256
native_to_wasm,1156,211393,209632,421026,42256
native_to_wasm,1157,210239,208940,419180,42256
native_to_wasm,1158,211141,208934,420076,42256
native_to_wasm,1159,210239,208850,419090,42256
native_to_wasm,1160,211453,208938,420392,42256
native_to_wasm,1161,210123,209638,419762,42256
native_to_wasm,1162,210221,208830,419052,42256
native_to_wasm,1163,210933,208938,419872,42256
native_to_wasm,1164,211333,209632,420966,42256
native_to_wasm,1165,210249,208944,419194,42256
native_to_wasm,1166,211137,208932,420070,42256
native_to_wasm,1167,210245,208850,419096,42256
native_to_wasm,1168,211253,208932,420186,42256
native_to_wasm,1169,210133,209606,419740,42256
native_to_wasm,1170,210219,208864,419084,42256
native_to_wasm,1171,210947,208938,419886,42256
native_to_wasm,1172,210509,209726,420236,42256
native_to_wasm,1173,210233,208918,419152,42256
native_to_wasm,1174,211421,208932,420354,42256
native_to_wasm,1175,210243,208860,419104,42256
native_to_wasm,1176,210941,208940,419882,42256
native_to_wasm,1177,210109,209642,419752,42256
native_to_wasm,1178,210235,208864,419100,42256
native_to_wasm,1179,210937,208942,419880,42256
native_to_wasm,1180,210239,210588,420828,42256
native_to_wasm,1181,210243,208940,419184,42256
native_to_wasm,1182,211333,208954,420288,42256
native_to_wasm,1183,210227,208814,419042,42256
native_to_wasm,1184,210911,208922,419834,42256
native_to_wasm,1185,210121,209636,419758,42256
native_to_wasm,1186,210241,209266,419508,42256
native_to_wasm,1187,210911,208918,419830,42256
native_to_wasm,1188,210219,210762,420982,42256
native_to_wasm,1189,210239,208940,419180,42256
native_to_wasm,1190,211355,208916,420272,42256
native_to_wasm,1191,210219,208864,419084,42256
native_to_wasm,1192,210911,208920,419832,42256
native_to_wasm,1193,210129,209632,419762,42256
native_to_wasm,1194,210233,209238,419472,42256
native_to_wasm,1195,210931,208948,419880,42256
native_to_wasm,1196,210233,209836,420070,42256
native_to_wasm,1197,210237,208942,419180,42256
native_to_wasm,1198,211425,208950,420376,42256
native_to_wasm,1199,210237,208852,419090,42256
native_to_wasm,1200,210913,208922,419836,42256
native_to_wasm,1201,210121,209658,419780,42256
native_to_wasm,1202,210241,209390,419632,42256
native_to_wasm,1203,210937,208942,419880,42256
native_to_wasm,1204,210241,209834,420076,42256
native_to_wasm,1205,210235,208948,419184,42256
native_to_wasm,1206,211043,208934,419978,42256
native_to_wasm,1207,210241,208872,419114,42256
native_to_wasm,1208,210911,208926,419838,42256
native_to_wasm,1209,210125,209638,419764,42256
native_to_wasm,1210,210223,210615,420839,42256
native_to_wasm,1211,210938,208942,419881,42256
native_to_wasm,1212,210247,209834,420082,42256
native_to_wasm,1213,210221,208932,419154,42256
native_to_wasm,1214,210133,210144,420278,42256
native_to_wasm,1215,210243,208864,419108,42256
native_to_wasm,1216,210933,208946,419880,42256
native_to_wasm,1217,210129,209606,419736,42256
native_to_wasm,1218,210219,209223,419443,42256
native_to_wasm,1219,211378,208922,420301,42256
native_to_wasm,1220,210247,209842,420090,42256
native_to_wasm,1221,210217,208932,419150,42256
native_to_wasm,1222,210133,209612,419746,42256
native_to_wasm,1223,210247,208864,419112,42256
native_to_wasm,1224,210933,208946,419880,42256
native_to_wasm,1225,210105,209606,419712,42256
native_to_wasm,1226,210217,208932,419150,42256
native_to_wasm,1227,212455,208920,421376,42256
native_to_wasm,1228,210255,210108,420364,42256
native_to_wasm,1229,210221,208932,419154,42256
native_to_wasm,1230,210137,209640,419778,42256
native_to_wasm,1231,210259,208864,419124,42256
native_to_wasm,1232,210937,208944,419882,42256
native_to_wasm,1233,210519,209606,420126,42256
native_to_wasm,1234,210219,208924,419144,42256
native_to_wasm,1235,212045,208920,420966,42256
native_to_wasm,1236,210253,209942,420196,42256
native_to_wasm,1237,210245,208940,419186,42256
native_to_wasm,1238,210133,209606,419740,42256
native_to_wasm,1239,210219,208818,419038,42256
native_to_wasm,1240,210947,208938,419886,42256
native_to_wasm,1241,210525,209642,420168,42256
native_to_wasm,1242,210233,208914,419148,42256
native_to_wasm,1243,211117,208946,420064,42256
native_to_wasm,1244,210235,210096,420332,42256
native_to_wasm,1245,210219,208922,419142,42256
native_to_wasm,1246,210127,209638,419766,42256
native_to_wasm,1247,210223,208832,419056,42256
native_to_wasm,1248,210929,208940,419870,42256
native_to_wasm,1249,210455,209612,420068,42256
native_to_wasm,1250,210249,208940,419190,42256
native_to_wasm,1251,211141,208936,420078,42256
native_to_wasm,1252,210239,208872,419112,42256
native_to_wasm,1253,211303,208924,420228,42256
native_to_wasm,1254,210135,209616,419752,42256
native_to_wasm,1255,210245,208852,419098,42256
native_to_wasm,1256,210913,208920,419834,42256
native_to_wasm,1257,211347,209638,420986,42256
native_to_wasm,1258,210225,208922,419148,42256
native_to_wasm,1259,211133,208948,420082,42256
native_to_wasm,1260,210235,208812,419048,42256
native_to_wasm,1261,211343,208932,420276,42256
native_to_wasm,1262,210133,209606,419740,42256
native_to_wasm,1263,210219,208864,419084,42256
native_to_wasm,1264,210947,208938,419886,42256
native_to_wasm,1265,210509,209726,420236,42256
native_to_wasm,1266,210233,208918,419152,42256
native_to_wasm,1267,211421,208932,420354,42256
native_to_wasm,1268,210243,208860,419104,42256
native_to_wasm,1269,210941,208940,419882,42256
native_to_wasm,1270,210109,209642,419752,42256
native_to_wasm,1271,210235,208864,419100,42256
native_to_wasm,1272,210937,208942,419880,42256
native_to_wasm,1273,210239,210588,420828,42256
native_to_wasm,1274,210243,208940,419184,42256
native_to_wasm,1275,211333,208954,420288,42256
native_to_wasm,1276,210227,208814,419042,42256
native_to_wasm,1277,210911,208922,419834,42256
native_to_wasm,1278,210121,209636,419758,42256
native_to_wasm,1279,210241,209266,419508,42256
native_to_wasm,1280,210111,208948,419060,42256
native_to_wasm,1281,210131,209606,419738,42256
native_to_wasm,1282,210219,208862,419082,42256
native_to_wasm,1283,210911,208922,419834,42256
native_to_wasm,1284,211393,209632,421026,42256
native_to_wasm,1285,210239,208940,419180,42256
native_to_wasm,1286,211141,208934,420076,42256
native_to_wasm,1287,210239,208850,419090,42256
native_to_wasm,1288,211453,208938,420392,42256
native_to_wasm,1289,210123,209638,419762,42256
native_to_wasm,1290,210221,208830,419052,42256
native_to_wasm,1291,210933,208938,419872,42256
native_to_wasm,1292,211333,209632,420966,42256
native_to_wasm,1293,210249,208944,419194,42256
native_to_wasm,1294,211137,208932,420070,42256
native_to_wasm,1295,210245,208850,419096,42256
native_to_wasm,1296,211253,208932,420186,42256
native_to_wasm,1297,210133,209606,419740,42256
native_to_wasm,1298,210219,208864,419084,42256
native_to_wasm,1299,210947,208938,419886,42256
native_to_wasm,1300,210509,209726,420236,42256
native_to_wasm,1301,210233,208918,419152,42256
native_to_wasm,1302,211421,208932,420354,42256
native_to_wasm,1303,210243,208860,419104,42256
native_to_wasm,1304,210941,208940,419882,42256
native_to_wasm,1305,210109,209642,419752,42256
native_to_wasm,1306,210235,208864,419100,42256
native_to_wasm,1307,210937,208942,419880,42256
native_to_wasm,1308,210239,210588,420828,42256
native_to_wasm,1309,210243,208940,419184,42256
native_to_wasm,1310,211333,208954,420288,42256
native_to_wasm,1311,210227,208814,419042,42256
native_to_wasm,1312,210911,208922,419834,42256
native_to_wasm,1313,210121,209636,419758,42256
native_to_wasm,1314,210241,209266,419508,42256
native_to_wasm,1315,210911,208918,419830,42256
native_to_wasm,1316,210219,210762,420982,42256
native_to_wasm,1317,210239,208940,419180,42256
native_to_wasm,1318,211355,208916,420272,42256
native_to_wasm,1319,210219,208864,419084,42256
native_to_wasm,1320,210911,208920,419832,42256
native_to_wasm,1321,210129,209632,419762,42256
native_to_wasm,1322,210233,209238,419472,42256
native_to_wasm,1323,210931,208948,419880,42256
native_to_wasm,1324,210233,209836,420070,42256
native_to_wasm,1325,210237,208942,419180,42256
native_to_wasm,1326,211425,208950,420376,42256
native_to_wasm,1327,210237,208852,419090,42256
native_to_wasm,1328,210913,208922,419836,42256
native_to_wasm,1329,210121,209658,419780,42256
native_to_wasm,1330,210241,209390,419632,42256
native_to_wasm,1331,210937,208942,419880,42256
native_to_wasm,1332,210241,209834,420076,42256
native_to_wasm,1333,210235,208948,419184,42256
native_to_wasm,1334,211043,208934,419978,42256
native_to_wasm,1335,210241,208872,419114,42256
native_to_wasm,1336,210911,208926,419838,42256
native_to_wasm,1337,210125,209638,419764,42256
native_to_wasm,1338,210223,210615,420839,42256
native_to_wasm,1339,210938,208942,419881,42256
native_to_wasm,1340,210247,209834,420082,42256
native_to_wasm,1341,210221,208932,419154,42256
native_to_wasm,1342,210133,210144,420278,42256
native_to_wasm,1343,210243,208864,419108,42256
native_to_wasm,1344,210933,208946,419880,42256
native_to_wasm,1345,210129,209606,419736,42256
native_to_wasm,1346,210219,209223,419443,42256
native_to_wasm,1347,211378,208922,420301,42256
native_to_wasm,1348,210247,209842,420090,42256
native_to_wasm,1349,210217,208932,419150,42256
native_to_wasm,1350,210133,209612,419746,42256
native_to_wasm,1351,210247,208864,419112,42256
native_to_wasm,1352,210933,208946,419880,42256
native_to_wasm,1353,210105,209606,419712,42256
native_to_wasm,1354,210217,208932,419150,42256
native_to_wasm,1355,212455,208920,421376,42256
native_to_wasm,1356,210255,210108,420364,42256
native_to_wasm,1357,210221,208932,419154,42256
native_to_wasm,1358,210137,209640,419778,42256
native_to_wasm,1359,210259,208864,419124,42256
native_to_wasm,1360,210937,208944,419882,42256
native_to_wasm,1361,210519,209606,420126,42256
native_to_wasm,1362,210219,208924,419144,42256
native_to_wasm,1363,212045,208920,420966,42256
native_to_wasm,1364,210253,209942,420196,42256
native_to_wasm,1365,210245,208940,419186,42256
native_to_wasm,1366,210133,209606,419740,42256
native_to_wasm,1367,210219,208818,419038,42256
native_to_wasm,1368,210947,208938,419886,42256
native_to_wasm,1369,210525,209642,420168,42256
native_to_wasm,1370,210233,208914,419148,42256
native_to_wasm,1371,211117,208946,420064,42256
native_to_wasm,1372,210235,210096,420332,42256
native_to_wasm,1373,210219,208922,419142,42256
native_to_wasm,1374,210127,209638,419766,42256
native_to_wasm,1375,210223,208832,419056,42256
native_to_wasm,1376,210929,208940,419870,42256
native_to_wasm,1377,210455,209612,420068,42256
native_to_wasm,1378,210249,208940,419190,42256
native_to_wasm,1379,211141,208936,420078,42256
native_to_wasm,1380,210239,208872,419112,42256
native_to_wasm,1381,211303,208924,420228,42256
native_to_wasm,1382,210135,209616,419752,42256
native_to_wasm,1383,210245,208852,419098,42256
native_to_wasm,1384,210913,208920,419834,42256
native_to_wasm,1385,211347,209638,420986,42256
native_to_wasm,1386,210225,208922,419148,42256
native_to_wasm,1387,211133,208948,420082,42256
native_to_wasm,1388,210235,208812,419048,42256
native_to_wasm,1389,211343,208932,420276,42256
native_to_wasm,1390,210133,209606,419740,42256
native_to_wasm,1391,210219,208864,419084,42256
native_to_wasm,1392,210947,208938,419886,42256
native_to_wasm,1393,210509,209726,420236,42256
native_to_wasm,1394,210233,208918,419152,42256
native_to_wasm,1395,211421,208932,420354,42256
native_to_wasm,1396,210243,208860,419104,42256
native_to_wasm,1397,210941,208940,419882,42256
native_to_wasm,1398,210109,209642,419752,42256
native_to_wasm,1399,210235,208864,419100,42256
native_to_wasm,1400,210937,208942,419880,42256
native_to_wasm,1401,210239,210588,420828,42256
native_to_wasm,1402,210243,208940,419184,42256
native_to_wasm,1403,211333,208954,420288,42256
native_to_wasm,1404,210227,208814,419042,42256
native_to_wasm,1405,210911,208922,419834,42256
native_to_wasm,1406,210121,209636,419758,42256
native_to_wasm,1407,210241,209266,419508,42256
native_to_wasm,1408,210111,208948,419060,42256
native_to_wasm,1409,210131,209606,419738,42256
native_to_wasm,1410,210219,208862,419082,42256
native_to_wasm,1411,210911,208922,419834,42256
native_to_wasm,1412,211393,209632,421026,42256
native_to_wasm,1413,210239,208940,419180,42256
native_to_wasm,1414,211141,208934,420076,42256
native_to_wasm,1415,210239,208850,419090,42256
native_to_wasm,1416,211453,208938,420392,42256
native_to_wasm,1417,210123,209638,419762,42256
native_to_wasm,1418,210221,208830,419052,42256
native_to_wasm,1419,210933,208938,419872,42256
native_to_wasm,1420,211333,209632,420966,42256
native_to_wasm,1421,210249,208944,419194,42256
native_to_wasm,1422,211137,208932,420070,42256
native_to_wasm,1423,210245,208850,419096,42256
native_to_wasm,1424,211253,208932,420186,42256
native_to_wasm,1425,210133,209606,419740,42256
native_to_wasm,1426,210219,208864,419084,42256
native_to_wasm,1427,210947,208938,419886,42256
native_to_wasm,1428,210509,209726,420236,42256
native_to_wasm,1429,210233,208918,419152,42256
native_to_wasm,1430,211421,208932,420354,42256
native_to_wasm,1431,210243,208860,419104,42256
native_to_wasm,1432,210941,208940,419882,42256
native_to_wasm,1433,210109,209642,419752,42256
native_to_wasm,1434,210235,208864,419100,42256
native_to_wasm,1435,210937,208942,419880,42256
native_to_wasm,1436,210239,210588,420828,42256
native_to_wasm,1437,210243,208940,419184,42256
native_to_wasm,1438,211333,208954,420288,42256
native_to_wasm,1439,210227,208814,419042,42256
native_to_wasm,1440,210911,208922,419834,42256
native_to_wasm,1441,210121,209636,419758,42256
native_to_wasm,1442,210241,209266,419508,42256
native_to_wasm,1443,210911,208918,419830,42256
native_to_wasm,1444,210219,210762,420982,42256
native_to_wasm,1445,210239,208940,419180,42256
native_to_wasm,1446,211355,208916,420272,42256
native_to_wasm,1447,210219,208864,419084,42256
native_to_wasm,1448,210911,208920,419832,42256
native_to_wasm,1449,210129,209632,419762,42256
native_to_wasm,1450,210233,209238,419472,42256
native_to_wasm,1451,210931,208948,419880,42256
native_to_wasm,1452,210233,209836,420070,42256
native_to_wasm,1453,210237,208942,419180,42256
native_to_wasm,1454,211425,208950,420376,42256
native_to_wasm,1455,210237,208852,419090,42256
native_to_wasm,1456,210913,208922,419836,42256
native_to_wasm,1457,210121,209658,419780,42256
native_to_wasm,1458,210241,209390,419632,42256
native_to_wasm,1459,210937,208942,419880,42256
native_to_wasm,1460,210241,209834,420076,42256
native_to_wasm,1461,210235,208948,419184,42256
native_to_wasm,1462,211043,208934,419978,42256
native_to_wasm,1463,210241,208872,419114,42256
native_to_wasm,1464,210911,208926,419838,42256
native_to_wasm,1465,210125,209638,419764,42256
native_to_wasm,1466,210223,210615,420839,42256
native_to_wasm,1467,210938,208942,419881,42256
native_to_wasm,1468,210247,209834,420082,42256
native_to_wasm,1469,210221,208932,419154,42256
native_to_wasm,1470,210133,210144,420278,42256
native_to_wasm,1471,210243,208864,419108,42256
native_to_wasm,1472,210933,208946,419880,42256
native_to_wasm,1473,210129,209606,419736,42256
native_to_wasm,1474,210219,209223,419443,42256
native_to_wasm,1475,211378,208922,420301,42256
native_to_wasm,1476,210247,209842,420090,42256
native_to_wasm,1477,210217,208932,419150,42256
native_to_wasm,1478,210133,209612,419746,42256
native_to_wasm,1479,210247,208864,419112,42256
native_to_wasm,1480,210933,208946,419880,42256
native_to_wasm,1481,210105,209606,419712,42256
native_to_wasm,1482,210217,208932,419150,42256
native_to_wasm,1483,212455,208920,421376,42256
native_to_wasm,1484,210255,210108,420364,42256
native_to_wasm,1485,210221,208932,419154,42256
native_to_wasm,1486,210137,209640,419778,42256
native_to_wasm,1487,210259,208864,419124,42256
native_to_wasm,1488,210937,208944,419882,42256
native_to_wasm,1489,210519,209606,420126,42256
native_to_wasm,1490,210219,208924,419144,42256
native_to_wasm,1491,212045,208920,420966,42256
native_to_wasm,1492,210253,209942,420196,42256
native_to_wasm,1493,210245,208940,419186,42256
native_to_wasm,1494,210133,209606,419740,42256
native_to_wasm,1495,210219,208818,419038,42256
native_to_wasm,1496,210947,208938,419886,42256
native_to_wasm,1497,210525,209642,420168,42256
native_to_wasm,1498,210233,208914,419148,42256
native_to_wasm,1499,211117,208946,420064,42256
native_to_wasm,1500,210235,210096,420332,42256
native_to_wasm,1501,210219,208922,419142,42256
native_to_wasm,1502,210127,209638,419766,42256
native_to_wasm,1503,210223,208832,419056,42256
native_to_wasm,1504,210929,208940,419870,42256
native_to_wasm,1505,210455,209612,420068,42256
native_to_wasm,1506,210249,208940,419190,42256
native_to_wasm,1507,211141,208936,420078,42256
native_to_wasm,1508,210239,208872,419112,42256
native_to_wasm,1509,211303,208924,420228,42256
native_to_wasm,1510,210135,209616,419752,42256
native_to_wasm,1511,210245,208852,419098,42256
native_to_wasm,1512,210913,208920,419834,42256
native_to_wasm,1513,211347,209638,420986,42256
native_to_wasm,1514,210225,208922,419148,42256
native_to_wasm,1515,211133,208948,420082,42256
native_to_wasm,1516,210235,208812,419048,42256
native_to_wasm,1517,211343,208932,420276,42256
native_to_wasm,1518,210133,209606,419740,42256
native_to_wasm,1519,210219,208864,419084,42256
native_to_wasm,1520,210947,208938,419886,42256
native_to_wasm,1521,210509,209726,420236,42256
native_to_wasm,1522,210233,208918,419152,42256
native_to_wasm,1523,211421,208932,420354,42256
native_to_wasm,1524,210243,208860,419104,42256
native_to_wasm,1525,210941,208940,419882,42256
native_to_wasm,1526,210109,209642,419752,42256
native_to_wasm,1527,210235,208864,419100,42256
native_to_wasm,1528,210937,208942,419880,42256
native_to_wasm,1529,210239,210588,420828,42256
native_to_wasm,1530,210243,208940,419184,42256
native_to_wasm,1531,211333,208954,420288,42256
native_to_wasm,1532,210227,208814,419042,42256
native_to_wasm,1533,210911,208922,419834,42256
native_to_wasm,1534,210121,209636,419758,42256
native_to_wasm,1535,210241,209266,419508,42256
native_to_wasm,1536,210111,208948,419060,42256
native_to_wasm,1537,210131,209606,419738,42256
native_to_wasm,1538,210219,208862,419082,42256
native_to_wasm,1539,210911,208922,419834,42256
native_to_wasm,1540,211393,209632,421026,42256
native_to_wasm,1541,210239,208940,419180,42256
native_to_wasm,1542,211141,208934,420076,42256
native_to_wasm,1543,210239,208850,419090,42256
native_to_wasm,1544,211453,208938,420392,42256
native_to_wasm,1545,210123,209638,419762,42256
native_to_wasm,1546,210221,208830,419052,42256
native_to_wasm,1547,210933,208938,419872,42256
native_to_wasm,1548,211333,209632,420966,42256
native_to_wasm,1549,210249,208944,419194,42256
native_to_wasm,1550,211137,208932,420070,42256
native_to_wasm,1551,210245,208850,419096,42256
native_to_wasm,1552,211253,208932,420186,42256
native_to_wasm,1553,210133,209606,419740,42256
native_to_wasm,1554,210219,208864,419084,42256
native_to_wasm,1555,210947,208938,419886,42256
native_to_wasm,1556,210509,209726,420236,42256
native_to_wasm,1557,210233,208918,419152,42256
native_to_wasm,1558,211421,208932,420354,42256
native_to_wasm,1559,210243,208860,419104,42256
native_to_wasm,1560,210941,208940,419882,42256
native_to_wasm,1561,210109,209642,419752,42256
native_to_wasm,1562,210235,208864,419100,42256
native_to_wasm,1563,210937,208942,419880,42256
native_to_wasm,1564,210239,210588,420828,42256
native_to_wasm,1565,210243,208940,419184,42256
native_to_wasm,1566,211333,208954,420288,42256
native_to_wasm,1567,210227,208814,419042,42256
native_to_wasm,1568,210911,208922,419834,42256
native_to_wasm,1569,210121,209636,419758,42256
native_to_wasm,1570,210241,209266,419508,42256
native_to_wasm,1571,210911,208918,419830,42256
native_to_wasm,1572,210219,210762,420982,42256
native_to_wasm,1573,210239,208940,419180,42256
native_to_wasm,1574,211355,208916,420272,42256
native_to_wasm,1575,210219,208864,419084,42256
native_to_wasm,1576,210911,208920,419832,42256
native_to_wasm,1577,210129,209632,419762,42256
native_to_wasm,1578,210233,209238,419472,42256
native_to_wasm,1579,210931,208948,419880,42256
native_to_wasm,1580,210233,209836,420070,42256
native_to_wasm,1581,210237,208942,419180,42256
native_to_wasm,1582,211425,208950,420376,42256
native_to_wasm,1583,210237,208852,419090,42256
native_to_wasm,1584,210913,208922,419836,42256
native_to_wasm,1585,210121,209658,419780,42256
native_to_wasm,1586,210241,209390,419632,42256
native_to_wasm,1587,210937,208942,419880,42256
native_to_wasm,1588,210241,209834,420076,42256
native_to_wasm,1589,210235,208948,419184,42256
native_to_wasm,1590,211043,208934,419978,42256
native_to_wasm,1591,210241,208872,419114,42256
native_to_wasm,1592,210911,208926,419838,42256
native_to_wasm,1593,210125,209638,419764,42256
native_to_wasm,1594,210223,210615,420839,42256
native_to_wasm,1595,210938,208942,419881,42256
native_to_wasm,1596,210247,209834,420082,42256
native_to_wasm,1597,210221,208932,419154,42256
native_to_wasm,1598,210133,210144,420278,42256
native_to_wasm,1599,210243,208864,419108,42256
native_to_wasm,1600,210933,208946,419880,42256
native_to_wasm,1601,210129,209606,419736,42256
native_to_wasm,1602,210219,209223,419443,42256
native_to_wasm,1603,211378,208922,420301,42256
native_to_wasm,1604,210247,209842,420090,42256
native_to_wasm,1605,210217,208932,419150,42256
native_to_wasm,1606,210133,209612,419746,42256
native_to_wasm,1607,210247,208864,419112,42256
native_to_wasm,1608,210933,208946,419880,42256
native_to_wasm,1609,210105,209606,419712,42256
native_to_wasm,1610,210217,208932,419150,42256
native_to_wasm,1611,212455,208920,421376,42256
native_to_wasm,1612,210255,210108,420364,42256
native_to_wasm,1613,210221,208932,419154,42256
native_to_wasm,1614,210137,209640,419778,42256
native_to_wasm,1615,210259,208864,419124,42256
native_to_wasm,1616,210937,208944,419882,42256
native_to_wasm,1617,210519,209606,420126,42256
native_to_wasm,1618,210219,208924,419144,42256
native_to_wasm,1619,212045,208920,420966,42256
native_to_wasm,1620,210253,209942,420196,42256
native_to_wasm,1621,210245,208940,419186,42256
native_to_wasm,1622,210133,209606,419740,42256
native_to_wasm,1623,210219,208818,419038,42256
native_to_wasm,1624,210947,208938,419886,42256
native_to_wasm,1625,210525,209642,420168,42256
native_to_wasm,1626,210233,208914,419148,42256
native_to_wasm,1627,211117,208946,420064,42256
native_to_wasm,1628,210235,210096,420332,42256
native_to_wasm,1629,210219,208922,419142,42256
native_to_wasm,1630,210127,209638,419766,42256
native_to_wasm,1631,210223,208832,419056,42256
native_to_wasm,1632,210929,208940,419870,42256
native_to_wasm,1633,210455,209612,420068,42256
native_to_wasm,1634,210249,208940,419190,42256
native_to_wasm,1635,211141,208936,420078,42256
native_to_wasm,1636,210239,208872,419112,42256
native_to_wasm,1637,211303,208924,420228,42256
native_to_wasm,1638,210135,209616,419752,42256
native_to_wasm,1639,210245,208852,419098,42256
native_to_wasm,1640,210913,208920,419834,42256
native_to_wasm,1641,211347,209638,420986,42256
native_to_wasm,1642,210225,208922,419148,42256
native_to_wasm,1643,211133,208948,420082,42256
native_to_wasm,1644,210235,208812,419048,42256
native_to_wasm,1645,211343,208932,420276,42256
native_to_wasm,1646,210133,209606,419740,42256
native_to_wasm,1647,210219,208864,419084,42256
native_to_wasm,1648,210947,208938,419886,42256
native_to_wasm,1649,210509,209726,420236,42256
native_to_wasm,1650,210233,208918,419152,42256
native_to_wasm,1651,211421,208932,420354,42256
native_to_wasm,1652,210243,208860,419104,42256
native_to_wasm,1653,210941,208940,419882,42256
native_to_wasm,1654,210109,209642,419752,42256
native_to_wasm,1655,210235,208864,419100,42256
native_to_wasm,1656,210937,208942,419880,42256
native_to_wasm,1657,210239,210588,420828,42256
native_to_wasm,1658,210243,208940,419184,42256
native_to_wasm,1659,211333,208954,420288,42256
native_to_wasm,1660,210227,208814,419042,42256
native_to_wasm,1661,210911,208922,419834,42256
native_to_wasm,1662,210121,209636,419758,42256
native_to_wasm,1663,210241,209266,419508,42256
native_to_wasm,1664,210111,208948,419060,42256
native_to_wasm,1665,210131,209606,419738,42256
native_to_wasm,1666,210219,208862,419082,42256
native_to_wasm,1667,210911,208922,419834,42256
native_to_wasm,1668,211393,209632,421026,42256
native_to_wasm,1669,210239,208940,419180,42256
native_to_wasm,1670,211141,208934,420076,42256
native_to_wasm,1671,210239,208850,419090,42256
native_to_wasm,1672,211453,208938,420392,42256
native_to_wasm,1673,210123,209638,419762,42256
native_to_wasm,1674,210221,208830,419052,42256
native_to_wasm,1675,210933,208938,419872,42256
native_to_wasm,1676,211333,209632,420966,42256
native_to_wasm,1677,210249,208944,419194,42256
native_to_wasm,1678,211137,208932,420070,42256
native_to_wasm,1679,210245,208850,419096,42256
native_to_wasm,1680,211253,208932,420186,42256
native_to_wasm,1681,210133,209606,419740,42256
native_to_wasm,1682,210219,208864,419084,42256
native_to_wasm,1683,210947,208938,419886,42256
native_to_wasm,1684,210509,209726,420236,42256
native_to_wasm,1685,210233,208918,419152,42256
native_to_wasm,1686,211421,208932,420354,42256
native_to_wasm,1687,210243,208860,419104,42256
native_to_wasm,1688,210941,208940,419882,42256
native_to_wasm,1689,210109,209642,419752,42256
native_to_wasm,1690,210235,208864,419100,42256
native_to_wasm,1691,210937,208942,419880,42256
native_to_wasm,1692,210239,210588,420828,42256
native_to_wasm,1693,210243,208940,419184,42256
native_to_wasm,1694,211333,208954,420288,42256
native_to_wasm,1695,210227,208814,419042,42256
native_to_wasm,1696,210911,208922,419834,42256
native_to_wasm,1697,210121,209636,419758,42256
native_to_wasm,1698,210241,209266,419508,42256
native_to_wasm,1699,210911,208918,419830,42256
native_to_wasm,1700,210219,210762,420982,42256
native_to_wasm,1701,210239,208940,419180,42256
native_to_wasm,1702,211355,208916,420272,42256
native_to_wasm,1703,210219,208864,419084,42256
native_to_wasm,1704,210911,208920,419832,42256
native_to_wasm,1705,210129,209632,419762,42256
native_to_wasm,1706,210233,209238,419472,42256
native_to_wasm,1707,210931,208948,419880,42256
native_to_wasm,1708,210233,209836,420070,42256
native_to_wasm,1709,210237,208942,419180,42256
native_to_wasm,1710,211425,208950,420376,42256
native_to_wasm,1711,210237,208852,419090,42256
native_to_wasm,1712,210913,208922,419836,42256
native_to_wasm,1713,210121,209658,419780,42256
native_to_wasm,1714,210241,209390,419632,42256
native_to_wasm,1715,210937,208942,419880,42256
native_to_wasm,1716,210241,209834,420076,42256
native_to_wasm,1717,210235,208948,419184,42256
native_to_wasm,1718,211043,208934,419978,42256
native_to_wasm,1719,210241,208872,419114,42256
native_to_wasm,1720,210911,208926,419838,42256
native_to_wasm,1721,210125,209638,419764,42256
native_to_wasm,1722,210223,210615,420839,42256
native_to_wasm,1723,210938,208942,419881,42256
native_to_wasm,1724,210247,209834,420082,42256
native_to_wasm,1725,210221,208932,419154,42256
native_to_wasm,1726,210133,210144,420278,42256
native_to_wasm,1727,210243,208864,419108,42256
native_to_wasm,1728,210933,208946,419880,42256
native_to_wasm,1729,210129,209606,419736,42256
native_to_wasm,1730,210219,209223,419443,42256
native_to_wasm,1731,211378,208922,420301,42256
native_to_wasm,1732,210247,209842,420090,42256
native_to_wasm,1733,210217,208932,419150,42256
native_to_wasm,1734,210133,209612,419746,42256
native_to_wasm,1735,210247,208864,419112,42256
native_to_wasm,1736,210933,208946,419880,42256
native_to_wasm,1737,210105,209606,419712,42256
native_to_wasm,1738,210217,208932,419150,42256
native_to_wasm,1739,212455,208920,421376,42256
native_to_wasm,1740,210255,210108,420364,42256
native_to_wasm,1741,210221,208932,419154,42256
native_to_wasm,1742,210137,209640,419778,42256
native_to_wasm,1743,210259,208864,419124,42256
native_to_wasm,1744,210937,208944,419882,42256
native_to_wasm,1745,210519,209606,420126,42256
native_to_wasm,1746,210219,208924,419144,42256
native_to_wasm,1747,212045,208920,420966,42256
native_to_wasm,1748,210253,209942,420196,42256
native_to_wasm,1749,210245,208940,419186,42256
native_to_wasm,1750,210133,209606,419740,42256
native_to_wasm,1751,210219,208818,419038,42256
native_to_wasm,1752,210947,208938,419886,42256
native_to_wasm,1753,210525,209642,420168,42256
native_to_wasm,1754,210233,208914,419148,42256
native_to_wasm,1755,211117,208946,420064,42256
native_to_wasm,1756,210235,210096,420332,42256
native_to_wasm,1757,210219,208922,419142,42256
native_to_wasm,1758,210127,209638,419766,42256
native_to_wasm,1759,210223,208832,419056,42256
native_to_wasm,1760,210929,208940,419870,42256
native_to_wasm,1761,210455,209612,420068,42256
native_to_wasm,1762,210249,208940,419190,42256
native_to_wasm,1763,211141,208936,420078,42256
native_to_wasm,1764,210239,208872,419112,42256
native_to_wasm,1765,211303,208924,420228,42256
native_to_wasm,1766,210135,209616,419752,42256
native_to_wasm,1767,210245,208852,419098,42256
native_to_wasm,1768,210913,208920,419834,42256
native_to_wasm,1769,211347,209638,420986,42256
native_to_wasm,1770,210225,208922,419148,42256
native_to_wasm,1771,211133,208948,420082,42256
native_to_wasm,1772,210235,208812,419048,42256
native_to_wasm,1773,211343,208932,420276,42256
native_to_wasm,1774,210133,209606,419740,42256
native_to_wasm,1775,210219,208864,419084,42256
native_to_wasm,1776,210947,208938,419886,42256
native_to_wasm,1777,210509,209726,420236,42256
native_to_wasm,1778,210233,208918,419152,42256
native_to_wasm,1779,211421,208932,420354,42256
native_to_wasm,1780,210243,208860,419104,42256
native_to_wasm,1781,210941,208940,419882,42256
native_to_wasm,1782,210109,209642,419752,42256
native_to_wasm,1783,210235,208864,419100,42256
native_to_wasm,1784,210937,208942,419880,42256
native_to_wasm,1785,210239,210588,420828,42256
native_to_wasm,1786,210243,208940,419184,42256
native_to_wasm,1787,211333,208954,420288,42256
native_to_wasm,1788,210227,208814,419042,42256
native_to_wasm,1789,210911,208922,419834,42256
native_to_wasm,1790,210121,209636,419758,42256
native_to_wasm,1791,210241,209266,419508,42256
native_to_wasm,1792,210111,208948,419060,42256
native_to_wasm,1793,210131,209606,419738,42256
native_to_wasm,1794,210219,208862,419082,42256
native_to_wasm,1795,210911,208922,419834,42256
native_to_wasm,1796,211393,209632,421026,42256
native_to_wasm,1797,210239,208940,419180,42256
native_to_wasm,1798,211141,208934,420076,42256
native_to_wasm,1799,210239,208850,419090,42256
native_to_wasm,1800,211453,208938,420392,42256
native_to_wasm,1801,210123,209638,419762,42256
native_to_wasm,1802,210221,208830,419052,42256
native_to_wasm,1803,210933,208938,419872,42256
native_to_wasm,1804,211333,209632,420966,42256
native_to_wasm,1805,210249,208944,419194,42256
native_to_wasm,1806,211137,208932,420070,42256
native_to_wasm,1807,210245,208850,419096,42256
native_to_wasm,1808,211253,208932,420186,42256
native_to_wasm,1809,210133,209606,419740,42256
native_to_wasm,1810,210219,208864,419084,42256
native_to_wasm,1811,210947,208938,419886,42256
native_to_wasm,1812,210509,209726,420236,42256
native_to_wasm,1813,210233,208918,419152,42256
native_to_wasm,1814,211421,208932,420354,42256
native_to_wasm,1815,210243,208860,419104,42256
native_to_wasm,1816,210941,208940,419882,42256
native_to_wasm,1817,210109,209642,419752,42256
native_to_wasm,1818,210235,208864,419100,42256
native_to_wasm,1819,210937,208942,419880,42256
native_to_wasm,1820,210239,210588,420828,42256
native_to_wasm,1821,210243,208940,419184,42256
native_to_wasm,1822,211333,208954,420288,42256
native_to_wasm,1823,210227,208814,419042,42256
native_to_wasm,1824,210911,208922,419834,42256
native_to_wasm,1825,210121,209636,419758,42256
native_to_wasm,1826,210241,209266,419508,42256
native_to_wasm,1827,210911,208918,419830,42256
native_to_wasm,1828,210219,210762,420982,42256
native_to_wasm,1829,210239,208940,419180,42256
native_to_wasm,1830,211355,208916,420272,42256
native_to_wasm,1831,210219,208864,419084,42256
native_to_wasm,1832,210911,208920,419832,42256
native_to_wasm,1833,210129,209632,419762,42256
native_to_wasm,1834,210233,209238,419472,42256
native_to_wasm,1835,210931,208948,419880,42256
native_to_wasm,1836,210233,209836,420070,42256
native_to_wasm,1837,210237,208942,419180,42256
native_to_wasm,1838,211425,208950,420376,42256
native_to_wasm,1839,210237,208852,419090,42256
native_to_wasm,1840,210913,208922,419836,42256
native_to_wasm,1841,210121,209658,419780,42256
native_to_wasm,1842,210241,209390,419632,42256
native_to_wasm,1843,210937,208942,419880,42256
native_to_wasm,1844,210241,209834,420076,42256
native_to_wasm,1845,210235,208948,419184,42256
native_to_wasm,1846,211043,208934,419978,42256
native_to_wasm,1847,210241,208872,419114,42256
native_to_wasm,1848,210911,208926,419838,42256
native_to_wasm,1849,210125,209638,419764,42256
native_to_wasm,1850,210223,210615,420839,42256
native_to_wasm,1851,210938,208942,419881,42256
native_to_wasm,1852,210247,209834,420082,42256
native_to_wasm,1853,210221,208932,419154,42256
native_to_wasm,1854,210133,210144,420278,42256
native_to_wasm,1855,210243,208864,419108,42256
native_to_wasm,1856,210933,208946,419880,42256
native_to_wasm,1857,210129,209606,419736,42256
native_to_wasm,1858,210219,209223,419443,42256
native_to_wasm,1859,211378,208922,420301,42256
native_to_wasm,1860,210247,209842,420090,42256
native_to_wasm,1861,210217,208932,419150,42256
native_to_wasm,1862,210133,209612,419746,42256
native_to_wasm,1863,210247,208864,419112,42256
native_to_wasm,1864,210933,208946,419880,42256
native_to_wasm,1865,210105,209606,419712,42256
native_to_wasm,1866,210217,208932,419150,42256
native_to_wasm,1867,212455,208920,421376,42256
native_to_wasm,1868,210255,210108,420364,42256
native_to_wasm,1869,210221,208932,419154,42256
native_to_wasm,1870,210137,209640,419778,42256
native_to_wasm,1871,210259,208864,419124,42256
native_to_wasm,1872,210937,208944,419882,42256
native_to_wasm,1873,210519,209606,420126,42256
native_to_wasm,1874,210219,208924,419144,42256
native_to_wasm,1875,212045,208920,420966,42256
native_to_wasm,1876,210253,209942,420196,42256
native_to_wasm,1877,210245,208940,419186,42256
native_to_wasm,1878,210133,209606,419740,42256
native_to_wasm,1879,210219,208818,419038,42256
native_to_wasm,1880,210947,208938,419886,42256
native_to_wasm,1881,210525,209642,420168,42256
native_to_wasm,1882,210233,208914,419148,42256
native_to_wasm,1883,211117,208946,420064,42256
native_to_wasm,1884,210235,210096,420332,42256
native_to_wasm,1885,210219,208922,419142,42256
native_to_wasm,1886,210127,209638,419766,42256
native_to_wasm,1887,210223,208832,419056,42256
native_to_wasm,1888,210929,208940,419870,42256
native_to_wasm,1889,210455,209612,420068,42256
native_to_wasm,1890,210249,208940,419190,42256
native_to_wasm,1891,211141,208936,420078,42256
native_to_wasm,1892,210239,208872,419112,42256
native_to_wasm,1893,211303,208924,420228,42256
native_to_wasm,1894,210135,209616,419752,42256
native_to_wasm,1895,210245,208852,419098,42256
native_to_wasm,1896,210913,208920,419834,42256
native_to_wasm,1897,211347,209638,420986,42256
native_to_wasm,1898,210225,208922,419148,42256
native_to_wasm,1899,211133,208948,420082,42256
native_to_wasm,1900,210235,208812,419048,42256
native_to_wasm,1901,211343,208932,420276,42256
native_to_wasm,1902,210133,209606,419740,42256
native_to_wasm,1903,210219,208864,419084,42256
native_to_wasm,1904,210947,208938,419886,42256
native_to_wasm,1905,210509,209726,420236,42256
native_to_wasm,1906,210233,208918,419152,42256
native_to_wasm,1907,211421,208932,420354,42256
native_to_wasm,1908,210243,208860,419104,42256
native_to_wasm,1909,210941,208940,419882,42256
native_to_wasm,1910,210109,209642,419752,42256
native_to_wasm,1911,210235,208864,419100,42256
native_to_wasm,1912,210937,208942,419880,42256
native_to_wasm,1913,210239,210588,420828,42256
native_to_wasm,1914,210243,208940,419184,42256
native_to_wasm,1915,211333,208954,420288,42256
native_to_wasm,1916,210227,208814,419042,42256
native_to_wasm,1917,210911,208922,419834,42256
native_to_wasm,1918,210121,209636,419758,42256
native_to_wasm,1919,210241,209266,419508,42256
native_to_wasm,1920,210111,208948,419060,42256
native_to_wasm,1921,210131,209606,419738,42256
native_to_wasm,1922,210219,208862,419082,42256
native_to_wasm,1923,210911,208922,419834,42256
native_to_wasm,1924,211393,209632,421026,42256
native_to_wasm,1925,210239,208940,419180,42256
native_to_wasm,1926,211141,208934,420076,42256
native_to_wasm,1927,210239,208850,419090,42256
native_to_wasm,1928,211453,208938,420392,42256
native_to_wasm,1929,210123,209638,419762,42256
native_to_wasm,1930,210221,208830,419052,42256
native_to_wasm,1931,210933,208938,419872,42256
native_to_wasm,1932,211333,209632,420966,42256
native_to_wasm,1933,210249,208944,419194,42256
native_to_wasm,1934,211137,208932,420070,42256
native_to_wasm,1935,210245,208850,419096,42256
native_to_wasm,1936,211253,208932,420186,42256
native_to_wasm,1937,210133,209606,419740,42256
native_to_wasm,1938,210219,208864,419084,42256
native_to_wasm,1939,210947,208938,419886,42256
native_to_wasm,1940,210509,209726,420236,42256
native_to_wasm,1941,210233,208918,419152,42256
native_to_wasm,1942,211421,208932,420354,42256
native_to_wasm,1943,210243,208860,419104,42256
native_to_wasm,1944,210941,208940,419882,42256
native_to_wasm,1945,210109,209642,419752,42256
native_to_wasm,1946,210235,208864,419100,42256
native_to_wasm,1947,210937,208942,419880,42256
native_to_wasm,1948,210239,210588,420828,42256
native_to_wasm,1949,210243,208940,419184,42256
native_to_wasm,1950,211333,208954,420288,42256
native_to_wasm,1951,210227,208814,419042,42256
native_to_wasm,1952,210911,208922,419834,42256
native_to_wasm,1953,210121,209636,419758,42256
native_to_wasm,1954,210241,209266,419508,42256
native_to_wasm,1955,210911,208918,419830,42256
native_to_wasm,1956,210219,210762,420982,42256
native_to_wasm,1957,210239,208940,419180,42256
native_to_wasm,1958,211355,208916,420272,42256
native_to_wasm,1959,210219,208864,419084,42256
native_to_wasm,1960,210911,208920,419832,42256
native_to_wasm,1961,210129,209632,419762,42256
native_to_wasm,1962,210233,209238,419472,42256
native_to_wasm,1963,210931,208948,419880,42256
native_to_wasm,1964,210233,209836,420070,42256
native_to_wasm,1965,210237,208942,419180,42256
native_to_wasm,1966,211425,208950,420376,42256
native_to_wasm,1967,210237,208852,419090,42256
native_to_wasm,1968,210913,208922,419836,42256
native_to_wasm,1969,210121,209658,419780,42256
native_to_wasm,1970,210241,209390,419632,42256
native_to_wasm,1971,210937,208942,419880,42256
native_to_wasm,1972,210241,209834,420076,42256
native_to_wasm,1973,210235,208948,419184,42256
native_to_wasm,1974,211043,208934,419978,42256
native_to_wasm,1975,210241,208872,419114,42256
native_to_wasm,1976,210911,208926,419838,42256
native_to_wasm,1977,210125,209638,419764,42256
native_to_wasm,1978,210223,210615,420839,42256
native_to_wasm,1979,210938,208942,419881,42256
native_to_wasm,1980,210247,209834,420082,42256
native_to_wasm,1981,210221,208932,419154,42256
native_to_wasm,1982,210133,210144,420278,42256
native_to_wasm,1983,210243,208864,419108,42256
native_to_wasm,1984,210933,208946,419880,42256
native_to_wasm,1985,210129,209606,419736,42256
native_to_wasm,1986,210219,209223,419443,42256
native_to_wasm,1987,211378,208922,420301,42256
native_to_wasm,1988,210247,209842,420090,42256
native_to_wasm,1989,210217,208932,419150,42256
native_to_wasm,1990,210133,209612,419746,42256
native_to_wasm,1991,210247,208864,419112,42256
native_to_wasm,1992,210933,208946,419880,42256
native_to_wasm,1993,210105,209606,419712,42256
native_to_wasm,1994,210217,208932,419150,42256
native_to_wasm,1995,212455,208920,421376,42256
native_to_wasm,1996,210255,210108,420364,42256
native_to_wasm,1997,210221,208932,419154,42256
native_to_wasm,1998,210137,209640,419778,42256
native_to_wasm,1999,210259,208864,419124,42256
native_to_wasm,2000,210937,208944,419882,42256
native_to_wasm,2001,210519,209606,420126,42256
native_to_wasm,2002,210219,208924,419144,42256
native_to_wasm,2003,212045,208920,420966,42256
native_to_wasm,2004,210253,209942,420196,42256
native_to_wasm,2005,210245,208940,419186,42256
native_to_wasm,2006,210133,209606,419740,42256
native_to_wasm,2007,210219,208818,419038,42256
native_to_wasm,2008,210947,208938,419886,42256
native_to_wasm,2009,210525,209642,420168,42256
native_to_wasm,2010,210233,208914,419148,42256
native_to_wasm,2011,211117,208946,420064,42256
native_to_wasm,2012,210235,210096,420332,42256
native_to_wasm,2013,210219,208922,419142,42256
native_to_wasm,2014,210127,209638,419766,42256
native_to_wasm,2015,210223,208832,419056,42256
native_to_wasm,2016,210929,208940,419870,42256
native_to_wasm,2017,210455,209612,420068,42256
native_to_wasm,2018,210249,208940,419190,42256
native_to_wasm,2019,211141,208936,420078,42256
native_to_wasm,2020,210239,208872,419112,42256
native_to_wasm,2021,211303,208924,420228,42256
native_to_wasm,2022,210135,209616,419752,42256
native_to_wasm,2023,210245,208852,419098,42256
native_to_wasm,2024,210913,208920,419834,42256
native_to_wasm,2025,211347,209638,420986,42256
native_to_wasm,2026,210225,208922,419148,42256
native_to_wasm,2027,211133,208948,420082,42256
native_to_wasm,2028,210235,208812,419048,42256
native_to_wasm,2029,211343,208932,420276,42256
native_to_wasm,2030,210133,209606,419740,42256
native_to_wasm,2031,210219,208864,419084,42256
native_to_wasm,2032,210947,208938,419886,42256
native_to_wasm,2033,210509,209726,420236,42256
native_to_wasm,2034,210233,208918,419152,42256
native_to_wasm,2035,211421,208932,420354,42256
native_to_wasm,2036,210243,208860,419104,42256
native_to_wasm,2037,210941,208940,419882,42256
native_to_wasm,2038,210109,209642,419752,42256
native_to_wasm,2039,210235,208864,419100,42256
native_to_wasm,2040,210937,208942,419880,42256
native_to_wasm,2041,210239,210588,420828,42256
native_to_wasm,2042,210243,208940,419184,42256
native_to_wasm,2043,211333,208954,420288,42256
native_to_wasm,2044,210227,208814,419042,42256
native_to_wasm,2045,210911,208922,419834,42256
native_to_wasm,2046,210121,209636,419758,42256
native_to_wasm,2047,210241,209266,419508,42256
native_to_wasm,2048,210111,208948,419060,42256
native_to_wasm,2049,210131,209606,419738,42256
native_to_wasm,2050,210219,208862,419082,42256
native_to_wasm,2051,210911,208922,419834,42256
native_to_wasm,2052,211393,209632,421026,42256
native_to_wasm,2053,210239,208940,419180,42256
native_to_wasm,2054,211141,208934,420076,42256
native_to_wasm,2055,210239,208850,419090,42256
native_to_wasm,2056,211453,208938,420392,42256
native_to_wasm,2057,210123,209638,419762,42256
native_to_wasm,2058,210221,208830,419052,42256
native_to_wasm,2059,210933,208938,419872,42256
native_to_wasm,2060,211333,209632,420966,42256
native_to_wasm,2061,210249,208944,419194,42256
native_to_wasm,2062,211137,208932,420070,42256
native_to_wasm,2063,210245,208850,419096,42256
native_to_wasm,2064,211253,208932,420186,42256
native_to_wasm,2065,210133,209606,419740,42256
native_to_wasm,2066,210219,208864,419084,42256
native_to_wasm,2067,210947,208938,419886,42256
native_to_wasm,2068,210509,209726,420236,42256
native_to_wasm,2069,210233,208918,419152,42256
native_to_wasm,2070,211421,208932,420354,42256
native_to_wasm,2071,210243,208860,419104,42256
native_to_wasm,2072,210941,208940,419882,42256
native_to_wasm,2073,210109,209642,419752,42256
native_to_wasm,2074,210235,208864,419100,42256
native_to_wasm,2075,210937,208942,419880,42256
native_to_wasm,2076,210239,210588,420828,42256
native_to_wasm,2077,210243,208940,419184,42256
native_to_wasm,2078,211333,208954,420288,42256
native_to_wasm,2079,210227,208814,419042,42256
native_to_wasm,2080,210911,208922,419834,42256
native_to_wasm,2081,210121,209636,419758,42256
native_to_wasm,2082,210241,209266,419508,42256
native_to_wasm,2083,210911,208918,419830,42256
native_to_wasm,2084,210219,210762,420982,42256
native_to_wasm,2085,210239,208940,419180,42256
native_to_wasm,2086,211355,208916,420272,42256
native_to_wasm,2087,210219,208864,419084,42256
native_to_wasm,2088,210911,208920,419832,42256
native_to_wasm,2089,210129,209632,419762,42256
native_to_wasm,2090,210233,209238,419472,42256
native_to_wasm,2091,210931,208948,419880,42256
native_to_wasm,2092,210233,209836,420070,42256
native_to_wasm,2093,210237,208942,419180,42256
native_to_wasm,2094,211425,208950,420376,42256
native_to_wasm,2095,210237,208852,419090,42256
native_to_wasm,2096,210913,208922,419836,42256
native_to_wasm,2097,210121,209658,419780,42256
native_to_wasm,2098,210241,209390,419632,42256
native_to_wasm,2099,210937,208942,419880,42256
native_to_wasm,2100,210241,209834,420076,42256
native_to_wasm,2101,210235,208948,419184,42256
native_to_wasm,2102,211043,208934,419978,42256
native_to_wasm,2103,210241,208872,419114,42256
native_to_wasm,2104,210911,208926,419838,42256
native_to_wasm,2105,210125,209638,419764,42256
native_to_wasm,2106,210223,210615,420839,42256
native_to_wasm,2107,210938,208942,419881,42256
native_to_wasm,2108,210247,209834,420082,42256
native_to_wasm,2109,210221,208932,419154,42256
native_to_wasm,2110,210133,210144,420278,42256
native_to_wasm,2111,210243,208864,419108,42256
native_to_wasm,2112,210933,208946,419880,42256
native_to_wasm,2113,210129,209606,419736,42256
native_to_wasm,2114,210219,209223,419443,42256
native_to_wasm,2115,211378,208922,420301,42256
native_to_wasm,2116,210247,209842,420090,42256
native_to_wasm,2117,210217,208932,419150,42256
native_to_wasm,2118,210133,209612,419746,42256
native_to_wasm,2119,210247,208864,419112,42256
native_to_wasm,2120,210933,208946,419880,42256
native_to_wasm,2121,210105,209606,419712,42256
native_to_wasm,2122,210217,208932,419150,42256
native_to_wasm,2123,212455,208920,421376,42256
native_to_wasm,2124,210255,210108,420364,42256
native_to_wasm,2125,210221,208932,419154,42256
native_to_wasm,2126,210137,209640,419778,42256
native_to_wasm,2127,210259,208864,419124,42256
native_to_wasm,2128,210937,208944,419882,42256
native_to_wasm,2129,210519,209606,420126,42256
native_to_wasm,2130,210219,208924,419144,42256
native_to_wasm,2131,212045,208920,420966,42256
native_to_wasm,2132,210253,209942,420196,42256
native_to_wasm,2133,210245,208940,419186,42256
native_to_wasm,2134,210133,209606,419740,42256
native_to_wasm,2135,210219,208818,419038,42256
native_to_wasm,2136,210947,208938,419886,42256
native_to_wasm,2137,210525,209642,420168,42256
native_to_wasm,2138,210233,208914,419148,42256
native_to_wasm,2139,211117,208946,420064,42256
native_to_wasm,2140,210235,210096,420332,42256
native_to_wasm,2141,210219,208922,419142,42256
native_to_wasm,2142,210127,209638,419766,42256
native_to_wasm,2143,210223,208832,419056,42256
native_to_wasm,2144,210929,208940,419870,42256
native_to_wasm,2145,210455,209612,420068,42256
native_to_wasm,2146,210249,208940,419190,42256
native_to_wasm,2147,211141,208936,420078,42256
native_to_wasm,2148,210239,208872,419112,42256
native_to_wasm,2149,211303,208924,420228,42256
native_to_wasm,2150,210135,209616,419752,42256
native_to_wasm,2151,210245,208852,419098,42256
native_to_wasm,2152,210913,208920,419834,42256
native_to_wasm,2153,211347,209638,420986,42256
native_to_wasm,2154,210225,208922,419148,42256
native_to_wasm,2155,211133,208948,420082,42256
native_to_wasm,2156,210235,208812,419048,42256
native_to_wasm,2157,211343,208932,420276,42256
native_to_wasm,2158,210133,209606,419740,42256
native_to_wasm,2159,210219,208864,419084,42256
native_to_wasm,2160,210947,208938,419886,42256
native_to_wasm,2161,210509,209726,420236,42256
native_to_wasm,2162,210233,208918,419152,42256
native_to_wasm,2163,211421,208932,420354,42256
native_to_wasm,2164,210243,208860,419104,42256
native_to_wasm,2165,210941,208940,419882,42256
native_to_wasm,2166,210109,209642,419752,42256
native_to_wasm,2167,210235,208864,419100,42256
native_to_wasm,2168,210937,208942,419880,42256
native_to_wasm,2169,210239,210588,420828,42256
native_to_wasm,2170,210243,208940,419184,42256
native_to_wasm,2171,211333,208954,420288,42256
native_to_wasm,2172,210227,208814,419042,42256
native_to_wasm,2173,210911,208922,419834,42256
native_to_wasm,2174,210121,209636,419758,42256
native_to_wasm,2175,210241,209266,419508,42256
native_to_wasm,2176,210111,208948,419060,42256
native_to_wasm,2177,210131,209606,419738,42256
native_to_wasm,2178,210219,208862,419082,42256
native_to_wasm,2179,210911,208922,419834,42256
native_to_wasm,2180,211393,209632,421026,42256
native_to_wasm,2181,210239,208940,419180,42256
native_to_wasm,2182,211141,208934,420076,42256
native_to_wasm,2183,210239,208850,419090,42256
native_to_wasm,2184,211453,208938,420392,42256
native_to_wasm,2185,210123,209638,419762,42256
native_to_wasm,2186,210221,208830,419052,42256
native_to_wasm,2187,210933,208938,419872,42256
native_to_wasm,2188,211333,209632,420966,42256
native_to_wasm,2189,210249,208944,419194,42256
native_to_wasm,2190,211137,208932,420070,42256
native_to_wasm,2191,210245,208850,419096,42256
native_to_wasm,2192,211253,208932,420186,42256
native_to_wasm,2193,210133,209606,419740,42256
native_to_wasm,2194,210219,208864,419084,42256
native_to_wasm,2195,210947,208938,419886,42256
native_to_wasm,2196,210509,209726,420236,42256
native_to_wasm,2197,210233,208918,419152,42256
native_to_wasm,2198,211421,208932,420354,42256
native_to_wasm,2199,210243,208860,419104,42256
native_to_wasm,2200,210941,208940,419882,42256
native_to_wasm,2201,210109,209642,419752,42256
native_to_wasm,2202,210235,208864,419100,42256
native_to_wasm,2203,210937,208942,419880,42256
native_to_wasm,2204,210239,210588,420828,42256
native_to_wasm,2205,210243,208940,419184,42256
native_to_wasm,2206,211333,208954,420288,42256
native_to_wasm,2207,210227,208814,419042,42256
native_to_wasm,2208,210911,208922,419834,42256
native_to_wasm,2209,210121,209636,419758,42256
native_to_wasm,2210,210241,209266,419508,42256
native_to_wasm,2211,210911,208918,419830,42256
native_to_wasm,2212,210219,210762,420982,42256
native_to_wasm,2213,210239,208940,419180,42256
native_to_wasm,2214,211355,208916,420272,42256
native_to_wasm,2215,210219,208864,419084,42256
native_to_wasm,2216,210911,208920,419832,42256
native_to_wasm,2217,210129,209632,419762,42256
native_to_wasm,2218,210233,209238,419472,42256
native_to_wasm,2219,210931,208948,419880,42256
native_to_wasm,2220,210233,209836,420070,42256
native_to_wasm,2221,210237,208942,419180,42256
native_to_wasm,2222,211425,208950,420376,42256
native_to_wasm,2223,210237,208852,419090,42256
native_to_wasm,2224,210913,208922,419836,42256
native_to_wasm,2225,210121,209658,419780,42256
native_to_wasm,2226,210241,209390,419632,42256
native_to_wasm,2227,210937,208942,419880,42256
native_to_wasm,2228,210241,209834,420076,42256
native_to_wasm,2229,210235,208948,419184,42256
native_to_wasm,2230,211043,208934,419978,42256
native_to_wasm,2231,210241,208872,419114,42256
native_to_wasm,2232,210911,208926,419838,42256
native_to_wasm,2233,210125,209638,419764,42256
native_to_wasm,2234,210223,210615,420839,42256
native_to_wasm,2235,210938,208942,419881,42256
native_to_wasm,2236,210247,209834,420082,42256
native_to_wasm,2237,210221,208932,419154,42256
native_to_wasm,2238,210133,210144,420278,42256
native_to_wasm,2239,210243,208864,419108,42256
native_to_wasm,2240,210933,208946,419880,42256
native_to_wasm,2241,210129,209606,419736,42256
native_to_wasm,2242,210219,209223,419443,42256
native_to_wasm,2243,211378,208922,420301,42256
native_to_wasm,2244,210247,209842,420090,42256
native_to_wasm,2245,210217,208932,419150,42256
native_to_wasm,2246,210133,209612,419746,42256
native_to_wasm,2247,210247,208864,419112,42256
native_to_wasm,2248,210933,208946,419880,42256
native_to_wasm,2249,210105,209606,419712,42256
native_to_wasm,2250,210217,208932,419150,42256
native_to_wasm,2251,212455,208920,421376,42256
native_to_wasm,2252,210255,210108,420364,42256
native_to_wasm,2253,210221,208932,419154,42256
native_to_wasm,2254,210137,209640,419778,42256
native_to_wasm,2255,210259,208864,419124,42256
native_to_wasm,2256,210937,208944,419882,42256
native_to_wasm,2257,210519,209606,420126,42256
native_to_wasm,2258,210219,208924,419144,42256
native_to_wasm,2259,212045,208920,420966,42256
native_to_wasm,2260,210253,209942,420196,42256
native_to_wasm,2261,210245,208940,419186,42256
native_to_wasm,2262,210133,209606,419740,42256
native_to_wasm,2263,210219,208818,419038,42256
native_to_wasm,2264,210947,208938,419886,42256
native_to_wasm,2265,210525,209642,420168,42256
native_to_wasm,2266,210233,208914,419148,42256
native_to_wasm,2267,211117,208946,420064,42256
native_to_wasm,2268,210235,210096,420332,42256
native_to_wasm,2269,210219,208922,419142,42256
native_to_wasm,2270,210127,209638,419766,42256
native_to_wasm,2271,210223,208832,419056,42256
native_to_wasm,2272,210929,208940,419870,42256
native_to_wasm,2273,210455,209612,420068,42256
native_to_wasm,2274,210249,208940,419190,42256
native_to_wasm,2275,211141,208936,420078,42256
native_to_wasm,2276,210239,208872,419112,42256
native_to_wasm,2277,211303,208924,420228,42256
native_to_wasm,2278,210135,209616,419752,42256
native_to_wasm,2279,210245,208852,419098,42256
native_to_wasm,2280,210913,208920,419834,42256
native_to_wasm,2281,211347,209638,420986,42256
native_to_wasm,2282,210225,208922,419148,42256
native_to_wasm,2283,211133,208948,420082,42256
native_to_wasm,2284,210235,208812,419048,42256
native_to_wasm,2285,211343,208932,420276,42256
native_to_wasm,2286,210133,209606,419740,42256
native_to_wasm,2287,210219,208864,419084,42256
native_to_wasm,2288,210947,208938,419886,42256
native_to_wasm,2289,210509,209726,420236,42256
native_to_wasm,2290,210233,208918,419152,42256
native_to_wasm,2291,211421,208932,420354,42256
native_to_wasm,2292,210243,208860,419104,42256
native_to_wasm,2293,210941,208940,419882,42256
native_to_wasm,2294,210109,209642,419752,42256
native_to_wasm,2295,210235,208864,419100,42256
native_to_wasm,2296,210937,208942,419880,42256
native_to_wasm,2297,210239,210588,420828,42256
native_to_wasm,2298,210243,208940,419184,42256
native_to_wasm,2299,211333,208954,420288,42256
native_to_wasm,2300,210227,208814,419042,42256
native_to_wasm,2301,210911,208922,419834,42256
native_to_wasm,2302,210121,209636,419758,42256
native_to_wasm,2303,210241,209266,419508,42256
native_to_wasm,2304,210111,208948,419060,42256
native_to_wasm,2305,210131,209606,419738,42256
native_to_wasm,2306,210219,208862,419082,42256
native_to_wasm,2307,210911,208922,419834,42256
native_to_wasm,2308,211393,209632,421026,42256
native_to_wasm,2309,210239,208940,419180,42256
native_to_wasm,2310,211141,208934,420076,42256
native_to_wasm,2311,210239,208850,419090,42256
native_to_wasm,2312,211453,208938,420392,42256
native_to_wasm,2313,210123,209638,419762,42256
native_to_wasm,2314,210221,208830,419052,42256
native_to_wasm,2315,210933,208938,419872,42256
native_to_wasm,2316,211333,209632,420966,42256
native_to_wasm,2317,210249,208944,419194,42256
native_to_wasm,2318,211137,208932,420070,42256
native_to_wasm,2319,210245,208850,419096,42256
native_to_wasm,2320,211253,208932,420186,42256
native_to_wasm,2321,210133,209606,419740,42256
native_to_wasm,2322,210219,208864,419084,42256
native_to_wasm,2323,210947,208938,419886,42256
native_to_wasm,2324,210509,209726,420236,42256
native_to_wasm,2325,210233,208918,419152,42256
native_to_wasm,2326,211421,208932,420354,42256
native_to_wasm,2327,210243,208860,419104,42256
native_to_wasm,2328,210941,208940,419882,42256
native_to_wasm,2329,210109,209642,419752,42256
native_to_wasm,2330,210235,208864,419100,42256
native_to_wasm,2331,210937,208942,419880,42256
native_to_wasm,2332,210239,210588,420828,42256
native_to_wasm,2333,210243,208940,419184,42256
native_to_wasm,2334,211333,208954,420288,42256
native_to_wasm,2335,210227,208814,419042,42256
native_to_wasm,2336,210911,208922,419834,42256
native_to_wasm,2337,210121,209636,419758,42256
native_to_wasm,2338,210241,209266,419508,42256
native_to_wasm,2339,210911,208918,419830,42256
native_to_wasm,2340,210219,210762,420982,42256
native_to_wasm,2341,210239,208940,419180,42256
native_to_wasm,2342,211355,208916,420272,42256
native_to_wasm,2343,210219,208864,419084,42256
native_to_wasm,2344,210911,208920,419832,42256
native_to_wasm,2345,210129,209632,419762,42256
native_to_wasm,2346,210233,209238,419472,42256
native_to_wasm,2347,210931,208948,419880,42256
native_to_wasm,2348,210233,209836,420070,42256
native_to_wasm,2349,210237,208942,419180,42256
native_to_wasm,2350,211425,208950,420376,42256
native_to_wasm,2351,210237,208852,419090,42256
native_to_wasm,2352,210913,208922,419836,42256
native_to_wasm,2353,210121,209658,419780,42256
native_to_wasm,2354,210241,209390,419632,42256
native_to_wasm,2355,210937,208942,419880,42256
native_to_wasm,2356,210241,209834,420076,42256
native_to_wasm,2357,210235,208948,419184,42256
native_to_wasm,2358,211043,208934,419978,42256
native_to_wasm,2359,210241,208872,419114,42256
native_to_wasm,2360,210911,208926,419838,42256
native_to_wasm,2361,210125,209638,419764,42256
native_to_wasm,2362,210223,210615,420839,42256
native_to_wasm,2363,210938,208942,419881,42256
native_to_wasm,2364,210247,209834,420082,42256
native_to_wasm,2365,210221,208932,419154,42256
native_to_wasm,2366,210133,210144,420278,42256
native_to_wasm,2367,210243,208864,419108,42256
native_to_wasm,2368,210933,208946,419880,42256
native_to_wasm,2369,210129,209606,419736,42256
native_to_wasm,2370,210219,209223,419443,42256
native_to_wasm,2371,211378,208922,420301,42256
native_to_wasm,2372,210247,209842,420090,42256
native_to_wasm,2373,210217,208932,419150,42256
native_to_wasm,2374,210133,209612,419746,42256
native_to_wasm,2375,210247,208864,419112,42256
native_to_wasm,2376,210933,208946,419880,42256
native_to_wasm,2377,210105,209606,419712,42256
native_to_wasm,2378,210217,208932,419150,42256
native_to_wasm,2379,212455,208920,421376,42256
native_to_wasm,2380,210255,210108,420364,42256
native_to_wasm,2381,210221,208932,419154,42256
native_to_wasm,2382,210137,209640,419778,42256
native_to_wasm,2383,210259,208864,419124,42256
native_to_wasm,2384,210937,208944,419882,42256
native_to_wasm,2385,210519,209606,420126,42256
native_to_wasm,2386,210219,208924,419144,42256
native_to_wasm,2387,212045,208920,420966,42256
native_to_wasm,2388,210253,209942,420196,42256
native_to_wasm,2389,210245,208940,419186,42256
native_to_wasm,2390,210133,209606,419740,42256
native_to_wasm,2391,210219,208818,419038,42256
native_to_wasm,2392,210947,208938,419886,42256
native_to_wasm,2393,210525,209642,420168,42256
native_to_wasm,2394,210233,208914,419148,42256
native_to_wasm,2395,211117,208946,420064,42256
native_to_wasm,2396,210235,210096,420332,42256
native_to_wasm,2397,210219,208922,419142,42256
native_to_wasm,2398,210127,209638,419766,42256
native_to_wasm,2399,210223,208832,419056,42256
native_to_wasm,2400,210929,208940,419870,42256
native_to_wasm,2401,210455,209612,420068,42256
native_to_wasm,2402,210249,208940,419190,42256
native_to_wasm,2403,211141,208936,420078,42256
native_to_wasm,2404,210239,208872,419112,42256
native_to_wasm,2405,211303,208924,420228,42256
native_to_wasm,2406,210135,209616,419752,42256
native_to_wasm,2407,210245,208852,419098,42256
native_to_wasm,2408,210913,208920,419834,42256
native_to_wasm,2409,211347,209638,420986,42256
native_to_wasm,2410,210225,208922,419148,42256
native_to_wasm,2411,211133,208948,420082,42256
native_to_wasm,2412,210235,208812,419048,42256
native_to_wasm,2413,211343,208932,420276,42256
native_to_wasm,2414,210133,209606,419740,42256
native_to_wasm,2415,210219,208864,419084,42256
native_to_wasm,2416,210947,208938,419886,42256
native_to_wasm,2417,210509,209726,420236,42256
native_to_wasm,2418,210233,208918,419152,42256
native_to_wasm,2419,211421,208932,420354,42256
native_to_wasm,2420,210243,208860,419104,42256
native_to_wasm,2421,210941,208940,419882,42256
native_to_wasm,2422,210109,209642,419752,42256
native_to_wasm,2423,210235,208864,419100,42256
native_to_wasm,2424,210937,208942,419880,42256
native_to_wasm,2425,210239,210588,420828,42256
native_to_wasm,2426,210243,208940,419184,42256
native_to_wasm,2427,211333,208954,420288,42256
native_to_wasm,2428,210227,208814,419042,42256
native_to_wasm,2429,210911,208922,419834,42256
native_to_wasm,2430,210121,209636,419758,42256
native_to_wasm,2431,210241,209266,419508,42256
native_to_wasm,2432,210111,208948,419060,42256
native_to_wasm,2433,210131,209606,419738,42256
native_to_wasm,2434,210219,208862,419082,42256
native_to_wasm,2435,210911,208922,419834,42256
native_to_wasm,2436,211393,209632,421026,42256
native_to_wasm,2437,210239,208940,419180,42256
native_to_wasm,2438,211141,208934,420076,42256
native_to_wasm,2439,210239,208850,419090,42256
native_to_wasm,2440,211453,208938,420392,42256
native_to_wasm,2441,210123,209638,419762,42256
native_to_wasm,2442,210221,208830,419052,42256
native_to_wasm,2443,210933,208938,419872,42256
native_to_wasm,2444,211333,209632,420966,42256
native_to_wasm,2445,210249,208944,419194,42256
native_to_wasm,2446,211137,208932,420070,42256
native_to_wasm,2447,210245,208850,419096,42256
native_to_wasm,2448,211253,208932,420186,42256
native_to_wasm,2449,210133,209606,419740,42256
native_to_wasm,2450,210219,208864,419084,42256
native_to_wasm,2451,210947,208938,419886,42256
native_to_wasm,2452,210509,209726,420236,42256
native_to_wasm,2453,210233,208918,419152,42256
native_to_wasm,2454,211421,208932,420354,42256
native_to_wasm,2455,210243,208860,419104,42256
native_to_wasm,2456,210941,208940,419882,42256
native_to_wasm,2457,210109,209642,419752,42256
native_to_wasm,2458,210235,208864,419100,42256
native_to_wasm,2459,210937,208942,419880,42256
native_to_wasm,2460,210239,210588,420828,42256
native_to_wasm,2461,210243,208940,419184,42256
native_to_wasm,2462,211333,208954,420288,42256
native_to_wasm,2463,210227,208814,419042,42256
native_to_wasm,2464,210911,208922,419834,42256
native_to_wasm,2465,210121,209636,419758,42256
native_to_wasm,2466,210241,209266,419508,42256
native_to_wasm,2467,210911,208918,419830,42256
native_to_wasm,2468,210219,210762,420982,42256
native_to_wasm,2469,210239,208940,419180,42256
native_to_wasm,2470,211355,208916,420272,42256
native_to_wasm,2471,210219,208864,419084,42256
native_to_wasm,2472,210911,208920,419832,42256
native_to_wasm,2473,210129,209632,419762,42256
native_to_wasm,2474,210233,209238,419472,42256
native_to_wasm,2475,210931,208948,419880,42256
native_to_wasm,2476,210233,209836,420070,42256
native_to_wasm,2477,210237,208942,419180,42256
native_to_wasm,2478,211425,208950,420376,42256
native_to_wasm,2479,210237,208852,419090,42256
native_to_wasm,2480,210913,208922,419836,42256
native_to_wasm,2481,210121,209658,419780,42256
native_to_wasm,2482,210241,209390,419632,42256
native_to_wasm,2483,210937,208942,419880,42256
native_to_wasm,2484,210241,209834,420076,42256
native_to_wasm,2485,210235,208948,419184,42256
native_to_wasm,2486,211043,208934,419978,42256
native_to_wasm,2487,210241,208872,419114,42256
native_to_wasm,2488,210911,208926,419838,42256
native_to_wasm,2489,210125,209638,419764,42256
native_to_wasm,2490,210223,210615,420839,42256
native_to_wasm,2491,210938,208942,419881,42256
native_to_wasm,2492,210247,209834,420082,42256
native_to_wasm,2493,210221,208932,419154,42256
native_to_wasm,2494,210133,210144,420278,42256
native_to_wasm,2495,210243,208864,419108,42256
native_to_wasm,2496,210933,208946,419880,42256
native_to_wasm,2497,210129,209606,419736,42256
native_to_wasm,2498,210219,209223,419443,42256
native_to_wasm,2499,211378,208922,420301,42256
native_to_wasm,2500,210247,209842,420090,42256
native_to_wasm,2501,210217,208932,419150,42256
native_to_wasm,2502,210133,209612,419746,42256
native_to_wasm,2503,210247,208864,419112,42256
native_to_wasm,2504,210933,208946,419880,42256
native_to_wasm,2505,210105,209606,419712,42256
native_to_wasm,2506,210217,208932,419150,42256
native_to_wasm,2507,212455,208920,421376,42256
native_to_wasm,2508,210255,210108,420364,42256
native_to_wasm,2509,210221,208932,419154,42256
native_to_wasm,2510,210137,209640,419778,42256
native_to_wasm,2511,210259,208864,419124,42256
native_to_wasm,2512,210937,208944,419882,42256
native_to_wasm,2513,210519,209606,420126,42256
native_to_wasm,2514,210219,208924,419144,42256
native_to_wasm,2515,212045,208920,420966,42256
native_to_wasm,2516,210253,209942,420196,42256
native_to_wasm,2517,210245,208940,419186,42256
native_to_wasm,2518,210133,209606,419740,42256
native_to_wasm,2519,210219,208818,419038,42256
native_to_wasm,2520,210947,208938,419886,42256
native_to_wasm,2521,210525,209642,420168,42256
native_to_wasm,2522,210233,208914,419148,42256
native_to_wasm,2523,211117,208946,420064,42256
native_to_wasm,2524,210235,210096,420332,42256
native_to_wasm,2525,210219,208922,419142,42256
native_to_wasm,2526,210127,209638,419766,42256
native_to_wasm,2527,210223,208832,419056,42256
native_to_wasm,2528,210929,208940,419870,42256
native_to_wasm,2529,210455,209612,420068,42256
native_to_wasm,2530,210249,208940,419190,42256
native_to_wasm,2531,211141,208936,420078,42256
native_to_wasm,2532,210239,208872,419112,42256
native_to_wasm,2533,211303,208924,420228,42256
native_to_wasm,2534,210135,209616,419752,42256
native_to_wasm,2535,210245,208852,419098,42256
native_to_wasm,2536,210913,208920,419834,42256
native_to_wasm,2537,211347,209638,420986,42256
native_to_wasm,2538,210225,208922,419148,42256
native_to_wasm,2539,211133,208948,420082,42256
native_to_wasm,2540,210235,208812,419048,42256
native_to_wasm,2541,211343,208932,420276,42256
native_to_wasm,2542,210133,209606,419740,42256
native_to_wasm,2543,210219,208864,419084,42256
native_to_wasm,2544,210947,208938,419886,42256
native_to_wasm,2545,210509,209726,420236,42256
native_to_wasm,2546,210233,208918,419152,42256
native_to_wasm,2547,211421,208932,420354,42256
native_to_wasm,2548,210243,208860,419104,42256
native_to_wasm,2549,210941,208940,419882,42256
native_to_wasm,2550,210109,209642,419752,42256
native_to_wasm,2551,210235,208864,419100,42256
native_to_wasm,2552,210937,208942,419880,42256
native_to_wasm,2553,210239,210588,420828,42256
native_to_wasm,2554,210243,208940,419184,42256
native_to_wasm,2555,211333,208954,420288,42256
native_to_wasm,2556,210227,208814,419042,42256
native_to_wasm,2557,210911,208922,419834,42256
native_to_wasm,2558,210121,209636,419758,42256
native_to_wasm,2559,210241,209266,419508,42256
native_to_wasm,2560,210111,208948,419060,42256
native_to_wasm,2561,210131,209606,419738,42256
native_to_wasm,2562,210219,208862,419082,42256
native_to_wasm,2563,210911,208922,419834,42256
native_to_wasm,2564,211393,209632,421026,42256
native_to_wasm,2565,210239,208940,419180,42256
native_to_wasm,2566,211141,208934,420076,42256
native_to_wasm,2567,210239,208850,419090,42256
native_to_wasm,2568,211453,208938,420392,42256
native_to_wasm,2569,210123,209638,419762,42256
native_to_wasm,2570,210221,208830,419052,42256
native_to_wasm,2571,210933,208938,419872,42256
native_to_wasm,2572,211333,209632,420966,42256
native_to_wasm,2573,210249,208944,419194,42256
native_to_wasm,2574,211137,208932,420070,42256
native_to_wasm,2575,210245,208850,419096,42256
native_to_wasm,2576,211253,208932,420186,42256
native_to_wasm,2577,210133,209606,419740,42256
native_to_wasm,2578,210219,208864,419084,42256
native_to_wasm,2579,210947,208938,419886,42256
native_to_wasm,2580,210509,209726,420236,42256
native_to_wasm,2581,210233,208918,419152,42256
native_to_wasm,2582,211421,208932,420354,42256
native_to_wasm,2583,210243,208860,419104,42256
native_to_wasm,2584,210941,208940,419882,42256
native_to_wasm,2585,210109,209642,419752,42256
native_to_wasm,2586,210235,208864,419100,42256
native_to_wasm,2587,210937,208942,419880,42256
native_to_wasm,2588,210239,210588,420828,42256
native_to_wasm,2589,210243,208940,419184,42256
native_to_wasm,2590,211333,208954,420288,42256
native_to_wasm,2591,210227,208814,419042,42256
native_to_wasm,2592,210911,208922,419834,42256
native_to_wasm,2593,210121,209636,419758,42256
native_to_wasm,2594,210241,209266,419508,42256
native_to_wasm,2595,210911,208918,419830,42256
native_to_wasm,2596,210219,210762,420982,42256
native_to_wasm,2597,210239,208940,419180,42256
native_to_wasm,2598,211355,208916,420272,42256
native_to_wasm,2599,210219,208864,419084,42256
native_to_wasm,2600,210911,208920,419832,42256
native_to_wasm,2601,210129,209632,419762,42256
native_to_wasm,2602,210233,209238,419472,42256
native_to_wasm,2603,210931,208948,419880,42256
native_to_wasm,2604,210233,209836,420070,42256
native_to_wasm,2605,210237,208942,419180,42256
native_to_wasm,2606,211425,208950,420376,42256
native_to_wasm,2607,210237,208852,419090,42256
native_to_wasm,2608,210913,208922,419836,42256
native_to_wasm,2609,210121,209658,419780,42256
native_to_wasm,2610,210241,209390,419632,42256
native_to_wasm,2611,210937,208942,419880,42256
native_to_wasm,2612,210241,209834,420076,42256
native_to_wasm,2613,210235,208948,419184,42256
native_to_wasm,2614,211043,208934,419978,42256
native_to_wasm,2615,210241,208872,419114,42256
native_to_wasm,2616,210911,208926,419838,42256
native_to_wasm,2617,210125,209638,419764,42256
native_to_wasm,2618,210223,210615,420839,42256
native_to_wasm,2619,210938,208942,419881,42256
native_to_wasm,2620,210247,209834,420082,42256
native_to_wasm,2621,210221,208932,419154,42256
native_to_wasm,2622,210133,210144,420278,42256
native_to_wasm,2623,210243,208864,419108,42256
native_to_wasm,2624,210933,208946,419880,42256
native_to_wasm,2625,210129,209606,419736,42256
native_to_wasm,2626,210219,209223,419443,42256
native_to_wasm,2627,211378,208922,420301,42256
native_to_wasm,2628,210247,209842,420090,42256
native_to_wasm,2629,210217,208932,419150,42256
native_to_wasm,2630,210133,209612,419746,42256
native_to_wasm,2631,210247,208864,419112,42256
native_to_wasm,2632,210933,208946,419880,42256
native_to_wasm,2633,210105,209606,419712,42256
native_to_wasm,2634,210217,208932,419150,42256
native_to_wasm,2635,212455,208920,421376,42256
native_to_wasm,2636,210255,210108,420364,42256
native_to_wasm,2637,210221,208932,419154,42256
native_to_wasm,2638,210137,209640,419778,42256
native_to_wasm,2639,210259,208864,419124,42256
native_to_wasm,2640,210937,208944,419882,42256
native_to_wasm,2641,210519,209606,420126,42256
native_to_wasm,2642,210219,208924,419144,42256
native_to_wasm,2643,212045,208920,420966,42256
native_to_wasm,2644,210253,209942,420196,42256
native_to_wasm,2645,210245,208940,419186,42256
native_to_wasm,2646,210133,209606,419740,42256
native_to_wasm,2647,210219,208818,419038,42256
native_to_wasm,2648,210947,208938,419886,42256
native_to_wasm,2649,210525,209642,420168,42256
native_to_wasm,2650,210233,208914,419148,42256
native_to_wasm,2651,211117,208946,420064,42256
native_to_wasm,2652,210235,210096,420332,42256
native_to_wasm,2653,210219,208922,419142,42256
native_to_wasm,2654,210127,209638,419766,42256
native_to_wasm,2655,210223,208832,419056,42256
native_to_wasm,2656,210929,208940,419870,42256
native_to_wasm,2657,210455,209612,420068,42256
native_to_wasm,2658,210249,208940,419190,42256
native_to_wasm,2659,211141,208936,420078,42256
native_to_wasm,2660,210239,208872,419112,42256
native_to_wasm,2661,211303,208924,420228,42256
native_to_wasm,2662,210135,209616,419752,42256
native_to_wasm,2663,210245,208852,419098,42256
native_to_wasm,2664,210913,208920,419834,42256
native_to_wasm,2665,211347,209638,420986,42256
native_to_wasm,2666,210225,208922,419148,42256
native_to_wasm,2667,211133,208948,420082,42256
native_to_wasm,2668,210235,208812,419048,42256
native_to_wasm,2669,211343,208932,420276,42256
native_to_wasm,2670,210133,209606,419740,42256
native_to_wasm,2671,210219,208864,419084,42256
native_to_wasm,2672,210947,208938,419886,42256
native_to_wasm,2673,210509,209726,420236,42256
native_to_wasm,2674,210233,208918,419152,42256
native_to_wasm,2675,211421,208932,420354,42256
native_to_wasm,2676,210243,208860,419104,42256
native_to_wasm,2677,210941,208940,419882,42256
native_to_wasm,2678,210109,209642,419752,42256
native_to_wasm,2679,210235,208864,419100,42256
native_to_wasm,2680,210937,208942,419880,42256
native_to_wasm,2681,210239,210588,420828,42256
native_to_wasm,2682,210243,208940,419184,42256
native_to_wasm,2683,211333,208954,420288,42256
native_to_wasm,2684,210227,208814,419042,42256
native_to_wasm,2685,210911,208922,419834,42256
native_to_wasm,2686,210121,209636,419758,42256
native_to_wasm,2687,210241,209266,419508,42256
native_to_wasm,2688,210111,208948,419060,42256
native_to_wasm,2689,210131,209606,419738,42256
native_to_wasm,2690,210219,208862,419082,42256
native_to_wasm,2691,210911,208922,419834,42256
native_to_wasm,2692,211393,209632,421026,42256
native_to_wasm,2693,210239,208940,419180,42256
native_to_wasm,2694,211141,208934,420076,42256
native_to_wasm,2695,210239,208850,419090,42256
native_to_wasm,2696,211453,208938,420392,42256
native_to_wasm,2697,210123,209638,419762,42256
native_to_wasm,2698,210221,208830,419052,42256
native_to_wasm,2699,210933,208938,419872,42256
native_to_wasm,2700,211333,209632,420966,42256
native_to_wasm,2701,210249,208944,419194,42256
native_to_wasm,2702,211137,208932,420070,42256
native_to_wasm,2703,210245,208850,419096,42256
native_to_wasm,2704,211253,208932,420186,42256
native_to_wasm,2705,210133,209606,419740,42256
native_to_wasm,2706,210219,208864,419084,42256
native_to_wasm,2707,210947,208938,419886,42256
native_to_wasm,2708,210509,209726,420236,42256
native_to_wasm,2709,210233,208918,419152,42256
native_to_wasm,2710,211421,208932,420354,42256
native_to_wasm,2711,210243,208860,419104,42256
native_to_wasm,2712,210941,208940,419882,42256
native_to_wasm,2713,210109,209642,419752,42256
native_to_wasm,2714,210235,208864,419100,42256
native_to_wasm,2715,210937,208942,419880,42256
native_to_wasm,2716,210239,210588,420828,42256
native_to_wasm,2717,210243,208940,419184,42256
native_to_wasm,2718,211333,208954,420288,42256
native_to_wasm,2719,210227,208814,419042,42256
native_to_wasm,2720,210911,208922,419834,42256
native_to_wasm,2721,210121,209636,419758,42256
native_to_wasm,2722,210241,209266,419508,42256
native_to_wasm,2723,210911,208918,419830,42256
native_to_wasm,2724,210219,210762,420982,42256
native_to_wasm,2725,210239,208940,419180,42256
native_to_wasm,2726,211355,208916,420272,42256
native_to_wasm,2727,210219,208864,419084,42256
native_to_wasm,2728,210911,208920,419832,42256
native_to_wasm,2729,210129,209632,419762,42256
native_to_wasm,2730,210233,209238,419472,42256
native_to_wasm,2731,210931,208948,419880,42256
native_to_wasm,2732,210233,209836,420070,42256
native_to_wasm,2733,210237,208942,419180,42256
native_to_wasm,2734,211425,208950,420376,42256
native_to_wasm,2735,210237,208852,419090,42256
native_to_wasm,2736,210913,208922,419836,42256
native_to_wasm,2737,210121,209658,419780,42256
native_to_wasm,2738,210241,209390,419632,42256
native_to_wasm,2739,210937,208942,419880,42256
native_to_wasm,2740,210241,209834,420076,42256
native_to_wasm,2741,210235,208948,419184,42256
native_to_wasm,2742,211043,208934,419978,42256
native_to_wasm,2743,210241,208872,419114,42256
native_to_wasm,2744,210911,208926,419838,42256
native_to_wasm,2745,210125,209638,419764,42256
native_to_wasm,2746,210223,210615,420839,42256
native_to_wasm,2747,210938,208942,419881,42256
native_to_wasm,2748,210247,209834,420082,42256
native_to_wasm,2749,210221,208932,419154,42256
native_to_wasm,2750,210133,210144,420278,42256
native_to_wasm,2751,210243,208864,419108,42256
native_to_wasm,2752,210933,208946,419880,42256
native_to_wasm,2753,210129,209606,419736,42256
native_to_wasm,2754,210219,209223,419443,42256
native_to_wasm,2755,211378,208922,420301,42256
native_to_wasm,2756,210247,209842,420090,42256
native_to_wasm,2757,210217,208932,419150,42256
native_to_wasm,2758,210133,209612,419746,42256
native_to_wasm,2759,210247,208864,419112,42256
native_to_wasm,2760,210933,208946,419880,42256
native_to_wasm,2761,210105,209606,419712,42256
native_to_wasm,2762,210217,208932,419150,42256
native_to_wasm,2763,212455,208920,421376,42256
native_to_wasm,2764,210255,210108,420364,42256
native_to_wasm,2765,210221,208932,419154,42256
native_to_wasm,2766,210137,209640,419778,42256
native_to_wasm,2767,210259,208864,419124,42256
native_to_wasm,2768,210937,208944,419882,42256
native_to_wasm,2769,210519,209606,420126,42256
native_to_wasm,2770,210219,208924,419144,42256
native_to_wasm,2771,212045,208920,420966,42256
native_to_wasm,2772,210253,209942,420196,42256
native_to_wasm,2773,210245,208940,419186,42256
native_to_wasm,2774,210133,209606,419740,42256
native_to_wasm,2775,210219,208818,419038,42256
native_to_wasm,2776,210947,208938,419886,42256
native_to_wasm,2777,210525,209642,420168,42256
native_to_wasm,2778,210233,208914,419148,42256
native_to_wasm,2779,211117,208946,420064,42256
native_to_wasm,2780,210235,210096,420332,42256
native_to_wasm,2781,210219,208922,419142,42256
native_to_wasm,2782,210127,209638,419766,42256
native_to_wasm,2783,210223,208832,419056,42256
native_to_wasm,2784,210929,208940,419870,42256
native_to_wasm,2785,210455,209612,420068,42256
native_to_wasm,2786,210249,208940,419190,42256
native_to_wasm,2787,211141,208936,420078,42256
native_to_wasm,2788,210239,208872,419112,42256
native_to_wasm,2789,211303,208924,420228,42256
native_to_wasm,2790,210135,209616,419752,42256
native_to_wasm,2791,210245,208852,419098,42256
native_to_wasm,2792,210913,208920,419834,42256
native_to_wasm,2793,211347,209638,420986,42256
native_to_wasm,2794,210225,208922,419148,42256
native_to_wasm,2795,211133,208948,420082,42256
native_to_wasm,2796,210235,208812,419048,42256
native_to_wasm,2797,211343,208932,420276,42256
native_to_wasm,2798,210133,209606,419740,42256
native_to_wasm,2799,210219,208864,419084,42256
native_to_wasm,2800,210947,208938,419886,42256
native_to_wasm,2801,210509,209726,420236,42256
native_to_wasm,2802,210233,208918,419152,42256
native_to_wasm,2803,211421,208932,420354,42256
native_to_wasm,2804,210243,208860,419104,42256
native_to_wasm,2805,210941,208940,419882,42256
native_to_wasm,2806,210109,209642,419752,42256
native_to_wasm,2807,210235,208864,419100,42256
native_to_wasm,2808,210937,208942,419880,42256
native_to_wasm,2809,210239,210588,420828,42256
native_to_wasm,2810,210243,208940,419184,42256
native_to_wasm,2811,211333,208954,420288,42256
native_to_wasm,2812,210227,208814,419042,42256
native_to_wasm,2813,210911,208922,419834,42256
native_to_wasm,2814,210121,209636,419758,42256
native_to_wasm,2815,210241,209266,419508,42256
native_to_wasm,2816,210111,208948,419060,42256
native_to_wasm,2817,210131,209606,419738,42256
native_to_wasm,2818,210219,208862,419082,42256
native_to_wasm,2819,210911,208922,419834,42256
native_to_wasm,2820,211393,209632,421026,42256
native_to_wasm,2821,210239,208940,419180,42256
native_to_wasm,2822,211141,208934,420076,42256
native_to_wasm,2823,210239,208850,419090,42256
native_to_wasm,2824,211453,208938,420392,42256
native_to_wasm,2825,210123,209638,419762,42256
native_to_wasm,2826,210221,208830,419052,42256
native_to_wasm,2827,210933,208938,419872,42256
native_to_wasm,2828,211333,209632,420966,42256
native_to_wasm,2829,210249,208944,419194,42256
native_to_wasm,2830,211137,208932,420070,42256
native_to_wasm,2831,210245,208850,419096,42256
native_to_wasm,2832,211253,208932,420186,42256
native_to_wasm,2833,210133,209606,419740,42256
native_to_wasm,2834,210219,208864,419084,42256
native_to_wasm,2835,210947,208938,419886,42256
native_to_wasm,2836,210509,209726,420236,42256
native_to_wasm,2837,210233,208918,419152,42256
native_to_wasm,2838,211421,208932,420354,42256
native_to_wasm,2839,210243,208860,419104,42256
native_to_wasm,2840,210941,208940,419882,42256
native_to_wasm,2841,210109,209642,419752,42256
native_to_wasm,2842,210235,208864,419100,42256
native_to_wasm,2843,210937,208942,419880,42256
native_to_wasm,2844,210239,210588,420828,42256
native_to_wasm,2845,210243,208940,419184,42256
native_to_wasm,2846,211333,208954,420288,42256
native_to_wasm,2847,210227,208814,419042,42256
native_to_wasm,2848,210911,208922,419834,42256
native_to_wasm,2849,210121,209636,419758,42256
native_to_wasm,2850,210241,209266,419508,42256
native_to_wasm,2851,210911,208918,419830,42256
native_to_wasm,2852,210219,210762,420982,42256
native_to_wasm,2853,210239,208940,419180,42256
native_to_wasm,2854,211355,208916,420272,42256
native_to_wasm,2855,210219,208864,419084,42256
native_to_wasm,2856,210911,208920,419832,42256
native_to_wasm,2857,210129,209632,419762,42256
native_to_wasm,2858,210233,209238,419472,42256
native_to_wasm,2859,210931,208948,419880,42256
native_to_wasm,2860,210233,209836,420070,42256
native_to_wasm,2861,210237,208942,419180,42256
native_to_wasm,2862,211425,208950,420376,42256
native_to_wasm,2863,210237,208852,419090,42256
native_to_wasm,2864,210913,208922,419836,42256
native_to_wasm,2865,210121,209658,419780,42256
native_to_wasm,2866,210241,209390,419632,42256
native_to_wasm,2867,210937,208942,419880,42256
native_to_wasm,2868,210241,209834,420076,42256
native_to_wasm,2869,210235,208948,419184,42256
native_to_wasm,2870,211043,208934,419978,42256
native_to_wasm,2871,210241,208872,419114,42256
native_to_wasm,2872,210911,208926,419838,42256
native_to_wasm,2873,210125,209638,419764,42256
native_to_wasm,2874,210223,210615,420839,42256
native_to_wasm,2875,210938,208942,419881,42256
native_to_wasm,2876,210247,209834,420082,42256
native_to_wasm,2877,210221,208932,419154,42256
native_to_wasm,2878,210133,210144,420278,42256
native_to_wasm,2879,210243,208864,419108,42256
native_to_wasm,2880,210933,208946,419880,42256
native_to_wasm,2881,210129,209606,419736,42256
native_to_wasm,2882,210219,209223,419443,42256
native_to_wasm,2883,211378,208922,420301,42256
native_to_wasm,2884,210247,209842,420090,42256
native_to_wasm,2885,210217,208932,419150,42256
native_to_wasm,2886,210133,209612,419746,42256
native_to_wasm,2887,210247,208864,419112,42256
native_to_wasm,2888,210933,208946,419880,42256
native_to_wasm,2889,210105,209606,419712,42256
native_to_wasm,2890,210217,208932,419150,42256
native_to_wasm,2891,212455,208920,421376,42256
native_to_wasm,2892,210255,210108,420364,42256
native_to_wasm,2893,210221,208932,419154,42256
native_to_wasm,2894,210137,209640,419778,42256
native_to_wasm,2895,210259,208864,419124,42256
native_to_wasm,2896,210937,208944,419882,42256
native_to_wasm,2897,210519,209606,420126,42256
native_to_wasm,2898,210219,208924,419144,42256
native_to_wasm,2899,212045,208920,420966,42256
native_to_wasm,2900,210253,209942,420196,42256
native_to_wasm,2901,210245,208940,419186,42256
native_to_wasm,2902,210133,209606,419740,42256
native_to_wasm,2903,210219,208818,419038,42256
native_to_wasm,2904,210947,208938,419886,42256
native_to_wasm,2905,210525,209642,420168,42256
native_to_wasm,2906,210233,208914,419148,42256
native_to_wasm,2907,211117,208946,420064,42256
native_to_wasm,2908,210235,210096,420332,42256
native_to_wasm,2909,210219,208922,419142,42256
native_to_wasm,2910,210127,209638,419766,42256
native_to_wasm,2911,210223,208832,419056,42256
native_to_wasm,2912,210929,208940,419870,42256
native_to_wasm,2913,210455,209612,420068,42256
native_to_wasm,2914,210249,208940,419190,42256
native_to_wasm,2915,211141,208936,420078,42256
native_to_wasm,2916,210239,208872,419112,42256
native_to_wasm,2917,211303,208924,420228,42256
native_to_wasm,2918,210135,209616,419752,42256
native_to_wasm,2919,210245,208852,419098,42256
native_to_wasm,2920,210913,208920,419834,42256
native_to_wasm,2921,211347,209638,420986,42256
native_to_wasm,2922,210225,208922,419148,42256
native_to_wasm,2923,211133,208948,420082,42256
native_to_wasm,2924,210235,208812,419048,42256
native_to_wasm,2925,211343,208932,420276,42256
native_to_wasm,2926,210133,209606,419740,42256
native_to_wasm,2927,210219,208864,419084,42256
native_to_wasm,2928,210947,208938,419886,42256
native_to_wasm,2929,210509,209726,420236,42256
native_to_wasm,2930,210233,208918,419152,42256
native_to_wasm,2931,211421,208932,420354,42256
native_to_wasm,2932,210243,208860,419104,42256
native_to_wasm,2933,210941,208940,419882,42256
native_to_wasm,2934,210109,209642,419752,42256
native_to_wasm,2935,210235,208864,419100,42256
native_to_wasm,2936,210937,208942,419880,42256
native_to_wasm,2937,210239,210588,420828,42256
native_to_wasm,2938,210243,208940,419184,42256
native_to_wasm,2939,211333,208954,420288,42256
native_to_wasm,2940,210227,208814,419042,42256
native_to_wasm,2941,210911,208922,419834,42256
native_to_wasm,2942,210121,209636,419758,42256
native_to_wasm,2943,210241,209266,419508,42256
native_to_wasm,2944,210111,208948,419060,42256
native_to_wasm,2945,210131,209606,419738,42256
native_to_wasm,2946,210219,208862,419082,42256
native_to_wasm,2947,210911,208922,419834,42256
native_to_wasm,2948,211393,209632,421026,42256
native_to_wasm,2949,210239,208940,419180,42256
native_to_wasm,2950,211141,208934,420076,42256
native_to_wasm,2951,210239,208850,419090,42256
native_to_wasm,2952,211453,208938,420392,42256
native_to_wasm,2953,210123,209638,419762,42256
native_to_wasm,2954,210221,208830,419052,42256
native_to_wasm,2955,210933,208938,419872,42256
native_to_wasm,2956,211333,209632,420966,42256
native_to_wasm,2957,210249,208944,419194,42256
native_to_wasm,2958,211137,208932,420070,42256
native_to_wasm,2959,210245,208850,419096,42256
native_to_wasm,2960,211253,208932,420186,42256
native_to_wasm,2961,210133,209606,419740,42256
native_to_wasm,2962,210219,208864,419084,42256
native_to_wasm,2963,210947,208938,419886,42256
native_to_wasm,2964,210509,209726,420236,42256
native_to_wasm,2965,210233,208918,419152,42256
native_to_wasm,2966,211421,208932,420354,42256
native_to_wasm,2967,210243,208860,419104,42256
native_to_wasm,2968,210941,208940,419882,42256
native_to_wasm,2969,210109,209642,419752,42256
native_to_wasm,2970,210235,208864,419100,42256
native_to_wasm,2971,210937,208942,419880,42256
native_to_wasm,2972,210239,210588,420828,42256
native_to_wasm,2973,210243,208940,419184,42256
native_to_wasm,2974,211333,208954,420288,42256
native_to_wasm,2975,210227,208814,419042,42256
native_to_wasm,2976,210911,208922,419834,42256
native_to_wasm,2977,210121,209636,419758,42256
native_to_wasm,2978,210241,209266,419508,42256
native_to_wasm,2979,210911,208918,419830,42256
native_to_wasm,2980,210219,210762,420982,42256
native_to_wasm,2981,210239,208940,419180,42256
native_to_wasm,2982,211355,208916,420272,42256
native_to_wasm,2983,210219,208864,419084,42256
native_to_wasm,2984,210911,208920,419832,42256
native_to_wasm,2985,210129,209632,419762,42256
native_to_wasm,2986,210233,209238,419472,42256
native_to_wasm,2987,210931,208948,419880,42256
native_to_wasm,2988,210233,209836,420070,42256
native_to_wasm,2989,210237,208942,419180,42256
native_to_wasm,2990,211425,208950,420376,42256
native_to_wasm,2991,210237,208852,419090,42256
native_to_wasm,2992,210913,208922,419836,42256
native_to_wasm,2993,210121,209658,419780,42256
native_to_wasm,2994,210241,209390,419632,42256
native_to_wasm,2995,210937,208942,419880,42256
native_to_wasm,2996,210241,209834,420076,42256
native_to_wasm,2997,210235,208948,419184,42256
native_to_wasm,2998,211043,208934,419978,42256
native_to_wasm,2999,210241,208872,419114,42256
native_to_wasm,3000,210911,208926,419838,42256
native_to_wasm,3001,210125,209638,419764,42256
native_to_wasm,3002,210223,210615,420839,42256
native_to_wasm,3003,210938,208942,419881,42256
native_to_wasm,3004,210247,209834,420082,42256
native_to_wasm,3005,210221,208932,419154,42256
native_to_wasm,3006,210133,210144,420278,42256
native_to_wasm,3007,210243,208864,419108,42256
native_to_wasm,3008,210933,208946,419880,42256
native_to_wasm,3009,210129,209606,419736,42256
native_to_wasm,3010,210219,209223,419443,42256
native_to_wasm,3011,211378,208922,420301,42256
native_to_wasm,3012,210247,209842,420090,42256
native_to_wasm,3013,210217,208932,419150,42256
native_to_wasm,3014,210133,209612,419746,42256
native_to_wasm,3015,210247,208864,419112,42256
native_to_wasm,3016,210933,208946,419880,42256
native_to_wasm,3017,210105,209606,419712,42256
native_to_wasm,3018,210217,208932,419150,42256
native_to_wasm,3019,212455,208920,421376,42256
native_to_wasm,3020,210255,210108,420364,42256
native_to_wasm,3021,210221,208932,419154,42256
native_to_wasm,3022,210137,209640,419778,42256
native_to_wasm,3023,210259,208864,419124,42256
native_to_wasm,3024,210937,208944,419882,42256
native_to_wasm,3025,210519,209606,420126,42256
native_to_wasm,3026,210219,208924,419144,42256
native_to_wasm,3027,212045,208920,420966,42256
native_to_wasm,3028,210253,209942,420196,42256
native_to_wasm,3029,210245,208940,419186,42256
native_to_wasm,3030,210133,209606,419740,42256
native_to_wasm,3031,210219,208818,419038,42256
native_to_wasm,3032,210947,208938,419886,42256
native_to_wasm,3033,210525,209642,420168,42256
native_to_wasm,3034,210233,208914,419148,42256
native_to_wasm,3035,211117,208946,420064,42256
native_to_wasm,3036,210235,210096,420332,42256
native_to_wasm,3037,210219,208922,419142,42256
native_to_wasm,3038,210127,209638,419766,42256
native_to_wasm,3039,210223,208832,419056,42256
native_to_wasm,3040,210929,208940,419870,42256
native_to_wasm,3041,210455,209612,420068,42256
native_to_wasm,3042,210249,208940,419190,42256
native_to_wasm,3043,211141,208936,420078,42256
native_to_wasm,3044,210239,208872,419112,42256
native_to_wasm,3045,211303,208924,420228,42256
native_to_wasm,3046,210135,209616,419752,42256
native_to_wasm,3047,210245,208852,419098,42256
native_to_wasm,3048,210913,208920,419834,42256
native_to_wasm,3049,211347,209638,420986,42256
native_to_wasm,3050,210225,208922,419148,42256
native_to_wasm,3051,211133,208948,420082,42256
native_to_wasm,3052,210235,208812,419048,42256
native_to_wasm,3053,211343,208932,420276,42256
native_to_wasm,3054,210133,209606,419740,42256
native_to_wasm,3055,210219,208864,419084,42256
native_to_wasm,3056,210947,208938,419886,42256
native_to_wasm,3057,210509,209726,420236,42256
native_to_wasm,3058,210233,208918,419152,42256
native_to_wasm,3059,211421,208932,420354,42256
native_to_wasm,3060,210243,208860,419104,42256
native_to_wasm,3061,210941,208940,419882,42256
native_to_wasm,3062,210109,209642,419752,42256
native_to_wasm,3063,210235,208864,419100,42256
native_to_wasm,3064,210937,208942,419880,42256
native_to_wasm,3065,210239,210588,420828,42256
native_to_wasm,3066,210243,208940,419184,42256
native_to_wasm,3067,211333,208954,420288,42256
native_to_wasm,3068,210227,208814,419042,42256
native_to_wasm,3069,210911,208922,419834,42256
native_to_wasm,3070,210121,209636,419758,42256
native_to_wasm,3071,210241,209266,419508,42256
native_to_wasm,3072,210111,208948,419060,42256
native_to_wasm,3073,210131,209606,419738,42256
native_to_wasm,3074,210219,208862,419082,42256
native_to_wasm,3075,210911,208922,419834,42256
native_to_wasm,3076,211393,209632,421026,42256
native_to_wasm,3077,210239,208940,419180,42256
native_to_wasm,3078,211141,208934,420076,42256
native_to_wasm,3079,210239,208850,419090,42256
native_to_wasm,3080,211453,208938,420392,42256
native_to_wasm,3081,210123,209638,419762,42256
native_to_wasm,3082,210221,208830,419052,42256
native_to_wasm,3083,210933,208938,419872,42256
native_to_wasm,3084,211333,209632,420966,42256
native_to_wasm,3085,210249,208944,419194,42256
native_to_wasm,3086,211137,208932,420070,42256
native_to_wasm,3087,210245,208850,419096,42256
native_to_wasm,3088,211253,208932,420186,42256
native_to_wasm,3089,210133,209606,419740,42256
native_to_wasm,3090,210219,208864,419084,42256
native_to_wasm,3091,210947,208938,419886,42256
native_to_wasm,3092,210509,209726,420236,42256
native_to_wasm,3093,210233,208918,419152,42256
native_to_wasm,3094,211421,208932,420354,42256
native_to_wasm,3095,210243,208860,419104,42256
native_to_wasm,3096,210941,208940,419882,42256
native_to_wasm,3097,210109,209642,419752,42256
native_to_wasm,3098,210235,208864,419100,42256
native_to_wasm,3099,210937,208942,419880,42256
native_to_wasm,3100,210239,210588,420828,42256
native_to_wasm,3101,210243,208940,419184,42256
native_to_wasm,3102,211333,208954,420288,42256
native_to_wasm,3103,210227,208814,419042,42256
native_to_wasm,3104,210911,208922,419834,42256
native_to_wasm,3105,210121,209636,419758,42256
native_to_wasm,3106,210241,209266,419508,42256
native_to_wasm,3107,210911,208918,419830,42256
native_to_wasm,3108,210219,210762,420982,42256
native_to_wasm,3109,210239,208940,419180,42256
native_to_wasm,3110,211355,208916,420272,42256
native_to_wasm,3111,210219,208864,419084,42256
native_to_wasm,3112,210911,208920,419832,42256
native_to_wasm,3113,210129,209632,419762,42256
native_to_wasm,3114,210233,209238,419472,42256
native_to_wasm,3115,210931,208948,419880,42256
native_to_wasm,3116,210233,209836,420070,42256
native_to_wasm,3117,210237,208942,419180,42256
native_to_wasm,3118,211425,208950,420376,42256
native_to_wasm,3119,210237,208852,419090,42256
native_to_wasm,3120,210913,208922,419836,42256
native_to_wasm,3121,210121,209658,419780,42256
native_to_wasm,3122,210241,209390,419632,42256
native_to_wasm,3123,210937,208942,419880,42256
native_to_wasm,3124,210241,209834,420076,42256
native_to_wasm,3125,210235,208948,419184,42256
native_to_wasm,3126,211043,208934,419978,42256
native_to_wasm,3127,210241,208872,419114,42256
native_to_wasm,3128,210911,208926,419838,42256
native_to_wasm,3129,210125,209638,419764,42256
native_to_wasm,3130,210223,210615,420839,42256
native_to_wasm,3131,210938,208942,419881,42256
native_to_wasm,3132,210247,209834,420082,42256
native_to_wasm,3133,210221,208932,419154,42256
native_to_wasm,3134,210133,210144,420278,42256
native_to_wasm,3135,210243,208864,419108,42256
native_to_wasm,3136,210933,208946,419880,42256
native_to_wasm,3137,210129,209606,419736,42256
native_to_wasm,3138,210219,209223,419443,42256
native_to_wasm,3139,211378,208922,420301,42256
native_to_wasm,3140,210247,209842,420090,42256
native_to_wasm,3141,210217,208932,419150,42256
native_to_wasm,3142,210133,209612,419746,42256
native_to_wasm,3143,210247,208864,419112,42256
native_to_wasm,3144,210933,208946,419880,42256
native_to_wasm,3145,210105,209606,419712,42256
native_to_wasm,3146,210217,208932,419150,42256
native_to_wasm,3147,212455,208920,421376,42256
native_to_wasm,3148,210255,210108,420364,42256
native_to_wasm,3149,210221,208932,419154,42256
native_to_wasm,3150,210137,209640,419778,42256
native_to_wasm,3151,210259,208864,419124,42256
native_to_wasm,3152,210937,208944,419882,42256
native_to_wasm,3153,210519,209606,420126,42256
native_to_wasm,3154,210219,208924,419144,42256
native_to_wasm,3155,212045,208920,420966,42256
native_to_wasm,3156,210253,209942,420196,42256
native_to_wasm,3157,210245,208940,419186,42256
native_to_wasm,3158,210133,209606,419740,42256
native_to_wasm,3159,210219,208818,419038,42256
native_to_wasm,3160,210947,208938,419886,42256
native_to_wasm,3161,210525,209642,420168,42256
native_to_wasm,3162,210233,208914,419148,42256
native_to_wasm,3163,211117,208946,420064,42256
native_to_wasm,3164,210235,210096,420332,42256
native_to_wasm,3165,210219,208922,419142,42256
native_to_wasm,3166,210127,209638,419766,42256
native_to_wasm,3167,210223,208832,419056,42256
native_to_wasm,3168,210929,208940,419870,42256
native_to_wasm,3169,210455,209612,420068,42256
native_to_wasm,3170,210249,208940,419190,42256
native_to_wasm,3171,211141,208936,420078,42256
native_to_wasm,3172,210239,208872,419112,42256
native_to_wasm,3173,211303,208924,420228,42256
native_to_wasm,3174,210135,209616,419752,42256
native_to_wasm,3175,210245,208852,419098,42256
native_to_wasm,3176,210913,208920,419834,42256
native_to_wasm,3177,211347,209638,420986,42256
native_to_wasm,3178,210225,208922,419148,42256
native_to_wasm,3179,211133,208948,420082,42256
native_to_wasm,3180,210235,208812,419048,42256
native_to_wasm,3181,211343,208932,420276,42256
native_to_wasm,3182,210133,209606,419740,42256
native_to_wasm,3183,210219,208864,419084,42256
native_to_wasm,3184,210947,208938,419886,42256
native_to_wasm,3185,210509,209726,420236,42256
native_to_wasm,3186,210233,208918,419152,42256
native_to_wasm,3187,211421,208932,420354,42256
native_to_wasm,3188,210243,208860,419104,42256
native_to_wasm,3189,210941,208940,419882,42256
native_to_wasm,3190,210109,209642,419752,42256
native_to_wasm,3191,210235,208864,419100,42256
native_to_wasm,3192,210937,208942,419880,42256
native_to_wasm,3193,210239,210588,420828,42256
native_to_wasm,3194,210243,208940,419184,42256
native_to_wasm,3195,211333,208954,420288,42256
native_to_wasm,3196,210227,208814,419042,42256
native_to_wasm,3197,210911,208922,419834,42256
native_to_wasm,3198,210121,209636,419758,42256
native_to_wasm,3199,210241,209266,419508,42256
native_to_wasm,3200,210111,208948,419060,42256
native_to_wasm,3201,210131,209606,419738,42256
native_to_wasm,3202,210219,208862,419082,42256
native_to_wasm,3203,210911,208922,419834,42256
native_to_wasm,3204,211393,209632,421026,42256
native_to_wasm,3205,210239,208940,419180,42256
native_to_wasm,3206,211141,208934,420076,42256
native_to_wasm,3207,210239,208850,419090,42256
native_to_wasm,3208,211453,208938,420392,42256
native_to_wasm,3209,210123,209638,419762,42256
native_to_wasm,3210,210221,208830,419052,42256
native_to_wasm,3211,210933,208938,419872,42256
native_to_wasm,3212,211333,209632,420966,42256
native_to_wasm,3213,210249,208944,419194,42256
native_to_wasm,3214,211137,208932,420070,42256
native_to_wasm,3215,210245,208850,419096,42256
native_to_wasm,3216,211253,208932,420186,42256
native_to_wasm,3217,210133,209606,419740,42256
native_to_wasm,3218,210219,208864,419084,42256
native_to_wasm,3219,210947,208938,419886,42256
native_to_wasm,3220,210509,209726,420236,42256
native_to_wasm,3221,210233,208918,419152,42256
native_to_wasm,3222,211421,208932,420354,42256
native_to_wasm,3223,210243,208860,419104,42256
native_to_wasm,3224,210941,208940,419882,42256
native_to_wasm,3225,210109,209642,419752,42256
native_to_wasm,3226,210235,208864,419100,42256
native_to_wasm,3227,210937,208942,419880,42256
native_to_wasm,3228,210239,210588,420828,42256
native_to_wasm,3229,210243,208940,419184,42256
native_to_wasm,3230,211333,208954,420288,42256
native_to_wasm,3231,210227,208814,419042,42256
native_to_wasm,3232,210911,208922,419834,42256
native_to_wasm,3233,210121,209636,419758,42256
native_to_wasm,3234,210241,209266,419508,42256
native_to_wasm,3235,210911,208918,419830,42256
native_to_wasm,3236,210219,210762,420982,42256
native_to_wasm,3237,210239,208940,419180,42256
native_to_wasm,3238,211355,208916,420272,42256
native_to_wasm,3239,210219,208864,419084,42256
native_to_wasm,3240,210911,208920,419832,42256
native_to_wasm,3241,210129,209632,419762,42256
native_to_wasm,3242,210233,209238,419472,42256
native_to_wasm,3243,210931,208948,419880,42256
native_to_wasm,3244,210233,209836,420070,42256
native_to_wasm,3245,210237,208942,419180,42256
native_to_wasm,3246,211425,208950,420376,42256
native_to_wasm,3247,210237,208852,419090,42256
native_to_wasm,3248,210913,208922,419836,42256
native_to_wasm,3249,210121,209658,419780,42256
native_to_wasm,3250,210241,209390,419632,42256
native_to_wasm,3251,210937,208942,419880,42256
native_to_wasm,3252,210241,209834,420076,42256
native_to_wasm,3253,210235,208948,419184,42256
native_to_wasm,3254,211043,208934,419978,42256
native_to_wasm,3255,210241,208872,419114,42256
native_to_wasm,3256,210911,208926,419838,42256
native_to_wasm,3257,210125,209638,419764,42256
native_to_wasm,3258,210223,210615,420839,42256
native_to_wasm,3259,210938,208942,419881,42256
native_to_wasm,3260,210247,209834,420082,42256
native_to_wasm,3261,210221,208932,419154,42256
native_to_wasm,3262,210133,210144,420278,42256
native_to_wasm,3263,210243,208864,419108,42256
native_to_wasm,3264,210933,208946,419880,42256
native_to_wasm,3265,210129,209606,419736,42256
native_to_wasm,3266,210219,209223,419443,42256
native_to_wasm,3267,211378,208922,420301,42256
native_to_wasm,3268,210247,209842,420090,42256
native_to_wasm,3269,210217,208932,419150,42256
native_to_wasm,3270,210133,209612,419746,42256
native_to_wasm,3271,210247,208864,419112,42256
native_to_wasm,3272,210933,208946,419880,42256
native_to_wasm,3273,210105,209606,419712,42256
native_to_wasm,3274,210217,208932,419150,42256
native_to_wasm,3275,212455,208920,421376,42256
native_to_wasm,3276,210255,210108,420364,42256
native_to_wasm,3277,210221,208932,419154,42256
native_to_wasm,3278,210137,209640,419778,42256
native_to_wasm,3279,210259,208864,419124,42256
native_to_wasm,3280,210937,208944,419882,42256
native_to_wasm,3281,210519,209606,420126,42256
native_to_wasm,3282,210219,208924,419144,42256
native_to_wasm,3283,212045,208920,420966,42256
native_to_wasm,3284,210253,209942,420196,42256
native_to_wasm,3285,210245,208940,419186,42256
native_to_wasm,3286,210133,209606,419740,42256
native_to_wasm,3287,210219,208818,419038,42256
native_to_wasm,3288,210947,208938,419886,42256
native_to_wasm,3289,210525,209642,420168,42256
native_to_wasm,3290,210233,208914,419148,42256
native_to_wasm,3291,211117,208946,420064,42256
native_to_wasm,3292,210235,210096,420332,42256
native_to_wasm,3293,210219,208922,419142,42256
native_to_wasm,3294,210127,209638,419766,42256
native_to_wasm,3295,210223,208832,419056,42256
native_to_wasm,3296,210929,208940,419870,42256
native_to_wasm,3297,210455,209612,420068,42256
native_to_wasm,3298,210249,208940,419190,42256
native_to_wasm,3299,211141,208936,420078,42256
native_to_wasm,3300,210239,208872,419112,42256
native_to_wasm,3301,211303,208924,420228,42256
native_to_wasm,3302,210135,209616,419752,42256
native_to_wasm,3303,210245,208852,419098,42256
native_to_wasm,3304,210913,208920,419834,42256
native_to_wasm,3305,211347,209638,420986,42256
native_to_wasm,3306,210225,208922,419148,42256
native_to_wasm,3307,211133,208948,420082,42256
native_to_wasm,3308,210235,208812,419048,42256
native_to_wasm,3309,211343,208932,420276,42256
native_to_wasm,3310,210133,209606,419740,42256
native_to_wasm,3311,210219,208864,419084,42256
native_to_wasm,3312,210947,208938,419886,42256
native_to_wasm,3313,210509,209726,420236,42256
native_to_wasm,3314,210233,208918,419152,42256
native_to_wasm,3315,211421,208932,420354,42256
native_to_wasm,3316,210243,208860,419104,42256
native_to_wasm,3317,210941,208940,419882,42256
native_to_wasm,3318,210109,209642,419752,42256
native_to_wasm,3319,210235,208864,419100,42256
native_to_wasm,3320,210937,208942,419880,42256
native_to_wasm,3321,210239,210588,420828,42256
native_to_wasm,3322,210243,208940,419184,42256
native_to_wasm,3323,211333,208954,420288,42256
native_to_wasm,3324,210227,208814,419042,42256
native_to_wasm,3325,210911,208922,419834,42256
native_to_wasm,3326,210121,209636,419758,42256
native_to_wasm,3327,210241,209266,419508,42256
native_to_wasm,3328,210111,208948,419060,42256
native_to_wasm,3329,210131,209606,419738,42256
native_to_wasm,3330,210219,208862,419082,42256
native_to_wasm,3331,210911,208922,419834,42256
native_to_wasm,3332,211393,209632,421026,42256
native_to_wasm,3333,210239,208940,419180,42256
native_to_wasm,3334,211141,208934,420076,42256
native_to_wasm,3335,210239,208850,419090,42256
native_to_wasm,3336,211453,208938,420392,42256
native_to_wasm,3337,210123,209638,419762,42256
native_to_wasm,3338,210221,208830,419052,42256
native_to_wasm,3339,210933,208938,419872,42256
native_to_wasm,3340,211333,209632,420966,42256
native_to_wasm,3341,210249,208944,419194,42256
native_to_wasm,3342,211137,208932,420070,42256
native_to_wasm,3343,210245,208850,419096,42256
native_to_wasm,3344,211253,208932,420186,42256
native_to_wasm,3345,210133,209606,419740,42256
native_to_wasm,3346,210219,208864,419084,42256
native_to_wasm,3347,210947,208938,419886,42256
native_to_wasm,3348,210509,209726,420236,42256
native_to_wasm,3349,210233,208918,419152,42256
native_to_wasm,3350,211421,208932,420354,42256
native_to_wasm,3351,210243,208860,419104,42256
native_to_wasm,3352,210941,208940,419882,42256
native_to_wasm,3353,210109,209642,419752,42256
native_to_wasm,3354,210235,208864,419100,42256
native_to_wasm,3355,210937,208942,419880,42256
native_to_wasm,3356,210239,210588,420828,42256
native_to_wasm,3357,210243,208940,419184,42256
native_to_wasm,3358,211333,208954,420288,42256
native_to_wasm,3359,210227,208814,419042,42256
native_to_wasm,3360,210911,208922,419834,42256
native_to_wasm,3361,210121,209636,419758,42256
native_to_wasm,3362,210241,209266,419508,42256
native_to_wasm,3363,210911,208918,419830,42256
native_to_wasm,3364,210219,210762,420982,42256
native_to_wasm,3365,210239,208940,419180,42256
native_to_wasm,3366,211355,208916,420272,42256
native_to_wasm,3367,210219,208864,419084,42256
native_to_wasm,3368,210911,208920,419832,42256
native_to_wasm,3369,210129,209632,419762,42256
native_to_wasm,3370,210233,209238,419472,42256
native_to_wasm,3371,210931,208948,419880,42256
native_to_wasm,3372,210233,209836,420070,42256
native_to_wasm,3373,210237,208942,419180,42256
native_to_wasm,3374,211425,208950,420376,42256
native_to_wasm,3375,210237,208852,419090,42256
native_to_wasm,3376,210913,208922,419836,42256
native_to_wasm,3377,210121,209658,419780,42256
native_to_wasm,3378,210241,209390,419632,42256
native_to_wasm,3379,210937,208942,419880,42256
native_to_wasm,3380,210241,209834,420076,42256
native_to_wasm,3381,210235,208948,419184,42256
native_to_wasm,3382,211043,208934,419978,42256
native_to_wasm,3383,210241,208872,419114,42256
native_to_wasm,3384,210911,208926,419838,42256
native_to_wasm,3385,210125,209638,419764,42256
native_to_wasm,3386,210223,210615,420839,42256
native_to_wasm,3387,210938,208942,419881,42256
native_to_wasm,3388,210247,209834,420082,42256
native_to_wasm,3389,210221,208932,419154,42256
native_to_wasm,3390,210133,210144,420278,42256
native_to_wasm,3391,210243,208864,419108,42256
native_to_wasm,3392,210933,208946,419880,42256
native_to_wasm,3393,210129,209606,419736,42256
native_to_wasm,3394,210219,209223,419443,42256
native_to_wasm,3395,211378,208922,420301,42256
native_to_wasm,3396,210247,209842,420090,42256
native_to_wasm,3397,210217,208932,419150,42256
native_to_wasm,3398,210133,209612,419746,42256
native_to_wasm,3399,210247,208864,419112,42256
native_to_wasm,3400,210933,208946,419880,42256
native_to_wasm,3401,210105,209606,419712,42256
native_to_wasm,3402,210217,208932,419150,42256
native_to_wasm,3403,212455,208920,421376,42256
native_to_wasm,3404,210255,210108,420364,42256
native_to_wasm,3405,210221,208932,419154,42256
native_to_wasm,3406,210137,209640,419778,42256
native_to_wasm,3407,210259,208864,419124,42256
native_to_wasm,3408,210937,208944,419882,42256
native_to_wasm,3409,210519,209606,420126,42256
native_to_wasm,3410,210219,208924,419144,42256
native_to_wasm,3411,212045,208920,420966,42256
native_to_wasm,3412,210253,209942,420196,42256
native_to_wasm,3413,210245,208940,419186,42256
native_to_wasm,3414,210133,209606,419740,42256
native_to_wasm,3415,210219,208818,419038,42256
native_to_wasm,3416,210947,208938,419886,42256
native_to_wasm,3417,210525,209642,420168,42256
native_to_wasm,3418,210233,208914,419148,42256
native_to_wasm,3419,211117,208946,420064,42256
native_to_wasm,3420,210235,210096,420332,42256
native_to_wasm,3421,210219,208922,419142,42256
native_to_wasm,3422,210127,209638,419766,42256
native_to_wasm,3423,210223,208832,419056,42256
native_to_wasm,3424,210929,208940,419870,42256
native_to_wasm,3425,210455,209612,420068,42256
native_to_wasm,3426,210249,208940,419190,42256
native_to_wasm,3427,211141,208936,420078,42256
native_to_wasm,3428,210239,208872,419112,42256
native_to_wasm,3429,211303,208924,420228,42256
native_to_wasm,3430,210135,209616,419752,42256
native_to_wasm,3431,210245,208852,419098,42256
native_to_wasm,3432,210913,208920,419834,42256
native_to_wasm,3433,211347,209638,420986,42256
native_to_wasm,3434,210225,208922,419148,42256
native_to_wasm,3435,211133,208948,420082,42256
native_to_wasm,3436,210235,208812,419048,42256
native_to_wasm,3437,211343,208932,420276,42256
native_to_wasm,3438,210133,209606,419740,42256
native_to_wasm,3439,210219,208864,419084,42256
native_to_wasm,3440,210947,208938,419886,42256
native_to_wasm,3441,210509,209726,420236,42256
native_to_wasm,3442,210233,208918,419152,42256
native_to_wasm,3443,211421,208932,420354,42256
native_to_wasm,3444,210243,208860,419104,42256
native_to_wasm,3445,210941,208940,419882,42256
native_to_wasm,3446,210109,209642,419752,42256
native_to_wasm,3447,210235,208864,419100,42256
native_to_wasm,3448,210937,208942,419880,42256
native_to_wasm,3449,210239,210588,420828,42256
native_to_wasm,3450,210243,208940,419184,42256
native_to_wasm,3451,211333,208954,420288,42256
native_to_wasm,3452,210227,208814,419042,42256
native_to_wasm,3453,210911,208922,419834,42256
native_to_wasm,3454,210121,209636,419758,42256
native_to_wasm,3455,210241,209266,419508,42256
native_to_wasm,3456,210111,208948,419060,42256
native_to_wasm,3457,210131,209606,419738,42256
native_to_wasm,3458,210219,208862,419082,42256
native_to_wasm,3459,210911,208922,419834,42256
native_to_wasm,3460,211393,209632,421026,42256
native_to_wasm,3461,210239,208940,419180,42256
native_to_wasm,3462,211141,208934,420076,42256
native_to_wasm,3463,210239,208850,419090,42256
native_to_wasm,3464,211453,208938,420392,42256
native_to_wasm,3465,210123,209638,419762,42256
native_to_wasm,3466,210221,208830,419052,42256
native_to_wasm,3467,210933,208938,419872,42256
native_to_wasm,3468,211333,209632,420966,42256
native_to_wasm,3469,210249,208944,419194,42256
native_to_wasm,3470,211137,208932,420070,42256
native_to_wasm,3471,210245,208850,419096,42256
native_to_wasm,3472,211253,208932,420186,42256
native_to_wasm,3473,210133,209606,419740,42256
native_to_wasm,3474,210219,208864,419084,42256
native_to_wasm,3475,210947,208938,419886,42256
native_to_wasm,3476,210509,209726,420236,42256
native_to_wasm,3477,210233,208918,419152,42256
native_to_wasm,3478,211421,208932,420354,42256
native_to_wasm,3479,210243,208860,419104,42256
native_to_wasm,3480,210941,208940,419882,42256
native_to_wasm,3481,210109,209642,419752,42256
native_to_wasm,3482,210235,208864,419100,42256
native_to_wasm,3483,210937,208942,419880,42256
native_to_wasm,3484,210239,210588,420828,42256
native_to_wasm,3485,210243,208940,419184,42256
native_to_wasm,3486,211333,208954,420288,42256
native_to_wasm,3487,210227,208814,419042,42256
native_to_wasm,3488,210911,208922,419834,42256
native_to_wasm,3489,210121,209636,419758,42256
native_to_wasm,3490,210241,209266,419508,42256
native_to_wasm,3491,210911,208918,419830,42256
native_to_wasm,3492,210219,210762,420982,42256
native_to_wasm,3493,210239,208940,419180,42256
native_to_wasm,3494,211355,208916,420272,42256
native_to_wasm,3495,210219,208864,419084,42256
native_to_wasm,3496,210911,208920,419832,42256
native_to_wasm,3497,210129,209632,419762,42256
native_to_wasm,3498,210233,209238,419472,42256
native_to_wasm,3499,210931,208948,419880,42256
native_to_wasm,3500,210233,209836,420070,42256
native_to_wasm,3501,210237,208942,419180,42256
native_to_wasm,3502,211425,208950,420376,42256
native_to_wasm,3503,210237,208852,419090,42256
native_to_wasm,3504,210913,208922,419836,42256
native_to_wasm,3505,210121,209658,419780,42256
native_to_wasm,3506,210241,209390,419632,42256
native_to_wasm,3507,210937,208942,419880,42256
native_to_wasm,3508,210241,209834,420076,42256
native_to_wasm,3509,210235,208948,419184,42256
native_to_wasm,3510,211043,208934,419978,42256
native_to_wasm,3511,210241,208872,419114,42256
native_to_wasm,3512,210911,208926,419838,42256
native_to_wasm,3513,210125,209638,419764,42256
native_to_wasm,3514,210223,210615,420839,42256
native_to_wasm,3515,210938,208942,419881,42256
native_to_wasm,3516,210247,209834,420082,42256
native_to_wasm,3517,210221,208932,419154,42256
native_to_wasm,3518,210133,210144,420278,42256
native_to_wasm,3519,210243,208864,419108,42256
native_to_wasm,3520,210933,208946,419880,42256
native_to_wasm,3521,210129,209606,419736,42256
native_to_wasm,3522,210219,209223,419443,42256
native_to_wasm,3523,211378,208922,420301,42256
native_to_wasm,3524,210247,209842,420090,42256
native_to_wasm,3525,210217,208932,419150,42256
native_to_wasm,3526,210133,209612,419746,42256
native_to_wasm,3527,210247,208864,419112,42256
native_to_wasm,3528,210933,208946,419880,42256
native_to_wasm,3529,210105,209606,419712,42256
native_to_wasm,3530,210217,208932,419150,42256
native_to_wasm,3531,212455,208920,421376,42256
native_to_wasm,3532,210255,210108,420364,42256
native_to_wasm,3533,210221,208932,419154,42256
native_to_wasm,3534,210137,209640,419778,42256
native_to_wasm,3535,210259,208864,419124,42256
native_to_wasm,3536,210937,208944,419882,42256
native_to_wasm,3537,210519,209606,420126,42256
native_to_wasm,3538,210219,208924,419144,42256
native_to_wasm,3539,212045,208920,420966,42256
native_to_wasm,3540,210253,209942,420196,42256
native_to_wasm,3541,210245,208940,419186,42256
native_to_wasm,3542,210133,209606,419740,42256
native_to_wasm,3543,210219,208818,419038,42256
native_to_wasm,3544,210947,208938,419886,42256
native_to_wasm,3545,210525,209642,420168,42256
native_to_wasm,3546,210233,208914,419148,42256
native_to_wasm,3547,211117,208946,420064,42256
native_to_wasm,3548,210235,210096,420332,42256
native_to_wasm,3549,210219,208922,419142,42256
native_to_wasm,3550,210127,209638,419766,42256
native_to_wasm,3551,210223,208832,419056,42256
native_to_wasm,3552,210929,208940,419870,42256
native_to_wasm,3553,210455,209612,420068,42256
native_to_wasm,3554,210249,208940,419190,42256
native_to_wasm,3555,211141,208936,420078,42256
native_to_wasm,3556,210239,208872,419112,42256
native_to_wasm,3557,211303,208924,420228,42256
native_to_wasm,3558,210135,209616,419752,42256
native_to_wasm,3559,210245,208852,419098,42256
native_to_wasm,3560,210913,208920,419834,42256
native_to_wasm,3561,211347,209638,420986,42256
native_to_wasm,3562,210225,208922,419148,42256
native_to_wasm,3563,211133,208948,420082,42256
native_to_wasm,3564,210235,208812,419048,42256
native_to_wasm,3565,211343,208932,420276,42256
native_to_wasm,3566,210133,209606,419740,42256
native_to_wasm,3567,210219,208864,419084,42256
native_to_wasm,3568,210947,208938,419886,42256
native_to_wasm,3569,210509,209726,420236,42256
native_to_wasm,3570,210233,208918,419152,42256
native_to_wasm,3571,211421,208932,420354,42256
native_to_wasm,3572,210243,208860,419104,42256
native_to_wasm,3573,210941,208940,419882,42256
native_to_wasm,3574,210109,209642,419752,42256
native_to_wasm,3575,210235,208864,419100,42256
native_to_wasm,3576,210937,208942,419880,42256
native_to_wasm,3577,210239,210588,420828,42256
native_to_wasm,3578,210243,208940,419184,42256
native_to_wasm,3579,211333,208954,420288,42256
native_to_wasm,3580,210227,208814,419042,42256
native_to_wasm,3581,210911,208922,419834,42256
native_to_wasm,3582,210121,209636,419758,42256
native_to_wasm,3583,210241,209266,419508,42256
native_to_wasm,3584,210111,208948,419060,42256
native_to_wasm,3585,210131,209606,419738,42256
native_to_wasm,3586,210219,208862,419082,42256
native_to_wasm,3587,210911,208922,419834,42256
native_to_wasm,3588,211393,209632,421026,42256
native_to_wasm,3589,210239,208940,419180,42256
native_to_wasm,3590,211141,208934,420076,42256
native_to_wasm,3591,210239,208850,419090,42256
native_to_wasm,3592,211453,208938,420392,42256
native_to_wasm,3593,210123,209638,419762,42256
native_to_wasm,3594,210221,208830,419052,42256
native_to_wasm,3595,210933,208938,419872,42256
native_to_wasm,3596,211333,209632,420966,42256
native_to_wasm,3597,210249,208944,419194,42256
native_to_wasm,3598,211137,208932,420070,42256
native_to_wasm,3599,210245,208850,419096,42256
native_to_wasm,3600,211253,208932,420186,42256
native_to_wasm,3601,210133,209606,419740,42256
native_to_wasm,3602,210219,208864,419084,42256
native_to_wasm,3603,210947,208938,419886,42256
native_to_wasm,3604,210509,209726,420236,42256
native_to_wasm,3605,210233,208918,419152,42256
native_to_wasm,3606,211421,208932,420354,42256
native_to_wasm,3607,210243,208860,419104,42256
native_to_wasm,3608,210941,208940,419882,42256
native_to_wasm,3609,210109,209642,419752,42256
native_to_wasm,3610,210235,208864,419100,42256
native_to_wasm,3611,210937,208942,419880,42256
native_to_wasm,3612,210239,210588,420828,42256
native_to_wasm,3613,210243,208940,419184,42256
native_to_wasm,3614,211333,208954,420288,42256
native_to_wasm,3615,210227,208814,419042,42256
native_to_wasm,3616,210911,208922,419834,42256
native_to_wasm,3617,210121,209636,419758,42256
native_to_wasm,3618,210241,209266,419508,42256
native_to_wasm,3619,210911,208918,419830,42256
native_to_wasm,3620,210219,210762,420982,42256
native_to_wasm,3621,210239,208940,419180,42256
native_to_wasm,3622,211355,208916,420272,42256
native_to_wasm,3623,210219,208864,419084,42256
native_to_wasm,3624,210911,208920,419832,42256
native_to_wasm,3625,210129,209632,419762,42256
native_to_wasm,3626,210233,209238,419472,42256
native_to_wasm,3627,210931,208948,419880,42256
native_to_wasm,3628,210233,209836,420070,42256
native_to_wasm,3629,210237,208942,419180,42256
native_to_wasm,3630,211425,208950,420376,42256
native_to_wasm,3631,210237,208852,419090,42256
native_to_wasm,3632,210913,208922,419836,42256
native_to_wasm,3633,210121,209658,419780,42256
native_to_wasm,3634,210241,209390,419632,42256
native_to_wasm,3635,210937,208942,419880,42256
native_to_wasm,3636,210241,209834,420076,42256
native_to_wasm,3637,210235,208948,419184,42256
native_to_wasm,3638,211043,208934,419978,42256
native_to_wasm,3639,210241,208872,419114,42256
native_to_wasm,3640,210911,208926,419838,42256
native_to_wasm,3641,210125,209638,419764,42256
native_to_wasm,3642,210223,210615,420839,42256
native_to_wasm,3643,210938,208942,419881,42256
native_to_wasm,3644,210247,209834,420082,42256
native_to_wasm,3645,210221,208932,419154,42256
native_to_wasm,3646,210133,210144,420278,42256
native_to_wasm,3647,210243,208864,419108,42256
native_to_wasm,3648,210933,208946,419880,42256
native_to_wasm,3649,210129,209606,419736,42256
native_to_wasm,3650,210219,209223,419443,42256
native_to_wasm,3651,211378,208922,420301,42256
native_to_wasm,3652,210247,209842,420090,42256
native_to_wasm,3653,210217,208932,419150,42256
native_to_wasm,3654,210133,209612,419746,42256
native_to_wasm,3655,210247,208864,419112,42256
native_to_wasm,3656,210933,208946,419880,42256
native_to_wasm,3657,210105,209606,419712,42256
native_to_wasm,3658,210217,208932,419150,42256
native_to_wasm,3659,212455,208920,421376,42256
native_to_wasm,3660,210255,210108,420364,42256
native_to_wasm,3661,210221,208932,419154,42256
native_to_wasm,3662,210137,209640,419778,42256
native_to_wasm,3663,210259,208864,419124,42256
native_to_wasm,3664,210937,208944,419882,42256
native_to_wasm,3665,210519,209606,420126,42256
native_to_wasm,3666,210219,208924,419144,42256
native_to_wasm,3667,212045,208920,420966,42256
native_to_wasm,3668,210253,209942,420196,42256
native_to_wasm,3669,210245,208940,419186,42256
native_to_wasm,3670,210133,209606,419740,42256
native_to_wasm,3671,210219,208818,419038,42256
native_to_wasm,3672,210947,208938,419886,42256
native_to_wasm,3673,210525,209642,420168,42256
native_to_wasm,3674,210233,208914,419148,42256
native_to_wasm,3675,211117,208946,420064,42256
native_to_wasm,3676,210235,210096,420332,42256
native_to_wasm,3677,210219,208922,419142,42256
native_to_wasm,3678,210127,209638,419766,42256
native_to_wasm,3679,210223,208832,419056,42256
native_to_wasm,3680,210929,208940,419870,42256
native_to_wasm,3681,210455,209612,420068,42256
native_to_wasm,3682,210249,208940,419190,42256
native_to_wasm,3683,211141,208936,420078,42256
native_to_wasm,3684,210239,208872,419112,42256
native_to_wasm,3685,211303,208924,420228,42256
native_to_wasm,3686,210135,209616,419752,42256
native_to_wasm,3687,210245,208852,419098,42256
native_to_wasm,3688,210913,208920,419834,42256
native_to_wasm,3689,211347,209638,420986,42256
native_to_wasm,3690,210225,208922,419148,42256
native_to_wasm,3691,211133,208948,420082,42256
native_to_wasm,3692,210235,208812,419048,42256
native_to_wasm,3693,211343,208932,420276,42256
native_to_wasm,3694,210133,209606,419740,42256
native_to_wasm,3695,210219,208864,419084,42256
native_to_wasm,3696,210947,208938,419886,42256
native_to_wasm,3697,210509,209726,420236,42256
native_to_wasm,3698,210233,208918,419152,42256
native_to_wasm,3699,211421,208932,420354,42256
native_to_wasm,3700,210243,208860,419104,42256
native_to_wasm,3701,210941,208940,419882,42256
native_to_wasm,3702,210109,209642,419752,42256
native_to_wasm,3703,210235,208864,419100,42256
native_to_wasm,3704,210937,208942,419880,42256
native_to_wasm,3705,210239,210588,420828,42256
native_to_wasm,3706,210243,208940,419184,42256
native_to_wasm,3707,211333,208954,420288,42256
native_to_wasm,3708,210227,208814,419042,42256
native_to_wasm,3709,210911,208922,419834,42256
native_to_wasm,3710,210121,209636,419758,42256
native_to_wasm,3711,210241,209266,419508,42256
native_to_wasm,3712,210111,208948,419060,42256
native_to_wasm,3713,210131,209606,419738,42256
native_to_wasm,3714,210219,208862,419082,42256
native_to_wasm,3715,210911,208922,419834,42256
native_to_wasm,3716,211393,209632,421026,42256
native_to_wasm,3717,210239,208940,419180,42256
native_to_wasm,3718,211141,208934,420076,42256
native_to_wasm,3719,210239,208850,419090,42256
native_to_wasm,3720,211453,208938,420392,42256
native_to_wasm,3721,210123,209638,419762,42256
native_to_wasm,3722,210221,208830,419052,42256
native_to_wasm,3723,210933,208938,419872,42256
native_to_wasm,3724,211333,209632,420966,42256
native_to_wasm,3725,210249,208944,419194,42256
native_to_wasm,3726,211137,208932,420070,42256
native_to_wasm,3727,210245,208850,419096,42256
native_to_wasm,3728,211253,208932,420186,42256
native_to_wasm,3729,210133,209606,419740,42256
native_to_wasm,3730,210219,208864,419084,42256
native_to_wasm,3731,210947,208938,419886,42256
native_to_wasm,3732,210509,209726,420236,42256
native_to_wasm,3733,210233,208918,419152,42256
native_to_wasm,3734,211421,208932,420354,42256
native_to_wasm,3735,210243,208860,419104,42256
native_to_wasm,3736,210941,208940,419882,42256
native_to_wasm,3737,210109,209642,419752,42256
native_to_wasm,3738,210235,208864,419100,42256
native_to_wasm,3739,210937,208942,419880,42256
native_to_wasm,3740,210239,210588,420828,42256
native_to_wasm,3741,210243,208940,419184,42256
native_to_wasm,3742,211333,208954,420288,42256
native_to_wasm,3743,210227,208814,419042,42256
native_to_wasm,3744,210911,208922,419834,42256
native_to_wasm,3745,210121,209636,419758,42256
native_to_wasm,3746,210241,209266,419508,42256
native_to_wasm,3747,210911,208918,419830,42256
native_to_wasm,3748,210219,210762,420982,42256
native_to_wasm,3749,210239,208940,419180,42256
native_to_wasm,3750,211355,208916,420272,42256
native_to_wasm,3751,210219,208864,419084,42256
native_to_wasm,3752,210911,208920,419832,42256
native_to_wasm,3753,210129,209632,419762,42256
native_to_wasm,3754,210233,209238,419472,42256
native_to_wasm,3755,210931,208948,419880,42256
native_to_wasm,3756,210233,209836,420070,42256
native_to_wasm,3757,210237,208942,419180,42256
native_to_wasm,3758,211425,208950,420376,42256
native_to_wasm,3759,210237,208852,419090,42256
native_to_wasm,3760,210913,208922,419836,42256
native_to_wasm,3761,210121,209658,419780,42256
native_to_wasm,3762,210241,209390,419632,42256
native_to_wasm,3763,210937,208942,419880,42256
native_to_wasm,3764,210241,209834,420076,42256
native_to_wasm,3765,210235,208948,419184,42256
native_to_wasm,3766,211043,208934,419978,42256
native_to_wasm,3767,210241,208872,419114,42256
native_to_wasm,3768,210911,208926,419838,42256
native_to_wasm,3769,210125,209638,419764,42256
native_to_wasm,3770,210223,210615,420839,42256
native_to_wasm,3771,210938,208942,419881,42256
native_to_wasm,3772,210247,209834,420082,42256
native_to_wasm,3773,210221,208932,419154,42256
native_to_wasm,3774,210133,210144,420278,42256
native_to_wasm,3775,210243,208864,419108,42256
native_to_wasm,3776,210933,208946,419880,42256
native_to_wasm,3777,210129,209606,419736,42256
native_to_wasm,3778,210219,209223,419443,42256
native_to_wasm,3779,211378,208922,420301,42256
native_to_wasm,3780,210247,209842,420090,42256
native_to_wasm,3781,210217,208932,419150,42256
native_to_wasm,3782,210133,209612,419746,42256
native_to_wasm,3783,210247,208864,419112,42256
native_to_wasm,3784,210933,208946,419880,42256
native_to_wasm,3785,210105,209606,419712,42256
native_to_wasm,3786,210217,208932,419150,42256
native_to_wasm,3787,212455,208920,421376,42256
native_to_wasm,3788,210255,210108,420364,42256
native_to_wasm,3789,210221,208932,419154,42256
native_to_wasm,3790,210137,209640,419778,42256
native_to_wasm,3791,210259,208864,419124,42256
native_to_wasm,3792,210937,208944,419882,42256
native_to_wasm,3793,210519,209606,420126,42256
native_to_wasm,3794,210219,208924,419144,42256
native_to_wasm,3795,212045,208920,420966,42256
native_to_wasm,3796,210253,209942,420196,42256
native_to_wasm,3797,210245,208940,419186,42256
native_to_wasm,3798,210133,209606,419740,42256
native_to_wasm,3799,210219,208818,419038,42256
native_to_wasm,3800,210947,208938,419886,42256
native_to_wasm,3801,210525,209642,420168,42256
native_to_wasm,3802,210233,208914,419148,42256
native_to_wasm,3803,211117,208946,420064,42256
native_to_wasm,3804,210235,210096,420332,42256
native_to_wasm,3805,210219,208922,419142,42256
native_to_wasm,3806,210127,209638,419766,42256
native_to_wasm,3807,210223,208832,419056,42256
native_to_wasm,3808,210929,208940,419870,42256
native_to_wasm,3809,210455,209612,420068,42256
native_to_wasm,3810,210249,208940,419190,42256
native_to_wasm,3811,211141,208936,420078,42256
native_to_wasm,3812,210239,208872,419112,42256
native_to_wasm,3813,211303,208924,420228,42256
native_to_wasm,3814,210135,209616,419752,42256
native_to_wasm,3815,210245,208852,419098,42256
native_to_wasm,3816,210913,208920,419834,42256
native_to_wasm,3817,211347,209638,420986,42256
native_to_wasm,3818,210225,208922,419148,42256
native_to_wasm,3819,211133,208948,420082,42256
native_to_wasm,3820,210235,208812,419048,42256
native_to_wasm,3821,211343,208932,420276,42256
native_to_wasm,3822,210133,209606,419740,42256
native_to_wasm,3823,210219,208864,419084,42256
native_to_wasm,3824,210947,208938,419886,42256
native_to_wasm,3825,210509,209726,420236,42256
native_to_wasm,3826,210233,208918,419152,42256
native_to_wasm,3827,211421,208932,420354,42256
native_to_wasm,3828,210243,208860,419104,42256
native_to_wasm,3829,210941,208940,419882,42256
native_to_wasm,3830,210109,209642,419752,42256
native_to_wasm,3831,210235,208864,419100,42256
native_to_wasm,3832,210937,208942,419880,42256
native_to_wasm,3833,210239,210588,420828,42256
native_to_wasm,3834,210243,208940,419184,42256
native_to_wasm,3835,211333,208954,420288,42256
native_to_wasm,3836,210227,208814,419042,42256
native_to_wasm,3837,210911,208922,419834,42256
native_to_wasm,3838,210121,209636,419758,42256
native_to_wasm,3839,210241,209266,419508,42256
native_to_wasm,3840,210111,208948,419060,42256
native_to_wasm,3841,210131,209606,419738,42256
native_to_wasm,3842,210219,208862,419082,42256
native_to_wasm,3843,210911,208922,419834,42256
native_to_wasm,3844,211393,209632,421026,42256
native_to_wasm,3845,210239,208940,419180,42256
native_to_wasm,3846,211141,208934,420076,42256
native_to_wasm,3847,210239,208850,419090,42256
native_to_wasm,3848,211453,208938,420392,42256
native_to_wasm,3849,210123,209638,419762,42256
native_to_wasm,3850,210221,208830,419052,42256
native_to_wasm,3851,210933,208938,419872,42256
native_to_wasm,3852,211333,209632,420966,42256
native_to_wasm,3853,210249,208944,419194,42256
native_to_wasm,3854,211137,208932,420070,42256
native_to_wasm,3855,210245,208850,419096,42256
native_to_wasm,3856,211253,208932,420186,42256
native_to_wasm,3857,210133,209606,419740,42256
native_to_wasm,3858,210219,208864,419084,42256
native_to_wasm,3859,210947,208938,419886,42256
native_to_wasm,3860,210509,209726,420236,42256
native_to_wasm,3861,210233,208918,419152,42256
native_to_wasm,3862,211421,208932,420354,42256
native_to_wasm,3863,210243,208860,419104,42256
native_to_wasm,3864,210941,208940,419882,42256
native_to_wasm,3865,210109,209642,419752,42256
native_to_wasm,3866,210235,208864,419100,42256
native_to_wasm,3867,210937,208942,419880,42256
native_to_wasm,3868,210239,210588,420828,42256
native_to_wasm,3869,210243,208940,419184,42256
native_to_wasm,3870,211333,208954,420288,42256
native_to_wasm,3871,210227,208814,419042,42256
native_to_wasm,3872,210911,208922,419834,42256
native_to_wasm,3873,210121,209636,419758,42256
native_to_wasm,3874,210241,209266,419508,42256
native_to_wasm,3875,210911,208918,419830,42256
native_to_wasm,3876,210219,210762,420982,42256
native_to_wasm,3877,210239,208940,419180,42256
native_to_wasm,3878,211355,208916,420272,42256
native_to_wasm,3879,210219,208864,419084,42256
native_to_wasm,3880,210911,208920,419832,42256
native_to_wasm,3881,210129,209632,419762,42256
native_to_wasm,3882,210233,209238,419472,42256
native_to_wasm,3883,210931,208948,419880,42256
native_to_wasm,3884,210233,209836,420070,42256
native_to_wasm,3885,210237,208942,419180,42256
native_to_wasm,3886,211425,208950,420376,42256
native_to_wasm,3887,210237,208852,419090,42256
native_to_wasm,3888,210913,208922,419836,42256
native_to_wasm,3889,210121,209658,419780,42256
native_to_wasm,3890,210241,209390,419632,42256
native_to_wasm,3891,210937,208942,419880,42256
native_to_wasm,3892,210241,209834,420076,42256
native_to_wasm,3893,210235,208948,419184,42256
native_to_wasm,3894,211043,208934,419978,42256
native_to_wasm,3895,210241,208872,419114,42256
native_to_wasm,3896,210911,208926,419838,42256
native_to_wasm,3897,210125,209638,419764,42256
native_to_wasm,3898,210223,210615,420839,42256
native_to_wasm,3899,210938,208942,419881,42256
native_to_wasm,3900,210247,209834,420082,42256
native_to_wasm,3901,210221,208932,419154,42256
native_to_wasm,3902,210133,210144,420278,42256
native_to_wasm,3903,210243,208864,419108,42256
native_to_wasm,3904,210933,208946,419880,42256
native_to_wasm,3905,210129,209606,419736,42256
native_to_wasm,3906,210219,209223,419443,42256
native_to_wasm,3907,211378,208922,420301,42256
native_to_wasm,3908,210247,209842,420090,42256
native_to_wasm,3909,210217,208932,419150,42256
native_to_wasm,3910,210133,209612,419746,42256
native_to_wasm,3911,210247,208864,419112,42256
native_to_wasm,3912,210933,208946,419880,42256
native_to_wasm,3913,210105,209606,419712,42256
native_to_wasm,3914,210217,208932,419150,42256
native_to_wasm,3915,212455,208920,421376,42256
native_to_wasm,3916,210255,210108,420364,42256
native_to_wasm,3917,210221,208932,419154,42256
native_to_wasm,3918,210137,209640,419778,42256
native_to_wasm,3919,210259,208864,419124,42256
native_to_wasm,3920,210937,208944,419882,42256
native_to_wasm,3921,210519,209606,420126,42256
native_to_wasm,3922,210219,208924,419144,42256
native_to_wasm,3923,212045,208920,420966,42256
native_to_wasm,3924,210253,209942,420196,42256
native_to_wasm,3925,210245,208940,419186,42256
native_to_wasm,3926,210133,209606,419740,42256
native_to_wasm,3927,210219,208818,419038,42256
native_to_wasm,3928,210947,208938,419886,42256
native_to_wasm,3929,210525,209642,420168,42256
native_to_wasm,3930,210233,208914,419148,42256
native_to_wasm,3931,211117,208946,420064,42256
native_to_wasm,3932,210235,210096,420332,42256
native_to_wasm,3933,210219,208922,419142,42256
native_to_wasm,3934,210127,209638,419766,42256
native_to_wasm,3935,210223,208832,419056,42256
native_to_wasm,3936,210929,208940,419870,42256
native_to_wasm,3937,210455,209612,420068,42256
native_to_wasm,3938,210249,208940,419190,42256
native_to_wasm,3939,211141,208936,420078,42256
native_to_wasm,3940,210239,208872,419112,42256
native_to_wasm,3941,211303,208924,420228,42256
native_to_wasm,3942,210135,209616,419752,42256
native_to_wasm,3943,210245,208852,419098,42256
native_to_wasm,3944,210913,208920,419834,42256
native_to_wasm,3945,211347,209638,420986,42256
native_to_wasm,3946,210225,208922,419148,42256
native_to_wasm,3947,211133,208948,420082,42256
native_to_wasm,3948,210235,208812,419048,42256
native_to_wasm,3949,211343,208932,420276,42256
native_to_wasm,3950,210133,209606,419740,42256
native_to_wasm,3951,210219,208864,419084,42256
native_to_wasm,3952,210947,208938,419886,42256
native_to_wasm,3953,210509,209726,420236,42256
native_to_wasm,3954,210233,208918,419152,42256
native_to_wasm,3955,211421,208932,420354,42256
native_to_wasm,3956,210243,208860,419104,42256
native_to_wasm,3957,210941,208940,419882,42256
native_to_wasm,3958,210109,209642,419752,42256
native_to_wasm,3959,210235,208864,419100,42256
native_to_wasm,3960,210937,208942,419880,42256
native_to_wasm,3961,210239,210588,420828,42256
native_to_wasm,3962,210243,208940,419184,42256
native_to_wasm,3963,211333,208954,420288,42256
native_to_wasm,3964,210227,208814,419042,42256
native_to_wasm,3965,210911,208922,419834,42256
native_to_wasm,3966,210121,209636,419758,42256
native_to_wasm,3967,210241,209266,419508,42256
native_to_wasm,3968,210111,208948,419060,42256
native_to_wasm,3969,210131,209606,419738,42256
native_to_wasm,3970,210219,208862,419082,42256
native_to_wasm,3971,210911,208922,419834,42256
native_to_wasm,3972,211393,209632,421026,42256
native_to_wasm,3973,210239,208940,419180,42256
native_to_wasm,3974,211141,208934,420076,42256
native_to_wasm,3975,210239,208850,419090,42256
native_to_wasm,3976,211453,208938,420392,42256
native_to_wasm,3977,210123,209638,419762,42256
native_to_wasm,3978,210221,208830,419052,42256
native_to_wasm,3979,210933,208938,419872,42256
native_to_wasm,3980,211333,209632,420966,42256
native_to_wasm,3981,210249,208944,419194,42256
native_to_wasm,3982,211137,208932,420070,42256
native_to_wasm,3983,210245,208850,419096,42256
native_to_wasm,3984,211253,208932,420186,42256
native_to_wasm,3985,210133,209606,419740,42256
native_to_wasm,3986,210219,208864,419084,42256
native_to_wasm,3987,210947,208938,419886,42256
native_to_wasm,3988,210509,209726,420236,42256
native_to_wasm,3989,210233,208918,419152,42256
native_to_wasm,3990,211421,208932,420354,42256
native_to_wasm,3991,210243,208860,419104,42256
native_to_wasm,3992,210941,208940,419882,42256
native_to_wasm,3993,210109,209642,419752,42256
native_to_wasm,3994,210235,208864,419100,42256
native_to_wasm,3995,210937,208942,419880,42256
native_to_wasm,3996,210239,210588,420828,42256
native_to_wasm,3997,210243,208940,419184,42256
native_to_wasm,3998,211333,208954,420288,42256
native_to_wasm,3999,210227,208814,419042,42256
native_to_wasm,4000,210911,208922,419834,42256
native_to_wasm,4001,210121,209636,419758,42256
native_to_wasm,4002,210241,209266,419508,42256
native_to_wasm,4003,210911,208918,419830,42256
native_to_wasm,4004,210219,210762,420982,42256
native_to_wasm,4005,210239,208940,419180,42256
native_to_wasm,4006,211355,208916,420272,42256
native_to_wasm,4007,210219,208864,419084,42256
native_to_wasm,4008,210911,208920,419832,42256
native_to_wasm,4009,210129,209632,419762,42256
native_to_wasm,4010,210233,209238,419472,42256
native_to_wasm,4011,210931,208948,419880,42256
native_to_wasm,4012,210233,209836,420070,42256
native_to_wasm,4013,210237,208942,419180,42256
native_to_wasm,4014,211425,208950,420376,42256
native_to_wasm,4015,210237,208852,419090,42256
native_to_wasm,4016,210913,208922,419836,42256
native_to_wasm,4017,210121,209658,419780,42256
native_to_wasm,4018,210241,209390,419632,42256
native_to_wasm,4019,210937,208942,419880,42256
native_to_wasm,4020,210241,209834,420076,42256
native_to_wasm,4021,210235,208948,419184,42256
native_to_wasm,4022,211043,208934,419978,42256
native_to_wasm,4023,210241,208872,419114,42256
native_to_wasm,4024,210911,208926,419838,42256
native_to_wasm,4025,210125,209638,419764,42256
native_to_wasm,4026,210223,210615,420839,42256
native_to_wasm,4027,210938,208942,419881,42256
native_to_wasm,4028,210247,209834,420082,42256
native_to_wasm,4029,210221,208932,419154,42256
native_to_wasm,4030,210133,210144,420278,42256
native_to_wasm,4031,210243,208864,419108,42256
native_to_wasm,4032,210933,208946,419880,42256
native_to_wasm,4033,210129,209606,419736,42256
native_to_wasm,4034,210219,209223,419443,42256
native_to_wasm,4035,211378,208922,420301,42256
native_to_wasm,4036,210247,209842,420090,42256
native_to_wasm,4037,210217,208932,419150,42256
native_to_wasm,4038,210133,209612,419746,42256
native_to_wasm,4039,210247,208864,419112,42256
native_to_wasm,4040,210933,208946,419880,42256
native_to_wasm,4041,210105,209606,419712,42256
native_to_wasm,4042,210217,208932,419150,42256
native_to_wasm,4043,212455,208920,421376,42256
native_to_wasm,4044,210255,210108,420364,42256
native_to_wasm,4045,210221,208932,419154,42256
native_to_wasm,4046,210137,209640,419778,42256
native_to_wasm,4047,210259,208864,419124,42256
native_to_wasm,4048,210937,208944,419882,42256
native_to_wasm,4049,210519,209606,420126,42256
native_to_wasm,4050,210219,208924,419144,42256
native_to_wasm,4051,212045,208920,420966,42256
native_to_wasm,4052,210253,209942,420196,42256
native_to_wasm,4053,210245,208940,419186,42256
native_to_wasm,4054,210133,209606,419740,42256
native_to_wasm,4055,210219,208818,419038,42256
native_to_wasm,4056,210947,208938,419886,42256
native_to_wasm,4057,210525,209642,420168,42256
native_to_wasm,4058,210233,208914,419148,42256
native_to_wasm,4059,211117,208946,420064,42256
native_to_wasm,4060,210235,210096,420332,42256
native_to_wasm,4061,210219,208922,419142,42256
native_to_wasm,4062,210127,209638,419766,42256
native_to_wasm,4063,210223,208832,419056,42256
native_to_wasm,4064,210929,208940,419870,42256
native_to_wasm,4065,210455,209612,420068,42256
native_to_wasm,4066,210249,208940,419190,42256
native_to_wasm,4067,211141,208936,420078,42256
native_to_wasm,4068,210239,208872,419112,42256
native_to_wasm,4069,211303,208924,420228,42256
native_to_wasm,4070,210135,209616,419752,42256
native_to_wasm,4071,210245,208852,419098,42256
native_to_wasm,4072,210913,208920,419834,42256
native_to_wasm,4073,211347,209638,420986,42256
native_to_wasm,4074,210225,208922,419148,42256
native_to_wasm,4075,211133,208948,420082,42256
native_to_wasm,4076,210235,208812,419048,42256
native_to_wasm,4077,211343,208932,420276,42256
native_to_wasm,4078,210133,209606,419740,42256
native_to_wasm,4079,210219,208864,419084,42256
native_to_wasm,4080,210947,208938,419886,42256
native_to_wasm,4081,210509,209726,420236,42256
native_to_wasm,4082,210233,208918,419152,42256
native_to_wasm,4083,211421,208932,420354,42256
native_to_wasm,4084,210243,208860,419104,42256
native_to_wasm,4085,210941,208940,419882,42256
native_to_wasm,4086,210109,209642,419752,42256
native_to_wasm,4087,210235,208864,419100,42256
native_to_wasm,4088,210937,208942,419880,42256
native_to_wasm,4089,210239,210588,420828,42256
native_to_wasm,4090,210243,208940,419184,42256
native_to_wasm,4091,211333,208954,420288,42256
native_to_wasm,4092,210227,208814,419042,42256
native_to_wasm,4093,210911,208922,419834,42256
native_to_wasm,4094,210121,209636,419758,42256
native_to_wasm,4095,210241,209266,419508,42256
native_to_wasm,4096,210111,208948,419060,42256
native_to_wasm,4097,210131,209606,419738,42256
native_to_wasm,4098,210219,208862,419082,42256
native_to_wasm,4099,210911,208922,419834,42256
native_to_wasm,4100,211393,209632,421026,42256
native_to_wasm,4101,210239,208940,419180,42256
native_to_wasm,4102,211141,208934,420076,42256
native_to_wasm,4103,210239,208850,419090,42256
native_to_wasm,4104,211453,208938,420392,42256
native_to_wasm,4105,210123,209638,419762,42256
native_to_wasm,4106,210221,208830,419052,42256
native_to_wasm,4107,210933,208938,419872,42256
native_to_wasm,4108,211333,209632,420966,42256
native_to_wasm,4109,210249,208944,419194,42256
native_to_wasm,4110,211137,208932,420070,42256
native_to_wasm,4111,210245,208850,419096,42256
native_to_wasm,4112,211253,208932,420186,42256
native_to_wasm,4113,210133,209606,419740,42256
native_to_wasm,4114,210219,208864,419084,42256
native_to_wasm,4115,210947,208938,419886,42256
native_to_wasm,4116,210509,209726,420236,42256
native_to_wasm,4117,210233,208918,419152,42256
native_to_wasm,4118,211421,208932,420354,42256
native_to_wasm,4119,210243,208860,419104,42256
native_to_wasm,4120,210941,208940,419882,42256
native_to_wasm,4121,210109,209642,419752,42256
native_to_wasm,4122,210235,208864,419100,42256
native_to_wasm,4123,210937,208942,419880,42256
native_to_wasm,4124,210239,210588,420828,42256
native_to_wasm,4125,210243,208940,419184,42256
native_to_wasm,4126,211333,208954,420288,42256
native_to_wasm,4127,210227,208814,419042,42256
native_to_wasm,4128,210911,208922,419834,42256
native_to_wasm,4129,210121,209636,419758,42256
native_to_wasm,4130,210241,209266,419508,42256
native_to_wasm,4131,210911,208918,419830,42256
native_to_wasm,4132,210219,210762,420982,42256
native_to_wasm,4133,210239,208940,419180,42256
native_to_wasm,4134,211355,208916,420272,42256
native_to_wasm,4135,210219,208864,419084,42256
native_to_wasm,4136,210911,208920,419832,42256
native_to_wasm,4137,210129,209632,419762,42256
native_to_wasm,4138,210233,209238,419472,42256
native_to_wasm,4139,210931,208948,419880,42256
native_to_wasm,4140,210233,209836,420070,42256
native_to_wasm,4141,210237,208942,419180,42256
native_to_wasm,4142,211425,208950,420376,42256
native_to_wasm,4143,210237,208852,419090,42256
native_to_wasm,4144,210913,208922,419836,42256
native_to_wasm,4145,210121,209658,419780,42256
native_to_wasm,4146,210241,209390,419632,42256
native_to_wasm,4147,210937,208942,419880,42256
native_to_wasm,4148,210241,209834,420076,42256
native_to_wasm,4149,210235,208948,419184,42256
native_to_wasm,4150,211043,208934,419978,42256
native_to_wasm,4151,210241,208872,419114,42256
native_to_wasm,4152,210911,208926,419838,42256
native_to_wasm,4153,210125,209638,419764,42256
native_to_wasm,4154,210223,210615,420839,42256
native_to_wasm,4155,210938,208942,419881,42256
native_to_wasm,4156,210247,209834,420082,42256
native_to_wasm,4157,210221,208932,419154,42256
native_to_wasm,4158,210133,210144,420278,42256
native_to_wasm,4159,210243,208864,419108,42256
native_to_wasm,4160,210933,208946,419880,42256
native_to_wasm,4161,210129,209606,419736,42256
native_to_wasm,4162,210219,209223,419443,42256
native_to_wasm,4163,211378,208922,420301,42256
native_to_wasm,4164,210247,209842,420090,42256
native_to_wasm,4165,210217,208932,419150,42256
native_to_wasm,4166,210133,209612,419746,42256
native_to_wasm,4167,210247,208864,419112,42256
native_to_wasm,4168,210933,208946,419880,42256
native_to_wasm,4169,210105,209606,419712,42256
native_to_wasm,4170,210217,208932,419150,42256
native_to_wasm,4171,212455,208920,421376,42256
native_to_wasm,4172,210255,210108,420364,42256
native_to_wasm,4173,210221,208932,419154,42256
native_to_wasm,4174,210137,209640,419778,42256
native_to_wasm,4175,210259,208864,419124,42256
native_to_wasm,4176,210937,208944,419882,42256
native_to_wasm,4177,210519,209606,420126,42256
native_to_wasm,4178,210219,208924,419144,42256
native_to_wasm,4179,212045,208920,420966,42256
native_to_wasm,4180,210253,209942,420196,42256
native_to_wasm,4181,210245,208940,419186,42256
native_to_wasm,4182,210133,209606,419740,42256
native_to_wasm,4183,210219,208818,419038,42256
native_to_wasm,4184,210947,208938,419886,42256
native_to_wasm,4185,210525,209642,420168,42256
native_to_wasm,4186,210233,208914,419148,42256
native_to_wasm,4187,211117,208946,420064,42256
native_to_wasm,4188,210235,210096,420332,42256
native_to_wasm,4189,210219,208922,419142,42256
native_to_wasm,4190,210127,209638,419766,42256
native_to_wasm,4191,210223,208832,419056,42256
native_to_wasm,4192,210929,208940,419870,42256
native_to_wasm,4193,210455,209612,420068,42256
native_to_wasm,4194,210249,208940,419190,42256
native_to_wasm,4195,211141,208936,420078,42256
native_to_wasm,4196,210239,208872,419112,42256
native_to_wasm,4197,211303,208924,420228,42256
native_to_wasm,4198,210135,209616,419752,42256
native_to_wasm,4199,210245,208852,419098,42256
native_to_wasm,4200,210913,208920,419834,42256
native_to_wasm,4201,211347,209638,420986,42256
native_to_wasm,4202,210225,208922,419148,42256
native_to_wasm,4203,211133,208948,420082,42256
native_to_wasm,4204,210235,208812,419048,42256
native_to_wasm,4205,211343,208932,420276,42256
native_to_wasm,4206,210133,209606,419740,42256
native_to_wasm,4207,210219,208864,419084,42256
native_to_wasm,4208,210947,208938,419886,42256
native_to_wasm,4209,210509,209726,420236,42256
native_to_wasm,4210,210233,208918,419152,42256
native_to_wasm,4211,211421,208932,420354,42256
native_to_wasm,4212,210243,208860,419104,42256
native_to_wasm,4213,210941,208940,419882,42256
native_to_wasm,4214,210109,209642,419752,42256
native_to_wasm,4215,210235,208864,419100,42256
native_to_wasm,4216,210937,208942,419880,42256
native_to_wasm,4217,210239,210588,420828,42256
native_to_wasm,4218,210243,208940,419184,42256
native_to_wasm,4219,211333,208954,420288,42256
native_to_wasm,4220,210227,208814,419042,42256
native_to_wasm,4221,210911,208922,419834,42256
native_to_wasm,4222,210121,209636,419758,42256
native_to_wasm,4223,210241,209266,419508,42256
native_to_wasm,4224,210111,208948,419060,42256
native_to_wasm,4225,210131,209606,419738,42256
native_to_wasm,4226,210219,208862,419082,42256
native_to_wasm,4227,210911,208922,419834,42256
native_to_wasm,4228,211393,209632,421026,42256
native_to_wasm,4229,210239,208940,419180,42256
native_to_wasm,4230,211141,208934,420076,42256
native_to_wasm,4231,210239,208850,419090,42256
native_to_wasm,4232,211453,208938,420392,42256
native_to_wasm,4233,210123,209638,419762,42256
native_to_wasm,4234,210221,208830,419052,42256
native_to_wasm,4235,210933,208938,419872,42256
native_to_wasm,4236,211333,209632,420966,42256
native_to_wasm,4237,210249,208944,419194,42256
native_to_wasm,4238,211137,208932,420070,42256
native_to_wasm,4239,210245,208850,419096,42256
native_to_wasm,4240,211253,208932,420186,42256
native_to_wasm,4241,210133,209606,419740,42256
native_to_wasm,4242,210219,208864,419084,42256
native_to_wasm,4243,210947,208938,419886,42256
native_to_wasm,4244,210509,209726,420236,42256
native_to_wasm,4245,210233,208918,419152,42256
native_to_wasm,4246,211421,208932,420354,42256
native_to_wasm,4247,210243,208860,419104,42256
native_to_wasm,4248,210941,208940,419882,42256
native_to_wasm,4249,210109,209642,419752,42256
native_to_wasm,4250,210235,208864,419100,42256
native_to_wasm,4251,210937,208942,419880,42256
native_to_wasm,4252,210239,210588,420828,42256
native_to_wasm,4253,210243,208940,419184,42256
native_to_wasm,4254,211333,208954,420288,42256
native_to_wasm,4255,210227,208814,419042,42256
native_to_wasm,4256,210911,208922,419834,42256
native_to_wasm,4257,210121,209636,419758,42256
native_to_wasm,4258,210241,209266,419508,42256
native_to_wasm,4259,210911,208918,419830,42256
native_to_wasm,4260,210219,210762,420982,42256
native_to_wasm,4261,210239,208940,419180,42256
native_to_wasm,4262,211355,208916,420272,42256
native_to_wasm,4263,210219,208864,419084,42256
native_to_wasm,4264,210911,208920,419832,42256
native_to_wasm,4265,210129,209632,419762,42256
native_to_wasm,4266,210233,209238,419472,42256
native_to_wasm,4267,210931,208948,419880,42256
native_to_wasm,4268,210233,209836,420070,42256
native_to_wasm,4269,210237,208942,419180,42256
native_to_wasm,4270,211425,208950,420376,42256
native_to_wasm,4271,210237,208852,419090,42256
native_to_wasm,4272,210913,208922,419836,42256
native_to_wasm,4273,210121,209658,419780,42256
native_to_wasm,4274,210241,209390,419632,42256
native_to_wasm,4275,210937,208942,419880,42256
native_to_wasm,4276,210241,209834,420076,42256
native_to_wasm,4277,210235,208948,419184,42256
native_to_wasm,4278,211043,208934,419978,42256
native_to_wasm,4279,210241,208872,419114,42256
native_to_wasm,4280,210911,208926,419838,42256
native_to_wasm,4281,210125,209638,419764,42256
native_to_wasm,4282,210223,210615,420839,42256
native_to_wasm,4283,210938,208942,419881,42256
native_to_wasm,4284,210247,209834,420082,42256
native_to_wasm,4285,210221,208932,419154,42256
native_to_wasm,4286,210133,210144,420278,42256
native_to_wasm,4287,210243,208864,419108,42256
native_to_wasm,4288,210933,208946,419880,42256
native_to_wasm,4289,210129,209606,419736,42256
native_to_wasm,4290,210219,209223,419443,42256
native_to_wasm,4291,211378,208922,420301,42256
native_to_wasm,4292,210247,209842,420090,42256
native_to_wasm,4293,210217,208932,419150,42256
native_to_wasm,4294,210133,209612,419746,42256
native_to_wasm,4295,210247,208864,419112,42256
native_to_wasm,4296,210933,208946,419880,42256
native_to_wasm,4297,210105,209606,419712,42256
native_to_wasm,4298,210217,208932,419150,42256
native_to_wasm,4299,212455,208920,421376,42256
native_to_wasm,4300,210255,210108,420364,42256
native_to_wasm,4301,210221,208932,419154,42256
native_to_wasm,4302,210137,209640,419778,42256
native_to_wasm,4303,210259,208864,419124,42256
native_to_wasm,4304,210937,208944,419882,42256
native_to_wasm,4305,210519,209606,420126,42256
native_to_wasm,4306,210219,208924,419144,42256
native_to_wasm,4307,212045,208920,420966,42256
native_to_wasm,4308,210253,209942,420196,42256
native_to_wasm,4309,210245,208940,419186,42256
native_to_wasm,4310,210133,209606,419740,42256
native_to_wasm,4311,210219,208818,419038,42256
native_to_wasm,4312,210947,208938,419886,42256
native_to_wasm,4313,210525,209642,420168,42256
native_to_wasm,4314,210233,208914,419148,42256
native_to_wasm,4315,211117,208946,420064,42256
native_to_wasm,4316,210235,210096,420332,42256
native_to_wasm,4317,210219,208922,419142,42256
native_to_wasm,4318,210127,209638,419766,42256
native_to_wasm,4319,210223,208832,419056,42256
native_to_wasm,4320,210929,208940,419870,42256
native_to_wasm,4321,210455,209612,420068,42256
native_to_wasm,4322,210249,208940,419190,42256
native_to_wasm,4323,211141,208936,420078,42256
native_to_wasm,4324,210239,208872,419112,42256
native_to_wasm,4325,211303,208924,420228,42256
native_to_wasm,4326,210135,209616,419752,42256
native_to_wasm,4327,210245,208852,419098,42256
native_to_wasm,4328,210913,208920,419834,42256
native_to_wasm,4329,211347,209638,420986,42256
native_to_wasm,4330,210225,208922,419148,42256
native_to_wasm,4331,211133,208948,420082,42256
native_to_wasm,4332,210235,208812,419048,42256
native_to_wasm,4333,211343,208932,420276,42256
native_to_wasm,4334,210133,209606,419740,42256
native_to_wasm,4335,210219,208864,419084,42256
native_to_wasm,4336,210947,208938,419886,42256
native_to_wasm,4337,210509,209726,420236,42256
native_to_wasm,4338,210233,208918,419152,42256
native_to_wasm,4339,211421,208932,420354,42256
native_to_wasm,4340,210243,208860,419104,42256
native_to_wasm,4341,210941,208940,419882,42256
native_to_wasm,4342,210109,209642,419752,42256
native_to_wasm,4343,210235,208864,419100,42256
native_to_wasm,4344,210937,208942,419880,42256
native_to_wasm,4345,210239,210588,420828,42256
native_to_wasm,4346,210243,208940,419184,42256
native_to_wasm,4347,211333,208954,420288,42256
native_to_wasm,4348,210227,208814,419042,42256
native_to_wasm,4349,210911,208922,419834,42256
native_to_wasm,4350,210121,209636,419758,42256
native_to_wasm,4351,210241,209266,419508,42256
native_to_wasm,4352,210111,208948,419060,42256
native_to_wasm,4353,210131,209606,419738,42256
native_to_wasm,4354,210219,208862,419082,42256
native_to_wasm,4355,210911,208922,419834,42256
native_to_wasm,4356,211393,209632,421026,42256
native_to_wasm,4357,210239,208940,419180,42256
native_to_wasm,4358,211141,208934,420076,42256
native_to_wasm,4359,210239,208850,419090,42256
native_to_wasm,4360,211453,208938,420392,42256
native_to_wasm,4361,210123,209638,419762,42256
native_to_wasm,4362,210221,208830,419052,42256
native_to_wasm,4363,210933,208938,419872,42256
native_to_wasm,4364,211333,209632,420966,42256
native_to_wasm,4365,210249,208944,419194,42256
native_to_wasm,4366,211137,208932,420070,42256
native_to_wasm,4367,210245,208850,419096,42256
native_to_wasm,4368,211253,208932,420186,42256
native_to_wasm,4369,210133,209606,419740,42256
native_to_wasm,4370,210219,208864,419084,42256
native_to_wasm,4371,210947,208938,419886,42256
native_to_wasm,4372,210509,209726,420236,42256
native_to_wasm,4373,210233,208918,419152,42256
native_to_wasm,4374,211421,208932,420354,42256
native_to_wasm,4375,210243,208860,419104,42256
native_to_wasm,4376,210941,208940,419882,42256
native_to_wasm,4377,210109,209642,419752,42256
native_to_wasm,4378,210235,208864,419100,42256
native_to_wasm,4379,210937,208942,419880,42256
native_to_wasm,4380,210239,210588,420828,42256
native_to_wasm,4381,210243,208940,419184,42256
native_to_wasm,4382,211333,208954,420288,42256
native_to_wasm,4383,210227,208814,419042,42256
native_to_wasm,4384,210911,208922,419834,42256
native_to_wasm,4385,210121,209636,419758,42256
native_to_wasm,4386,210241,209266,419508,42256
native_to_wasm,4387,210911,208918,419830,42256
native_to_wasm,4388,210219,210762,420982,42256
native_to_wasm,4389,210239,208940,419180,42256
native_to_wasm,4390,211355,208916,420272,42256
native_to_wasm,4391,210219,208864,419084,42256
native_to_wasm,4392,210911,208920,419832,42256
native_to_wasm,4393,210129,209632,419762,42256
native_to_wasm,4394,210233,209238,419472,42256
native_to_wasm,4395,210931,208948,419880,42256
native_to_wasm,4396,210233,209836,420070,42256
native_to_wasm,4397,210237,208942,419180,42256
native_to_wasm,4398,211425,208950,420376,42256
native_to_wasm,4399,210237,208852,419090,42256
native_to_wasm,4400,210913,208922,419836,42256
native_to_wasm,4401,210121,209658,419780,42256
native_to_wasm,4402,210241,209390,419632,42256
native_to_wasm,4403,210937,208942,419880,42256
native_to_wasm,4404,210241,209834,420076,42256
native_to_wasm,4405,210235,208948,419184,42256
native_to_wasm,4406,211043,208934,419978,42256
native_to_wasm,4407,210241,208872,419114,42256
native_to_wasm,4408,210911,208926,419838,42256
native_to_wasm,4409,210125,209638,419764,42256
native_to_wasm,4410,210223,210615,420839,42256
native_to_wasm,4411,210938,208942,419881,42256
native_to_wasm,4412,210247,209834,420082,42256
native_to_wasm,4413,210221,208932,419154,42256
native_to_wasm,4414,210133,210144,420278,42256
native_to_wasm,4415,210243,208864,419108,42256
native_to_wasm,4416,210933,208946,419880,42256
native_to_wasm,4417,210129,209606,419736,42256
native_to_wasm,4418,210219,209223,419443,42256
native_to_wasm,4419,211378,208922,420301,42256
native_to_wasm,4420,210247,209842,420090,42256
native_to_wasm,4421,210217,208932,419150,42256
native_to_wasm,4422,210133,209612,419746,42256
native_to_wasm,4423,210247,208864,419112,42256
native_to_wasm,4424,210933,208946,419880,42256
native_to_wasm,4425,210105,209606,419712,42256
native_to_wasm,4426,210217,208932,419150,42256
native_to_wasm,4427,212455,208920,421376,42256
native_to_wasm,4428,210255,210108,420364,42256
native_to_wasm,4429,210221,208932,419154,42256
native_to_wasm,4430,210137,209640,419778,42256
native_to_wasm,4431,210259,208864,419124,42256
native_to_wasm,4432,210937,208944,419882,42256
native_to_wasm,4433,210519,209606,420126,42256
native_to_wasm,4434,210219,208924,419144,42256
native_to_wasm,4435,212045,208920,420966,42256
native_to_wasm,4436,210253,209942,420196,42256
native_to_wasm,4437,210245,208940,419186,42256
native_to_wasm,4438,210133,209606,419740,42256
native_to_wasm,4439,210219,208818,419038,42256
native_to_wasm,4440,210947,208938,419886,42256
native_to_wasm,4441,210525,209642,420168,42256
native_to_wasm,4442,210233,208914,419148,42256
native_to_wasm,4443,211117,208946,420064,42256
native_to_wasm,4444,210235,210096,420332,42256
native_to_wasm,4445,210219,208922,419142,42256
native_to_wasm,4446,210127,209638,419766,42256
native_to_wasm,4447,210223,208832,419056,42256
native_to_wasm,4448,210929,208940,419870,42256
native_to_wasm,4449,210455,209612,420068,42256
native_to_wasm,4450,210249,208940,419190,42256
native_to_wasm,4451,211141,208936,420078,42256
native_to_wasm,4452,210239,208872,419112,42256
native_to_wasm,4453,211303,208924,420228,42256
native_to_wasm,4454,210135,209616,419752,42256
native_to_wasm,4455,210245,208852,419098,42256
native_to_wasm,4456,210913,208920,419834,42256
native_to_wasm,4457,211347,209638,420986,42256
native_to_wasm,4458,210225,208922,419148,42256
native_to_wasm,4459,211133,208948,420082,42256
native_to_wasm,4460,210235,208812,419048,42256
native_to_wasm,4461,211343,208932,420276,42256
native_to_wasm,4462,210133,209606,419740,42256
native_to_wasm,4463,210219,208864,419084,42256
native_to_wasm,4464,210947,208938,419886,42256
native_to_wasm,4465,210509,209726,420236,42256
native_to_wasm,4466,210233,208918,419152,42256
native_to_wasm,4467,211421,208932,420354,42256
native_to_wasm,4468,210243,208860,419104,42256
native_to_wasm,4469,210941,208940,419882,42256
native_to_wasm,4470,210109,209642,419752,42256
native_to_wasm,4471,210235,208864,419100,42256
native_to_wasm,4472,210937,208942,419880,42256
native_to_wasm,4473,210239,210588,420828,42256
native_to_wasm,4474,210243,208940,419184,42256
native_to_wasm,4475,211333,208954,420288,42256
native_to_wasm,4476,210227,208814,419042,42256
native_to_wasm,4477,210911,208922,419834,42256
native_to_wasm,4478,210121,209636,419758,42256
native_to_wasm,4479,210241,209266,419508,42256
native_to_wasm,4480,210111,208948,419060,42256
native_to_wasm,4481,210131,209606,419738,42256
native_to_wasm,4482,210219,208862,419082,42256
native_to_wasm,4483,210911,208922,419834,42256
native_to_wasm,4484,211393,209632,421026,42256
native_to_wasm,4485,210239,208940,419180,42256
native_to_wasm,4486,211141,208934,420076,42256
native_to_wasm,4487,210239,208850,419090,42256
native_to_wasm,4488,211453,208938,420392,42256
native_to_wasm,4489,210123,209638,419762,42256
native_to_wasm,4490,210221,208830,419052,42256
native_to_wasm,4491,210933,208938,419872,42256
native_to_wasm,4492,211333,209632,420966,42256
native_to_wasm,4493,210249,208944,419194,42256
native_to_wasm,4494,211137,208932,420070,42256
native_to_wasm,4495,210245,208850,419096,42256
native_to_wasm,4496,211253,208932,420186,42256
native_to_wasm,4497,210133,209606,419740,42256
native_to_wasm,4498,210219,208864,419084,42256
native_to_wasm,4499,210947,208938,419886,42256
native_to_wasm,4500,210509,209726,420236,42256
native_to_wasm,4501,210233,208918,419152,42256
native_to_wasm,4502,211421,208932,420354,42256
native_to_wasm,4503,210243,208860,419104,42256
native_to_wasm,4504,210941,208940,419882,42256
native_to_wasm,4505,210109,209642,419752,42256
native_to_wasm,4506,210235,208864,419100,42256
native_to_wasm,4507,210937,208942,419880,42256
native_to_wasm,4508,210239,210588,420828,42256
native_to_wasm,4509,210243,208940,419184,42256
native_to_wasm,4510,211333,208954,420288,42256
native_to_wasm,4511,210227,208814,419042,42256
native_to_wasm,4512,210911,208922,419834,42256
native_to_wasm,4513,210121,209636,419758,42256
native_to_wasm,4514,210241,209266,419508,42256
native_to_wasm,4515,210911,208918,419830,42256
native_to_wasm,4516,210219,210762,420982,42256
native_to_wasm,4517,210239,208940,419180,42256
native_to_wasm,4518,211355,208916,420272,42256
native_to_wasm,4519,210219,208864,419084,42256
native_to_wasm,4520,210911,208920,419832,42256
native_to_wasm,4521,210129,209632,419762,42256
native_to_wasm,4522,210233,209238,419472,42256
native_to_wasm,4523,210931,208948,419880,42256
native_to_wasm,4524,210233,209836,420070,42256
native_to_wasm,4525,210237,208942,419180,42256
native_to_wasm,4526,211425,208950,420376,42256
native_to_wasm,4527,210237,208852,419090,42256
native_to_wasm,4528,210913,208922,419836,42256
native_to_wasm,4529,210121,209658,419780,42256
native_to_wasm,4530,210241,209390,419632,42256
native_to_wasm,4531,210937,208942,419880,42256
native_to_wasm,4532,210241,209834,420076,42256
native_to_wasm,4533,210235,208948,419184,42256
native_to_wasm,4534,211043,208934,419978,42256
native_to_wasm,4535,210241,208872,419114,42256
native_to_wasm,4536,210911,208926,419838,42256
native_to_wasm,4537,210125,209638,419764,42256
native_to_wasm,4538,210223,210615,420839,42256
native_to_wasm,4539,210938,208942,419881,42256
native_to_wasm,4540,210247,209834,420082,42256
native_to_wasm,4541,210221,208932,419154,42256
native_to_wasm,4542,210133,210144,420278,42256
native_to_wasm,4543,210243,208864,419108,42256
native_to_wasm,4544,210933,208946,419880,42256
native_to_wasm,4545,210129,209606,419736,42256
native_to_wasm,4546,210219,209223,419443,42256
native_to_wasm,4547,211378,208922,420301,42256
native_to_wasm,4548,210247,209842,420090,42256
native_to_wasm,4549,210217,208932,419150,42256
native_to_wasm,4550,210133,209612,419746,42256
native_to_wasm,4551,210247,208864,419112,42256
native_to_wasm,4552,210933,208946,419880,42256
native_to_wasm,4553,210105,209606,419712,42256
native_to_wasm,4554,210217,208932,419150,42256
native_to_wasm,4555,212455,208920,421376,42256
native_to_wasm,4556,210255,210108,420364,42256
native_to_wasm,4557,210221,208932,419154,42256
native_to_wasm,4558,210137,209640,419778,42256
native_to_wasm,4559,210259,208864,419124,42256
native_to_wasm,4560,210937,208944,419882,42256
native_to_wasm,4561,210519,209606,420126,42256
native_to_wasm,4562,210219,208924,419144,42256
native_to_wasm,4563,212045,208920,420966,42256
native_to_wasm,4564,210253,209942,420196,42256
native_to_wasm,4565,210245,208940,419186,42256
native_to_wasm,4566,210133,209606,419740,42256
native_to_wasm,4567,210219,208818,419038,42256
native_to_wasm,4568,210947,208938,419886,42256
native_to_wasm,4569,210525,209642,420168,42256
native_to_wasm,4570,210233,208914,419148,42256
native_to_wasm,4571,211117,208946,420064,42256
native_to_wasm,4572,210235,210096,420332,42256
native_to_wasm,4573,210219,208922,419142,42256
native_to_wasm,4574,210127,209638,419766,42256
native_to_wasm,4575,210223,208832,419056,42256
native_to_wasm,4576,210929,208940,419870,42256
native_to_wasm,4577,210455,209612,420068,42256
native_to_wasm,4578,210249,208940,419190,42256
native_to_wasm,4579,211141,208936,420078,42256
native_to_wasm,4580,210239,208872,419112,42256
native_to_wasm,4581,211303,208924,420228,42256
native_to_wasm,4582,210135,209616,419752,42256
native_to_wasm,4583,210245,208852,419098,42256
native_to_wasm,4584,210913,208920,419834,42256
native_to_wasm,4585,211347,209638,420986,42256
native_to_wasm,4586,210225,208922,419148,42256
native_to_wasm,4587,211133,208948,420082,42256
native_to_wasm,4588,210235,208812,419048,42256
native_to_wasm,4589,211343,208932,420276,42256
native_to_wasm,4590,210133,209606,419740,42256
native_to_wasm,4591,210219,208864,419084,42256
native_to_wasm,4592,210947,208938,419886,42256
native_to_wasm,4593,210509,209726,420236,42256
native_to_wasm,4594,210233,208918,419152,42256
native_to_wasm,4595,211421,208932,420354,42256
native_to_wasm,4596,210243,208860,419104,42256
native_to_wasm,4597,210941,208940,419882,42256
native_to_wasm,4598,210109,209642,419752,42256
native_to_wasm,4599,210235,208864,419100,42256
native_to_wasm,4600,210937,208942,419880,42256
native_to_wasm,4601,210239,210588,420828,42256
native_to_wasm,4602,210243,208940,419184,42256
native_to_wasm,4603,211333,208954,420288,42256
native_to_wasm,4604,210227,208814,419042,42256
native_to_wasm,4605,210911,208922,419834,42256
native_to_wasm,4606,210121,209636,419758,42256
native_to_wasm,4607,210241,209266,419508,42256
native_to_wasm,4608,210111,208948,419060,42256
native_to_wasm,4609,210131,209606,419738,42256
native_to_wasm,4610,210219,208862,419082,42256
native_to_wasm,4611,210911,208922,419834,42256
native_to_wasm,4612,211393,209632,421026,42256
native_to_wasm,4613,210239,208940,419180,42256
native_to_wasm,4614,211141,208934,420076,42256
native_to_wasm,4615,210239,208850,419090,42256
native_to_wasm,4616,211453,208938,420392,42256
native_to_wasm,4617,210123,209638,419762,42256
native_to_wasm,4618,210221,208830,419052,42256
native_to_wasm,4619,210933,208938,419872,42256
native_to_wasm,4620,211333,209632,420966,42256
native_to_wasm,4621,210249,208944,419194,42256
native_to_wasm,4622,211137,208932,420070,42256
native_to_wasm,4623,210245,208850,419096,42256
native_to_wasm,4624,211253,208932,420186,42256
native_to_wasm,4625,210133,209606,419740,42256
native_to_wasm,4626,210219,208864,419084,42256
native_to_wasm,4627,210947,208938,419886,42256
native_to_wasm,4628,210509,209726,420236,42256
native_to_wasm,4629,210233,208918,419152,42256
native_to_wasm,4630,211421,208932,420354,42256
native_to_wasm,4631,210243,208860,419104,42256
native_to_wasm,4632,210941,208940,419882,42256
native_to_wasm,4633,210109,209642,419752,42256
native_to_wasm,4634,210235,208864,419100,42256
native_to_wasm,4635,210937,208942,419880,42256
native_to_wasm,4636,210239,210588,420828,42256
native_to_wasm,4637,210243,208940,419184,42256
native_to_wasm,4638,211333,208954,420288,42256
native_to_wasm,4639,210227,208814,419042,42256
native_to_wasm,4640,210911,208922,419834,42256
native_to_wasm,4641,210121,209636,419758,42256
native_to_wasm,4642,210241,209266,419508,42256
native_to_wasm,4643,210911,208918,419830,42256
native_to_wasm,4644,210219,210762,420982,42256
native_to_wasm,4645,210239,208940,419180,42256
native_to_wasm,4646,211355,208916,420272,42256
native_to_wasm,4647,210219,208864,419084,42256
native_to_wasm,4648,210911,208920,419832,42256
native_to_wasm,4649,210129,209632,419762,42256
native_to_wasm,4650,210233,209238,419472,42256
native_to_wasm,4651,210931,208948,419880,42256
native_to_wasm,4652,210233,209836,420070,42256
native_to_wasm,4653,210237,208942,419180,42256
native_to_wasm,4654,211425,208950,420376,42256
native_to_wasm,4655,210237,208852,419090,42256
native_to_wasm,4656,210913,208922,419836,42256
native_to_wasm,4657,210121,209658,419780,42256
native_to_wasm,4658,210241,209390,419632,42256
native_to_wasm,4659,210937,208942,419880,42256
native_to_wasm,4660,210241,209834,420076,42256
native_to_wasm,4661,210235,208948,419184,42256
native_to_wasm,4662,211043,208934,419978,42256
native_to_wasm,4663,210241,208872,419114,42256
native_to_wasm,4664,210911,208926,419838,42256
native_to_wasm,4665,210125,209638,419764,42256
native_to_wasm,4666,210223,210615,420839,42256
native_to_wasm,4667,210938,208942,419881,42256
native_to_wasm,4668,210247,209834,420082,42256
native_to_wasm,4669,210221,208932,419154,42256
native_to_wasm,4670,210133,210144,420278,42256
native_to_wasm,4671,210243,208864,419108,42256
native_to_wasm,4672,210933,208946,419880,42256
native_to_wasm,4673,210129,209606,419736,42256
native_to_wasm,4674,210219,209223,419443,42256
native_to_wasm,4675,211378,208922,420301,42256
native_to_wasm,4676,210247,209842,420090,42256
native_to_wasm,4677,210217,208932,419150,42256
native_to_wasm,4678,210133,209612,419746,42256
native_to_wasm,4679,210247,208864,419112,42256
native_to_wasm,4680,210933,208946,419880,42256
native_to_wasm,4681,210105,209606,419712,42256
native_to_wasm,4682,210217,208932,419150,42256
native_to_wasm,4683,212455,208920,421376,42256
native_to_wasm,4684,210255,210108,420364,42256
native_to_wasm,4685,210221,208932,419154,42256
native_to_wasm,4686,210137,209640,419778,42256
native_to_wasm,4687,210259,208864,419124,42256
native_to_wasm,4688,210937,208944,419882,42256
native_to_wasm,4689,210519,209606,420126,42256
native_to_wasm,4690,210219,208924,419144,42256
native_to_wasm,4691,212045,208920,420966,42256
native_to_wasm,4692,210253,209942,420196,42256
native_to_wasm,4693,210245,208940,419186,42256
native_to_wasm,4694,210133,209606,419740,42256
native_to_wasm,4695,210219,208818,419038,42256
native_to_wasm,4696,210947,208938,419886,42256
native_to_wasm,4697,210525,209642,420168,42256
native_to_wasm,4698,210233,208914,419148,42256
native_to_wasm,4699,211117,208946,420064,42256
native_to_wasm,4700,210235,210096,420332,42256
native_to_wasm,4701,210219,208922,419142,42256
native_to_wasm,4702,210127,209638,419766,42256
native_to_wasm,4703,210223,208832,419056,42256
native_to_wasm,4704,210929,208940,419870,42256
native_to_wasm,4705,210455,209612,420068,42256
native_to_wasm,4706,210249,208940,419190,42256
native_to_wasm,4707,211141,208936,420078,42256
native_to_wasm,4708,210239,208872,419112,42256
native_to_wasm,4709,211303,208924,420228,42256
native_to_wasm,4710,210135,209616,419752,42256
native_to_wasm,4711,210245,208852,419098,42256
native_to_wasm,4712,210913,208920,419834,42256
native_to_wasm,4713,211347,209638,420986,42256
native_to_wasm,4714,210225,208922,419148,42256
native_to_wasm,4715,211133,208948,420082,42256
native_to_wasm,4716,210235,208812,419048,42256
native_to_wasm,4717,211343,208932,420276,42256
native_to_wasm,4718,210133,209606,419740,42256
native_to_wasm,4719,210219,208864,419084,42256
native_to_wasm,4720,210947,208938,419886,42256
native_to_wasm,4721,210509,209726,420236,42256
native_to_wasm,4722,210233,208918,419152,42256
native_to_wasm,4723,211421,208932,420354,42256
native_to_wasm,4724,210243,208860,419104,42256
native_to_wasm,4725,210941,208940,419882,42256
native_to_wasm,4726,210109,209642,419752,42256
native_to_wasm,4727,210235,208864,419100,42256
native_to_wasm,4728,210937,208942,419880,42256
native_to_wasm,4729,210239,210588,420828,42256
native_to_wasm,4730,210243,208940,419184,42256
native_to_wasm,4731,211333,208954,420288,42256
native_to_wasm,4732,210227,208814,419042,42256
native_to_wasm,4733,210911,208922,419834,42256
native_to_wasm,4734,210121,209636,419758,42256
native_to_wasm,4735,210241,209266,419508,42256
native_to_wasm,4736,210111,208948,419060,42256
native_to_wasm,4737,210131,209606,419738,42256
native_to_wasm,4738,210219,208862,419082,42256
native_to_wasm,4739,210911,208922,419834,42256
native_to_wasm,4740,211393,209632,421026,42256
native_to_wasm,4741,210239,208940,419180,42256
native_to_wasm,4742,211141,208934,420076,42256
native_to_wasm,4743,210239,208850,419090,42256
native_to_wasm,4744,211453,208938,420392,42256
native_to_wasm,4745,210123,209638,419762,42256
native_to_wasm,4746,210221,208830,419052,42256
native_to_wasm,4747,210933,208938,419872,42256
native_to_wasm,4748,211333,209632,420966,42256
native_to_wasm,4749,210249,208944,419194,42256
native_to_wasm,4750,211137,208932,420070,42256
native_to_wasm,4751,210245,208850,419096,42256
native_to_wasm,4752,211253,208932,420186,42256
native_to_wasm,4753,210133,209606,419740,42256
native_to_wasm,4754,210219,208864,419084,42256
native_to_wasm,4755,210947,208938,419886,42256
native_to_wasm,4756,210509,209726,420236,42256
native_to_wasm,4757,210233,208918,419152,42256
native_to_wasm,4758,211421,208932,420354,42256
native_to_wasm,4759,210243,208860,419104,42256
native_to_wasm,4760,210941,208940,419882,42256
native_to_wasm,4761,210109,209642,419752,42256
native_to_wasm,4762,210235,208864,419100,42256
native_to_wasm,4763,210937,208942,419880,42256
native_to_wasm,4764,210239,210588,420828,42256
native_to_wasm,4765,210243,208940,419184,42256
native_to_wasm,4766,211333,208954,420288,42256
native_to_wasm,4767,210227,208814,419042,42256
native_to_wasm,4768,210911,208922,419834,42256
native_to_wasm,4769,210121,209636,419758,42256
native_to_wasm,4770,210241,209266,419508,42256
native_to_wasm,4771,210911,208918,419830,42256
native_to_wasm,4772,210219,210762,420982,42256
native_to_wasm,4773,210239,208940,419180,42256
native_to_wasm,4774,211355,208916,420272,42256
native_to_wasm,4775,210219,208864,419084,42256
native_to_wasm,4776,210911,208920,419832,42256
native_to_wasm,4777,210129,209632,419762,42256
native_to_wasm,4778,210233,209238,419472,42256
native_to_wasm,4779,210931,208948,419880,42256
native_to_wasm,4780,210233,209836,420070,42256
native_to_wasm,4781,210237,208942,419180,42256
native_to_wasm,4782,211425,208950,420376,42256
native_to_wasm,4783,210237,208852,419090,42256
native_to_wasm,4784,210913,208922,419836,42256
native_to_wasm,4785,210121,209658,419780,42256
native_to_wasm,4786,210241,209390,419632,42256
native_to_wasm,4787,210937,208942,419880,42256
native_to_wasm,4788,210241,209834,420076,42256
native_to_wasm,4789,210235,208948,419184,42256
native_to_wasm,4790,211043,208934,419978,42256
native_to_wasm,4791,210241,208872,419114,42256
native_to_wasm,4792,210911,208926,419838,42256
native_to_wasm,4793,210125,209638,419764,42256
native_to_wasm,4794,210223,210615,420839,42256
native_to_wasm,4795,210938,208942,419881,42256
native_to_wasm,4796,210247,209834,420082,42256
native_to_wasm,4797,210221,208932,419154,42256
native_to_wasm,4798,210133,210144,420278,42256
native_to_wasm,4799,210243,208864,419108,42256
native_to_wasm,4800,210933,208946,419880,42256
native_to_wasm,4801,210129,209606,419736,42256
native_to_wasm,4802,210219,209223,419443,42256
native_to_wasm,4803,211378,208922,420301,42256
native_to_wasm,4804,210247,209842,420090,42256
native_to_wasm,4805,210217,208932,419150,42256
native_to_wasm,4806,210133,209612,419746,42256
native_to_wasm,4807,210247,208864,419112,42256
native_to_wasm,4808,210933,208946,419880,42256
native_to_wasm,4809,210105,209606,419712,42256
native_to_wasm,4810,210217,208932,419150,42256
native_to_wasm,4811,212455,208920,421376,42256
native_to_wasm,4812,210255,210108,420364,42256
native_to_wasm,4813,210221,208932,419154,42256
native_to_wasm,4814,210137,209640,419778,42256
native_to_wasm,4815,210259,208864,419124,42256
native_to_wasm,4816,210937,208944,419882,42256
native_to_wasm,4817,210519,209606,420126,42256
native_to_wasm,4818,210219,208924,419144,42256
native_to_wasm,4819,212045,208920,420966,42256
native_to_wasm,4820,210253,209942,420196,42256
native_to_wasm,4821,210245,208940,419186,42256
native_to_wasm,4822,210133,209606,419740,42256
native_to_wasm,4823,210219,208818,419038,42256
native_to_wasm,4824,210947,208938,419886,42256
native_to_wasm,4825,210525,209642,420168,42256
native_to_wasm,4826,210233,208914,419148,42256
native_to_wasm,4827,211117,208946,420064,42256
native_to_wasm,4828,210235,210096,420332,42256
native_to_wasm,4829,210219,208922,419142,42256
native_to_wasm,4830,210127,209638,419766,42256
native_to_wasm,4831,210223,208832,419056,42256
native_to_wasm,4832,210929,208940,419870,42256
native_to_wasm,4833,210455,209612,420068,42256
native_to_wasm,4834,210249,208940,419190,42256
native_to_wasm,4835,211141,208936,420078,42256
native_to_wasm,4836,210239,208872,419112,42256
native_to_wasm,4837,211303,208924,420228,42256
native_to_wasm,4838,210135,209616,419752,42256
native_to_wasm,4839,210245,208852,419098,42256
native_to_wasm,4840,210913,208920,419834,42256
native_to_wasm,4841,211347,209638,420986,42256
native_to_wasm,4842,210225,208922,419148,42256
native_to_wasm,4843,211133,208948,420082,42256
native_to_wasm,4844,210235,208812,419048,42256
native_to_wasm,4845,211343,208932,420276,42256
native_to_wasm,4846,210133,209606,419740,42256
native_to_wasm,4847,210219,208864,419084,42256
native_to_wasm,4848,210947,208938,419886,42256
native_to_wasm,4849,210509,209726,420236,42256
native_to_wasm,4850,210233,208918,419152,42256
native_to_wasm,4851,211421,208932,420354,42256
native_to_wasm,4852,210243,208860,419104,42256
native_to_wasm,4853,210941,208940,419882,42256
native_to_wasm,4854,210109,209642,419752,42256
native_to_wasm,4855,210235,208864,419100,42256
native_to_wasm,4856,210937,208942,419880,42256
native_to_wasm,4857,210239,210588,420828,42256
native_to_wasm,4858,210243,208940,419184,42256
native_to_wasm,4859,211333,208954,420288,42256
native_to_wasm,4860,210227,208814,419042,42256
native_to_wasm,4861,210911,208922,419834,42256
native_to_wasm,4862,210121,209636,419758,42256
native_to_wasm,4863,210241,209266,419508,42256
native_to_wasm,4864,210111,208948,419060,42256
native_to_wasm,4865,210131,209606,419738,42256
native_to_wasm,4866,210219,208862,419082,42256
native_to_wasm,4867,210911,208922,419834,42256
native_to_wasm,4868,211393,209632,421026,42256
native_to_wasm,4869,210239,208940,419180,42256
native_to_wasm,4870,211141,208934,420076,42256
native_to_wasm,4871,210239,208850,419090,42256
native_to_wasm,4872,211453,208938,420392,42256
native_to_wasm,4873,210123,209638,419762,42256
native_to_wasm,4874,210221,208830,419052,42256
native_to_wasm,4875,210933,208938,419872,42256
native_to_wasm,4876,211333,209632,420966,42256
native_to_wasm,4877,210249,208944,419194,42256
native_to_wasm,4878,211137,208932,420070,42256
native_to_wasm,4879,210245,208850,419096,42256
native_to_wasm,4880,211253,208932,420186,42256
native_to_wasm,4881,210133,209606,419740,42256
native_to_wasm,4882,210219,208864,419084,42256
native_to_wasm,4883,210947,208938,419886,42256
native_to_wasm,4884,210509,209726,420236,42256
native_to_wasm,4885,210233,208918,419152,42256
native_to_wasm,4886,211421,208932,420354,42256
native_to_wasm,4887,210243,208860,419104,42256
native_to_wasm,4888,210941,208940,419882,42256
native_to_wasm,4889,210109,209642,419752,42256
native_to_wasm,4890,210235,208864,419100,42256
native_to_wasm,4891,210937,208942,419880,42256
native_to_wasm,4892,210239,210588,420828,42256
native_to_wasm,4893,210243,208940,419184,42256
native_to_wasm,4894,211333,208954,420288,42256
native_to_wasm,4895,210227,208814,419042,42256
native_to_wasm,4896,210911,208922,419834,42256
native_to_wasm,4897,210121,209636,419758,42256
native_to_wasm,4898,210241,209266,419508,42256
native_to_wasm,4899,210911,208918,419830,42256
native_to_wasm,4900,210219,210762,420982,42256
native_to_wasm,4901,210239,208940,419180,42256
native_to_wasm,4902,211355,208916,420272,42256
native_to_wasm,4903,210219,208864,419084,42256
native_to_wasm,4904,210911,208920,419832,42256
native_to_wasm,4905,210129,209632,419762,42256
native_to_wasm,4906,210233,209238,419472,42256
native_to_wasm,4907,210931,208948,419880,42256
native_to_wasm,4908,210233,209836,420070,42256
native_to_wasm,4909,210237,208942,419180,42256
native_to_wasm,4910,211425,208950,420376,42256
native_to_wasm,4911,210237,208852,419090,42256
native_to_wasm,4912,210913,208922,419836,42256
native_to_wasm,4913,210121,209658,419780,42256
native_to_wasm,4914,210241,209390,419632,42256
native_to_wasm,4915,210937,208942,419880,42256
native_to_wasm,4916,210241,209834,420076,42256
native_to_wasm,4917,210235,208948,419184,42256
native_to_wasm,4918,211043,208934,419978,42256
native_to_wasm,4919,210241,208872,419114,42256
native_to_wasm,4920,210911,208926,419838,42256
native_to_wasm,4921,210125,209638,419764,42256
native_to_wasm,4922,210223,210615,420839,42256
native_to_wasm,4923,210938,208942,419881,42256
native_to_wasm,4924,210247,209834,420082,42256
native_to_wasm,4925,210221,208932,419154,42256
native_to_wasm,4926,210133,210144,420278,42256
native_to_wasm,4927,210243,208864,419108,42256
native_to_wasm,4928,210933,208946,419880,42256
native_to_wasm,4929,210129,209606,419736,42256
native_to_wasm,4930,210219,209223,419443,42256
native_to_wasm,4931,211378,208922,420301,42256
native_to_wasm,4932,210247,209842,420090,42256
native_to_wasm,4933,210217,208932,419150,42256
native_to_wasm,4934,210133,209612,419746,42256
native_to_wasm,4935,210247,208864,419112,42256
native_to_wasm,4936,210933,208946,419880,42256
native_to_wasm,4937,210105,209606,419712,42256
native_to_wasm,4938,210217,208932,419150,42256
native_to_wasm,4939,212455,208920,421376,42256
native_to_wasm,4940,210255,210108,420364,42256
native_to_wasm,4941,210221,208932,419154,42256
native_to_wasm,4942,210137,209640,419778,42256
native_to_wasm,4943,210259,208864,419124,42256
native_to_wasm,4944,210937,208944,419882,42256
native_to_wasm,4945,210519,209606,420126,42256
native_to_wasm,4946,210219,208924,419144,42256
native_to_wasm,4947,212045,208920,420966,42256
native_to_wasm,4948,210253,209942,420196,42256
native_to_wasm,4949,210245,208940,419186,42256
native_to_wasm,4950,210133,209606,419740,42256
native_to_wasm,4951,210219,208818,419038,42256
native_to_wasm,4952,210947,208938,419886,42256
native_to_wasm,4953,210525,209642,420168,42256
native_to_wasm,4954,210233,208914,419148,42256
native_to_wasm,4955,211117,208946,420064,42256
native_to_wasm,4956,210235,210096,420332,42256
native_to_wasm,4957,210219,208922,419142,42256
native_to_wasm,4958,210127,209638,419766,42256
native_to_wasm,4959,210223,208832,419056,42256
native_to_wasm,4960,210929,208940,419870,42256
native_to_wasm,4961,210455,209612,420068,42256
native_to_wasm,4962,210249,208940,419190,42256
native_to_wasm,4963,211141,208936,420078,42256
native_to_wasm,4964,210239,208872,419112,42256
native_to_wasm,4965,211303,208924,420228,42256
native_to_wasm,4966,210135,209616,419752,42256
native_to_wasm,4967,210245,208852,419098,42256
native_to_wasm,4968,210913,208920,419834,42256
native_to_wasm,4969,211347,209638,420986,42256
native_to_wasm,4970,210225,208922,419148,42256
native_to_wasm,4971,211133,208948,420082,42256
native_to_wasm,4972,210235,208812,419048,42256
native_to_wasm,4973,211343,208932,420276,42256
native_to_wasm,4974,210133,209606,419740,42256
native_to_wasm,4975,210219,208864,419084,42256
native_to_wasm,4976,210947,208938,419886,42256
native_to_wasm,4977,210509,209726,420236,42256
native_to_wasm,4978,210233,208918,419152,42256
native_to_wasm,4979,211421,208932,420354,42256
native_to_wasm,4980,210243,208860,419104,42256
native_to_wasm,4981,210941,208940,419882,42256
native_to_wasm,4982,210109,209642,419752,42256
native_to_wasm,4983,210235,208864,419100,42256
native_to_wasm,4984,210937,208942,419880,42256
native_to_wasm,4985,210239,210588,420828,42256
native_to_wasm,4986,210243,208940,419184,42256
native_to_wasm,4987,211333,208954,420288,42256
native_to_wasm,4988,210227,208814,419042,42256
native_to_wasm,4989,210911,208922,419834,42256
native_to_wasm,4990,210121,209636,419758,42256
native_to_wasm,4991,210241,209266,419508,42256
native_to_wasm,4992,210111,208948,419060,42256
native_to_wasm,4993,210131,209606,419738,42256
native_to_wasm,4994,210219,208862,419082,42256
native_to_wasm,4995,210911,208922,419834,42256
native_to_wasm,4996,211393,209632,421026,42256
native_to_wasm,4997,210239,208940,419180,42256
native_to_wasm,4998,211141,208934,420076,42256
native_to_wasm,4999,210239,208850,419090,42256
native_to_wasm,5000,211453,208938,420392,42256
native_to_wasm,5001,210123,209638,419762,42256
native_to_wasm,5002,210221,208830,419052,42256
native_to_wasm,5003,210933,208938,419872,42256
native_to_wasm,5004,211333,209632,420966,42256
native_to_wasm,5005,210249,208944,419194,42256
native_to_wasm,5006,211137,208932,420070,42256
native_to_wasm,5007,210245,208850,419096,42256
native_to_wasm,5008,211253,208932,420186,42256
native_to_wasm,5009,210133,209606,419740,42256
native_to_wasm,5010,210219,208864,419084,42256
native_to_wasm,5011,210947,208938,419886,42256
native_to_wasm,5012,210509,209726,420236,42256
native_to_wasm,5013,210233,208918,419152,42256
native_to_wasm,5014,211421,208932,420354,42256
native_to_wasm,5015,210243,208860,419104,42256
native_to_wasm,5016,210941,208940,419882,42256
native_to_wasm,5017,210109,209642,419752,42256
native_to_wasm,5018,210235,208864,419100,42256
native_to_wasm,5019,210937,208942,419880,42256
native_to_wasm,5020,210239,210588,420828,42256
native_to_wasm,5021,210243,208940,419184,42256
native_to_wasm,5022,211333,208954,420288,42256
native_to_wasm,5023,210227,208814,419042,42256
native_to_wasm,5024,210911,208922,419834,42256
native_to_wasm,5025,210121,209636,419758,42256
native_to_wasm,5026,210241,209266,419508,42256
native_to_wasm,5027,210911,208918,419830,42256
native_to_wasm,5028,210219,210762,420982,42256
native_to_wasm,5029,210239,208940,419180,42256
native_to_wasm,5030,211355,208916,420272,42256
native_to_wasm,5031,210219,208864,419084,42256
native_to_wasm,5032,210911,208920,419832,42256
native_to_wasm,5033,210129,209632,419762,42256
native_to_wasm,5034,210233,209238,419472,42256
native_to_wasm,5035,210931,208948,419880,42256
native_to_wasm,5036,210233,209836,420070,42256
native_to_wasm,5037,210237,208942,419180,42256
native_to_wasm,5038,211425,208950,420376,42256
native_to_wasm,5039,210237,208852,419090,42256
native_to_wasm,5040,210913,208922,419836,42256
native_to_wasm,5041,210121,209658,419780,42256
native_to_wasm,5042,210241,209390,419632,42256
native_to_wasm,5043,210937,208942,419880,42256
native_to_wasm,5044,210241,209834,420076,42256
native_to_wasm,5045,210235,208948,419184,42256
native_to_wasm,5046,211043,208934,419978,42256
native_to_wasm,5047,210241,208872,419114,42256
native_to_wasm,5048,210911,208926,419838,42256
native_to_wasm,5049,210125,209638,419764,42256
native_to_wasm,5050,210223,210615,420839,42256
native_to_wasm,5051,210938,208942,419881,42256
native_to_wasm,5052,210247,209834,420082,42256
native_to_wasm,5053,210221,208932,419154,42256
native_to_wasm,5054,210133,210144,420278,42256
native_to_wasm,5055,210243,208864,419108,42256
native_to_wasm,5056,210933,208946,419880,42256
native_to_wasm,5057,210129,209606,419736,42256
native_to_wasm,5058,210219,209223,419443,42256
native_to_wasm,5059,211378,208922,420301,42256
native_to_wasm,5060,210247,209842,420090,42256
native_to_wasm,5061,210217,208932,419150,42256
native_to_wasm,5062,210133,209612,419746,42256
native_to_wasm,5063,210247,208864,419112,42256
native_to_wasm,5064,210933,208946,419880,42256
native_to_wasm,5065,210105,209606,419712,42256
native_to_wasm,5066,210217,208932,419150,42256
native_to_wasm,5067,212455,208920,421376,42256
native_to_wasm,5068,210255,210108,420364,42256
native_to_wasm,5069,210221,208932,419154,42256
native_to_wasm,5070,210137,209640,419778,42256
native_to_wasm,5071,210259,208864,419124,42256
native_to_wasm,5072,210937,208944,419882,42256
native_to_wasm,5073,210519,209606,420126,42256
native_to_wasm,5074,210219,208924,419144,42256
native_to_wasm,5075,212045,208920,420966,42256
native_to_wasm,5076,210253,209942,420196,42256
native_to_wasm,5077,210245,208940,419186,42256
native_to_wasm,5078,210133,209606,419740,42256
native_to_wasm,5079,210219,208818,419038,42256
native_to_wasm,5080,210947,208938,419886,42256
native_to_wasm,5081,210525,209642,420168,42256
native_to_wasm,5082,210233,208914,419148,42256
native_to_wasm,5083,211117,208946,420064,42256
native_to_wasm,5084,210235,210096,420332,42256
native_to_wasm,5085,210219,208922,419142,42256
native_to_wasm,5086,210127,209638,419766,42256
native_to_wasm,5087,210223,208832,419056,42256
native_to_wasm,5088,210929,208940,419870,42256
native_to_wasm,5089,210455,209612,420068,42256
native_to_wasm,5090,210249,208940,419190,42256
native_to_wasm,5091,211141,208936,420078,42256
native_to_wasm,5092,210239,208872,419112,42256
native_to_wasm,5093,211303,208924,420228,42256
native_to_wasm,5094,210135,209616,419752,42256
native_to_wasm,5095,210245,208852,419098,42256
native_to_wasm,5096,210913,208920,419834,42256
native_to_wasm,5097,211347,209638,420986,42256
native_to_wasm,5098,210225,208922,419148,42256
native_to_wasm,5099,211133,208948,420082,42256
native_to_wasm,5100,210235,208812,419048,42256
native_to_wasm,5101,211343,208932,420276,42256
native_to_wasm,5102,210133,209606,419740,42256
native_to_wasm,5103,210219,208864,419084,42256
native_to_wasm,5104,210947,208938,419886,42256
native_to_wasm,5105,210509,209726,420236,42256
native_to_wasm,5106,210233,208918,419152,42256
native_to_wasm,5107,211421,208932,420354,42256
native_to_wasm,5108,210243,208860,419104,42256
native_to_wasm,5109,210941,208940,419882,42256
native_to_wasm,5110,210109,209642,419752,42256
native_to_wasm,5111,210235,208864,419100,42256
native_to_wasm,5112,210937,208942,419880,42256
native_to_wasm,5113,210239,210588,420828,42256
native_to_wasm,5114,210243,208940,419184,42256
native_to_wasm,5115,211333,208954,420288,42256
native_to_wasm,5116,210227,208814,419042,42256
native_to_wasm,5117,210911,208922,419834,42256
native_to_wasm,5118,210121,209636,419758,42256
native_to_wasm,5119,210241,209266,419508,42256
native_to_wasm,5120,210111,208948,419060,42256
native_to_wasm,5121,210131,209606,419738,42256
native_to_wasm,5122,210219,208862,419082,42256
native_to_wasm,5123,210911,208922,419834,42256
native_to_wasm,5124,211393,209632,421026,42256
native_to_wasm,5125,210239,208940,419180,42256
native_to_wasm,5126,211141,208934,420076,42256
native_to_wasm,5127,210239,208850,419090,42256
native_to_wasm,5128,211453,208938,420392,42256
native_to_wasm,5129,210123,209638,419762,42256
native_to_wasm,5130,210221,208830,419052,42256
native_to_wasm,5131,210933,208938,419872,42256
native_to_wasm,5132,211333,209632,420966,42256
native_to_wasm,5133,210249,208944,419194,42256
native_to_wasm,5134,211137,208932,420070,42256
native_to_wasm,5135,210245,208850,419096,42256
native_to_wasm,5136,211253,208932,420186,42256
native_to_wasm,5137,210133,209606,419740,42256
native_to_wasm,5138,210219,208864,419084,42256
native_to_wasm,5139,210947,208938,419886,42256
native_to_wasm,5140,210509,209726,420236,42256
native_to_wasm,5141,210233,208918,419152,42256
native_to_wasm,5142,211421,208932,420354,42256
native_to_wasm,5143,210243,208860,419104,42256
native_to_wasm,5144,210941,208940,419882,42256
native_to_wasm,5145,210109,209642,419752,42256
native_to_wasm,5146,210235,208864,419100,42256
native_to_wasm,5147,210937,208942,419880,42256
native_to_wasm,5148,210239,210588,420828,42256
native_to_wasm,5149,210243,208940,419184,42256
native_to_wasm,5150,211333,208954,420288,42256
native_to_wasm,5151,210227,208814,419042,42256
native_to_wasm,5152,210911,208922,419834,42256
native_to_wasm,5153,210121,209636,419758,42256
native_to_wasm,5154,210241,209266,419508,42256
native_to_wasm,5155,210911,208918,419830,42256
native_to_wasm,5156,210219,210762,420982,42256
native_to_wasm,5157,210239,208940,419180,42256
native_to_wasm,5158,211355,208916,420272,42256
native_to_wasm,5159,210219,208864,419084,42256
native_to_wasm,5160,210911,208920,419832,42256
native_to_wasm,5161,210129,209632,419762,42256
native_to_wasm,5162,210233,209238,419472,42256
native_to_wasm,5163,210931,208948,419880,42256
native_to_wasm,5164,210233,209836,420070,42256
native_to_wasm,5165,210237,208942,419180,42256
native_to_wasm,5166,211425,208950,420376,42256
native_to_wasm,5167,210237,208852,419090,42256
native_to_wasm,5168,210913,208922,419836,42256
native_to_wasm,5169,210121,209658,419780,42256
native_to_wasm,5170,210241,209390,419632,42256
native_to_wasm,5171,210937,208942,419880,42256
native_to_wasm,5172,210241,209834,420076,42256
native_to_wasm,5173,210235,208948,419184,42256
native_to_wasm,5174,211043,208934,419978,42256
native_to_wasm,5175,210241,208872,419114,42256
native_to_wasm,5176,210911,208926,419838,42256
native_to_wasm,5177,210125,209638,419764,42256
native_to_wasm,5178,210223,210615,420839,42256
native_to_wasm,5179,210938,208942,419881,42256
native_to_wasm,5180,210247,209834,420082,42256
native_to_wasm,5181,210221,208932,419154,42256
native_to_wasm,5182,210133,210144,420278,42256
native_to_wasm,5183,210243,208864,419108,42256
native_to_wasm,5184,210933,208946,419880,42256
native_to_wasm,5185,210129,209606,419736,42256
native_to_wasm,5186,210219,209223,419443,42256
native_to_wasm,5187,211378,208922,420301,42256
native_to_wasm,5188,210247,209842,420090,42256
native_to_wasm,5189,210217,208932,419150,42256
native_to_wasm,5190,210133,209612,419746,42256
native_to_wasm,5191,210247,208864,419112,42256
native_to_wasm,5192,210933,208946,419880,42256
native_to_wasm,5193,210105,209606,419712,42256
native_to_wasm,5194,210217,208932,419150,42256
native_to_wasm,5195,212455,208920,421376,42256
native_to_wasm,5196,210255,210108,420364,42256
native_to_wasm,5197,210221,208932,419154,42256
native_to_wasm,5198,210137,209640,419778,42256
native_to_wasm,5199,210259,208864,419124,42256
native_to_wasm,5200,210937,208944,419882,42256
native_to_wasm,5201,210519,209606,420126,42256
native_to_wasm,5202,210219,208924,419144,42256
native_to_wasm,5203,212045,208920,420966,42256
native_to_wasm,5204,210253,209942,420196,42256
native_to_wasm,5205,210245,208940,419186,42256
native_to_wasm,5206,210133,209606,419740,42256
native_to_wasm,5207,210219,208818,419038,42256
native_to_wasm,5208,210947,208938,419886,42256
native_to_wasm,5209,210525,209642,420168,42256
native_to_wasm,5210,210233,208914,419148,42256
native_to_wasm,5211,211117,208946,420064,42256
native_to_wasm,5212,210235,210096,420332,42256
native_to_wasm,5213,210219,208922,419142,42256
native_to_wasm,5214,210127,209638,419766,42256
native_to_wasm,5215,210223,208832,419056,42256
native_to_wasm,5216,210929,208940,419870,42256
native_to_wasm,5217,210455,209612,420068,42256
native_to_wasm,5218,210249,208940,419190,42256
native_to_wasm,5219,211141,208936,420078,42256
native_to_wasm,5220,210239,208872,419112,42256
native_to_wasm,5221,211303,208924,420228,42256
native_to_wasm,5222,210135,209616,419752,42256
native_to_wasm,5223,210245,208852,419098,42256
native_to_wasm,5224,210913,208920,419834,42256
native_to_wasm,5225,211347,209638,420986,42256
native_to_wasm,5226,210225,208922,419148,42256
native_to_wasm,5227,211133,208948,420082,42256
native_to_wasm,5228,210235,208812,419048,42256
native_to_wasm,5229,211343,208932,420276,42256
native_to_wasm,5230,210133,209606,419740,42256
native_to_wasm,5231,210219,208864,419084,42256
native_to_wasm,5232,210947,208938,419886,42256
native_to_wasm,5233,210509,209726,420236,42256
native_to_wasm,5234,210233,208918,419152,42256
native_to_wasm,5235,211421,208932,420354,42256
native_to_wasm,5236,210243,208860,419104,42256
native_to_wasm,5237,210941,208940,419882,42256
native_to_wasm,5238,210109,209642,419752,42256
native_to_wasm,5239,210235,208864,419100,42256
native_to_wasm,5240,210937,208942,419880,42256
native_to_wasm,5241,210239,210588,420828,42256
native_to_wasm,5242,210243,208940,419184,42256
native_to_wasm,5243,211333,208954,420288,42256
native_to_wasm,5244,210227,208814,419042,42256
native_to_wasm,5245,210911,208922,419834,42256
native_to_wasm,5246,210121,209636,419758,42256
native_to_wasm,5247,210241,209266,419508,42256
native_to_wasm,5248,210111,208948,419060,42256
native_to_wasm,5249,210131,209606,419738,42256
native_to_wasm,5250,210219,208862,419082,42256
native_to_wasm,5251,210911,208922,419834,42256
native_to_wasm,5252,211393,209632,421026,42256
native_to_wasm,5253,210239,208940,419180,42256
native_to_wasm,5254,211141,208934,420076,42256
native_to_wasm,5255,210239,208850,419090,42256
native_to_wasm,5256,211453,208938,420392,42256
native_to_wasm,5257,210123,209638,419762,42256
native_to_wasm,5258,210221,208830,419052,42256
native_to_wasm,5259,210933,208938,419872,42256
native_to_wasm,5260,211333,209632,420966,42256
native_to_wasm,5261,210249,208944,419194,42256
native_to_wasm,5262,211137,208932,420070,42256
native_to_wasm,5263,210245,208850,419096,42256
native_to_wasm,5264,211253,208932,420186,42256
native_to_wasm,5265,210133,209606,419740,42256
native_to_wasm,5266,210219,208864,419084,42256
native_to_wasm,5267,210947,208938,419886,42256
native_to_wasm,5268,210509,209726,420236,42256
native_to_wasm,5269,210233,208918,419152,42256
native_to_wasm,5270,211421,208932,420354,42256
native_to_wasm,5271,210243,208860,419104,42256
native_to_wasm,5272,210941,208940,419882,42256
native_to_wasm,5273,210109,209642,419752,42256
native_to_wasm,5274,210235,208864,419100,42256
native_to_wasm,5275,210937,208942,419880,42256
native_to_wasm,5276,210239,210588,420828,42256
native_to_wasm,5277,210243,208940,419184,42256
native_to_wasm,5278,211333,208954,420288,42256
native_to_wasm,5279,210227,208814,419042,42256
native_to_wasm,5280,210911,208922,419834,42256
native_to_wasm,5281,210121,209636,419758,42256
native_to_wasm,5282,210241,209266,419508,42256
native_to_wasm,5283,210911,208918,419830,42256
native_to_wasm,5284,210219,210762,420982,42256
native_to_wasm,5285,210239,208940,419180,42256
native_to_wasm,5286,211355,208916,420272,42256
native_to_wasm,5287,210219,208864,419084,42256
native_to_wasm,5288,210911,208920,419832,42256
native_to_wasm,5289,210129,209632,419762,42256
native_to_wasm,5290,210233,209238,419472,42256
native_to_wasm,5291,210931,208948,419880,42256
native_to_wasm,5292,210233,209836,420070,42256
native_to_wasm,5293,210237,208942,419180,42256
native_to_wasm,5294,211425,208950,420376,42256
native_to_wasm,5295,210237,208852,419090,42256
native_to_wasm,5296,210913,208922,419836,42256
native_to_wasm,5297,210121,209658,419780,42256
native_to_wasm,5298,210241,209390,419632,42256
native_to_wasm,5299,210937,208942,419880,42256
native_to_wasm,5300,210241,209834,420076,42256
native_to_wasm,5301,210235,208948,419184,42256
native_to_wasm,5302,211043,208934,419978,42256
native_to_wasm,5303,210241,208872,419114,42256
native_to_wasm,5304,210911,208926,419838,42256
native_to_wasm,5305,210125,209638,419764,42256
native_to_wasm,5306,210223,210615,420839,42256
native_to_wasm,5307,210938,208942,419881,42256
native_to_wasm,5308,210247,209834,420082,42256
native_to_wasm,5309,210221,208932,419154,42256
native_to_wasm,5310,210133,210144,420278,42256
native_to_wasm,5311,210243,208864,419108,42256
native_to_wasm,5312,210933,208946,419880,42256
native_to_wasm,5313,210129,209606,419736,42256
native_to_wasm,5314,210219,209223,419443,42256
native_to_wasm,5315,211378,208922,420301,42256
native_to_wasm,5316,210247,209842,420090,42256
native_to_wasm,5317,210217,208932,419150,42256
native_to_wasm,5318,210133,209612,419746,42256
native_to_wasm,5319,210247,208864,419112,42256
native_to_wasm,5320,210933,208946,419880,42256
native_to_wasm,5321,210105,209606,419712,42256
native_to_wasm,5322,210217,208932,419150,42256
native_to_wasm,5323,212455,208920,421376,42256
native_to_wasm,5324,210255,210108,420364,42256
native_to_wasm,5325,210221,208932,419154,42256
native_to_wasm,5326,210137,209640,419778,42256
native_to_wasm,5327,210259,208864,419124,42256
native_to_wasm,5328,210937,208944,419882,42256
native_to_wasm,5329,210519,209606,420126,42256
native_to_wasm,5330,210219,208924,419144,42256
native_to_wasm,5331,212045,208920,420966,42256
native_to_wasm,5332,210253,209942,420196,42256
native_to_wasm,5333,210245,208940,419186,42256
native_to_wasm,5334,210133,209606,419740,42256
native_to_wasm,5335,210219,208818,419038,42256
native_to_wasm,5336,210947,208938,419886,42256
native_to_wasm,5337,210525,209642,420168,42256
native_to_wasm,5338,210233,208914,419148,42256
native_to_wasm,5339,211117,208946,420064,42256
native_to_wasm,5340,210235,210096,420332,42256
native_to_wasm,5341,210219,208922,419142,42256
native_to_wasm,5342,210127,209638,419766,42256
native_to_wasm,5343,210223,208832,419056,42256
native_to_wasm,5344,210929,208940,419870,42256
native_to_wasm,5345,210455,209612,420068,42256
native_to_wasm,5346,210249,208940,419190,42256
native_to_wasm,5347,211141,208936,420078,42256
native_to_wasm,5348,210239,208872,419112,42256
native_to_wasm,5349,211303,208924,420228,42256
native_to_wasm,5350,210135,209616,419752,42256
native_to_wasm,5351,210245,208852,419098,42256
native_to_wasm,5352,210913,208920,419834,42256
native_to_wasm,5353,211347,209638,420986,42256
native_to_wasm,5354,210225,208922,419148,42256
native_to_wasm,5355,211133,208948,420082,42256
native_to_wasm,5356,210235,208812,419048,42256
native_to_wasm,5357,211343,208932,420276,42256
native_to_wasm,5358,210133,209606,419740,42256
native_to_wasm,5359,210219,208864,419084,42256
native_to_wasm,5360,210947,208938,419886,42256
native_to_wasm,5361,210509,209726,420236,42256
native_to_wasm,5362,210233,208918,419152,42256
native_to_wasm,5363,211421,208932,420354,42256
native_to_wasm,5364,210243,208860,419104,42256
native_to_wasm,5365,210941,208940,419882,42256
native_to_wasm,5366,210109,209642,419752,42256
native_to_wasm,5367,210235,208864,419100,42256
native_to_wasm,5368,210937,208942,419880,42256
native_to_wasm,5369,210239,210588,420828,42256
native_to_wasm,5370,210243,208940,419184,42256
native_to_wasm,5371,211333,208954,420288,42256
native_to_wasm,5372,210227,208814,419042,42256
native_to_wasm,5373,210911,208922,419834,42256
native_to_wasm,5374,210121,209636,419758,42256
native_to_wasm,5375,210241,209266,419508,42256
native_to_wasm,5376,210111,208948,419060,42256
native_to_wasm,5377,210131,209606,419738,42256
native_to_wasm,5378,210219,208862,419082,42256
native_to_wasm,5379,210911,208922,419834,42256
native_to_wasm,5380,211393,209632,421026,42256
native_to_wasm,5381,210239,208940,419180,42256
native_to_wasm,5382,211141,208934,420076,42256
native_to_wasm,5383,210239,208850,419090,42256
native_to_wasm,5384,211453,208938,420392,42256
native_to_wasm,5385,210123,209638,419762,42256
native_to_wasm,5386,210221,208830,419052,42256
native_to_wasm,5387,210933,208938,419872,42256
native_to_wasm,5388,211333,209632,420966,42256
native_to_wasm,5389,210249,208944,419194,42256
native_to_wasm,5390,211137,208932,420070,42256
native_to_wasm,5391,210245,208850,419096,42256
native_to_wasm,5392,211253,208932,420186,42256
native_to_wasm,5393,210133,209606,419740,42256
native_to_wasm,5394,210219,208864,419084,42256
native_to_wasm,5395,210947,208938,419886,42256
native_to_wasm,5396,210509,209726,420236,42256
native_to_wasm,5397,210233,208918,419152,42256
native_to_wasm,5398,211421,208932,420354,42256
native_to_wasm,5399,210243,208860,419104,42256
native_to_wasm,5400,210941,208940,419882,42256
native_to_wasm,5401,210109,209642,419752,42256
native_to_wasm,5402,210235,208864,419100,42256
native_to_wasm,5403,210937,208942,419880,42256
native_to_wasm,5404,210239,210588,420828,42256
native_to_wasm,5405,210243,208940,419184,42256
native_to_wasm,5406,211333,208954,420288,42256
native_to_wasm,5407,210227,208814,419042,42256
native_to_wasm,5408,210911,208922,419834,42256
native_to_wasm,5409,210121,209636,419758,42256
native_to_wasm,5410,210241,209266,419508,42256
native_to_wasm,5411,210911,208918,419830,42256
native_to_wasm,5412,210219,210762,420982,42256
native_to_wasm,5413,210239,208940,419180,42256
native_to_wasm,5414,211355,208916,420272,42256
native_to_wasm,5415,210219,208864,419084,42256
native_to_wasm,5416,210911,208920,419832,42256
native_to_wasm,5417,210129,209632,419762,42256
native_to_wasm,5418,210233,209238,419472,42256
native_to_wasm,5419,210931,208948,419880,42256
native_to_wasm,5420,210233,209836,420070,42256
native_to_wasm,5421,210237,208942,419180,42256
native_to_wasm,5422,211425,208950,420376,42256
native_to_wasm,5423,210237,208852,419090,42256
native_to_wasm,5424,210913,208922,419836,42256
native_to_wasm,5425,210121,209658,419780,42256
native_to_wasm,5426,210241,209390,419632,42256
native_to_wasm,5427,210937,208942,419880,42256
native_to_wasm,5428,210241,209834,420076,42256
native_to_wasm,5429,210235,208948,419184,42256
native_to_wasm,5430,211043,208934,419978,42256
native_to_wasm,5431,210241,208872,419114,42256
native_to_wasm,5432,210911,208926,419838,42256
native_to_wasm,5433,210125,209638,419764,42256
native_to_wasm,5434,210223,210615,420839,42256
native_to_wasm,5435,210938,208942,419881,42256
native_to_wasm,5436,210247,209834,420082,42256
native_to_wasm,5437,210221,208932,419154,42256
native_to_wasm,5438,210133,210144,420278,42256
native_to_wasm,5439,210243,208864,419108,42256
native_to_wasm,5440,210933,208946,419880,42256
native_to_wasm,5441,210129,209606,419736,42256
native_to_wasm,5442,210219,209223,419443,42256
native_to_wasm,5443,211378,208922,420301,42256
native_to_wasm,5444,210247,209842,420090,42256
native_to_wasm,5445,210217,208932,419150,42256
native_to_wasm,5446,210133,209612,419746,42256
native_to_wasm,5447,210247,208864,419112,42256
native_to_wasm,5448,210933,208946,419880,42256
native_to_wasm,5449,210105,209606,419712,42256
native_to_wasm,5450,210217,208932,419150,42256
native_to_wasm,5451,212455,208920,421376,42256
native_to_wasm,5452,210255,210108,420364,42256
native_to_wasm,5453,210221,208932,419154,42256
native_to_wasm,5454,210137,209640,419778,42256
native_to_wasm,5455,210259,208864,419124,42256
native_to_wasm,5456,210937,208944,419882,42256
native_to_wasm,5457,210519,209606,420126,42256
native_to_wasm,5458,210219,208924,419144,42256
native_to_wasm,5459,212045,208920,420966,42256
native_to_wasm,5460,210253,209942,420196,42256
native_to_wasm,5461,210245,208940,419186,42256
native_to_wasm,5462,210133,209606,419740,42256
native_to_wasm,5463,210219,208818,419038,42256
native_to_wasm,5464,210947,208938,419886,42256
native_to_wasm,5465,210525,209642,420168,42256
native_to_wasm,5466,210233,208914,419148,42256
native_to_wasm,5467,211117,208946,420064,42256
native_to_wasm,5468,210235,210096,420332,42256
native_to_wasm,5469,210219,208922,419142,42256
native_to_wasm,5470,210127,209638,419766,42256
native_to_wasm,5471,210223,208832,419056,42256
native_to_wasm,5472,210929,208940,419870,42256
native_to_wasm,5473,210455,209612,420068,42256
native_to_wasm,5474,210249,208940,419190,42256
native_to_wasm,5475,211141,208936,420078,42256
native_to_wasm,5476,210239,208872,419112,42256
native_to_wasm,5477,211303,208924,420228,42256
native_to_wasm,5478,210135,209616,419752,42256
native_to_wasm,5479,210245,208852,419098,42256
native_to_wasm,5480,210913,208920,419834,42256
native_to_wasm,5481,211347,209638,420986,42256
native_to_wasm,5482,210225,208922,419148,42256
native_to_wasm,5483,211133,208948,420082,42256
native_to_wasm,5484,210235,208812,419048,42256
native_to_wasm,5485,211343,208932,420276,42256
native_to_wasm,5486,210133,209606,419740,42256
native_to_wasm,5487,210219,208864,419084,42256
native_to_wasm,5488,210947,208938,419886,42256
native_to_wasm,5489,210509,209726,420236,42256
native_to_wasm,5490,210233,208918,419152,42256
native_to_wasm,5491,211421,208932,420354,42256
native_to_wasm,5492,210243,208860,419104,42256
native_to_wasm,5493,210941,208940,419882,42256
native_to_wasm,5494,210109,209642,419752,42256
native_to_wasm,5495,210235,208864,419100,42256
native_to_wasm,5496,210937,208942,419880,42256
native_to_wasm,5497,210239,210588,420828,42256
native_to_wasm,5498,210243,208940,419184,42256
native_to_wasm,5499,211333,208954,420288,42256
native_to_wasm,5500,210227,208814,419042,42256
native_to_wasm,5501,210911,208922,419834,42256
native_to_wasm,5502,210121,209636,419758,42256
native_to_wasm,5503,210241,209266,419508,42256
native_to_wasm,5504,210111,208948,419060,42256
native_to_wasm,5505,210131,209606,419738,42256
native_to_wasm,5506,210219,208862,419082,42256
native_to_wasm,5507,210911,208922,419834,42256
native_to_wasm,5508,211393,209632,421026,42256
native_to_wasm,5509,210239,208940,419180,42256
native_to_wasm,5510,211141,208934,420076,42256
native_to_wasm,5511,210239,208850,419090,42256
native_to_wasm,5512,211453,208938,420392,42256
native_to_wasm,5513,210123,209638,419762,42256
native_to_wasm,5514,210221,208830,419052,42256
native_to_wasm,5515,210933,208938,419872,42256
native_to_wasm,5516,211333,209632,420966,42256
native_to_wasm,5517,210249,208944,419194,42256
native_to_wasm,5518,211137,208932,420070,42256
native_to_wasm,5519,210245,208850,419096,42256
native_to_wasm,5520,211253,208932,420186,42256
native_to_wasm,5521,210133,209606,419740,42256
native_to_wasm,5522,210219,208864,419084,42256
native_to_wasm,5523,210947,208938,419886,42256
native_to_wasm,5524,210509,209726,420236,42256
native_to_wasm,5525,210233,208918,419152,42256
native_to_wasm,5526,211421,208932,420354,42256
native_to_wasm,5527,210243,208860,419104,42256
native_to_wasm,5528,210941,208940,419882,42256
native_to_wasm,5529,210109,209642,419752,42256
native_to_wasm,5530,210235,208864,419100,42256
native_to_wasm,5531,210937,208942,419880,42256
native_to_wasm,5532,210239,210588,420828,42256
native_to_wasm,5533,210243,208940,419184,42256
native_to_wasm,5534,211333,208954,420288,42256
native_to_wasm,5535,210227,208814,419042,42256
native_to_wasm,5536,210911,208922,419834,42256
native_to_wasm,5537,210121,209636,419758,42256
native_to_wasm,5538,210241,209266,419508,42256
native_to_wasm,5539,210911,208918,419830,42256
native_to_wasm,5540,210219,210762,420982,42256
native_to_wasm,5541,210239,208940,419180,42256
native_to_wasm,5542,211355,208916,420272,42256
native_to_wasm,5543,210219,208864,419084,42256
native_to_wasm,5544,210911,208920,419832,42256
native_to_wasm,5545,210129,209632,419762,42256
native_to_wasm,5546,210233,209238,419472,42256
native_to_wasm,5547,210931,208948,419880,42256
native_to_wasm,5548,210233,209836,420070,42256
native_to_wasm,5549,210237,208942,419180,42256
native_to_wasm,5550,211425,208950,420376,42256
native_to_wasm,5551,210237,208852,419090,42256
native_to_wasm,5552,210913,208922,419836,42256
native_to_wasm,5553,210121,209658,419780,42256
native_to_wasm,5554,210241,209390,419632,42256
native_to_wasm,5555,210937,208942,419880,42256
native_to_wasm,5556,210241,209834,420076,42256
native_to_wasm,5557,210235,208948,419184,42256
native_to_wasm,5558,211043,208934,419978,42256
native_to_wasm,5559,210241,208872,419114,42256
native_to_wasm,5560,210911,208926,419838,42256
native_to_wasm,5561,210125,209638,419764,42256
native_to_wasm,5562,210223,210615,420839,42256
native_to_wasm,5563,210938,208942,419881,42256
native_to_wasm,5564,210247,209834,420082,42256
native_to_wasm,5565,210221,208932,419154,42256
native_to_wasm,5566,210133,210144,420278,42256
native_to_wasm,5567,210243,208864,419108,42256
native_to_wasm,5568,210933,208946,419880,42256
native_to_wasm,5569,210129,209606,419736,42256
native_to_wasm,5570,210219,209223,419443,42256
native_to_wasm,5571,211378,208922,420301,42256
native_to_wasm,5572,210247,209842,420090,42256
native_to_wasm,5573,210217,208932,419150,42256
native_to_wasm,5574,210133,209612,419746,42256
native_to_wasm,5575,210247,208864,419112,42256
native_to_wasm,5576,210933,208946,419880,42256
native_to_wasm,5577,210105,209606,419712,42256
native_to_wasm,5578,210217,208932,419150,42256
native_to_wasm,5579,212455,208920,421376,42256
native_to_wasm,5580,210255,210108,420364,42256
native_to_wasm,5581,210221,208932,419154,42256
native_to_wasm,5582,210137,209640,419778,42256
native_to_wasm,5583,210259,208864,419124,42256
native_to_wasm,5584,210937,208944,419882,42256
native_to_wasm,5585,210519,209606,420126,42256
native_to_wasm,5586,210219,208924,419144,42256
native_to_wasm,5587,212045,208920,420966,42256
native_to_wasm,5588,210253,209942,420196,42256
native_to_wasm,5589,210245,208940,419186,42256
native_to_wasm,5590,210133,209606,419740,42256
native_to_wasm,5591,210219,208818,419038,42256
native_to_wasm,5592,210947,208938,419886,42256
native_to_wasm,5593,210525,209642,420168,42256
native_to_wasm,5594,210233,208914,419148,42256
native_to_wasm,5595,211117,208946,420064,42256
native_to_wasm,5596,210235,210096,420332,42256
native_to_wasm,5597,210219,208922,419142,42256
native_to_wasm,5598,210127,209638,419766,42256
native_to_wasm,5599,210223,208832,419056,42256
native_to_wasm,5600,210929,208940,419870,42256
native_to_wasm,5601,210455,209612,420068,42256
native_to_wasm,5602,210249,208940,419190,42256
native_to_wasm,5603,211141,208936,420078,42256
native_to_wasm,5604,210239,208872,419112,42256
native_to_wasm,5605,211303,208924,420228,42256
native_to_wasm,5606,210135,209616,419752,42256
native_to_wasm,5607,210245,208852,419098,42256
native_to_wasm,5608,210913,208920,419834,42256
native_to_wasm,5609,211347,209638,420986,42256
native_to_wasm,5610,210225,208922,419148,42256
native_to_wasm,5611,211133,208948,420082,42256
native_to_wasm,5612,210235,208812,419048,42256
native_to_wasm,5613,211343,208932,420276,42256
native_to_wasm,5614,210133,209606,419740,42256
native_to_wasm,5615,210219,208864,419084,42256
native_to_wasm,5616,210947,208938,419886,42256
native_to_wasm,5617,210509,209726,420236,42256
native_to_wasm,5618,210233,208918,419152,42256
native_to_wasm,5619,211421,208932,420354,42256
native_to_wasm,5620,210243,208860,419104,42256
native_to_wasm,5621,210941,208940,419882,42256
native_to_wasm,5622,210109,209642,419752,42256
native_to_wasm,5623,210235,208864,419100,42256
native_to_wasm,5624,210937,208942,419880,42256
native_to_wasm,5625,210239,210588,420828,42256
native_to_wasm,5626,210243,208940,419184,42256
native_to_wasm,5627,211333,208954,420288,42256
native_to_wasm,5628,210227,208814,419042,42256
native_to_wasm,5629,210911,208922,419834,42256
native_to_wasm,5630,210121,209636,419758,42256
native_to_wasm,5631,210241,209266,419508,42256
native_to_wasm,5632,210111,208948,419060,42256
native_to_wasm,5633,210131,209606,419738,42256
native_to_wasm,5634,210219,208862,419082,42256
native_to_wasm,5635,210911,208922,419834,42256
native_to_wasm,5636,211393,209632,421026,42256
native_to_wasm,5637,210239,208940,419180,42256
native_to_wasm,5638,211141,208934,420076,42256
native_to_wasm,5639,210239,208850,419090,42256
native_to_wasm,5640,211453,208938,420392,42256
native_to_wasm,5641,210123,209638,419762,42256
native_to_wasm,5642,210221,208830,419052,42256
native_to_wasm,5643,210933,208938,419872,42256
native_to_wasm,5644,211333,209632,420966,42256
native_to_wasm,5645,210249,208944,419194,42256
native_to_wasm,5646,211137,208932,420070,42256
native_to_wasm,5647,210245,208850,419096,42256
native_to_wasm,5648,211253,208932,420186,42256
native_to_wasm,5649,210133,209606,419740,42256
native_to_wasm,5650,210219,208864,419084,42256
native_to_wasm,5651,210947,208938,419886,42256
native_to_wasm,5652,210509,209726,420236,42256
native_to_wasm,5653,210233,208918,419152,42256
native_to_wasm,5654,211421,208932,420354,42256
native_to_wasm,5655,210243,208860,419104,42256
native_to_wasm,5656,210941,208940,419882,42256
native_to_wasm,5657,210109,209642,419752,42256
native_to_wasm,5658,210235,208864,419100,42256
native_to_wasm,5659,210937,208942,419880,42256
native_to_wasm,5660,210239,210588,420828,42256
native_to_wasm,5661,210243,208940,419184,42256
native_to_wasm,5662,211333,208954,420288,42256
native_to_wasm,5663,210227,208814,419042,42256
native_to_wasm,5664,210911,208922,419834,42256
native_to_wasm,5665,210121,209636,419758,42256
native_to_wasm,5666,210241,209266,419508,42256
native_to_wasm,5667,210911,208918,419830,42256
native_to_wasm,5668,210219,210762,420982,42256
native_to_wasm,5669,210239,208940,419180,42256
native_to_wasm,5670,211355,208916,420272,42256
native_to_wasm,5671,210219,208864,419084,42256
native_to_wasm,5672,210911,208920,419832,42256
native_to_wasm,5673,210129,209632,419762,42256
native_to_wasm,5674,210233,209238,419472,42256
native_to_wasm,5675,210931,208948,419880,42256
native_to_wasm,5676,210233,209836,420070,42256
native_to_wasm,5677,210237,208942,419180,42256
native_to_wasm,5678,211425,208950,420376,42256
native_to_wasm,5679,210237,208852,419090,42256
native_to_wasm,5680,210913,208922,419836,42256
native_to_wasm,5681,210121,209658,419780,42256
native_to_wasm,5682,210241,209390,419632,42256
native_to_wasm,5683,210937,208942,419880,42256
native_to_wasm,5684,210241,209834,420076,42256
native_to_wasm,5685,210235,208948,419184,42256
native_to_wasm,5686,211043,208934,419978,42256
native_to_wasm,5687,210241,208872,419114,42256
native_to_wasm,5688,210911,208926,419838,42256
native_to_wasm,5689,210125,209638,419764,42256
native_to_wasm,5690,210223,210615,420839,42256
native_to_wasm,5691,210938,208942,419881,42256
native_to_wasm,5692,210247,209834,420082,42256
native_to_wasm,5693,210221,208932,419154,42256
native_to_wasm,5694,210133,210144,420278,42256
native_to_wasm,5695,210243,208864,419108,42256
native_to_wasm,5696,210933,208946,419880,42256
native_to_wasm,5697,210129,209606,419736,42256
native_to_wasm,5698,210219,209223,419443,42256
native_to_wasm,5699,211378,208922,420301,42256
native_to_wasm,5700,210247,209842,420090,42256
native_to_wasm,5701,210217,208932,419150,42256
native_to_wasm,5702,210133,209612,419746,42256
native_to_wasm,5703,210247,208864,419112,42256
native_to_wasm,5704,210933,208946,419880,42256
native_to_wasm,5705,210105,209606,419712,42256
native_to_wasm,5706,210217,208932,419150,42256
native_to_wasm,5707,212455,208920,421376,42256
native_to_wasm,5708,210255,210108,420364,42256
native_to_wasm,5709,210221,208932,419154,42256
native_to_wasm,5710,210137,209640,419778,42256
native_to_wasm,5711,210259,208864,419124,42256
native_to_wasm,5712,210937,208944,419882,42256
native_to_wasm,5713,210519,209606,420126,42256
native_to_wasm,5714,210219,208924,419144,42256
native_to_wasm,5715,212045,208920,420966,42256
native_to_wasm,5716,210253,209942,420196,42256
native_to_wasm,5717,210245,208940,419186,42256
native_to_wasm,5718,210133,209606,419740,42256
native_to_wasm,5719,210219,208818,419038,42256
native_to_wasm,5720,210947,208938,419886,42256
native_to_wasm,5721,210525,209642,420168,42256
native_to_wasm,5722,210233,208914,419148,42256
native_to_wasm,5723,211117,208946,420064,42256
native_to_wasm,5724,210235,210096,420332,42256
native_to_wasm,5725,210219,208922,419142,42256
native_to_wasm,5726,210127,209638,419766,42256
native_to_wasm,5727,210223,208832,419056,42256
native_to_wasm,5728,210929,208940,419870,42256
native_to_wasm,5729,210455,209612,420068,42256
native_to_wasm,5730,210249,208940,419190,42256
native_to_wasm,5731,211141,208936,420078,42256
native_to_wasm,5732,210239,208872,419112,42256
native_to_wasm,5733,211303,208924,420228,42256
native_to_wasm,5734,210135,209616,419752,42256
native_to_wasm,5735,210245,208852,419098,42256
native_to_wasm,5736,210913,208920,419834,42256
native_to_wasm,5737,211347,209638,420986,42256
native_to_wasm,5738,210225,208922,419148,42256
native_to_wasm,5739,211133,208948,420082,42256
native_to_wasm,5740,210235,208812,419048,42256
native_to_wasm,5741,211343,208932,420276,42256
native_to_wasm,5742,210133,209606,419740,42256
native_to_wasm,5743,210219,208864,419084,42256
native_to_wasm,5744,210947,208938,419886,42256
native_to_wasm,5745,210509,209726,420236,42256
native_to_wasm,5746,210233,208918,419152,42256
native_to_wasm,5747,211421,208932,420354,42256
native_to_wasm,5748,210243,208860,419104,42256
native_to_wasm,5749,210941,208940,419882,42256
native_to_wasm,5750,210109,209642,419752,42256
native_to_wasm,5751,210235,208864,419100,42256
native_to_wasm,5752,210937,208942,419880,42256
native_to_wasm,5753,210239,210588,420828,42256
native_to_wasm,5754,210243,208940,419184,42256
native_to_wasm,5755,211333,208954,420288,42256
native_to_wasm,5756,210227,208814,419042,42256
native_to_wasm,5757,210911,208922,419834,42256
native_to_wasm,5758,210121,209636,419758,42256
native_to_wasm,5759,210241,209266,419508,42256
native_to_wasm,5760,210111,208948,419060,42256
native_to_wasm,5761,210131,209606,419738,42256
native_to_wasm,5762,210219,208862,419082,42256
native_to_wasm,5763,210911,208922,419834,42256
native_to_wasm,5764,211393,209632,421026,42256
native_to_wasm,5765,210239,208940,419180,42256
native_to_wasm,5766,211141,208934,420076,42256
native_to_wasm,5767,210239,208850,419090,42256
native_to_wasm,5768,211453,208938,420392,42256
native_to_wasm,5769,210123,209638,419762,42256
native_to_wasm,5770,210221,208830,419052,42256
native_to_wasm,5771,210933,208938,419872,42256
native_to_wasm,5772,211333,209632,420966,42256
native_to_wasm,5773,210249,208944,419194,42256
native_to_wasm,5774,211137,208932,420070,42256
native_to_wasm,5775,210245,208850,419096,42256
native_to_wasm,5776,211253,208932,420186,42256
native_to_wasm,5777,210133,209606,419740,42256
native_to_wasm,5778,210219,208864,419084,42256
native_to_wasm,5779,210947,208938,419886,42256
native_to_wasm,5780,210509,209726,420236,42256
native_to_wasm,5781,210233,208918,419152,42256
native_to_wasm,5782,211421,208932,420354,42256
native_to_wasm,5783,210243,208860,419104,42256
native_to_wasm,5784,210941,208940,419882,42256
native_to_wasm,5785,210109,209642,419752,42256
native_to_wasm,5786,210235,208864,419100,42256
native_to_wasm,5787,210937,208942,419880,42256
native_to_wasm,5788,210239,210588,420828,42256
native_to_wasm,5789,210243,208940,419184,42256
native_to_wasm,5790,211333,208954,420288,42256
native_to_wasm,5791,210227,208814,419042,42256
native_to_wasm,5792,210911,208922,419834,42256
native_to_wasm,5793,210121,209636,419758,42256
native_to_wasm,5794,210241,209266,419508,42256
native_to_wasm,5795,210911,208918,419830,42256
native_to_wasm,5796,210219,210762,420982,42256
native_to_wasm,5797,210239,208940,419180,42256
native_to_wasm,5798,211355,208916,420272,42256
native_to_wasm,5799,210219,208864,419084,42256
native_to_wasm,5800,210911,208920,419832,42256
native_to_wasm,5801,210129,209632,419762,42256
native_to_wasm,5802,210233,209238,419472,42256
native_to_wasm,5803,210931,208948,419880,42256
native_to_wasm,5804,210233,209836,420070,42256
native_to_wasm,5805,210237,208942,419180,42256
native_to_wasm,5806,211425,208950,420376,42256
native_to_wasm,5807,210237,208852,419090,42256
native_to_wasm,5808,210913,208922,419836,42256
native_to_wasm,5809,210121,209658,419780,42256
native_to_wasm,5810,210241,209390,419632,42256
native_to_wasm,5811,210937,208942,419880,42256
native_to_wasm,5812,210241,209834,420076,42256
native_to_wasm,5813,210235,208948,419184,42256
native_to_wasm,5814,211043,208934,419978,42256
native_to_wasm,5815,210241,208872,419114,42256
native_to_wasm,5816,210911,208926,419838,42256
native_to_wasm,5817,210125,209638,419764,42256
native_to_wasm,5818,210223,210615,420839,42256
native_to_wasm,5819,210938,208942,419881,42256
native_to_wasm,5820,210247,209834,420082,42256
native_to_wasm,5821,210221,208932,419154,42256
native_to_wasm,5822,210133,210144,420278,42256
native_to_wasm,5823,210243,208864,419108,42256
native_to_wasm,5824,210933,208946,419880,42256
native_to_wasm,5825,210129,209606,419736,42256
native_to_wasm,5826,210219,209223,419443,42256
native_to_wasm,5827,211378,208922,420301,42256
native_to_wasm,5828,210247,209842,420090,42256
native_to_wasm,5829,210217,208932,419150,42256
native_to_wasm,5830,210133,209612,419746,42256
native_to_wasm,5831,210247,208864,419112,42256
native_to_wasm,5832,210933,208946,419880,42256
native_to_wasm,5833,210105,209606,419712,42256
native_to_wasm,5834,210217,208932,419150,42256
native_to_wasm,5835,212455,208920,421376,42256
native_to_wasm,5836,210255,210108,420364,42256
native_to_wasm,5837,210221,208932,419154,42256
native_to_wasm,5838,210137,209640,419778,42256
native_to_wasm,5839,210259,208864,419124,42256
native_to_wasm,5840,210937,208944,419882,42256
native_to_wasm,5841,210519,209606,420126,42256
native_to_wasm,5842,210219,208924,419144,42256
native_to_wasm,5843,212045,208920,420966,42256
native_to_wasm,5844,210253,209942,420196,42256
native_to_wasm,5845,210245,208940,419186,42256
native_to_wasm,5846,210133,209606,419740,42256
native_to_wasm,5847,210219,208818,419038,42256
native_to_wasm,5848,210947,208938,419886,42256
native_to_wasm,5849,210525,209642,420168,42256
native_to_wasm,5850,210233,208914,419148,42256
native_to_wasm,5851,211117,208946,420064,42256
native_to_wasm,5852,210235,210096,420332,42256
native_to_wasm,5853,210219,208922,419142,42256
native_to_wasm,5854,210127,209638,419766,42256
native_to_wasm,5855,210223,208832,419056,42256
native_to_wasm,5856,210929,208940,419870,42256
native_to_wasm,5857,210455,209612,420068,42256
native_to_wasm,5858,210249,208940,419190,42256
native_to_wasm,5859,211141,208936,420078,42256
native_to_wasm,5860,210239,208872,419112,42256
native_to_wasm,5861,211303,208924,420228,42256
native_to_wasm,5862,210135,209616,419752,42256
native_to_wasm,5863,210245,208852,419098,42256
native_to_wasm,5864,210913,208920,419834,42256
native_to_wasm,5865,211347,209638,420986,42256
native_to_wasm,5866,210225,208922,419148,42256
native_to_wasm,5867,211133,208948,420082,42256
native_to_wasm,5868,210235,208812,419048,42256
native_to_wasm,5869,211343,208932,420276,42256
native_to_wasm,5870,210133,209606,419740,42256
native_to_wasm,5871,210219,208864,419084,42256
native_to_wasm,5872,210947,208938,419886,42256
native_to_wasm,5873,210509,209726,420236,42256
native_to_wasm,5874,210233,208918,419152,42256
native_to_wasm,5875,211421,208932,420354,42256
native_to_wasm,5876,210243,208860,419104,42256
native_to_wasm,5877,210941,208940,419882,42256
native_to_wasm,5878,210109,209642,419752,42256
native_to_wasm,5879,210235,208864,419100,42256
native_to_wasm,5880,210937,208942,419880,42256
native_to_wasm,5881,210239,210588,420828,42256
native_to_wasm,5882,210243,208940,419184,42256
native_to_wasm,5883,211333,208954,420288,42256
native_to_wasm,5884,210227,208814,419042,42256
native_to_wasm,5885,210911,208922,419834,42256
native_to_wasm,5886,210121,209636,419758,42256
native_to_wasm,5887,210241,209266,419508,42256
native_to_wasm,5888,210111,208948,419060,42256
native_to_wasm,5889,210131,209606,419738,42256
native_to_wasm,5890,210219,208862,419082,42256
native_to_wasm,5891,210911,208922,419834,42256
native_to_wasm,5892,211393,209632,421026,42256
native_to_wasm,5893,210239,208940,419180,42256
native_to_wasm,5894,211141,208934,420076,42256
native_to_wasm,5895,210239,208850,419090,42256
native_to_wasm,5896,211453,208938,420392,42256
native_to_wasm,5897,210123,209638,419762,42256
native_to_wasm,5898,210221,208830,419052,42256
native_to_wasm,5899,210933,208938,419872,42256
native_to_wasm,5900,211333,209632,420966,42256
native_to_wasm,5901,210249,208944,419194,42256
native_to_wasm,5902,211137,208932,420070,42256
native_to_wasm,5903,210245,208850,419096,42256
native_to_wasm,5904,211253,208932,420186,42256
native_to_wasm,5905,210133,209606,419740,42256
native_to_wasm,5906,210219,208864,419084,42256
native_to_wasm,5907,210947,208938,419886,42256
native_to_wasm,5908,210509,209726,420236,42256
native_to_wasm,5909,210233,208918,419152,42256
native_to_wasm,5910,211421,208932,420354,42256
native_to_wasm,5911,210243,208860,419104,42256
native_to_wasm,5912,210941,208940,419882,42256
native_to_wasm,5913,210109,209642,419752,42256
native_to_wasm,5914,210235,208864,419100,42256
native_to_wasm,5915,210937,208942,419880,42256
native_to_wasm,5916,210239,210588,420828,42256
native_to_wasm,5917,210243,208940,419184,42256
native_to_wasm,5918,211333,208954,420288,42256
native_to_wasm,5919,210227,208814,419042,42256
native_to_wasm,5920,210911,208922,419834,42256
native_to_wasm,5921,210121,209636,419758,42256
native_to_wasm,5922,210241,209266,419508,42256
native_to_wasm,5923,210911,208918,419830,42256
native_to_wasm,5924,210219,210762,420982,42256
native_to_wasm,5925,210239,208940,419180,42256
native_to_wasm,5926,211355,208916,420272,42256
native_to_wasm,5927,210219,208864,419084,42256
native_to_wasm,5928,210911,208920,419832,42256
native_to_wasm,5929,210129,209632,419762,42256
native_to_wasm,5930,210233,209238,419472,42256
native_to_wasm,5931,210931,208948,419880,42256
native_to_wasm,5932,210233,209836,420070,42256
native_to_wasm,5933,210237,208942,419180,42256
native_to_wasm,5934,211425,208950,420376,42256
native_to_wasm,5935,210237,208852,419090,42256
native_to_wasm,5936,210913,208922,419836,42256
native_to_wasm,5937,210121,209658,419780,42256
native_to_wasm,5938,210241,209390,419632,42256
native_to_wasm,5939,210937,208942,419880,42256
native_to_wasm,5940,210241,209834,420076,42256
native_to_wasm,5941,210235,208948,419184,42256
native_to_wasm,5942,211043,208934,419978,42256
native_to_wasm,5943,210241,208872,419114,42256
native_to_wasm,5944,210911,208926,419838,42256
native_to_wasm,5945,210125,209638,419764,42256
native_to_wasm,5946,210223,210615,420839,42256
native_to_wasm,5947,210938,208942,419881,42256
native_to_wasm,5948,210247,209834,420082,42256
native_to_wasm,5949,210221,208932,419154,42256
native_to_wasm,5950,210133,210144,420278,42256
native_to_wasm,5951,210243,208864,419108,42256
native_to_wasm,5952,210933,208946,419880,42256
native_to_wasm,5953,210129,209606,419736,42256
native_to_wasm,5954,210219,209223,419443,42256
native_to_wasm,5955,211378,208922,420301,42256
native_to_wasm,5956,210247,209842,420090,42256
native_to_wasm,5957,210217,208932,419150,42256
native_to_wasm,5958,210133,209612,419746,42256
native_to_wasm,5959,210247,208864,419112,42256
native_to_wasm,5960,210933,208946,419880,42256
native_to_wasm,5961,210105,209606,419712,42256
native_to_wasm,5962,210217,208932,419150,42256
native_to_wasm,5963,212455,208920,421376,42256
native_to_wasm,5964,210255,210108,420364,42256
native_to_wasm,5965,210221,208932,419154,42256
native_to_wasm,5966,210137,209640,419778,42256
native_to_wasm,5967,210259,208864,419124,42256
native_to_wasm,5968,210937,208944,419882,42256
native_to_wasm,5969,210519,209606,420126,42256
native_to_wasm,5970,210219,208924,419144,42256
native_to_wasm,5971,212045,208920,420966,42256
native_to_wasm,5972,210253,209942,420196,42256
native_to_wasm,5973,210245,208940,419186,42256
native_to_wasm,5974,210133,209606,419740,42256
native_to_wasm,5975,210219,208818,419038,42256
native_to_wasm,5976,210947,208938,419886,42256
native_to_wasm,5977,210525,209642,420168,42256
native_to_wasm,5978,210233,208914,419148,42256
native_to_wasm,5979,211117,208946,420064,42256
native_to_wasm,5980,210235,210096,420332,42256
native_to_wasm,5981,210219,208922,419142,42256
native_to_wasm,5982,210127,209638,419766,42256
native_to_wasm,5983,210223,208832,419056,42256
native_to_wasm,5984,210929,208940,419870,42256
native_to_wasm,5985,210455,209612,420068,42256
native_to_wasm,5986,210249,208940,419190,42256
native_to_wasm,5987,211141,208936,420078,42256
native_to_wasm,5988,210239,208872,419112,42256
native_to_wasm,5989,211303,208924,420228,42256
native_to_wasm,5990,210135,209616,419752,42256
native_to_wasm,5991,210245,208852,419098,42256
native_to_wasm,5992,210913,208920,419834,42256
native_to_wasm,5993,211347,209638,420986,42256
native_to_wasm,5994,210225,208922,419148,42256
native_to_wasm,5995,211133,208948,420082,42256
native_to_wasm,5996,210235,208812,419048,42256
native_to_wasm,5997,211343,208932,420276,42256
native_to_wasm,5998,210133,209606,419740,42256
native_to_wasm,5999,210219,208864,419084,42256
native_to_wasm,6000,210947,208938,419886,42256
native_to_wasm,6001,210509,209726,420236,42256
native_to_wasm,6002,210233,208918,419152,42256
native_to_wasm,6003,211421,208932,420354,42256
native_to_wasm,6004,210243,208860,419104,42256
native_to_wasm,6005,210941,208940,419882,42256
native_to_wasm,6006,210109,209642,419752,42256
native_to_wasm,6007,210235,208864,419100,42256
native_to_wasm,6008,210937,208942,419880,42256
native_to_wasm,6009,210239,210588,420828,42256
native_to_wasm,6010,210243,208940,419184,42256
native_to_wasm,6011,211333,208954,420288,42256
native_to_wasm,6012,210227,208814,419042,42256
native_to_wasm,6013,210911,208922,419834,42256
native_to_wasm,6014,210121,209636,419758,42256
native_to_wasm,6015,210241,209266,419508,42256
native_to_wasm,6016,210111,208948,419060,42256
native_to_wasm,6017,210131,209606,419738,42256
native_to_wasm,6018,210219,208862,419082,42256
native_to_wasm,6019,210911,208922,419834,42256
native_to_wasm,6020,211393,209632,421026,42256
native_to_wasm,6021,210239,208940,419180,42256
native_to_wasm,6022,211141,208934,420076,42256
native_to_wasm,6023,210239,208850,419090,42256
native_to_wasm,6024,211453,208938,420392,42256
native_to_wasm,6025,210123,209638,419762,42256
native_to_wasm,6026,210221,208830,419052,42256
native_to_wasm,6027,210933,208938,419872,42256
native_to_wasm,6028,211333,209632,420966,42256
native_to_wasm,6029,210249,208944,419194,42256
native_to_wasm,6030,211137,208932,420070,42256
native_to_wasm,6031,210245,208850,419096,42256
native_to_wasm,6032,211253,208932,420186,42256
native_to_wasm,6033,210133,209606,419740,42256
native_to_wasm,6034,210219,208864,419084,42256
native_to_wasm,6035,210947,208938,419886,42256
native_to_wasm,6036,210509,209726,420236,42256
native_to_wasm,6037,210233,208918,419152,42256
native_to_wasm,6038,211421,208932,420354,42256
native_to_wasm,6039,210243,208860,419104,42256
native_to_wasm,6040,210941,208940,419882,42256
native_to_wasm,6041,210109,209642,419752,42256
native_to_wasm,6042,210235,208864,419100,42256
native_to_wasm,6043,210937,208942,419880,42256
native_to_wasm,6044,210239,210588,420828,42256
native_to_wasm,6045,210243,208940,419184,42256
native_to_wasm,6046,211333,208954,420288,42256
native_to_wasm,6047,210227,208814,419042,42256
native_to_wasm,6048,210911,208922,419834,42256
native_to_wasm,6049,210121,209636,419758,42256
native_to_wasm,6050,210241,209266,419508,42256
native_to_wasm,6051,210911,208918,419830,42256
native_to_wasm,6052,210219,210762,420982,42256
native_to_wasm,6053,210239,208940,419180,42256
native_to_wasm,6054,211355,208916,420272,42256
native_to_wasm,6055,210219,208864,419084,42256
native_to_wasm,6056,210911,208920,419832,42256
native_to_wasm,6057,210129,209632,419762,42256
native_to_wasm,6058,210233,209238,419472,42256
native_to_wasm,6059,210931,208948,419880,42256
native_to_wasm,6060,210233,209836,420070,42256
native_to_wasm,6061,210237,208942,419180,42256
native_to_wasm,6062,211425,208950,420376,42256
native_to_wasm,6063,210237,208852,419090,42256
native_to_wasm,6064,210913,208922,419836,42256
native_to_wasm,6065,210121,209658,419780,42256
native_to_wasm,6066,210241,209390,419632,42256
native_to_wasm,6067,210937,208942,419880,42256
native_to_wasm,6068,210241,209834,420076,42256
native_to_wasm,6069,210235,208948,419184,42256
native_to_wasm,6070,211043,208934,419978,42256
native_to_wasm,6071,210241,208872,419114,42256
native_to_wasm,6072,210911,208926,419838,42256
native_to_wasm,6073,210125,209638,419764,42256
native_to_wasm,6074,210223,210615,420839,42256
native_to_wasm,6075,210938,208942,419881,42256
native_to_wasm,6076,210247,209834,420082,42256
native_to_wasm,6077,210221,208932,419154,42256
native_to_wasm,6078,210133,210144,420278,42256
native_to_wasm,6079,210243,208864,419108,42256
native_to_wasm,6080,210933,208946,419880,42256
native_to_wasm,6081,210129,209606,419736,42256
native_to_wasm,6082,210219,209223,419443,42256
native_to_wasm,6083,211378,208922,420301,42256
native_to_wasm,6084,210247,209842,420090,42256
native_to_wasm,6085,210217,208932,419150,42256
native_to_wasm,6086,210133,209612,419746,42256
native_to_wasm,6087,210247,208864,419112,42256
native_to_wasm,6088,210933,208946,419880,42256
native_to_wasm,6089,210105,209606,419712,42256
native_to_wasm,6090,210217,208932,419150,42256
native_to_wasm,6091,212455,208920,421376,42256
native_to_wasm,6092,210255,210108,420364,42256
native_to_wasm,6093,210221,208932,419154,42256
native_to_wasm,6094,210137,209640,419778,42256
native_to_wasm,6095,210259,208864,419124,42256
native_to_wasm,6096,210937,208944,419882,42256
native_to_wasm,6097,210519,209606,420126,42256
native_to_wasm,6098,210219,208924,419144,42256
native_to_wasm,6099,212045,208920,420966,42256
native_to_wasm,6100,210253,209942,420196,42256
native_to_wasm,6101,210245,208940,419186,42256
native_to_wasm,6102,210133,209606,419740,42256
native_to_wasm,6103,210219,208818,419038,42256
native_to_wasm,6104,210947,208938,419886,42256
native_to_wasm,6105,210525,209642,420168,42256
native_to_wasm,6106,210233,208914,419148,42256
native_to_wasm,6107,211117,208946,420064,42256
native_to_wasm,6108,210235,210096,420332,42256
native_to_wasm,6109,210219,208922,419142,42256
native_to_wasm,6110,210127,209638,419766,42256
native_to_wasm,6111,210223,208832,419056,42256
native_to_wasm,6112,210929,208940,419870,42256
native_to_wasm,6113,210455,209612,420068,42256
native_to_wasm,6114,210249,208940,419190,42256
native_to_wasm,6115,211141,208936,420078,42256
native_to_wasm,6116,210239,208872,419112,42256
native_to_wasm,6117,211303,208924,420228,42256
native_to_wasm,6118,210135,209616,419752,42256
native_to_wasm,6119,210245,208852,419098,42256
native_to_wasm,6120,210913,208920,419834,42256
native_to_wasm,6121,211347,209638,420986,42256
native_to_wasm,6122,210225,208922,419148,42256
native_to_wasm,6123,211133,208948,420082,42256
native_to_wasm,6124,210235,208812,419048,42256
native_to_wasm,6125,211343,208932,420276,42256
native_to_wasm,6126,210133,209606,419740,42256
native_to_wasm,6127,210219,208864,419084,42256
native_to_wasm,6128,210947,208938,419886,42256
native_to_wasm,6129,210509,209726,420236,42256
native_to_wasm,6130,210233,208918,419152,42256
native_to_wasm,6131,211421,208932,420354,42256
native_to_wasm,6132,210243,208860,419104,42256
native_to_wasm,6133,210941,208940,419882,42256
native_to_wasm,6134,210109,209642,419752,42256
native_to_wasm,6135,210235,208864,419100,42256
native_to_wasm,6136,210937,208942,419880,42256
native_to_wasm,6137,210239,210588,420828,42256
native_to_wasm,6138,210243,208940,419184,42256
native_to_wasm,6139,211333,208954,420288,42256
native_to_wasm,6140,210227,208814,419042,42256
native_to_wasm,6141,210911,208922,419834,42256
native_to_wasm,6142,210121,209636,419758,42256
native_to_wasm,6143,210241,209266,419508,42256
native_to_wasm,6144,210111,208948,419060,42256
native_to_wasm,6145,210131,209606,419738,42256
native_to_wasm,6146,210219,208862,419082,42256
native_to_wasm,6147,210911,208922,419834,42256
native_to_wasm,6148,211393,209632,421026,42256
native_to_wasm,6149,210239,208940,419180,42256
native_to_wasm,6150,211141,208934,420076,42256
native_to_wasm,6151,210239,208850,419090,42256
native_to_wasm,6152,211453,208938,420392,42256
native_to_wasm,6153,210123,209638,419762,42256
native_to_wasm,6154,210221,208830,419052,42256
native_to_wasm,6155,210933,208938,419872,42256
native_to_wasm,6156,211333,209632,420966,42256
native_to_wasm,6157,210249,208944,419194,42256
native_to_wasm,6158,211137,208932,420070,42256
native_to_wasm,6159,210245,208850,419096,42256
native_to_wasm,6160,211253,208932,420186,42256
native_to_wasm,6161,210133,209606,419740,42256
native_to_wasm,6162,210219,208864,419084,42256
native_to_wasm,6163,210947,208938,419886,42256
native_to_wasm,6164,210509,209726,420236,42256
native_to_wasm,6165,210233,208918,419152,42256
native_to_wasm,6166,211421,208932,420354,42256
native_to_wasm,6167,210243,208860,419104,42256
native_to_wasm,6168,210941,208940,419882,42256
native_to_wasm,6169,210109,209642,419752,42256
native_to_wasm,6170,210235,208864,419100,42256
native_to_wasm,6171,210937,208942,419880,42256
native_to_wasm,6172,210239,210588,420828,42256
native_to_wasm,6173,210243,208940,419184,42256
native_to_wasm,6174,211333,208954,420288,42256
native_to_wasm,6175,210227,208814,419042,42256
native_to_wasm,6176,210911,208922,419834,42256
native_to_wasm,6177,210121,209636,419758,42256
native_to_wasm,6178,210241,209266,419508,42256
native_to_wasm,6179,210911,208918,419830,42256
native_to_wasm,6180,210219,210762,420982,42256
native_to_wasm,6181,210239,208940,419180,42256
native_to_wasm,6182,211355,208916,420272,42256
native_to_wasm,6183,210219,208864,419084,42256
native_to_wasm,6184,210911,208920,419832,42256
native_to_wasm,6185,210129,209632,419762,42256
native_to_wasm,6186,210233,209238,419472,42256
native_to_wasm,6187,210931,208948,419880,42256
native_to_wasm,6188,210233,209836,420070,42256
native_to_wasm,6189,210237,208942,419180,42256
native_to_wasm,6190,211425,208950,420376,42256
native_to_wasm,6191,210237,208852,419090,42256
native_to_wasm,6192,210913,208922,419836,42256
native_to_wasm,6193,210121,209658,419780,42256
native_to_wasm,6194,210241,209390,419632,42256
native_to_wasm,6195,210937,208942,419880,42256
native_to_wasm,6196,210241,209834,420076,42256
native_to_wasm,6197,210235,208948,419184,42256
native_to_wasm,6198,211043,208934,419978,42256
native_to_wasm,6199,210241,208872,419114,42256
native_to_wasm,6200,210911,208926,419838,42256
native_to_wasm,6201,210125,209638,419764,42256
native_to_wasm,6202,210223,210615,420839,42256
native_to_wasm,6203,210938,208942,419881,42256
native_to_wasm,6204,210247,209834,420082,42256
native_to_wasm,6205,210221,208932,419154,42256
native_to_wasm,6206,210133,210144,420278,42256
native_to_wasm,6207,210243,208864,419108,42256
native_to_wasm,6208,210933,208946,419880,42256
native_to_wasm,6209,210129,209606,419736,42256
native_to_wasm,6210,210219,209223,419443,42256
native_to_wasm,6211,211378,208922,420301,42256
native_to_wasm,6212,210247,209842,420090,42256
native_to_wasm,6213,210217,208932,419150,42256
native_to_wasm,6214,210133,209612,419746,42256
native_to_wasm,6215,210247,208864,419112,42256
native_to_wasm,6216,210933,208946,419880,42256
native_to_wasm,6217,210105,209606,419712,42256
native_to_wasm,6218,210217,208932,419150,42256
native_to_wasm,6219,212455,208920,421376,42256
native_to_wasm,6220,210255,210108,420364,42256
native_to_wasm,6221,210221,208932,419154,42256
native_to_wasm,6222,210137,209640,419778,42256
native_to_wasm,6223,210259,208864,419124,42256
native_to_wasm,6224,210937,208944,419882,42256
native_to_wasm,6225,210519,209606,420126,42256
native_to_wasm,6226,210219,208924,419144,42256
native_to_wasm,6227,212045,208920,420966,42256
native_to_wasm,6228,210253,209942,420196,42256
native_to_wasm,6229,210245,208940,419186,42256
native_to_wasm,6230,210133,209606,419740,42256
native_to_wasm,6231,210219,208818,419038,42256
native_to_wasm,6232,210947,208938,419886,42256
native_to_wasm,6233,210525,209642,420168,42256
native_to_wasm,6234,210233,208914,419148,42256
native_to_wasm,6235,211117,208946,420064,42256
native_to_wasm,6236,210235,210096,420332,42256
native_to_wasm,6237,210219,208922,419142,42256
native_to_wasm,6238,210127,209638,419766,42256
native_to_wasm,6239,210223,208832,419056,42256
native_to_wasm,6240,210929,208940,419870,42256
native_to_wasm,6241,210455,209612,420068,42256
native_to_wasm,6242,210249,208940,419190,42256
native_to_wasm,6243,211141,208936,420078,42256
native_to_wasm,6244,210239,208872,419112,42256
native_to_wasm,6245,211303,208924,420228,42256
native_to_wasm,6246,210135,209616,419752,42256
native_to_wasm,6247,210245,208852,419098,42256
native_to_wasm,6248,210913,208920,419834,42256
native_to_wasm,6249,211347,209638,420986,42256
native_to_wasm,6250,210225,208922,419148,42256
native_to_wasm,6251,211133,208948,420082,42256
native_to_wasm,6252,210235,208812,419048,42256
native_to_wasm,6253,211343,208932,420276,42256
native_to_wasm,6254,210133,209606,419740,42256
native_to_wasm,6255,210219,208864,419084,42256
native_to_wasm,6256,210947,208938,419886,42256
native_to_wasm,6257,210509,209726,420236,42256
native_to_wasm,6258,210233,208918,419152,42256
native_to_wasm,6259,211421,208932,420354,42256
native_to_wasm,6260,210243,208860,419104,42256
native_to_wasm,6261,210941,208940,419882,42256
native_to_wasm,6262,210109,209642,419752,42256
native_to_wasm,6263,210235,208864,419100,42256
native_to_wasm,6264,210937,208942,419880,42256
native_to_wasm,6265,210239,210588,420828,42256
native_to_wasm,6266,210243,208940,419184,42256
native_to_wasm,6267,211333,208954,420288,42256
native_to_wasm,6268,210227,208814,419042,42256
native_to_wasm,6269,210911,208922,419834,42256
native_to_wasm,6270,210121,209636,419758,42256
native_to_wasm,6271,210241,209266,419508,42256
native_to_wasm,6272,210111,208948,419060,42256
native_to_wasm,6273,210131,209606,419738,42256
native_to_wasm,6274,210219,208862,419082,42256
native_to_wasm,6275,210911,208922,419834,42256
native_to_wasm,6276,211393,209632,421026,42256
native_to_wasm,6277,210239,208940,419180,42256
native_to_wasm,6278,211141,208934,420076,42256
native_to_wasm,6279,210239,208850,419090,42256
native_to_wasm,6280,211453,208938,420392,42256
native_to_wasm,6281,210123,209638,419762,42256
native_to_wasm,6282,210221,208830,419052,42256
native_to_wasm,6283,210933,208938,419872,42256
native_to_wasm,6284,211333,209632,420966,42256
native_to_wasm,6285,210249,208944,419194,42256
native_to_wasm,6286,211137,208932,420070,42256
native_to_wasm,6287,210245,208850,419096,42256
native_to_wasm,6288,211253,208932,420186,42256
native_to_wasm,6289,210133,209606,419740,42256
native_to_wasm,6290,210219,208864,419084,42256
native_to_wasm,6291,210947,208938,419886,42256
native_to_wasm,6292,210509,209726,420236,42256
native_to_wasm,6293,210233,208918,419152,42256
native_to_wasm,6294,211421,208932,420354,42256
native_to_wasm,6295,210243,208860,419104,42256
native_to_wasm,6296,210941,208940,419882,42256
native_to_wasm,6297,210109,209642,419752,42256
native_to_wasm,6298,210235,208864,419100,42256
native_to_wasm,6299,210937,208942,419880,42256
native_to_wasm,6300,210239,210588,420828,42256
native_to_wasm,6301,210243,208940,419184,42256
native_to_wasm,6302,211333,208954,420288,42256
native_to_wasm,6303,210227,208814,419042,42256
native_to_wasm,6304,210911,208922,419834,42256
native_to_wasm,6305,210121,209636,419758,42256
native_to_wasm,6306,210241,209266,419508,42256
native_to_wasm,6307,210911,208918,419830,42256
native_to_wasm,6308,210219,210762,420982,42256
native_to_wasm,6309,210239,208940,419180,42256
native_to_wasm,6310,211355,208916,420272,42256
native_to_wasm,6311,210219,208864,419084,42256
native_to_wasm,6312,210911,208920,419832,42256
native_to_wasm,6313,210129,209632,419762,42256
native_to_wasm,6314,210233,209238,419472,42256
native_to_wasm,6315,210931,208948,419880,42256
native_to_wasm,6316,210233,209836,420070,42256
native_to_wasm,6317,210237,208942,419180,42256
native_to_wasm,6318,211425,208950,420376,42256
native_to_wasm,6319,210237,208852,419090,42256
native_to_wasm,6320,210913,208922,419836,42256
native_to_wasm,6321,210121,209658,419780,42256
native_to_wasm,6322,210241,209390,419632,42256
native_to_wasm,6323,210937,208942,419880,42256
native_to_wasm,6324,210241,209834,420076,42256
native_to_wasm,6325,210235,208948,419184,42256
native_to_wasm,6326,211043,208934,419978,42256
native_to_wasm,6327,210241,208872,419114,42256
native_to_wasm,6328,210911,208926,419838,42256
native_to_wasm,6329,210125,209638,419764,42256
native_to_wasm,6330,210223,210615,420839,42256
native_to_wasm,6331,210938,208942,419881,42256
native_to_wasm,6332,210247,209834,420082,42256
native_to_wasm,6333,210221,208932,419154,42256
native_to_wasm,6334,210133,210144,420278,42256
native_to_wasm,6335,210243,208864,419108,42256
native_to_wasm,6336,210933,208946,419880,42256
native_to_wasm,6337,210129,209606,419736,42256
native_to_wasm,6338,210219,209223,419443,42256
native_to_wasm,6339,211378,208922,420301,42256
native_to_wasm,6340,210247,209842,420090,42256
native_to_wasm,6341,210217,208932,419150,42256
native_to_wasm,6342,210133,209612,419746,42256
native_to_wasm,6343,210247,208864,419112,42256
native_to_wasm,6344,210933,208946,419880,42256
native_to_wasm,6345,210105,209606,419712,42256
native_to_wasm,6346,210217,208932,419150,42256
native_to_wasm,6347,212455,208920,421376,42256
native_to_wasm,6348,210255,210108,420364,42256
native_to_wasm,6349,210221,208932,419154,42256
native_to_wasm,6350,210137,209640,419778,42256
native_to_wasm,6351,210259,208864,419124,42256
native_to_wasm,6352,210937,208944,419882,42256
native_to_wasm,6353,210519,209606,420126,42256
native_to_wasm,6354,210219,208924,419144,42256
native_to_wasm,6355,212045,208920,420966,42256
native_to_wasm,6356,210253,209942,420196,42256
native_to_wasm,6357,210245,208940,419186,42256
native_to_wasm,6358,210133,209606,419740,42256
native_to_wasm,6359,210219,208818,419038,42256
native_to_wasm,6360,210947,208938,419886,42256
native_to_wasm,6361,210525,209642,420168,42256
native_to_wasm,6362,210233,208914,419148,42256
native_to_wasm,6363,211117,208946,420064,42256
native_to_wasm,6364,210235,210096,420332,42256
native_to_wasm,6365,210219,208922,419142,42256
native_to_wasm,6366,210127,209638,419766,42256
native_to_wasm,6367,210223,208832,419056,42256
native_to_wasm,6368,210929,208940,419870,42256
native_to_wasm,6369,210455,209612,420068,42256
native_to_wasm,6370,210249,208940,419190,42256
native_to_wasm,6371,211141,208936,420078,42256
native_to_wasm,6372,210239,208872,419112,42256
native_to_wasm,6373,211303,208924,420228,42256
native_to_wasm,6374,210135,209616,419752,42256
native_to_wasm,6375,210245,208852,419098,42256
native_to_wasm,6376,210913,208920,419834,42256
native_to_wasm,6377,211347,209638,420986,42256
native_to_wasm,6378,210225,208922,419148,42256
native_to_wasm,6379,211133,208948,420082,42256
native_to_wasm,6380,210235,208812,419048,42256
native_to_wasm,6381,211343,208932,420276,42256
native_to_wasm,6382,210133,209606,419740,42256
native_to_wasm,6383,210219,208864,419084,42256
native_to_wasm,6384,210947,208938,419886,42256
native_to_wasm,6385,210509,209726,420236,42256
native_to_wasm,6386,210233,208918,419152,42256
native_to_wasm,6387,211421,208932,420354,42256
native_to_wasm,6388,210243,208860,419104,42256
native_to_wasm,6389,210941,208940,419882,42256
native_to_wasm,6390,210109,209642,419752,42256
native_to_wasm,6391,210235,208864,419100,42256
native_to_wasm,6392,210937,208942,419880,42256
native_to_wasm,6393,210239,210588,420828,42256
native_to_wasm,6394,210243,208940,419184,42256
native_to_wasm,6395,211333,208954,420288,42256
native_to_wasm,6396,210227,208814,419042,42256
native_to_wasm,6397,210911,208922,419834,42256
native_to_wasm,6398,210121,209636,419758,42256
native_to_wasm,6399,210241,209266,419508,42256
native_to_wasm,6400,210111,208948,419060,42256
native_to_wasm,6401,210131,209606,419738,42256
native_to_wasm,6402,210219,208862,419082,42256
native_to_wasm,6403,210911,208922,419834,42256
native_to_wasm,6404,211393,209632,421026,42256
native_to_wasm,6405,210239,208940,419180,42256
native_to_wasm,6406,211141,208934,420076,42256
native_to_wasm,6407,210239,208850,419090,42256
native_to_wasm,6408,211453,208938,420392,42256
native_to_wasm,6409,210123,209638,419762,42256
native_to_wasm,6410,210221,208830,419052,42256
native_to_wasm,6411,210933,208938,419872,42256
native_to_wasm,6412,211333,209632,420966,42256
native_to_wasm,6413,210249,208944,419194,42256
native_to_wasm,6414,211137,208932,420070,42256
native_to_wasm,6415,210245,208850,419096,42256
native_to_wasm,6416,211253,208932,420186,42256
native_to_wasm,6417,210133,209606,419740,42256
native_to_wasm,6418,210219,208864,419084,42256
native_to_wasm,6419,210947,208938,419886,42256
native_to_wasm,6420,210509,209726,420236,42256
native_to_wasm,6421,210233,208918,419152,42256
native_to_wasm,6422,211421,208932,420354,42256
native_to_wasm,6423,210243,208860,419104,42256
native_to_wasm,6424,210941,208940,419882,42256
native_to_wasm,6425,210109,209642,419752,42256
native_to_wasm,6426,210235,208864,419100,42256
native_to_wasm,6427,210937,208942,419880,42256
native_to_wasm,6428,210239,210588,420828,42256
native_to_wasm,6429,210243,208940,419184,42256
native_to_wasm,6430,211333,208954,420288,42256
native_to_wasm,6431,210227,208814,419042,42256
native_to_wasm,6432,210911,208922,419834,42256
native_to_wasm,6433,210121,209636,419758,42256
native_to_wasm,6434,210241,209266,419508,42256
native_to_wasm,6435,210911,208918,419830,42256
native_to_wasm,6436,210219,210762,420982,42256
native_to_wasm,6437,210239,208940,419180,42256
native_to_wasm,6438,211355,208916,420272,42256
native_to_wasm,6439,210219,208864,419084,42256
native_to_wasm,6440,210911,208920,419832,42256
native_to_wasm,6441,210129,209632,419762,42256
native_to_wasm,6442,210233,209238,419472,42256
native_to_wasm,6443,210931,208948,419880,42256
native_to_wasm,6444,210233,209836,420070,42256
native_to_wasm,6445,210237,208942,419180,42256
native_to_wasm,6446,211425,208950,420376,42256
native_to_wasm,6447,210237,208852,419090,42256
native_to_wasm,6448,210913,208922,419836,42256
native_to_wasm,6449,210121,209658,419780,42256
native_to_wasm,6450,210241,209390,419632,42256
native_to_wasm,6451,210937,208942,419880,42256
native_to_wasm,6452,210241,209834,420076,42256
native_to_wasm,6453,210235,208948,419184,42256
native_to_wasm,6454,211043,208934,419978,42256
native_to_wasm,6455,210241,208872,419114,42256
native_to_wasm,6456,210911,208926,419838,42256
native_to_wasm,6457,210125,209638,419764,42256
native_to_wasm,6458,210223,210615,420839,42256
native_to_wasm,6459,210938,208942,419881,42256
native_to_wasm,6460,210247,209834,420082,42256
native_to_wasm,6461,210221,208932,419154,42256
native_to_wasm,6462,210133,210144,420278,42256
native_to_wasm,6463,210243,208864,419108,42256
native_to_wasm,6464,210933,208946,419880,42256
native_to_wasm,6465,210129,209606,419736,42256
native_to_wasm,6466,210219,209223,419443,42256
native_to_wasm,6467,211378,208922,420301,42256
native_to_wasm,6468,210247,209842,420090,42256
native_to_wasm,6469,210217,208932,419150,42256
native_to_wasm,6470,210133,209612,419746,42256
native_to_wasm,6471,210247,208864,419112,42256
native_to_wasm,6472,210933,208946,419880,42256
native_to_wasm,6473,210105,209606,419712,42256
native_to_wasm,6474,210217,208932,419150,42256
native_to_wasm,6475,212455,208920,421376,42256
native_to_wasm,6476,210255,210108,420364,42256
native_to_wasm,6477,210221,208932,419154,42256
native_to_wasm,6478,210137,209640,419778,42256
native_to_wasm,6479,210259,208864,419124,42256
native_to_wasm,6480,210937,208944,419882,42256
native_to_wasm,6481,210519,209606,420126,42256
native_to_wasm,6482,210219,208924,419144,42256
native_to_wasm,6483,212045,208920,420966,42256
native_to_wasm,6484,210253,209942,420196,42256
native_to_wasm,6485,210245,208940,419186,42256
native_to_wasm,6486,210133,209606,419740,42256
native_to_wasm,6487,210219,208818,419038,42256
native_to_wasm,6488,210947,208938,419886,42256
native_to_wasm,6489,210525,209642,420168,42256
native_to_wasm,6490,210233,208914,419148,42256
native_to_wasm,6491,211117,208946,420064,42256
native_to_wasm,6492,210235,210096,420332,42256
native_to_wasm,6493,210219,208922,419142,42256
native_to_wasm,6494,210127,209638,419766,42256
native_to_wasm,6495,210223,208832,419056,42256
native_to_wasm,6496,210929,208940,419870,42256
native_to_wasm,6497,210455,209612,420068,42256
native_to_wasm,6498,210249,208940,419190,42256
native_to_wasm,6499,211141,208936,420078,42256
native_to_wasm,6500,210239,208872,419112,42256
native_to_wasm,6501,211303,208924,420228,42256
native_to_wasm,6502,210135,209616,419752,42256
native_to_wasm,6503,210245,208852,419098,42256
native_to_wasm,6504,210913,208920,419834,42256
native_to_wasm,6505,211347,209638,420986,42256
native_to_wasm,6506,210225,208922,419148,42256
native_to_wasm,6507,211133,208948,420082,42256
native_to_wasm,6508,210235,208812,419048,42256
native_to_wasm,6509,211343,208932,420276,42256
native_to_wasm,6510,210133,209606,419740,42256
native_to_wasm,6511,210219,208864,419084,42256
native_to_wasm,6512,210947,208938,419886,42256
native_to_wasm,6513,210509,209726,420236,42256
native_to_wasm,6514,210233,208918,419152,42256
native_to_wasm,6515,211421,208932,420354,42256
native_to_wasm,6516,210243,208860,419104,42256
native_to_wasm,6517,210941,208940,419882,42256
native_to_wasm,6518,210109,209642,419752,42256
native_to_wasm,6519,210235,208864,419100,42256
native_to_wasm,6520,210937,208942,419880,42256
native_to_wasm,6521,210239,210588,420828,42256
native_to_wasm,6522,210243,208940,419184,42256
native_to_wasm,6523,211333,208954,420288,42256
native_to_wasm,6524,210227,208814,419042,42256
native_to_wasm,6525,210911,208922,419834,42256
native_to_wasm,6526,210121,209636,419758,42256
native_to_wasm,6527,210241,209266,419508,42256
native_to_wasm,6528,210111,208948,419060,42256
native_to_wasm,6529,210131,209606,419738,42256
native_to_wasm,6530,210219,208862,419082,42256
native_to_wasm,6531,210911,208922,419834,42256
native_to_wasm,6532,211393,209632,421026,42256
native_to_wasm,6533,210239,208940,419180,42256
native_to_wasm,6534,211141,208934,420076,42256
native_to_wasm,6535,210239,208850,419090,42256
native_to_wasm,6536,211453,208938,420392,42256
native_to_wasm,6537,210123,209638,419762,42256
native_to_wasm,6538,210221,208830,419052,42256
native_to_wasm,6539,210933,208938,419872,42256
native_to_wasm,6540,211333,209632,420966,42256
native_to_wasm,6541,210249,208944,419194,42256
native_to_wasm,6542,211137,208932,420070,42256
native_to_wasm,6543,210245,208850,419096,42256
native_to_wasm,6544,211253,208932,420186,42256
native_to_wasm,6545,210133,209606,419740,42256
native_to_wasm,6546,210219,208864,419084,42256
native_to_wasm,6547,210947,208938,419886,42256
native_to_wasm,6548,210509,209726,420236,42256
native_to_wasm,6549,210233,208918,419152,42256
native_to_wasm,6550,211421,208932,420354,42256
native_to_wasm,6551,210243,208860,419104,42256
native_to_wasm,6552,210941,208940,419882,42256
native_to_wasm,6553,210109,209642,419752,42256
native_to_wasm,6554,210235,208864,419100,42256
native_to_wasm,6555,210937,208942,419880,42256
native_to_wasm,6556,210239,210588,420828,42256
native_to_wasm,6557,210243,208940,419184,42256
native_to_wasm,6558,211333,208954,420288,42256
native_to_wasm,6559,210227,208814,419042,42256
native_to_wasm,6560,210911,208922,419834,42256
native_to_wasm,6561,210121,209636,419758,42256
native_to_wasm,6562,210241,209266,419508,42256
native_to_wasm,6563,210911,208918,419830,42256
native_to_wasm,6564,210219,210762,420982,42256
native_to_wasm,6565,210239,208940,419180,42256
native_to_wasm,6566,211355,208916,420272,42256
native_to_wasm,6567,210219,208864,419084,42256
native_to_wasm,6568,210911,208920,419832,42256
native_to_wasm,6569,210129,209632,419762,42256
native_to_wasm,6570,210233,209238,419472,42256
native_to_wasm,6571,210931,208948,419880,42256
native_to_wasm,6572,210233,209836,420070,42256
native_to_wasm,6573,210237,208942,419180,42256
native_to_wasm,6574,211425,208950,420376,42256
native_to_wasm,6575,210237,208852,419090,42256
native_to_wasm,6576,210913,208922,419836,42256
native_to_wasm,6577,210121,209658,419780,42256
native_to_wasm,6578,210241,209390,419632,42256
native_to_wasm,6579,210937,208942,419880,42256
native_to_wasm,6580,210241,209834,420076,42256
native_to_wasm,6581,210235,208948,419184,42256
native_to_wasm,6582,211043,208934,419978,42256
native_to_wasm,6583,210241,208872,419114,42256
native_to_wasm,6584,210911,208926,419838,42256
native_to_wasm,6585,210125,209638,419764,42256
native_to_wasm,6586,210223,210615,420839,42256
native_to_wasm,6587,210938,208942,419881,42256
native_to_wasm,6588,210247,209834,420082,42256
native_to_wasm,6589,210221,208932,419154,42256
native_to_wasm,6590,210133,210144,420278,42256
native_to_wasm,6591,210243,208864,419108,42256
native_to_wasm,6592,210933,208946,419880,42256
native_to_wasm,6593,210129,209606,419736,42256
native_to_wasm,6594,210219,209223,419443,42256
native_to_wasm,6595,211378,208922,420301,42256
native_to_wasm,6596,210247,209842,420090,42256
native_to_wasm,6597,210217,208932,419150,42256
native_to_wasm,6598,210133,209612,419746,42256
native_to_wasm,6599,210247,208864,419112,42256
native_to_wasm,6600,210933,208946,419880,42256
native_to_wasm,6601,210105,209606,419712,42256
native_to_wasm,6602,210217,208932,419150,42256
native_to_wasm,6603,212455,208920,421376,42256
native_to_wasm,6604,210255,210108,420364,42256
native_to_wasm,6605,210221,208932,419154,42256
native_to_wasm,6606,210137,209640,419778,42256
native_to_wasm,6607,210259,208864,419124,42256
native_to_wasm,6608,210937,208944,419882,42256
native_to_wasm,6609,210519,209606,420126,42256
native_to_wasm,6610,210219,208924,419144,42256
native_to_wasm,6611,212045,208920,420966,42256
native_to_wasm,6612,210253,209942,420196,42256
native_to_wasm,6613,210245,208940,419186,42256
native_to_wasm,6614,210133,209606,419740,42256
native_to_wasm,6615,210219,208818,419038,42256
native_to_wasm,6616,210947,208938,419886,42256
native_to_wasm,6617,210525,209642,420168,42256
native_to_wasm,6618,210233,208914,419148,42256
native_to_wasm,6619,211117,208946,420064,42256
native_to_wasm,6620,210235,210096,420332,42256
native_to_wasm,6621,210219,208922,419142,42256
native_to_wasm,6622,210127,209638,419766,42256
native_to_wasm,6623,210223,208832,419056,42256
native_to_wasm,6624,210929,208940,419870,42256
native_to_wasm,6625,210455,209612,420068,42256
native_to_wasm,6626,210249,208940,419190,42256
native_to_wasm,6627,211141,208936,420078,42256
native_to_wasm,6628,210239,208872,419112,42256
native_to_wasm,6629,211303,208924,420228,42256
native_to_wasm,6630,210135,209616,419752,42256
native_to_wasm,6631,210245,208852,419098,42256
native_to_wasm,6632,210913,208920,419834,42256
native_to_wasm,6633,211347,209638,420986,42256
native_to_wasm,6634,210225,208922,419148,42256
native_to_wasm,6635,211133,208948,420082,42256
native_to_wasm,6636,210235,208812,419048,42256
native_to_wasm,6637,211343,208932,420276,42256
native_to_wasm,6638,210133,209606,419740,42256
native_to_wasm,6639,210219,208864,419084,42256
native_to_wasm,6640,210947,208938,419886,42256
native_to_wasm,6641,210509,209726,420236,42256
native_to_wasm,6642,210233,208918,419152,42256
native_to_wasm,6643,211421,208932,420354,42256
native_to_wasm,6644,210243,208860,419104,42256
native_to_wasm,6645,210941,208940,419882,42256
native_to_wasm,6646,210109,209642,419752,42256
native_to_wasm,6647,210235,208864,419100,42256
native_to_wasm,6648,210937,208942,419880,42256
native_to_wasm,6649,210239,210588,420828,42256
native_to_wasm,6650,210243,208940,419184,42256
native_to_wasm,6651,211333,208954,420288,42256
native_to_wasm,6652,210227,208814,419042,42256
native_to_wasm,6653,210911,208922,419834,42256
native_to_wasm,6654,210121,209636,419758,42256
native_to_wasm,6655,210241,209266,419508,42256
native_to_wasm,6656,210111,208948,419060,42256
native_to_wasm,6657,210131,209606,419738,42256
native_to_wasm,6658,210219,208862,419082,42256
native_to_wasm,6659,210911,208922,419834,42256
native_to_wasm,6660,211393,209632,421026,42256
native_to_wasm,6661,210239,208940,419180,42256
native_to_wasm,6662,211141,208934,420076,42256
native_to_wasm,6663,210239,208850,419090,42256
native_to_wasm,6664,211453,208938,420392,42256
native_to_wasm,6665,210123,209638,419762,42256
native_to_wasm,6666,210221,208830,419052,42256
native_to_wasm,6667,210933,208938,419872,42256
native_to_wasm,6668,211333,209632,420966,42256
native_to_wasm,6669,210249,208944,419194,42256
native_to_wasm,6670,211137,208932,420070,42256
native_to_wasm,6671,210245,208850,419096,42256
native_to_wasm,6672,211253,208932,420186,42256
native_to_wasm,6673,210133,209606,419740,42256
native_to_wasm,6674,210219,208864,419084,42256
native_to_wasm,6675,210947,208938,419886,42256
native_to_wasm,6676,210509,209726,420236,42256
native_to_wasm,6677,210233,208918,419152,42256
native_to_wasm,6678,211421,208932,420354,42256
native_to_wasm,6679,210243,208860,419104,42256
native_to_wasm,6680,210941,208940,419882,42256
native_to_wasm,6681,210109,209642,419752,42256
native_to_wasm,6682,210235,208864,419100,42256
native_to_wasm,6683,210937,208942,419880,42256
native_to_wasm,6684,210239,210588,420828,42256
native_to_wasm,6685,210243,208940,419184,42256
native_to_wasm,6686,211333,208954,420288,42256
native_to_wasm,6687,210227,208814,419042,42256
native_to_wasm,6688,210911,208922,419834,42256
native_to_wasm,6689,210121,209636,419758,42256
native_to_wasm,6690,210241,209266,419508,42256
native_to_wasm,6691,210911,208918,419830,42256
native_to_wasm,6692,210219,210762,420982,42256
native_to_wasm,6693,210239,208940,419180,42256
native_to_wasm,6694,211355,208916,420272,42256
native_to_wasm,6695,210219,208864,419084,42256
native_to_wasm,6696,210911,208920,419832,42256
native_to_wasm,6697,210129,209632,419762,42256
native_to_wasm,6698,210233,209238,419472,42256
native_to_wasm,6699,210931,208948,419880,42256
native_to_wasm,6700,210233,209836,420070,42256
native_to_wasm,6701,210237,208942,419180,42256
native_to_wasm,6702,211425,208950,420376,42256
native_to_wasm,6703,210237,208852,419090,42256
native_to_wasm,6704,210913,208922,419836,42256
native_to_wasm,6705,210121,209658,419780,42256
native_to_wasm,6706,210241,209390,419632,42256
native_to_wasm,6707,210937,208942,419880,42256
native_to_wasm,6708,210241,209834,420076,42256
native_to_wasm,6709,210235,208948,419184,42256
native_to_wasm,6710,211043,208934,419978,42256
native_to_wasm,6711,210241,208872,419114,42256
native_to_wasm,6712,210911,208926,419838,42256
native_to_wasm,6713,210125,209638,419764,42256
native_to_wasm,6714,210223,210615,420839,42256
native_to_wasm,6715,210938,208942,419881,42256
native_to_wasm,6716,210247,209834,420082,42256
native_to_wasm,6717,210221,208932,419154,42256
native_to_wasm,6718,210133,210144,420278,42256
native_to_wasm,6719,210243,208864,419108,42256
native_to_wasm,6720,210933,208946,419880,42256
native_to_wasm,6721,210129,209606,419736,42256
native_to_wasm,6722,210219,209223,419443,42256
native_to_wasm,6723,211378,208922,420301,42256
native_to_wasm,6724,210247,209842,420090,42256
native_to_wasm,6725,210217,208932,419150,42256
native_to_wasm,6726,210133,209612,419746,42256
native_to_wasm,6727,210247,208864,419112,42256
native_to_wasm,6728,210933,208946,419880,42256
native_to_wasm,6729,210105,209606,419712,42256
native_to_wasm,6730,210217,208932,419150,42256
native_to_wasm,6731,212455,208920,421376,42256
native_to_wasm,6732,210255,210108,420364,42256
native_to_wasm,6733,210221,208932,419154,42256
native_to_wasm,6734,210137,209640,419778,42256
native_to_wasm,6735,210259,208864,419124,42256
native_to_wasm,6736,210937,208944,419882,42256
native_to_wasm,6737,210519,209606,420126,42256
native_to_wasm,6738,210219,208924,419144,42256
native_to_wasm,6739,212045,208920,420966,42256
native_to_wasm,6740,210253,209942,420196,42256
native_to_wasm,6741,210245,208940,419186,42256
native_to_wasm,6742,210133,209606,419740,42256
native_to_wasm,6743,210219,208818,419038,42256
native_to_wasm,6744,210947,208938,419886,42256
native_to_wasm,6745,210525,209642,420168,42256
native_to_wasm,6746,210233,208914,419148,42256
native_to_wasm,6747,211117,208946,420064,42256
native_to_wasm,6748,210235,210096,420332,42256
native_to_wasm,6749,210219,208922,419142,42256
native_to_wasm,6750,210127,209638,419766,42256
native_to_wasm,6751,210223,208832,419056,42256
native_to_wasm,6752,210929,208940,419870,42256
native_to_wasm,6753,210455,209612,420068,42256
native_to_wasm,6754,210249,208940,419190,42256
native_to_wasm,6755,211141,208936,420078,42256
native_to_wasm,6756,210239,208872,419112,42256
native_to_wasm,6757,211303,208924,420228,42256
native_to_wasm,6758,210135,209616,419752,42256
native_to_wasm,6759,210245,208852,419098,42256
native_to_wasm,6760,210913,208920,419834,42256
native_to_wasm,6761,211347,209638,420986,42256
native_to_wasm,6762,210225,208922,419148,42256
native_to_wasm,6763,211133,208948,420082,42256
native_to_wasm,6764,210235,208812,419048,42256
native_to_wasm,6765,211343,208932,420276,42256
native_to_wasm,6766,210133,209606,419740,42256
native_to_wasm,6767,210219,208864,419084,42256
native_to_wasm,6768,210947,208938,419886,42256
native_to_wasm,6769,210509,209726,420236,42256
native_to_wasm,6770,210233,208918,419152,42256
native_to_wasm,6771,211421,208932,420354,42256
native_to_wasm,6772,210243,208860,419104,42256
native_to_wasm,6773,210941,208940,419882,42256
native_to_wasm,6774,210109,209642,419752,42256
native_to_wasm,6775,210235,208864,419100,42256
native_to_wasm,6776,210937,208942,419880,42256
native_to_wasm,6777,210239,210588,420828,42256
native_to_wasm,6778,210243,208940,419184,42256
native_to_wasm,6779,211333,208954,420288,42256
native_to_wasm,6780,210227,208814,419042,42256
native_to_wasm,6781,210911,208922,419834,42256
native_to_wasm,6782,210121,209636,419758,42256
native_to_wasm,6783,210241,209266,419508,42256
native_to_wasm,6784,210111,208948,419060,42256
native_to_wasm,6785,210131,209606,419738,42256
native_to_wasm,6786,210219,208862,419082,42256
native_to_wasm,6787,210911,208922,419834,42256
native_to_wasm,6788,211393,209632,421026,42256
native_to_wasm,6789,210239,208940,419180,42256
native_to_wasm,6790,211141,208934,420076,42256
native_to_wasm,6791,210239,208850,419090,42256
native_to_wasm,6792,211453,208938,420392,42256
native_to_wasm,6793,210123,209638,419762,42256
native_to_wasm,6794,210221,208830,419052,42256
native_to_wasm,6795,210933,208938,419872,42256
native_to_wasm,6796,211333,209632,420966,42256
native_to_wasm,6797,210249,208944,419194,42256
native_to_wasm,6798,211137,208932,420070,42256
native_to_wasm,6799,210245,208850,419096,42256
native_to_wasm,6800,211253,208932,420186,42256
native_to_wasm,6801,210133,209606,419740,42256
native_to_wasm,6802,210219,208864,419084,42256
native_to_wasm,6803,210947,208938,419886,42256
native_to_wasm,6804,210509,209726,420236,42256
native_to_wasm,6805,210233,208918,419152,42256
native_to_wasm,6806,211421,208932,420354,42256
native_to_wasm,6807,210243,208860,419104,42256
native_to_wasm,6808,210941,208940,419882,42256
native_to_wasm,6809,210109,209642,419752,42256
native_to_wasm,6810,210235,208864,419100,42256
native_to_wasm,6811,210937,208942,419880,42256
native_to_wasm,6812,210239,210588,420828,42256
native_to_wasm,6813,210243,208940,419184,42256
native_to_wasm,6814,211333,208954,420288,42256
native_to_wasm,6815,210227,208814,419042,42256
native_to_wasm,6816,210911,208922,419834,42256
native_to_wasm,6817,210121,209636,419758,42256
native_to_wasm,6818,210241,209266,419508,42256
native_to_wasm,6819,210911,208918,419830,42256
native_to_wasm,6820,210219,210762,420982,42256
native_to_wasm,6821,210239,208940,419180,42256
native_to_wasm,6822,211355,208916,420272,42256
native_to_wasm,6823,210219,208864,419084,42256
native_to_wasm,6824,210911,208920,419832,42256
native_to_wasm,6825,210129,209632,419762,42256
native_to_wasm,6826,210233,209238,419472,42256
native_to_wasm,6827,210931,208948,419880,42256
native_to_wasm,6828,210233,209836,420070,42256
native_to_wasm,6829,210237,208942,419180,42256
native_to_wasm,6830,211425,208950,420376,42256
native_to_wasm,6831,210237,208852,419090,42256
native_to_wasm,6832,210913,208922,419836,42256
native_to_wasm,6833,210121,209658,419780,42256
native_to_wasm,6834,210241,209390,419632,42256
native_to_wasm,6835,210937,208942,419880,42256
native_to_wasm,6836,210241,209834,420076,42256
native_to_wasm,6837,210235,208948,419184,42256
native_to_wasm,6838,211043,208934,419978,42256
native_to_wasm,6839,210241,208872,419114,42256
native_to_wasm,6840,210911,208926,419838,42256
native_to_wasm,6841,210125,209638,419764,42256
native_to_wasm,6842,210223,210615,420839,42256
native_to_wasm,6843,210938,208942,419881,42256
native_to_wasm,6844,210247,209834,420082,42256
native_to_wasm,6845,210221,208932,419154,42256
native_to_wasm,6846,210133,210144,420278,42256
native_to_wasm,6847,210243,208864,419108,42256
native_to_wasm,6848,210933,208946,419880,42256
native_to_wasm,6849,210129,209606,419736,42256
native_to_wasm,6850,210219,209223,419443,42256
native_to_wasm,6851,211378,208922,420301,42256
native_to_wasm,6852,210247,209842,420090,42256
native_to_wasm,6853,210217,208932,419150,42256
native_to_wasm,6854,210133,209612,419746,42256
native_to_wasm,6855,210247,208864,419112,42256
native_to_wasm,6856,210933,208946,419880,42256
native_to_wasm,6857,210105,209606,419712,42256
native_to_wasm,6858,210217,208932,419150,42256
native_to_wasm,6859,212455,208920,421376,42256
native_to_wasm,6860,210255,210108,420364,42256
native_to_wasm,6861,210221,208932,419154,42256
native_to_wasm,6862,210137,209640,419778,42256
native_to_wasm,6863,210259,208864,419124,42256
native_to_wasm,6864,210937,208944,419882,42256
native_to_wasm,6865,210519,209606,420126,42256
native_to_wasm,6866,210219,208924,419144,42256
native_to_wasm,6867,212045,208920,420966,42256
native_to_wasm,6868,210253,209942,420196,42256
native_to_wasm,6869,210245,208940,419186,42256
native_to_wasm,6870,210133,209606,419740,42256
native_to_wasm,6871,210219,208818,419038,42256
native_to_wasm,6872,210947,208938,419886,42256
native_to_wasm,6873,210525,209642,420168,42256
native_to_wasm,6874,210233,208914,419148,42256
native_to_wasm,6875,211117,208946,420064,42256
native_to_wasm,6876,210235,210096,420332,42256
native_to_wasm,6877,210219,208922,419142,42256
native_to_wasm,6878,210127,209638,419766,42256
native_to_wasm,6879,210223,208832,419056,42256
native_to_wasm,6880,210929,208940,419870,42256
native_to_wasm,6881,210455,209612,420068,42256
native_to_wasm,6882,210249,208940,419190,42256
native_to_wasm,6883,211141,208936,420078,42256
native_to_wasm,6884,210239,208872,419112,42256
native_to_wasm,6885,211303,208924,420228,42256
native_to_wasm,6886,210135,209616,419752,42256
native_to_wasm,6887,210245,208852,419098,42256
native_to_wasm,6888,210913,208920,419834,42256
native_to_wasm,6889,211347,209638,420986,42256
native_to_wasm,6890,210225,208922,419148,42256
native_to_wasm,6891,211133,208948,420082,42256
native_to_wasm,6892,210235,208812,419048,42256
native_to_wasm,6893,211343,208932,420276,42256
native_to_wasm,6894,210133,209606,419740,42256
native_to_wasm,6895,210219,208864,419084,42256
native_to_wasm,6896,210947,208938,419886,42256
native_to_wasm,6897,210509,209726,420236,42256
native_to_wasm,6898,210233,208918,419152,42256
native_to_wasm,6899,211421,208932,420354,42256
native_to_wasm,6900,210243,208860,419104,42256
native_to_wasm,6901,210941,208940,419882,42256
native_to_wasm,6902,210109,209642,419752,42256
native_to_wasm,6903,210235,208864,419100,42256
native_to_wasm,6904,210937,208942,419880,42256
native_to_wasm,6905,210239,210588,420828,42256
native_to_wasm,6906,210243,208940,419184,42256
native_to_wasm,6907,211333,208954,420288,42256
native_to_wasm,6908,210227,208814,419042,42256
native_to_wasm,6909,210911,208922,419834,42256
native_to_wasm,6910,210121,209636,419758,42256
native_to_wasm,6911,210241,209266,419508,42256
native_to_wasm,6912,210111,208948,419060,42256
native_to_wasm,6913,210131,209606,419738,42256
native_to_wasm,6914,210219,208862,419082,42256
native_to_wasm,6915,210911,208922,419834,42256
native_to_wasm,6916,211393,209632,421026,42256
native_to_wasm,6917,210239,208940,419180,42256
native_to_wasm,6918,211141,208934,420076,42256
native_to_wasm,6919,210239,208850,419090,42256
native_to_wasm,6920,211453,208938,420392,42256
native_to_wasm,6921,210123,209638,419762,42256
native_to_wasm,6922,210221,208830,419052,42256
native_to_wasm,6923,210933,208938,419872,42256
native_to_wasm,6924,211333,209632,420966,42256
native_to_wasm,6925,210249,208944,419194,42256
native_to_wasm,6926,211137,208932,420070,42256
native_to_wasm,6927,210245,208850,419096,42256
native_to_wasm,6928,211253,208932,420186,42256
native_to_wasm,6929,210133,209606,419740,42256
native_to_wasm,6930,210219,208864,419084,42256
native_to_wasm,6931,210947,208938,419886,42256
native_to_wasm,6932,210509,209726,420236,42256
native_to_wasm,6933,210233,208918,419152,42256
native_to_wasm,6934,211421,208932,420354,42256
native_to_wasm,6935,210243,208860,419104,42256
native_to_wasm,6936,210941,208940,419882,42256
native_to_wasm,6937,210109,209642,419752,42256
native_to_wasm,6938,210235,208864,419100,42256
native_to_wasm,6939,210937,208942,419880,42256
native_to_wasm,6940,210239,210588,420828,42256
native_to_wasm,6941,210243,208940,419184,42256
native_to_wasm,6942,211333,208954,420288,42256
native_to_wasm,6943,210227,208814,419042,42256
native_to_wasm,6944,210911,208922,419834,42256
native_to_wasm,6945,210121,209636,419758,42256
native_to_wasm,6946,210241,209266,419508,42256
native_to_wasm,6947,210911,208918,419830,42256
native_to_wasm,6948,210219,210762,420982,42256
native_to_wasm,6949,210239,208940,419180,42256
native_to_wasm,6950,211355,208916,420272,42256
native_to_wasm,6951,210219,208864,419084,42256
native_to_wasm,6952,210911,208920,419832,42256
native_to_wasm,6953,210129,209632,419762,42256
native_to_wasm,6954,210233,209238,419472,42256
native_to_wasm,6955,210931,208948,419880,42256
native_to_wasm,6956,210233,209836,420070,42256
native_to_wasm,6957,210237,208942,419180,42256
native_to_wasm,6958,211425,208950,420376,42256
native_to_wasm,6959,210237,208852,419090,42256
native_to_wasm,6960,210913,208922,419836,42256
native_to_wasm,6961,210121,209658,419780,42256
native_to_wasm,6962,210241,209390,419632,42256
native_to_wasm,6963,210937,208942,419880,42256
native_to_wasm,6964,210241,209834,420076,42256
native_to_wasm,6965,210235,208948,419184,42256
native_to_wasm,6966,211043,208934,419978,42256
native_to_wasm,6967,210241,208872,419114,42256
native_to_wasm,6968,210911,208926,419838,42256
native_to_wasm,6969,210125,209638,419764,42256
native_to_wasm,6970,210223,210615,420839,42256
native_to_wasm,6971,210938,208942,419881,42256
native_to_wasm,6972,210247,209834,420082,42256
native_to_wasm,6973,210221,208932,419154,42256
native_to_wasm,6974,210133,210144,420278,42256
native_to_wasm,6975,210243,208864,419108,42256
native_to_wasm,6976,210933,208946,419880,42256
native_to_wasm,6977,210129,209606,419736,42256
native_to_wasm,6978,210219,209223,419443,42256
native_to_wasm,6979,211378,208922,420301,42256
native_to_wasm,6980,210247,209842,420090,42256
native_to_wasm,6981,210217,208932,419150,42256
native_to_wasm,6982,210133,209612,419746,42256
native_to_wasm,6983,210247,208864,419112,42256
native_to_wasm,6984,210933,208946,419880,42256
native_to_wasm,6985,210105,209606,419712,42256
native_to_wasm,6986,210217,208932,419150,42256
native_to_wasm,6987,212455,208920,421376,42256
native_to_wasm,6988,210255,210108,420364,42256
native_to_wasm,6989,210221,208932,419154,42256
native_to_wasm,6990,210137,209640,419778,42256
native_to_wasm,6991,210259,208864,419124,42256
native_to_wasm,6992,210937,208944,419882,42256
native_to_wasm,6993,210519,209606,420126,42256
native_to_wasm,6994,210219,208924,419144,42256
native_to_wasm,6995,212045,208920,420966,42256
native_to_wasm,6996,210253,209942,420196,42256
native_to_wasm,6997,210245,208940,419186,42256
native_to_wasm,6998,210133,209606,419740,42256
native_to_wasm,6999,210219,208818,419038,42256
native_to_wasm,7000,210947,208938,419886,42256
native_to_wasm,7001,210525,209642,420168,42256
native_to_wasm,7002,210233,208914,419148,42256
native_to_wasm,7003,211117,208946,420064,42256
native_to_wasm,7004,210235,210096,420332,42256
native_to_wasm,7005,210219,208922,419142,42256
native_to_wasm,7006,210127,209638,419766,42256
native_to_wasm,7007,210223,208832,419056,42256
native_to_wasm,7008,210929,208940,419870,42256
native_to_wasm,7009,210455,209612,420068,42256
native_to_wasm,7010,210249,208940,419190,42256
native_to_wasm,7011,211141,208936,420078,42256
native_to_wasm,7012,210239,208872,419112,42256
native_to_wasm,7013,211303,208924,420228,42256
native_to_wasm,7014,210135,209616,419752,42256
native_to_wasm,7015,210245,208852,419098,42256
native_to_wasm,7016,210913,208920,419834,42256
native_to_wasm,7017,211347,209638,420986,42256
native_to_wasm,7018,210225,208922,419148,42256
native_to_wasm,7019,211133,208948,420082,42256
native_to_wasm,7020,210235,208812,419048,42256
native_to_wasm,7021,211343,208932,420276,42256
native_to_wasm,7022,210133,209606,419740,42256
native_to_wasm,7023,210219,208864,419084,42256
native_to_wasm,7024,210947,208938,419886,42256
native_to_wasm,7025,210509,209726,420236,42256
native_to_wasm,7026,210233,208918,419152,42256
native_to_wasm,7027,211421,208932,420354,42256
native_to_wasm,7028,210243,208860,419104,42256
native_to_wasm,7029,210941,208940,419882,42256
native_to_wasm,7030,210109,209642,419752,42256
native_to_wasm,7031,210235,208864,419100,42256
native_to_wasm,7032,210937,208942,419880,42256
native_to_wasm,7033,210239,210588,420828,42256
native_to_wasm,7034,210243,208940,419184,42256
native_to_wasm,7035,211333,208954,420288,42256
native_to_wasm,7036,210227,208814,419042,42256
native_to_wasm,7037,210911,208922,419834,42256
native_to_wasm,7038,210121,209636,419758,42256
native_to_wasm,7039,210241,209266,419508,42256
native_to_wasm,7040,210111,208948,419060,42256
native_to_wasm,7041,210131,209606,419738,42256
native_to_wasm,7042,210219,208862,419082,42256
native_to_wasm,7043,210911,208922,419834,42256
native_to_wasm,7044,211393,209632,421026,42256
native_to_wasm,7045,210239,208940,419180,42256
native_to_wasm,7046,211141,208934,420076,42256
native_to_wasm,7047,210239,208850,419090,42256
native_to_wasm,7048,211453,208938,420392,42256
native_to_wasm,7049,210123,209638,419762,42256
native_to_wasm,7050,210221,208830,419052,42256
native_to_wasm,7051,210933,208938,419872,42256
native_to_wasm,7052,211333,209632,420966,42256
native_to_wasm,7053,210249,208944,419194,42256
native_to_wasm,7054,211137,208932,420070,42256
native_to_wasm,7055,210245,208850,419096,42256
native_to_wasm,7056,211253,208932,420186,42256
native_to_wasm,7057,210133,209606,419740,42256
native_to_wasm,7058,210219,208864,419084,42256
native_to_wasm,7059,210947,208938,419886,42256
native_to_wasm,7060,210509,209726,420236,42256
native_to_wasm,7061,210233,208918,419152,42256
native_to_wasm,7062,211421,208932,420354,42256
native_to_wasm,7063,210243,208860,419104,42256
native_to_wasm,7064,210941,208940,419882,42256
native_to_wasm,7065,210109,209642,419752,42256
native_to_wasm,7066,210235,208864,419100,42256
native_to_wasm,7067,210937,208942,419880,42256
native_to_wasm,7068,210239,210588,420828,42256
native_to_wasm,7069,210243,208940,419184,42256
native_to_wasm,7070,211333,208954,420288,42256
native_to_wasm,7071,210227,208814,419042,42256
native_to_wasm,7072,210911,208922,419834,42256
native_to_wasm,7073,210121,209636,419758,42256
native_to_wasm,7074,210241,209266,419508,42256
native_to_wasm,7075,210911,208918,419830,42256
native_to_wasm,7076,210219,210762,420982,42256
native_to_wasm,7077,210239,208940,419180,42256
native_to_wasm,7078,211355,208916,420272,42256
native_to_wasm,7079,210219,208864,419084,42256
native_to_wasm,7080,210911,208920,419832,42256
native_to_wasm,7081,210129,209632,419762,42256
native_to_wasm,7082,210233,209238,419472,42256
native_to_wasm,7083,210931,208948,419880,42256
native_to_wasm,7084,210233,209836,420070,42256
native_to_wasm,7085,210237,208942,419180,42256
native_to_wasm,7086,211425,208950,420376,42256
native_to_wasm,7087,210237,208852,419090,42256
native_to_wasm,7088,210913,208922,419836,42256
native_to_wasm,7089,210121,209658,419780,42256
native_to_wasm,7090,210241,209390,419632,42256
native_to_wasm,7091,210937,208942,419880,42256
native_to_wasm,7092,210241,209834,420076,42256
native_to_wasm,7093,210235,208948,419184,42256
native_to_wasm,7094,211043,208934,419978,42256
native_to_wasm,7095,210241,208872,419114,42256
native_to_wasm,7096,210911,208926,419838,42256
native_to_wasm,7097,210125,209638,419764,42256
native_to_wasm,7098,210223,210615,420839,42256
native_to_wasm,7099,210938,208942,419881,42256
native_to_wasm,7100,210247,209834,420082,42256
native_to_wasm,7101,210221,208932,419154,42256
native_to_wasm,7102,210133,210144,420278,42256
native_to_wasm,7103,210243,208864,419108,42256
native_to_wasm,7104,210933,208946,419880,42256
native_to_wasm,7105,210129,209606,419736,42256
native_to_wasm,7106,210219,209223,419443,42256
native_to_wasm,7107,211378,208922,420301,42256
native_to_wasm,7108,210247,209842,420090,42256
native_to_wasm,7109,210217,208932,419150,42256
native_to_wasm,7110,210133,209612,419746,42256
native_to_wasm,7111,210247,208864,419112,42256
native_to_wasm,7112,210933,208946,419880,42256
native_to_wasm,7113,210105,209606,419712,42256
native_to_wasm,7114,210217,208932,419150,42256
native_to_wasm,7115,212455,208920,421376,42256
native_to_wasm,7116,210255,210108,420364,42256
native_to_wasm,7117,210221,208932,419154,42256
native_to_wasm,7118,210137,209640,419778,42256
native_to_wasm,7119,210259,208864,419124,42256
native_to_wasm,7120,210937,208944,419882,42256
native_to_wasm,7121,210519,209606,420126,42256
native_to_wasm,7122,210219,208924,419144,42256
native_to_wasm,7123,212045,208920,420966,42256
native_to_wasm,7124,210253,209942,420196,42256
native_to_wasm,7125,210245,208940,419186,42256
native_to_wasm,7126,210133,209606,419740,42256
native_to_wasm,7127,210219,208818,419038,42256
native_to_wasm,7128,210947,208938,419886,42256
native_to_wasm,7129,210525,209642,420168,42256
native_to_wasm,7130,210233,208914,419148,42256
native_to_wasm,7131,211117,208946,420064,42256
native_to_wasm,7132,210235,210096,420332,42256
native_to_wasm,7133,210219,208922,419142,42256
native_to_wasm,7134,210127,209638,419766,42256
native_to_wasm,7135,210223,208832,419056,42256
native_to_wasm,7136,210929,208940,419870,42256
native_to_wasm,7137,210455,209612,420068,42256
native_to_wasm,7138,210249,208940,419190,42256
native_to_wasm,7139,211141,208936,420078,42256
native_to_wasm,7140,210239,208872,419112,42256
native_to_wasm,7141,211303,208924,420228,42256
native_to_wasm,7142,210135,209616,419752,42256
native_to_wasm,7143,210245,208852,419098,42256
native_to_wasm,7144,210913,208920,419834,42256
native_to_wasm,7145,211347,209638,420986,42256
native_to_wasm,7146,210225,208922,419148,42256
native_to_wasm,7147,211133,208948,420082,42256
native_to_wasm,7148,210235,208812,419048,42256
native_to_wasm,7149,211343,208932,420276,42256
native_to_wasm,7150,210133,209606,419740,42256
native_to_wasm,7151,210219,208864,419084,42256
native_to_wasm,7152,210947,208938,419886,42256
native_to_wasm,7153,210509,209726,420236,42256
native_to_wasm,7154,210233,208918,419152,42256
native_to_wasm,7155,211421,208932,420354,42256
native_to_wasm,7156,210243,208860,419104,42256
native_to_wasm,7157,210941,208940,419882,42256
native_to_wasm,7158,210109,209642,419752,42256
native_to_wasm,7159,210235,208864,419100,42256
native_to_wasm,7160,210937,208942,419880,42256
native_to_wasm,7161,210239,210588,420828,42256
native_to_wasm,7162,210243,208940,419184,42256
native_to_wasm,7163,211333,208954,420288,42256
native_to_wasm,7164,210227,208814,419042,42256
native_to_wasm,7165,210911,208922,419834,42256
native_to_wasm,7166,210121,209636,419758,42256
native_to_wasm,7167,210241,209266,419508,42256
native_to_wasm,7168,210111,208948,419060,42256
native_to_wasm,7169,210131,209606,419738,42256
native_to_wasm,7170,210219,208862,419082,42256
native_to_wasm,7171,210911,208922,419834,42256
native_to_wasm,7172,211393,209632,421026,42256
native_to_wasm,7173,210239,208940,419180,42256
native_to_wasm,7174,211141,208934,420076,42256
native_to_wasm,7175,210239,208850,419090,42256
native_to_wasm,7176,211453,208938,420392,42256
native_to_wasm,7177,210123,209638,419762,42256
native_to_wasm,7178,210221,208830,419052,42256
native_to_wasm,7179,210933,208938,419872,42256
native_to_wasm,7180,211333,209632,420966,42256
native_to_wasm,7181,210249,208944,419194,42256
native_to_wasm,7182,211137,208932,420070,42256
native_to_wasm,7183,210245,208850,419096,42256
native_to_wasm,7184,211253,208932,420186,42256
native_to_wasm,7185,210133,209606,419740,42256
native_to_wasm,7186,210219,208864,419084,42256
native_to_wasm,7187,210947,208938,419886,42256
native_to_wasm,7188,210509,209726,420236,42256
native_to_wasm,7189,210233,208918,419152,42256
native_to_wasm,7190,211421,208932,420354,42256
native_to_wasm,7191,210243,208860,419104,42256
native_to_wasm,7192,210941,208940,419882,42256
native_to_wasm,7193,210109,209642,419752,42256
native_to_wasm,7194,210235,208864,419100,42256
native_to_wasm,7195,210937,208942,419880,42256
native_to_wasm,7196,210239,210588,420828,42256
native_to_wasm,7197,210243,208940,419184,42256
native_to_wasm,7198,211333,208954,420288,42256
native_to_wasm,7199,210227,208814,419042,42256
native_to_wasm,7200,210911,208922,419834,42256
native_to_wasm,7201,210121,209636,419758,42256
native_to_wasm,7202,210241,209266,419508,42256
native_to_wasm,7203,210911,208918,419830,42256
native_to_wasm,7204,210219,210762,420982,42256
native_to_wasm,7205,210239,208940,419180,42256
native_to_wasm,7206,211355,208916,420272,42256
native_to_wasm,7207,210219,208864,419084,42256
native_to_wasm,7208,210911,208920,419832,42256
native_to_wasm,7209,210129,209632,419762,42256
native_to_wasm,7210,210233,209238,419472,42256
native_to_wasm,7211,210931,208948,419880,42256
native_to_wasm,7212,210233,209836,420070,42256
native_to_wasm,7213,210237,208942,419180,42256
native_to_wasm,7214,211425,208950,420376,42256
native_to_wasm,7215,210237,208852,419090,42256
native_to_wasm,7216,210913,208922,419836,42256
native_to_wasm,7217,210121,209658,419780,42256
native_to_wasm,7218,210241,209390,419632,42256
native_to_wasm,7219,210937,208942,419880,42256
native_to_wasm,7220,210241,209834,420076,42256
native_to_wasm,7221,210235,208948,419184,42256
native_to_wasm,7222,211043,208934,419978,42256
native_to_wasm,7223,210241,208872,419114,42256
native_to_wasm,7224,210911,208926,419838,42256
native_to_wasm,7225,210125,209638,419764,42256
native_to_wasm,7226,210223,210615,420839,42256
native_to_wasm,7227,210938,208942,419881,42256
native_to_wasm,7228,210247,209834,420082,42256
native_to_wasm,7229,210221,208932,419154,42256
native_to_wasm,7230,210133,210144,420278,42256
native_to_wasm,7231,210243,208864,419108,42256
native_to_wasm,7232,210933,208946,419880,42256
native_to_wasm,7233,210129,209606,419736,42256
native_to_wasm,7234,210219,209223,419443,42256
native_to_wasm,7235,211378,208922,420301,42256
native_to_wasm,7236,210247,209842,420090,42256
native_to_wasm,7237,210217,208932,419150,42256
native_to_wasm,7238,210133,209612,419746,42256
native_to_wasm,7239,210247,208864,419112,42256
native_to_wasm,7240,210933,208946,419880,42256
native_to_wasm,7241,210105,209606,419712,42256
native_to_wasm,7242,210217,208932,419150,42256
native_to_wasm,7243,212455,208920,421376,42256
native_to_wasm,7244,210255,210108,420364,42256
native_to_wasm,7245,210221,208932,419154,42256
native_to_wasm,7246,210137,209640,419778,42256
native_to_wasm,7247,210259,208864,419124,42256
native_to_wasm,7248,210937,208944,419882,42256
native_to_wasm,7249,210519,209606,420126,42256
native_to_wasm,7250,210219,208924,419144,42256
native_to_wasm,7251,212045,208920,420966,42256
native_to_wasm,7252,210253,209942,420196,42256
native_to_wasm,7253,210245,208940,419186,42256
native_to_wasm,7254,210133,209606,419740,42256
native_to_wasm,7255,210219,208818,419038,42256
native_to_wasm,7256,210947,208938,419886,42256
native_to_wasm,7257,210525,209642,420168,42256
native_to_wasm,7258,210233,208914,419148,42256
native_to_wasm,7259,211117,208946,420064,42256
native_to_wasm,7260,210235,210096,420332,42256
native_to_wasm,7261,210219,208922,419142,42256
native_to_wasm,7262,210127,209638,419766,42256
native_to_wasm,7263,210223,208832,419056,42256
native_to_wasm,7264,210929,208940,419870,42256
native_to_wasm,7265,210455,209612,420068,42256
native_to_wasm,7266,210249,208940,419190,42256
native_to_wasm,7267,211141,208936,420078,42256
native_to_wasm,7268,210239,208872,419112,42256
native_to_wasm,7269,211303,208924,420228,42256
native_to_wasm,7270,210135,209616,419752,42256
native_to_wasm,7271,210245,208852,419098,42256
native_to_wasm,7272,210913,208920,419834,42256
native_to_wasm,7273,211347,209638,420986,42256
native_to_wasm,7274,210225,208922,419148,42256
native_to_wasm,7275,211133,208948,420082,42256
native_to_wasm,7276,210235,208812,419048,42256
native_to_wasm,7277,211343,208932,420276,42256
native_to_wasm,7278,210133,209606,419740,42256
native_to_wasm,7279,210219,208864,419084,42256
native_to_wasm,7280,210947,208938,419886,42256
native_to_wasm,7281,210509,209726,420236,42256
native_to_wasm,7282,210233,208918,419152,42256
native_to_wasm,7283,211421,208932,420354,42256
native_to_wasm,7284,210243,208860,419104,42256
native_to_wasm,7285,210941,208940,419882,42256
native_to_wasm,7286,210109,209642,419752,42256
native_to_wasm,7287,210235,208864,419100,42256
native_to_wasm,7288,210937,208942,419880,42256
native_to_wasm,7289,210239,210588,420828,42256
native_to_wasm,7290,210243,208940,419184,42256
native_to_wasm,7291,211333,208954,420288,42256
native_to_wasm,7292,210227,208814,419042,42256
native_to_wasm,7293,210911,208922,419834,42256
native_to_wasm,7294,210121,209636,419758,42256
native_to_wasm,7295,210241,209266,419508,42256
native_to_wasm,7296,210111,208948,419060,42256
native_to_wasm,7297,210131,209606,419738,42256
native_to_wasm,7298,210219,208862,419082,42256
native_to_wasm,7299,210911,208922,419834,42256
native_to_wasm,7300,211393,209632,421026,42256
native_to_wasm,7301,210239,208940,419180,42256
native_to_wasm,7302,211141,208934,420076,42256
native_to_wasm,7303,210239,208850,419090,42256
native_to_wasm,7304,211453,208938,420392,42256
native_to_wasm,7305,210123,209638,419762,42256
native_to_wasm,7306,210221,208830,419052,42256
native_to_wasm,7307,210933,208938,419872,42256
native_to_wasm,7308,211333,209632,420966,42256
native_to_wasm,7309,210249,208944,419194,42256
native_to_wasm,7310,211137,208932,420070,42256
native_to_wasm,7311,210245,208850,419096,42256
native_to_wasm,7312,211253,208932,420186,42256
native_to_wasm,7313,210133,209606,419740,42256
native_to_wasm,7314,210219,208864,419084,42256
native_to_wasm,7315,210947,208938,419886,42256
native_to_wasm,7316,210509,209726,420236,42256
native_to_wasm,7317,210233,208918,419152,42256
native_to_wasm,7318,211421,208932,420354,42256
native_to_wasm,7319,210243,208860,419104,42256
native_to_wasm,7320,210941,208940,419882,42256
native_to_wasm,7321,210109,209642,419752,42256
native_to_wasm,7322,210235,208864,419100,42256
native_to_wasm,7323,210937,208942,419880,42256
native_to_wasm,7324,210239,210588,420828,42256
native_to_wasm,7325,210243,208940,419184,42256
native_to_wasm,7326,211333,208954,420288,42256
native_to_wasm,7327,210227,208814,419042,42256
native_to_wasm,7328,210911,208922,419834,42256
native_to_wasm,7329,210121,209636,419758,42256
native_to_wasm,7330,210241,209266,419508,42256
native_to_wasm,7331,210911,208918,419830,42256
native_to_wasm,7332,210219,210762,420982,42256
native_to_wasm,7333,210239,208940,419180,42256
native_to_wasm,7334,211355,208916,420272,42256
native_to_wasm,7335,210219,208864,419084,42256
native_to_wasm,7336,210911,208920,419832,42256
native_to_wasm,7337,210129,209632,419762,42256
native_to_wasm,7338,210233,209238,419472,42256
native_to_wasm,7339,210931,208948,419880,42256
native_to_wasm,7340,210233,209836,420070,42256
native_to_wasm,7341,210237,208942,419180,42256
native_to_wasm,7342,211425,208950,420376,42256
native_to_wasm,7343,210237,208852,419090,42256
native_to_wasm,7344,210913,208922,419836,42256
native_to_wasm,7345,210121,209658,419780,42256
native_to_wasm,7346,210241,209390,419632,42256
native_to_wasm,7347,210937,208942,419880,42256
native_to_wasm,7348,210241,209834,420076,42256
native_to_wasm,7349,210235,208948,419184,42256
native_to_wasm,7350,211043,208934,419978,42256
native_to_wasm,7351,210241,208872,419114,42256
native_to_wasm,7352,210911,208926,419838,42256
native_to_wasm,7353,210125,209638,419764,42256
native_to_wasm,7354,210223,210615,420839,42256
native_to_wasm,7355,210938,208942,419881,42256
native_to_wasm,7356,210247,209834,420082,42256
native_to_wasm,7357,210221,208932,419154,42256
native_to_wasm,7358,210133,210144,420278,42256
native_to_wasm,7359,210243,208864,419108,42256
native_to_wasm,7360,210933,208946,419880,42256
native_to_wasm,7361,210129,209606,419736,42256
native_to_wasm,7362,210219,209223,419443,42256
native_to_wasm,7363,211378,208922,420301,42256
native_to_wasm,7364,210247,209842,420090,42256
native_to_wasm,7365,210217,208932,419150,42256
native_to_wasm,7366,210133,209612,419746,42256
native_to_wasm,7367,210247,208864,419112,42256
native_to_wasm,7368,210933,208946,419880,42256
native_to_wasm,7369,210105,209606,419712,42256
native_to_wasm,7370,210217,208932,419150,42256
native_to_wasm,7371,212455,208920,421376,42256
native_to_wasm,7372,210255,210108,420364,42256
native_to_wasm,7373,210221,208932,419154,42256
native_to_wasm,7374,210137,209640,419778,42256
native_to_wasm,7375,210259,208864,419124,42256
native_to_wasm,7376,210937,208944,419882,42256
native_to_wasm,7377,210519,209606,420126,42256
native_to_wasm,7378,210219,208924,419144,42256
native_to_wasm,7379,212045,208920,420966,42256
native_to_wasm,7380,210253,209942,420196,42256
native_to_wasm,7381,210245,208940,419186,42256
native_to_wasm,7382,210133,209606,419740,42256
native_to_wasm,7383,210219,208818,419038,42256
native_to_wasm,7384,210947,208938,419886,42256
native_to_wasm,7385,210525,209642,420168,42256
native_to_wasm,7386,210233,208914,419148,42256
native_to_wasm,7387,211117,208946,420064,42256
native_to_wasm,7388,210235,210096,420332,42256
native_to_wasm,7389,210219,208922,419142,42256
native_to_wasm,7390,210127,209638,419766,42256
native_to_wasm,7391,210223,208832,419056,42256
native_to_wasm,7392,210929,208940,419870,42256
native_to_wasm,7393,210455,209612,420068,42256
native_to_wasm,7394,210249,208940,419190,42256
native_to_wasm,7395,211141,208936,420078,42256
native_to_wasm,7396,210239,208872,419112,42256
native_to_wasm,7397,211303,208924,420228,42256
native_to_wasm,7398,210135,209616,419752,42256
native_to_wasm,7399,210245,208852,419098,42256
native_to_wasm,7400,210913,208920,419834,42256
native_to_wasm,7401,211347,209638,420986,42256
native_to_wasm,7402,210225,208922,419148,42256
native_to_wasm,7403,211133,208948,420082,42256
native_to_wasm,7404,210235,208812,419048,42256
native_to_wasm,7405,211343,208932,420276,42256
native_to_wasm,7406,210133,209606,419740,42256
native_to_wasm,7407,210219,208864,419084,42256
native_to_wasm,7408,210947,208938,419886,42256
native_to_wasm,7409,210509,209726,420236,42256
native_to_wasm,7410,210233,208918,419152,42256
native_to_wasm,7411,211421,208932,420354,42256
native_to_wasm,7412,210243,208860,419104,42256
native_to_wasm,7413,210941,208940,419882,42256
native_to_wasm,7414,210109,209642,419752,42256
native_to_wasm,7415,210235,208864,419100,42256
native_to_wasm,7416,210937,208942,419880,42256
native_to_wasm,7417,210239,210588,420828,42256
native_to_wasm,7418,210243,208940,419184,42256
native_to_wasm,7419,211333,208954,420288,42256
native_to_wasm,7420,210227,208814,419042,42256
native_to_wasm,7421,210911,208922,419834,42256
native_to_wasm,7422,210121,209636,419758,42256
native_to_wasm,7423,210241,209266,419508,42256
native_to_wasm,7424,210111,208948,419060,42256
native_to_wasm,7425,210131,209606,419738,42256
native_to_wasm,7426,210219,208862,419082,42256
native_to_wasm,7427,210911,208922,419834,42256
native_to_wasm,7428,211393,209632,421026,42256
native_to_wasm,7429,210239,208940,419180,42256
native_to_wasm,7430,211141,208934,420076,42256
native_to_wasm,7431,210239,208850,419090,42256
native_to_wasm,7432,211453,208938,420392,42256
native_to_wasm,7433,210123,209638,419762,42256
native_to_wasm,7434,210221,208830,419052,42256
native_to_wasm,7435,210933,208938,419872,42256
native_to_wasm,7436,211333,209632,420966,42256
native_to_wasm,7437,210249,208944,419194,42256
native_to_wasm,7438,211137,208932,420070,42256
native_to_wasm,7439,210245,208850,419096,42256
native_to_wasm,7440,211253,208932,420186,42256
native_to_wasm,7441,210133,209606,419740,42256
native_to_wasm,7442,210219,208864,419084,42256
native_to_wasm,7443,210947,208938,419886,42256
native_to_wasm,7444,210509,209726,420236,42256
native_to_wasm,7445,210233,208918,419152,42256
native_to_wasm,7446,211421,208932,420354,42256
native_to_wasm,7447,210243,208860,419104,42256
native_to_wasm,7448,210941,208940,419882,42256
native_to_wasm,7449,210109,209642,419752,42256
native_to_wasm,7450,210235,208864,419100,42256
native_to_wasm,7451,210937,208942,419880,42256
native_to_wasm,7452,210239,210588,420828,42256
native_to_wasm,7453,210243,208940,419184,42256
native_to_wasm,7454,211333,208954,420288,42256
native_to_wasm,7455,210227,208814,419042,42256
native_to_wasm,7456,210911,208922,419834,42256
native_to_wasm,7457,210121,209636,419758,42256
native_to_wasm,7458,210241,209266,419508,42256
native_to_wasm,7459,210911,208918,419830,42256
native_to_wasm,7460,210219,210762,420982,42256
native_to_wasm,7461,210239,208940,419180,42256
native_to_wasm,7462,211355,208916,420272,42256
native_to_wasm,7463,210219,208864,419084,42256
native_to_wasm,7464,210911,208920,419832,42256
native_to_wasm,7465,210129,209632,419762,42256
native_to_wasm,7466,210233,209238,419472,42256
native_to_wasm,7467,210931,208948,419880,42256
native_to_wasm,7468,210233,209836,420070,42256
native_to_wasm,7469,210237,208942,419180,42256
native_to_wasm,7470,211425,208950,420376,42256
native_to_wasm,7471,210237,208852,419090,42256
native_to_wasm,7472,210913,208922,419836,42256
native_to_wasm,7473,210121,209658,419780,42256
native_to_wasm,7474,210241,209390,419632,42256
native_to_wasm,7475,210937,208942,419880,42256
native_to_wasm,7476,210241,209834,420076,42256
native_to_wasm,7477,210235,208948,419184,42256
native_to_wasm,7478,211043,208934,419978,42256
native_to_wasm,7479,210241,208872,419114,42256
native_to_wasm,7480,210911,208926,419838,42256
native_to_wasm,7481,210125,209638,419764,42256
native_to_wasm,7482,210223,210615,420839,42256
native_to_wasm,7483,210938,208942,419881,42256
native_to_wasm,7484,210247,209834,420082,42256
native_to_wasm,7485,210221,208932,419154,42256
native_to_wasm,7486,210133,210144,420278,42256
native_to_wasm,7487,210243,208864,419108,42256
native_to_wasm,7488,210933,208946,419880,42256
native_to_wasm,7489,210129,209606,419736,42256
native_to_wasm,7490,210219,209223,419443,42256
native_to_wasm,7491,211378,208922,420301,42256
native_to_wasm,7492,210247,209842,420090,42256
native_to_wasm,7493,210217,208932,419150,42256
native_to_wasm,7494,210133,209612,419746,42256
native_to_wasm,7495,210247,208864,419112,42256
native_to_wasm,7496,210933,208946,419880,42256
native_to_wasm,7497,210105,209606,419712,42256
native_to_wasm,7498,210217,208932,419150,42256
native_to_wasm,7499,212455,208920,421376,42256
native_to_wasm,7500,210255,210108,420364,42256
native_to_wasm,7501,210221,208932,419154,42256
native_to_wasm,7502,210137,209640,419778,42256
native_to_wasm,7503,210259,208864,419124,42256
native_to_wasm,7504,210937,208944,419882,42256
native_to_wasm,7505,210519,209606,420126,42256
native_to_wasm,7506,210219,208924,419144,42256
native_to_wasm,7507,212045,208920,420966,42256
native_to_wasm,7508,210253,209942,420196,42256
native_to_wasm,7509,210245,208940,419186,42256
native_to_wasm,7510,210133,209606,419740,42256
native_to_wasm,7511,210219,208818,419038,42256
native_to_wasm,7512,210947,208938,419886,42256
native_to_wasm,7513,210525,209642,420168,42256
native_to_wasm,7514,210233,208914,419148,42256
native_to_wasm,7515,211117,208946,420064,42256
native_to_wasm,7516,210235,210096,420332,42256
native_to_wasm,7517,210219,208922,419142,42256
native_to_wasm,7518,210127,209638,419766,42256
native_to_wasm,7519,210223,208832,419056,42256
native_to_wasm,7520,210929,208940,419870,42256
native_to_wasm,7521,210455,209612,420068,42256
native_to_wasm,7522,210249,208940,419190,42256
native_to_wasm,7523,211141,208936,420078,42256
native_to_wasm,7524,210239,208872,419112,42256
native_to_wasm,7525,211303,208924,420228,42256
native_to_wasm,7526,210135,209616,419752,42256
native_to_wasm,7527,210245,208852,419098,42256
native_to_wasm,7528,210913,208920,419834,42256
native_to_wasm,7529,211347,209638,420986,42256
native_to_wasm,7530,210225,208922,419148,42256
native_to_wasm,7531,211133,208948,420082,42256
native_to_wasm,7532,210235,208812,419048,42256
native_to_wasm,7533,211343,208932,420276,42256
native_to_wasm,7534,210133,209606,419740,42256
native_to_wasm,7535,210219,208864,419084,42256
native_to_wasm,7536,210947,208938,419886,42256
native_to_wasm,7537,210509,209726,420236,42256
native_to_wasm,7538,210233,208918,419152,42256
native_to_wasm,7539,211421,208932,420354,42256
native_to_wasm,7540,210243,208860,419104,42256
native_to_wasm,7541,210941,208940,419882,42256
native_to_wasm,7542,210109,209642,419752,42256
native_to_wasm,7543,210235,208864,419100,42256
native_to_wasm,7544,210937,208942,419880,42256
native_to_wasm,7545,210239,210588,420828,42256
native_to_wasm,7546,210243,208940,419184,42256
native_to_wasm,7547,211333,208954,420288,42256
native_to_wasm,7548,210227,208814,419042,42256
native_to_wasm,7549,210911,208922,419834,42256
native_to_wasm,7550,210121,209636,419758,42256
native_to_wasm,7551,210241,209266,419508,42256
native_to_wasm,7552,210111,208948,419060,42256
native_to_wasm,7553,210131,209606,419738,42256
native_to_wasm,7554,210219,208862,419082,42256
native_to_wasm,7555,210911,208922,419834,42256
native_to_wasm,7556,211393,209632,421026,42256
native_to_wasm,7557,210239,208940,419180,42256
native_to_wasm,7558,211141,208934,420076,42256
native_to_wasm,7559,210239,208850,419090,42256
native_to_wasm,7560,211453,208938,420392,42256
native_to_wasm,7561,210123,209638,419762,42256
native_to_wasm,7562,210221,208830,419052,42256
native_to_wasm,7563,210933,208938,419872,42256
native_to_wasm,7564,211333,209632,420966,42256
native_to_wasm,7565,210249,208944,419194,42256
native_to_wasm,7566,211137,208932,420070,42256
native_to_wasm,7567,210245,208850,419096,42256
native_to_wasm,7568,211253,208932,420186,42256
native_to_wasm,7569,210133,209606,419740,42256
native_to_wasm,7570,210219,208864,419084,42256
native_to_wasm,7571,210947,208938,419886,42256
native_to_wasm,7572,210509,209726,420236,42256
native_to_wasm,7573,210233,208918,419152,42256
native_to_wasm,7574,211421,208932,420354,42256
native_to_wasm,7575,210243,208860,419104,42256
native_to_wasm,7576,210941,208940,419882,42256
native_to_wasm,7577,210109,209642,419752,42256
native_to_wasm,7578,210235,208864,419100,42256
native_to_wasm,7579,210937,208942,419880,42256
native_to_wasm,7580,210239,210588,420828,42256
native_to_wasm,7581,210243,208940,419184,42256
native_to_wasm,7582,211333,208954,420288,42256
native_to_wasm,7583,210227,208814,419042,42256
native_to_wasm,7584,210911,208922,419834,42256
native_to_wasm,7585,210121,209636,419758,42256
native_to_wasm,7586,210241,209266,419508,42256
native_to_wasm,7587,210911,208918,419830,42256
native_to_wasm,7588,210219,210762,420982,42256
native_to_wasm,7589,210239,208940,419180,42256
native_to_wasm,7590,211355,208916,420272,42256
native_to_wasm,7591,210219,208864,419084,42256
native_to_wasm,7592,210911,208920,419832,42256
native_to_wasm,7593,210129,209632,419762,42256
native_to_wasm,7594,210233,209238,419472,42256
native_to_wasm,7595,210931,208948,419880,42256
native_to_wasm,7596,210233,209836,420070,42256
native_to_wasm,7597,210237,208942,419180,42256
native_to_wasm,7598,211425,208950,420376,42256
native_to_wasm,7599,210237,208852,419090,42256
native_to_wasm,7600,210913,208922,419836,42256
native_to_wasm,7601,210121,209658,419780,42256
native_to_wasm,7602,210241,209390,419632,42256
native_to_wasm,7603,210937,208942,419880,42256
native_to_wasm,7604,210241,209834,420076,42256
native_to_wasm,7605,210235,208948,419184,42256
native_to_wasm,7606,211043,208934,419978,42256
native_to_wasm,7607,210241,208872,419114,42256
native_to_wasm,7608,210911,208926,419838,42256
native_to_wasm,7609,210125,209638,419764,42256
native_to_wasm,7610,210223,210615,420839,42256
native_to_wasm,7611,210938,208942,419881,42256
native_to_wasm,7612,210247,209834,420082,42256
native_to_wasm,7613,210221,208932,419154,42256
native_to_wasm,7614,210133,210144,420278,42256
native_to_wasm,7615,210243,208864,419108,42256
native_to_wasm,7616,210933,208946,419880,42256
native_to_wasm,7617,210129,209606,419736,42256
native_to_wasm,7618,210219,209223,419443,42256
native_to_wasm,7619,211378,208922,420301,42256
native_to_wasm,7620,210247,209842,420090,42256
native_to_wasm,7621,210217,208932,419150,42256
native_to_wasm,7622,210133,209612,419746,42256
native_to_wasm,7623,210247,208864,419112,42256
native_to_wasm,7624,210933,208946,419880,42256
native_to_wasm,7625,210105,209606,419712,42256
native_to_wasm,7626,210217,208932,419150,42256
native_to_wasm,7627,212455,208920,421376,42256
native_to_wasm,7628,210255,210108,420364,42256
native_to_wasm,7629,210221,208932,419154,42256
native_to_wasm,7630,210137,209640,419778,42256
native_to_wasm,7631,210259,208864,419124,42256
native_to_wasm,7632,210937,208944,419882,42256
native_to_wasm,7633,210519,209606,420126,42256
native_to_wasm,7634,210219,208924,419144,42256
native_to_wasm,7635,212045,208920,420966,42256
native_to_wasm,7636,210253,209942,420196,42256
native_to_wasm,7637,210245,208940,419186,42256
native_to_wasm,7638,210133,209606,419740,42256
native_to_wasm,7639,210219,208818,419038,42256
native_to_wasm,7640,210947,208938,419886,42256
native_to_wasm,7641,210525,209642,420168,42256
native_to_wasm,7642,210233,208914,419148,42256
native_to_wasm,7643,211117,208946,420064,42256
native_to_wasm,7644,210235,210096,420332,42256
native_to_wasm,7645,210219,208922,419142,42256
native_to_wasm,7646,210127,209638,419766,42256
native_to_wasm,7647,210223,208832,419056,42256
native_to_wasm,7648,210929,208940,419870,42256
native_to_wasm,7649,210455,209612,420068,42256
native_to_wasm,7650,210249,208940,419190,42256
native_to_wasm,7651,211141,208936,420078,42256
native_to_wasm,7652,210239,208872,419112,42256
native_to_wasm,7653,211303,208924,420228,42256
native_to_wasm,7654,210135,209616,419752,42256
native_to_wasm,7655,210245,208852,419098,42256
native_to_wasm,7656,210913,208920,419834,42256
native_to_wasm,7657,211347,209638,420986,42256
native_to_wasm,7658,210225,208922,419148,42256
native_to_wasm,7659,211133,208948,420082,42256
native_to_wasm,7660,210235,208812,419048,42256
native_to_wasm,7661,211343,208932,420276,42256
native_to_wasm,7662,210133,209606,419740,42256
native_to_wasm,7663,210219,208864,419084,42256
native_to_wasm,7664,210947,208938,419886,42256
native_to_wasm,7665,210509,209726,420236,42256
native_to_wasm,7666,210233,208918,419152,42256
native_to_wasm,7667,211421,208932,420354,42256
native_to_wasm,7668,210243,208860,419104,42256
native_to_wasm,7669,210941,208940,419882,42256
native_to_wasm,7670,210109,209642,419752,42256
native_to_wasm,7671,210235,208864,419100,42256
native_to_wasm,7672,210937,208942,419880,42256
native_to_wasm,7673,210239,210588,420828,42256
native_to_wasm,7674,210243,208940,419184,42256
native_to_wasm,7675,211333,208954,420288,42256
native_to_wasm,7676,210227,208814,419042,42256
native_to_wasm,7677,210911,208922,419834,42256
native_to_wasm,7678,210121,209636,419758,42256
native_to_wasm,7679,210241,209266,419508,42256
native_to_wasm,7680,210111,208948,419060,42256
native_to_wasm,7681,210131,209606,419738,42256
native_to_wasm,7682,210219,208862,419082,42256
native_to_wasm,7683,210911,208922,419834,42256
native_to_wasm,7684,211393,209632,421026,42256
native_to_wasm,7685,210239,208940,419180,42256
native_to_wasm,7686,211141,208934,420076,42256
native_to_wasm,7687,210239,208850,419090,42256
native_to_wasm,7688,211453,208938,420392,42256
native_to_wasm,7689,210123,209638,419762,42256
native_to_wasm,7690,210221,208830,419052,42256
native_to_wasm,7691,210933,208938,419872,42256
native_to_wasm,7692,211333,209632,420966,42256
native_to_wasm,7693,210249,208944,419194,42256
native_to_wasm,7694,211137,208932,420070,42256
native_to_wasm,7695,210245,208850,419096,42256
native_to_wasm,7696,211253,208932,420186,42256
native_to_wasm,7697,210133,209606,419740,42256
native_to_wasm,7698,210219,208864,419084,42256
native_to_wasm,7699,210947,208938,419886,42256
native_to_wasm,7700,210509,209726,420236,42256
native_to_wasm,7701,210233,208918,419152,42256
native_to_wasm,7702,211421,208932,420354,42256
native_to_wasm,7703,210243,208860,419104,42256
native_to_wasm,7704,210941,208940,419882,42256
native_to_wasm,7705,210109,209642,419752,42256
native_to_wasm,7706,210235,208864,419100,42256
native_to_wasm,7707,210937,208942,419880,42256
native_to_wasm,7708,210239,210588,420828,42256
native_to_wasm,7709,210243,208940,419184,42256
native_to_wasm,7710,211333,208954,420288,42256
native_to_wasm,7711,210227,208814,419042,42256
native_to_wasm,7712,210911,208922,419834,42256
native_to_wasm,7713,210121,209636,419758,42256
native_to_wasm,7714,210241,209266,419508,42256
native_to_wasm,7715,210911,208918,419830,42256
native_to_wasm,7716,210219,210762,420982,42256
native_to_wasm,7717,210239,208940,419180,42256
native_to_wasm,7718,211355,208916,420272,42256
native_to_wasm,7719,210219,208864,419084,42256
native_to_wasm,7720,210911,208920,419832,42256
native_to_wasm,7721,210129,209632,419762,42256
native_to_wasm,7722,210233,209238,419472,42256
native_to_wasm,7723,210931,208948,419880,42256
native_to_wasm,7724,210233,209836,420070,42256
native_to_wasm,7725,210237,208942,419180,42256
native_to_wasm,7726,211425,208950,420376,42256
native_to_wasm,7727,210237,208852,419090,42256
native_to_wasm,7728,210913,208922,419836,42256
native_to_wasm,7729,210121,209658,419780,42256
native_to_wasm,7730,210241,209390,419632,42256
native_to_wasm,7731,210937,208942,419880,42256
native_to_wasm,7732,210241,209834,420076,42256
native_to_wasm,7733,210235,208948,419184,42256
native_to_wasm,7734,211043,208934,419978,42256
native_to_wasm,7735,210241,208872,419114,42256
native_to_wasm,7736,210911,208926,419838,42256
native_to_wasm,7737,210125,209638,419764,42256
native_to_wasm,7738,210223,210615,420839,42256
native_to_wasm,7739,210938,208942,419881,42256
native_to_wasm,7740,210247,209834,420082,42256
native_to_wasm,7741,210221,208932,419154,42256
native_to_wasm,7742,210133,210144,420278,42256
native_to_wasm,7743,210243,208864,419108,42256
native_to_wasm,7744,210933,208946,419880,42256
native_to_wasm,7745,210129,209606,419736,42256
native_to_wasm,7746,210219,209223,419443,42256
native_to_wasm,7747,211378,208922,420301,42256
native_to_wasm,7748,210247,209842,420090,42256
native_to_wasm,7749,210217,208932,419150,42256
native_to_wasm,7750,210133,209612,419746,42256
native_to_wasm,7751,210247,208864,419112,42256
native_to_wasm,7752,210933,208946,419880,42256
native_to_wasm,7753,210105,209606,419712,42256
native_to_wasm,7754,210217,208932,419150,42256
native_to_wasm,7755,212455,208920,421376,42256
native_to_wasm,7756,210255,210108,420364,42256
native_to_wasm,7757,210221,208932,419154,42256
native_to_wasm,7758,210137,209640,419778,42256
native_to_wasm,7759,210259,208864,419124,42256
native_to_wasm,7760,210937,208944,419882,42256
native_to_wasm,7761,210519,209606,420126,42256
native_to_wasm,7762,210219,208924,419144,42256
native_to_wasm,7763,212045,208920,420966,42256
native_to_wasm,7764,210253,209942,420196,42256
native_to_wasm,7765,210245,208940,419186,42256
native_to_wasm,7766,210133,209606,419740,42256
native_to_wasm,7767,210219,208818,419038,42256
native_to_wasm,7768,210947,208938,419886,42256
native_to_wasm,7769,210525,209642,420168,42256
native_to_wasm,7770,210233,208914,419148,42256
native_to_wasm,7771,211117,208946,420064,42256
native_to_wasm,7772,210235,210096,420332,42256
native_to_wasm,7773,210219,208922,419142,42256
native_to_wasm,7774,210127,209638,419766,42256
native_to_wasm,7775,210223,208832,419056,42256
native_to_wasm,7776,210929,208940,419870,42256
native_to_wasm,7777,210455,209612,420068,42256
native_to_wasm,7778,210249,208940,419190,42256
native_to_wasm,7779,211141,208936,420078,42256
native_to_wasm,7780,210239,208872,419112,42256
native_to_wasm,7781,211303,208924,420228,42256
native_to_wasm,7782,210135,209616,419752,42256
native_to_wasm,7783,210245,208852,419098,42256
native_to_wasm,7784,210913,208920,419834,42256
native_to_wasm,7785,211347,209638,420986,42256
native_to_wasm,7786,210225,208922,419148,42256
native_to_wasm,7787,211133,208948,420082,42256
native_to_wasm,7788,210235,208812,419048,42256
native_to_wasm,7789,211343,208932,420276,42256
native_to_wasm,7790,210133,209606,419740,42256
native_to_wasm,7791,210219,208864,419084,42256
native_to_wasm,7792,210947,208938,419886,42256
native_to_wasm,7793,210509,209726,420236,42256
native_to_wasm,7794,210233,208918,419152,42256
native_to_wasm,7795,211421,208932,420354,42256
native_to_wasm,7796,210243,208860,419104,42256
native_to_wasm,7797,210941,208940,419882,42256
native_to_wasm,7798,210109,209642,419752,42256
native_to_wasm,7799,210235,208864,419100,42256
native_to_wasm,7800,210937,208942,419880,42256
native_to_wasm,7801,210239,210588,420828,42256
native_to_wasm,7802,210243,208940,419184,42256
native_to_wasm,7803,211333,208954,420288,42256
native_to_wasm,7804,210227,208814,419042,42256
native_to_wasm,7805,210911,208922,419834,42256
native_to_wasm,7806,210121,209636,419758,42256
native_to_wasm,7807,210241,209266,419508,42256
native_to_wasm,7808,210111,208948,419060,42256
native_to_wasm,7809,210131,209606,419738,42256
native_to_wasm,7810,210219,208862,419082,42256
native_to_wasm,7811,210911,208922,419834,42256
native_to_wasm,7812,211393,209632,421026,42256
native_to_wasm,7813,210239,208940,419180,42256
native_to_wasm,7814,211141,208934,420076,42256
native_to_wasm,7815,210239,208850,419090,42256
native_to_wasm,7816,211453,208938,420392,42256
native_to_wasm,7817,210123,209638,419762,42256
native_to_wasm,7818,210221,208830,419052,42256
native_to_wasm,7819,210933,208938,419872,42256
native_to_wasm,7820,211333,209632,420966,42256
native_to_wasm,7821,210249,208944,419194,42256
native_to_wasm,7822,211137,208932,420070,42256
native_to_wasm,7823,210245,208850,419096,42256
native_to_wasm,7824,211253,208932,420186,42256
native_to_wasm,7825,210133,209606,419740,42256
native_to_wasm,7826,210219,208864,419084,42256
native_to_wasm,7827,210947,208938,419886,42256
native_to_wasm,7828,210509,209726,420236,42256
native_to_wasm,7829,210233,208918,419152,42256
native_to_wasm,7830,211421,208932,420354,42256
native_to_wasm,7831,210243,208860,419104,42256
native_to_wasm,7832,210941,208940,419882,42256
native_to_wasm,7833,210109,209642,419752,42256
native_to_wasm,7834,210235,208864,419100,42256
native_to_wasm,7835,210937,208942,419880,42256
native_to_wasm,7836,210239,210588,420828,42256
native_to_wasm,7837,210243,208940,419184,42256
native_to_wasm,7838,211333,208954,420288,42256
native_to_wasm,7839,210227,208814,419042,42256
native_to_wasm,7840,210911,208922,419834,42256
native_to_wasm,7841,210121,209636,419758,42256
native_to_wasm,7842,210241,209266,419508,42256
native_to_wasm,7843,210911,208918,419830,42256
native_to_wasm,7844,210219,210762,420982,42256
native_to_wasm,7845,210239,208940,419180,42256
native_to_wasm,7846,211355,208916,420272,42256
native_to_wasm,7847,210219,208864,419084,42256
native_to_wasm,7848,210911,208920,419832,42256
native_to_wasm,7849,210129,209632,419762,42256
native_to_wasm,7850,210233,209238,419472,42256
native_to_wasm,7851,210931,208948,419880,42256
native_to_wasm,7852,210233,209836,420070,42256
native_to_wasm,7853,210237,208942,419180,42256
native_to_wasm,7854,211425,208950,420376,42256
native_to_wasm,7855,210237,208852,419090,42256
native_to_wasm,7856,210913,208922,419836,42256
native_to_wasm,7857,210121,209658,419780,42256
native_to_wasm,7858,210241,209390,419632,42256
native_to_wasm,7859,210937,208942,419880,42256
native_to_wasm,7860,210241,209834,420076,42256
native_to_wasm,7861,210235,208948,419184,42256
native_to_wasm,7862,211043,208934,419978,42256
native_to_wasm,7863,210241,208872,419114,42256
native_to_wasm,7864,210911,208926,419838,42256
native_to_wasm,7865,210125,209638,419764,42256
native_to_wasm,7866,210223,210615,420839,42256
native_to_wasm,7867,210938,208942,419881,42256
native_to_wasm,7868,210247,209834,420082,42256
native_to_wasm,7869,210221,208932,419154,42256
native_to_wasm,7870,210133,210144,420278,42256
native_to_wasm,7871,210243,208864,419108,42256
native_to_wasm,7872,210933,208946,419880,42256
native_to_wasm,7873,210129,209606,419736,42256
native_to_wasm,7874,210219,209223,419443,42256
native_to_wasm,7875,211378,208922,420301,42256
native_to_wasm,7876,210247,209842,420090,42256
native_to_wasm,7877,210217,208932,419150,42256
native_to_wasm,7878,210133,209612,419746,42256
native_to_wasm,7879,210247,208864,419112,42256
native_to_wasm,7880,210933,208946,419880,42256
native_to_wasm,7881,210105,209606,419712,42256
native_to_wasm,7882,210217,208932,419150,42256
native_to_wasm,7883,212455,208920,421376,42256
native_to_wasm,7884,210255,210108,420364,42256
native_to_wasm,7885,210221,208932,419154,42256
native_to_wasm,7886,210137,209640,419778,42256
native_to_wasm,7887,210259,208864,419124,42256
native_to_wasm,7888,210937,208944,419882,42256
native_to_wasm,7889,210519,209606,420126,42256
native_to_wasm,7890,210219,208924,419144,42256
native_to_wasm,7891,212045,208920,420966,42256
native_to_wasm,7892,210253,209942,420196,42256
native_to_wasm,7893,210245,208940,419186,42256
native_to_wasm,7894,210133,209606,419740,42256
native_to_wasm,7895,210219,208818,419038,42256
native_to_wasm,7896,210947,208938,419886,42256
native_to_wasm,7897,210525,209642,420168,42256
native_to_wasm,7898,210233,208914,419148,42256
native_to_wasm,7899,211117,208946,420064,42256
native_to_wasm,7900,210235,210096,420332,42256
native_to_wasm,7901,210219,208922,419142,42256
native_to_wasm,7902,210127,209638,419766,42256
native_to_wasm,7903,210223,208832,419056,42256
native_to_wasm,7904,210929,208940,419870,42256
native_to_wasm,7905,210455,209612,420068,42256
native_to_wasm,7906,210249,208940,419190,42256
native_to_wasm,7907,211141,208936,420078,42256
native_to_wasm,7908,210239,208872,419112,42256
native_to_wasm,7909,211303,208924,420228,42256
native_to_wasm,7910,210135,209616,419752,42256
native_to_wasm,7911,210245,208852,419098,42256
native_to_wasm,7912,210913,208920,419834,42256
native_to_wasm,7913,211347,209638,420986,42256
native_to_wasm,7914,210225,208922,419148,42256
native_to_wasm,7915,211133,208948,420082,42256
native_to_wasm,7916,210235,208812,419048,42256
native_to_wasm,7917,211343,208932,420276,42256
native_to_wasm,7918,210133,209606,419740,42256
native_to_wasm,7919,210219,208864,419084,42256
native_to_wasm,7920,210947,208938,419886,42256
native_to_wasm,7921,210509,209726,420236,42256
native_to_wasm,7922,210233,208918,419152,42256
native_to_wasm,7923,211421,208932,420354,42256
native_to_wasm,7924,210243,208860,419104,42256
native_to_wasm,7925,210941,208940,419882,42256
native_to_wasm,7926,210109,209642,419752,42256
native_to_wasm,7927,210235,208864,419100,42256
native_to_wasm,7928,210937,208942,419880,42256
native_to_wasm,7929,210239,210588,420828,42256
native_to_wasm,7930,210243,208940,419184,42256
native_to_wasm,7931,211333,208954,420288,42256
native_to_wasm,7932,210227,208814,419042,42256
native_to_wasm,7933,210911,208922,419834,42256
native_to_wasm,7934,210121,209636,419758,42256
native_to_wasm,7935,210241,209266,419508,42256
native_to_wasm,7936,210111,208948,419060,42256
native_to_wasm,7937,210131,209606,419738,42256
native_to_wasm,7938,210219,208862,419082,42256
native_to_wasm,7939,210911,208922,419834,42256
native_to_wasm,7940,211393,209632,421026,42256
native_to_wasm,7941,210239,208940,419180,42256
native_to_wasm,7942,211141,208934,420076,42256
native_to_wasm,7943,210239,208850,419090,42256
native_to_wasm,7944,211453,208938,420392,42256
native_to_wasm,7945,210123,209638,419762,42256
native_to_wasm,7946,210221,208830,419052,42256
native_to_wasm,7947,210933,208938,419872,42256
native_to_wasm,7948,211333,209632,420966,42256
native_to_wasm,7949,210249,208944,419194,42256
native_to_wasm,7950,211137,208932,420070,42256
native_to_wasm,7951,210245,208850,419096,42256
native_to_wasm,7952,211253,208932,420186,42256
native_to_wasm,7953,210133,209606,419740,42256
native_to_wasm,7954,210219,208864,419084,42256
native_to_wasm,7955,210947,208938,419886,42256
native_to_wasm,7956,210509,209726,420236,42256
native_to_wasm,7957,210233,208918,419152,42256
native_to_wasm,7958,211421,208932,420354,42256
native_to_wasm,7959,210243,208860,419104,42256
native_to_wasm,7960,210941,208940,419882,42256
native_to_wasm,7961,210109,209642,419752,42256
native_to_wasm,7962,210235,208864,419100,42256
native_to_wasm,7963,210937,208942,419880,42256
native_to_wasm,7964,210239,210588,420828,42256
native_to_wasm,7965,210243,208940,419184,42256
native_to_wasm,7966,211333,208954,420288,42256
native_to_wasm,7967,210227,208814,419042,42256
native_to_wasm,7968,210911,208922,419834,42256
native_to_wasm,7969,210121,209636,419758,42256
native_to_wasm,7970,210241,209266,419508,42256
native_to_wasm,7971,210911,208918,419830,42256
native_to_wasm,7972,210219,210762,420982,42256
native_to_wasm,7973,210239,208940,419180,42256
native_to_wasm,7974,211355,208916,420272,42256
native_to_wasm,7975,210219,208864,419084,42256
native_to_wasm,7976,210911,208920,419832,42256
native_to_wasm,7977,210129,209632,419762,42256
native_to_wasm,7978,210233,209238,419472,42256
native_to_wasm,7979,210931,208948,419880,42256
native_to_wasm,7980,210233,209836,420070,42256
native_to_wasm,7981,210237,208942,419180,42256
native_to_wasm,7982,211425,208950,420376,42256
native_to_wasm,7983,210237,208852,419090,42256
native_to_wasm,7984,210913,208922,419836,42256
native_to_wasm,7985,210121,209658,419780,42256
native_to_wasm,7986,210241,209390,419632,42256
native_to_wasm,7987,210937,208942,419880,42256
native_to_wasm,7988,210241,209834,420076,42256
native_to_wasm,7989,210235,208948,419184,42256
native_to_wasm,7990,211043,208934,419978,42256
native_to_wasm,7991,210241,208872,419114,42256
native_to_wasm,7992,210911,208926,419838,42256
native_to_wasm,7993,210125,209638,419764,42256
native_to_wasm,7994,210223,210615,420839,42256
native_to_wasm,7995,210938,208942,419881,42256
native_to_wasm,7996,210247,209834,420082,42256
native_to_wasm,7997,210221,208932,419154,42256
native_to_wasm,7998,210133,210144,420278,42256
native_to_wasm,7999,210243,208864,419108,42256
native_to_wasm,8000,210933,208946,419880,42256
native_to_wasm,8001,210129,209606,419736,42256
native_to_wasm,8002,210219,209223,419443,42256
native_to_wasm,8003,211378,208922,420301,42256
native_to_wasm,8004,210247,209842,420090,42256
native_to_wasm,8005,210217,208932,419150,42256
native_to_wasm,8006,210133,209612,419746,42256
native_to_wasm,8007,210247,208864,419112,42256
native_to_wasm,8008,210933,208946,419880,42256
native_to_wasm,8009,210105,209606,419712,42256
native_to_wasm,8010,210217,208932,419150,42256
native_to_wasm,8011,212455,208920,421376,42256
native_to_wasm,8012,210255,210108,420364,42256
native_to_wasm,8013,210221,208932,419154,42256
native_to_wasm,8014,210137,209640,419778,42256
native_to_wasm,8015,210259,208864,419124,42256
native_to_wasm,8016,210937,208944,419882,42256
native_to_wasm,8017,210519,209606,420126,42256
native_to_wasm,8018,210219,208924,419144,42256
native_to_wasm,8019,212045,208920,420966,42256
native_to_wasm,8020,210253,209942,420196,42256
native_to_wasm,8021,210245,208940,419186,42256
native_to_wasm,8022,210133,209606,419740,42256
native_to_wasm,8023,210219,208818,419038,42256
native_to_wasm,8024,210947,208938,419886,42256
native_to_wasm,8025,210525,209642,420168,42256
native_to_wasm,8026,210233,208914,419148,42256
native_to_wasm,8027,211117,208946,420064,42256
native_to_wasm,8028,210235,210096,420332,42256
native_to_wasm,8029,210219,208922,419142,42256
native_to_wasm,8030,210127,209638,419766,42256
native_to_wasm,8031,210223,208832,419056,42256
native_to_wasm,8032,210929,208940,419870,42256
native_to_wasm,8033,210455,209612,420068,42256
native_to_wasm,8034,210249,208940,419190,42256
native_to_wasm,8035,211141,208936,420078,42256
native_to_wasm,8036,210239,208872,419112,42256
native_to_wasm,8037,211303,208924,420228,42256
native_to_wasm,8038,210135,209616,419752,42256
native_to_wasm,8039,210245,208852,419098,42256
native_to_wasm,8040,210913,208920,419834,42256
native_to_wasm,8041,211347,209638,420986,42256
native_to_wasm,8042,210225,208922,419148,42256
native_to_wasm,8043,211133,208948,420082,42256
native_to_wasm,8044,210235,208812,419048,42256
native_to_wasm,8045,211343,208932,420276,42256
native_to_wasm,8046,210133,209606,419740,42256
native_to_wasm,8047,210219,208864,419084,42256
native_to_wasm,8048,210947,208938,419886,42256
native_to_wasm,8049,210509,209726,420236,42256
native_to_wasm,8050,210233,208918,419152,42256
native_to_wasm,8051,211421,208932,420354,42256
native_to_wasm,8052,210243,208860,419104,42256
native_to_wasm,8053,210941,208940,419882,42256
native_to_wasm,8054,210109,209642,419752,42256
native_to_wasm,8055,210235,208864,419100,42256
native_to_wasm,8056,210937,208942,419880,42256
native_to_wasm,8057,210239,210588,420828,42256
native_to_wasm,8058,210243,208940,419184,42256
native_to_wasm,8059,211333,208954,420288,42256
native_to_wasm,8060,210227,208814,419042,42256
native_to_wasm,8061,210911,208922,419834,42256
native_to_wasm,8062,210121,209636,419758,42256
native_to_wasm,8063,210241,209266,419508,42256
native_to_wasm,8064,210111,208948,419060,42256
native_to_wasm,8065,210131,209606,419738,42256
native_to_wasm,8066,210219,208862,419082,42256
native_to_wasm,8067,210911,208922,419834,42256
native_to_wasm,8068,211393,209632,421026,42256
native_to_wasm,8069,210239,208940,419180,42256
native_to_wasm,8070,211141,208934,420076,42256
native_to_wasm,8071,210239,208850,419090,42256
native_to_wasm,8072,211453,208938,420392,42256
native_to_wasm,8073,210123,209638,419762,42256
native_to_wasm,8074,210221,208830,419052,42256
native_to_wasm,8075,210933,208938,419872,42256
native_to_wasm,8076,211333,209632,420966,42256
native_to_wasm,8077,210249,208944,419194,42256
native_to_wasm,8078,211137,208932,420070,42256
native_to_wasm,8079,210245,208850,419096,42256
native_to_wasm,8080,211253,208932,420186,42256
native_to_wasm,8081,210133,209606,419740,42256
native_to_wasm,8082,210219,208864,419084,42256
native_to_wasm,8083,210947,208938,419886,42256
native_to_wasm,8084,210509,209726,420236,42256
native_to_wasm,8085,210233,208918,419152,42256
native_to_wasm,8086,211421,208932,420354,42256
native_to_wasm,8087,210243,208860,419104,42256
native_to_wasm,8088,210941,208940,419882,42256
native_to_wasm,8089,210109,209642,419752,42256
native_to_wasm,8090,210235,208864,419100,42256
native_to_wasm,8091,210937,208942,419880,42256
native_to_wasm,8092,210239,210588,420828,42256
native_to_wasm,8093,210243,208940,419184,42256
native_to_wasm,8094,211333,208954,420288,42256
native_to_wasm,8095,210227,208814,419042,42256
native_to_wasm,8096,210911,208922,419834,42256
native_to_wasm,8097,210121,209636,419758,42256
native_to_wasm,8098,210241,209266,419508,42256
native_to_wasm,8099,210911,208918,419830,42256
native_to_wasm,8100,210219,210762,420982,42256
native_to_wasm,8101,210239,208940,419180,42256
native_to_wasm,8102,211355,208916,420272,42256
native_to_wasm,8103,210219,208864,419084,42256
native_to_wasm,8104,210911,208920,419832,42256
native_to_wasm,8105,210129,209632,419762,42256
native_to_wasm,8106,210233,209238,419472,42256
native_to_wasm,8107,210931,208948,419880,42256
native_to_wasm,8108,210233,209836,420070,42256
native_to_wasm,8109,210237,208942,419180,42256
native_to_wasm,8110,211425,208950,420376,42256
native_to_wasm,8111,210237,208852,419090,42256
native_to_wasm,8112,210913,208922,419836,42256
native_to_wasm,8113,210121,209658,419780,42256
native_to_wasm,8114,210241,209390,419632,42256
native_to_wasm,8115,210937,208942,419880,42256
native_to_wasm,8116,210241,209834,420076,42256
native_to_wasm,8117,210235,208948,419184,42256
native_to_wasm,8118,211043,208934,419978,42256
native_to_wasm,8119,210241,208872,419114,42256
native_to_wasm,8120,210911,208926,419838,42256
native_to_wasm,8121,210125,209638,419764,42256
native_to_wasm,8122,210223,210615,420839,42256
native_to_wasm,8123,210938,208942,419881,42256
native_to_wasm,8124,210247,209834,420082,42256
native_to_wasm,8125,210221,208932,419154,42256
native_to_wasm,8126,210133,210144,420278,42256
native_to_wasm,8127,210243,208864,419108,42256
native_to_wasm,8128,210933,208946,419880,42256
native_to_wasm,8129,210129,209606,419736,42256
native_to_wasm,8130,210219,209223,419443,42256
native_to_wasm,8131,211378,208922,420301,42256
native_to_wasm,8132,210247,209842,420090,42256
native_to_wasm,8133,210217,208932,419150,42256
native_to_wasm,8134,210133,209612,419746,42256
native_to_wasm,8135,210247,208864,419112,42256
native_to_wasm,8136,210933,208946,419880,42256
native_to_wasm,8137,210105,209606,419712,42256
native_to_wasm,8138,210217,208932,419150,42256
native_to_wasm,8139,212455,208920,421376,42256
native_to_wasm,8140,210255,210108,420364,42256
native_to_wasm,8141,210221,208932,419154,42256
native_to_wasm,8142,210137,209640,419778,42256
native_to_wasm,8143,210259,208864,419124,42256
native_to_wasm,8144,210937,208944,419882,42256
native_to_wasm,8145,210519,209606,420126,42256
native_to_wasm,8146,210219,208924,419144,42256
native_to_wasm,8147,212045,208920,420966,42256
native_to_wasm,8148,210253,209942,420196,42256
native_to_wasm,8149,210245,208940,419186,42256
native_to_wasm,8150,210133,209606,419740,42256
native_to_wasm,8151,210219,208818,419038,42256
native_to_wasm,8152,210947,208938,419886,42256
native_to_wasm,8153,210525,209642,420168,42256
native_to_wasm,8154,210233,208914,419148,42256
native_to_wasm,8155,211117,208946,420064,42256
native_to_wasm,8156,210235,210096,420332,42256
native_to_wasm,8157,210219,208922,419142,42256
native_to_wasm,8158,210127,209638,419766,42256
native_to_wasm,8159,210223,208832,419056,42256
native_to_wasm,8160,210929,208940,419870,42256
native_to_wasm,8161,210455,209612,420068,42256
native_to_wasm,8162,210249,208940,419190,42256
native_to_wasm,8163,211141,208936,420078,42256
native_to_wasm,8164,210239,208872,419112,42256
native_to_wasm,8165,211303,208924,420228,42256
native_to_wasm,8166,210135,209616,419752,42256
native_to_wasm,8167,210245,208852,419098,42256
native_to_wasm,8168,210913,208920,419834,42256
native_to_wasm,8169,211347,209638,420986,42256
native_to_wasm,8170,210225,208922,419148,42256
native_to_wasm,8171,211133,208948,420082,42256
native_to_wasm,8172,210235,208812,419048,42256
native_to_wasm,8173,211343,208932,420276,42256
native_to_wasm,8174,210133,209606,419740,42256
native_to_wasm,8175,210219,208864,419084,42256
native_to_wasm,8176,210947,208938,419886,42256
native_to_wasm,8177,210509,209726,420236,42256
native_to_wasm,8178,210233,208918,419152,42256
native_to_wasm,8179,211421,208932,420354,42256
native_to_wasm,8180,210243,208860,419104,42256
native_to_wasm,8181,210941,208940,419882,42256
native_to_wasm,8182,210109,209642,419752,42256
native_to_wasm,8183,210235,208864,419100,42256
native_to_wasm,8184,210937,208942,419880,42256
native_to_wasm,8185,210239,210588,420828,42256
native_to_wasm,8186,210243,208940,419184,42256
native_to_wasm,8187,211333,208954,420288,42256
native_to_wasm,8188,210227,208814,419042,42256
native_to_wasm,8189,210911,208922,419834,42256
native_to_wasm,8190,210121,209636,419758,42256
native_to_wasm,8191,210241,209266,419508,42256
native_to_wasm,8192,210111,208948,419060,42256
native_to_wasm,8193,210131,209606,419738,42256
native_to_wasm,8194,210219,208862,419082,42256
native_to_wasm,8195,210911,208922,419834,42256
native_to_wasm,8196,211393,209632,421026,42256
native_to_wasm,8197,210239,208940,419180,42256
native_to_wasm,8198,211141,208934,420076,42256
native_to_wasm,8199,210239,208850,419090,42256
native_to_wasm,8200,211453,208938,420392,42256
native_to_wasm,8201,210123,209638,419762,42256
native_to_wasm,8202,210221,208830,419052,42256
native_to_wasm,8203,210933,208938,419872,42256
native_to_wasm,8204,211333,209632,420966,42256
native_to_wasm,8205,210249,208944,419194,42256
native_to_wasm,8206,211137,208932,420070,42256
native_to_wasm,8207,210245,208850,419096,42256
native_to_wasm,8208,211253,208932,420186,42256
native_to_wasm,8209,210133,209606,419740,42256
native_to_wasm,8210,210219,208864,419084,42256
native_to_wasm,8211,210947,208938,419886,42256
native_to_wasm,8212,210509,209726,420236,42256
native_to_wasm,8213,210233,208918,419152,42256
native_to_wasm,8214,211421,208932,420354,42256
native_to_wasm,8215,210243,208860,419104,42256
native_to_wasm,8216,210941,208940,419882,42256
native_to_wasm,8217,210109,209642,419752,42256
native_to_wasm,8218,210235,208864,419100,42256
native_to_wasm,8219,210937,208942,419880,42256
native_to_wasm,8220,210239,210588,420828,42256
native_to_wasm,8221,210243,208940,419184,42256
native_to_wasm,8222,211333,208954,420288,42256
native_to_wasm,8223,210227,208814,419042,42256
native_to_wasm,8224,210911,208922,419834,42256
native_to_wasm,8225,210121,209636,419758,42256
native_to_wasm,8226,210241,209266,419508,42256
native_to_wasm,8227,210911,208918,419830,42256
native_to_wasm,8228,210219,210762,420982,42256
native_to_wasm,8229,210239,208940,419180,42256
native_to_wasm,8230,211355,208916,420272,42256
native_to_wasm,8231,210219,208864,419084,42256
native_to_wasm,8232,210911,208920,419832,42256
native_to_wasm,8233,210129,209632,419762,42256
native_to_wasm,8234,210233,209238,419472,42256
native_to_wasm,8235,210931,208948,419880,42256
native_to_wasm,8236,210233,209836,420070,42256
native_to_wasm,8237,210237,208942,419180,42256
native_to_wasm,8238,211425,208950,420376,42256
native_to_wasm,8239,210237,208852,419090,42256
native_to_wasm,8240,210913,208922,419836,42256
native_to_wasm,8241,210121,209658,419780,42256
native_to_wasm,8242,210241,209390,419632,42256
native_to_wasm,8243,210937,208942,419880,42256
native_to_wasm,8244,210241,209834,420076,42256
native_to_wasm,8245,210235,208948,419184,42256
native_to_wasm,8246,211043,208934,419978,42256
native_to_wasm,8247,210241,208872,419114,42256
native_to_wasm,8248,210911,208926,419838,42256
native_to_wasm,8249,210125,209638,419764,42256
native_to_wasm,8250,210223,210615,420839,42256
native_to_wasm,8251,210938,208942,419881,42256
native_to_wasm,8252,210247,209834,420082,42256
native_to_wasm,8253,210221,208932,419154,42256
native_to_wasm,8254,210133,210144,420278,42256
native_to_wasm,8255,210243,208864,419108,42256
native_to_wasm,8256,210933,208946,419880,42256
native_to_wasm,8257,210129,209606,419736,42256
native_to_wasm,8258,210219,209223,419443,42256
native_to_wasm,8259,211378,208922,420301,42256
native_to_wasm,8260,210247,209842,420090,42256
native_to_wasm,8261,210217,208932,419150,42256
native_to_wasm,8262,210133,209612,419746,42256
native_to_wasm,8263,210247,208864,419112,42256
native_to_wasm,8264,210933,208946,419880,42256
native_to_wasm,8265,210105,209606,419712,42256
native_to_wasm,8266,210217,208932,419150,42256
native_to_wasm,8267,212455,208920,421376,42256
native_to_wasm,8268,210255,210108,420364,42256
native_to_wasm,8269,210221,208932,419154,42256
native_to_wasm,8270,210137,209640,419778,42256
native_to_wasm,8271,210259,208864,419124,42256
native_to_wasm,8272,210937,208944,419882,42256
native_to_wasm,8273,210519,209606,420126,42256
native_to_wasm,8274,210219,208924,419144,42256
native_to_wasm,8275,212045,208920,420966,42256
native_to_wasm,8276,210253,209942,420196,42256
native_to_wasm,8277,210245,208940,419186,42256
native_to_wasm,8278,210133,209606,419740,42256
native_to_wasm,8279,210219,208818,419038,42256
native_to_wasm,8280,210947,208938,419886,42256
native_to_wasm,8281,210525,209642,420168,42256
native_to_wasm,8282,210233,208914,419148,42256
native_to_wasm,8283,211117,208946,420064,42256
native_to_wasm,8284,210235,210096,420332,42256
native_to_wasm,8285,210219,208922,419142,42256
native_to_wasm,8286,210127,209638,419766,42256
native_to_wasm,8287,210223,208832,419056,42256
native_to_wasm,8288,210929,208940,419870,42256
native_to_wasm,8289,210455,209612,420068,42256
native_to_wasm,8290,210249,208940,419190,42256
native_to_wasm,8291,211141,208936,420078,42256
native_to_wasm,8292,210239,208872,419112,42256
native_to_wasm,8293,211303,208924,420228,42256
native_to_wasm,8294,210135,209616,419752,42256
native_to_wasm,8295,210245,208852,419098,42256
native_to_wasm,8296,210913,208920,419834,42256
native_to_wasm,8297,211347,209638,420986,42256
native_to_wasm,8298,210225,208922,419148,42256
native_to_wasm,8299,211133,208948,420082,42256
native_to_wasm,8300,210235,208812,419048,42256
native_to_wasm,8301,211343,208932,420276,42256
native_to_wasm,8302,210133,209606,419740,42256
native_to_wasm,8303,210219,208864,419084,42256
native_to_wasm,8304,210947,208938,419886,42256
native_to_wasm,8305,210509,209726,420236,42256
native_to_wasm,8306,210233,208918,419152,42256
native_to_wasm,8307,211421,208932,420354,42256
native_to_wasm,8308,210243,208860,419104,42256
native_to_wasm,8309,210941,208940,419882,42256
native_to_wasm,8310,210109,209642,419752,42256
native_to_wasm,8311,210235,208864,419100,42256
native_to_wasm,8312,210937,208942,419880,42256
native_to_wasm,8313,210239,210588,420828,42256
native_to_wasm,8314,210243,208940,419184,42256
native_to_wasm,8315,211333,208954,420288,42256
native_to_wasm,8316,210227,208814,419042,42256
native_to_wasm,8317,210911,208922,419834,42256
native_to_wasm,8318,210121,209636,419758,42256
native_to_wasm,8319,210241,209266,419508,42256
native_to_wasm,8320,210111,208948,419060,42256
native_to_wasm,8321,210131,209606,419738,42256
native_to_wasm,8322,210219,208862,419082,42256
native_to_wasm,8323,210911,208922,419834,42256
native_to_wasm,8324,211393,209632,421026,42256
native_to_wasm,8325,210239,208940,419180,42256
native_to_wasm,8326,211141,208934,420076,42256
native_to_wasm,8327,210239,208850,419090,42256
native_to_wasm,8328,211453,208938,420392,42256
native_to_wasm,8329,210123,209638,419762,42256
native_to_wasm,8330,210221,208830,419052,42256
native_to_wasm,8331,210933,208938,419872,42256
native_to_wasm,8332,211333,209632,420966,42256
native_to_wasm,8333,210249,208944,419194,42256
native_to_wasm,8334,211137,208932,420070,42256
native_to_wasm,8335,210245,208850,419096,42256
native_to_wasm,8336,211253,208932,420186,42256
native_to_wasm,8337,210133,209606,419740,42256
native_to_wasm,8338,210219,208864,419084,42256
native_to_wasm,8339,210947,208938,419886,42256
native_to_wasm,8340,210509,209726,420236,42256
native_to_wasm,8341,210233,208918,419152,42256
native_to_wasm,8342,211421,208932,420354,42256
native_to_wasm,8343,210243,208860,419104,42256
native_to_wasm,8344,210941,208940,419882,42256
native_to_wasm,8345,210109,209642,419752,42256
native_to_wasm,8346,210235,208864,419100,42256
native_to_wasm,8347,210937,208942,419880,42256
native_to_wasm,8348,210239,210588,420828,42256
native_to_wasm,8349,210243,208940,419184,42256
native_to_wasm,8350,211333,208954,420288,42256
native_to_wasm,8351,210227,208814,419042,42256
native_to_wasm,8352,210911,208922,419834,42256
native_to_wasm,8353,210121,209636,419758,42256
native_to_wasm,8354,210241,209266,419508,42256
native_to_wasm,8355,210911,208918,419830,42256
native_to_wasm,8356,210219,210762,420982,42256
native_to_wasm,8357,210239,208940,419180,42256
native_to_wasm,8358,211355,208916,420272,42256
native_to_wasm,8359,210219,208864,419084,42256
native_to_wasm,8360,210911,208920,419832,42256
native_to_wasm,8361,210129,209632,419762,42256
native_to_wasm,8362,210233,209238,419472,42256
native_to_wasm,8363,210931,208948,419880,42256
native_to_wasm,8364,210233,209836,420070,42256
native_to_wasm,8365,210237,208942,419180,42256
native_to_wasm,8366,211425,208950,420376,42256
native_to_wasm,8367,210237,208852,419090,42256
native_to_wasm,8368,210913,208922,419836,42256
native_to_wasm,8369,210121,209658,419780,42256
native_to_wasm,8370,210241,209390,419632,42256
native_to_wasm,8371,210937,208942,419880,42256
native_to_wasm,8372,210241,209834,420076,42256
native_to_wasm,8373,210235,208948,419184,42256
native_to_wasm,8374,211043,208934,419978,42256
native_to_wasm,8375,210241,208872,419114,42256
native_to_wasm,8376,210911,208926,419838,42256
native_to_wasm,8377,210125,209638,419764,42256
native_to_wasm,8378,210223,210615,420839,42256
native_to_wasm,8379,210938,208942,419881,42256
native_to_wasm,8380,210247,209834,420082,42256
native_to_wasm,8381,210221,208932,419154,42256
native_to_wasm,8382,210133,210144,420278,42256
native_to_wasm,8383,210243,208864,419108,42256
native_to_wasm,8384,210933,208946,419880,42256
native_to_wasm,8385,210129,209606,419736,42256
native_to_wasm,8386,210219,209223,419443,42256
native_to_wasm,8387,211378,208922,420301,42256
native_to_wasm,8388,210247,209842,420090,42256
native_to_wasm,8389,210217,208932,419150,42256
native_to_wasm,8390,210133,209612,419746,42256
native_to_wasm,8391,210247,208864,419112,42256
native_to_wasm,8392,210933,208946,419880,42256
native_to_wasm,8393,210105,209606,419712,42256
native_to_wasm,8394,210217,208932,419150,42256
native_to_wasm,8395,212455,208920,421376,42256
native_to_wasm,8396,210255,210108,420364,42256
native_to_wasm,8397,210221,208932,419154,42256
native_to_wasm,8398,210137,209640,419778,42256
native_to_wasm,8399,210259,208864,419124,42256
native_to_wasm,8400,210937,208944,419882,42256
native_to_wasm,8401,210519,209606,420126,42256
native_to_wasm,8402,210219,208924,419144,42256
native_to_wasm,8403,212045,208920,420966,42256
native_to_wasm,8404,210253,209942,420196,42256
native_to_wasm,8405,210245,208940,419186,42256
native_to_wasm,8406,210133,209606,419740,42256
native_to_wasm,8407,210219,208818,419038,42256
native_to_wasm,8408,210947,208938,419886,42256
native_to_wasm,8409,210525,209642,420168,42256
native_to_wasm,8410,210233,208914,419148,42256
native_to_wasm,8411,211117,208946,420064,42256
native_to_wasm,8412,210235,210096,420332,42256
native_to_wasm,8413,210219,208922,419142,42256
native_to_wasm,8414,210127,209638,419766,42256
native_to_wasm,8415,210223,208832,419056,42256
native_to_wasm,8416,210929,208940,419870,42256
native_to_wasm,8417,210455,209612,420068,42256
native_to_wasm,8418,210249,208940,419190,42256
native_to_wasm,8419,211141,208936,420078,42256
native_to_wasm,8420,210239,208872,419112,42256
native_to_wasm,8421,211303,208924,420228,42256
native_to_wasm,8422,210135,209616,419752,42256
native_to_wasm,8423,210245,208852,419098,42256
native_to_wasm,8424,210913,208920,419834,42256
native_to_wasm,8425,211347,209638,420986,42256
native_to_wasm,8426,210225,208922,419148,42256
native_to_wasm,8427,211133,208948,420082,42256
native_to_wasm,8428,210235,208812,419048,42256
native_to_wasm,8429,211343,208932,420276,42256
native_to_wasm,8430,210133,209606,419740,42256
native_to_wasm,8431,210219,208864,419084,42256
native_to_wasm,8432,210947,208938,419886,42256
native_to_wasm,8433,210509,209726,420236,42256
native_to_wasm,8434,210233,208918,419152,42256
native_to_wasm,8435,211421,208932,420354,42256
native_to_wasm,8436,210243,208860,419104,42256
native_to_wasm,8437,210941,208940,419882,42256
native_to_wasm,8438,210109,209642,419752,42256
native_to_wasm,8439,210235,208864,419100,42256
native_to_wasm,8440,210937,208942,419880,42256
native_to_wasm,8441,210239,210588,420828,42256
native_to_wasm,8442,210243,208940,419184,42256
native_to_wasm,8443,211333,208954,420288,42256
native_to_wasm,8444,210227,208814,419042,42256
native_to_wasm,8445,210911,208922,419834,42256
native_to_wasm,8446,210121,209636,419758,42256
native_to_wasm,8447,210241,209266,419508,42256
native_to_wasm,8448,210111,208948,419060,42256
native_to_wasm,8449,210131,209606,419738,42256
native_to_wasm,8450,210219,208862,419082,42256
native_to_wasm,8451,210911,208922,419834,42256
native_to_wasm,8452,211393,209632,421026,42256
native_to_wasm,8453,210239,208940,419180,42256
native_to_wasm,8454,211141,208934,420076,42256
native_to_wasm,8455,210239,208850,419090,42256
native_to_wasm,8456,211453,208938,420392,42256
native_to_wasm,8457,210123,209638,419762,42256
native_to_wasm,8458,210221,208830,419052,42256
native_to_wasm,8459,210933,208938,419872,42256
native_to_wasm,8460,211333,209632,420966,42256
native_to_wasm,8461,210249,208944,419194,42256
native_to_wasm,8462,211137,208932,420070,42256
native_to_wasm,8463,210245,208850,419096,42256
native_to_wasm,8464,211253,208932,420186,42256
native_to_wasm,8465,210133,209606,419740,42256
native_to_wasm,8466,210219,208864,419084,42256
native_to_wasm,8467,210947,208938,419886,42256
native_to_wasm,8468,210509,209726,420236,42256
native_to_wasm,8469,210233,208918,419152,42256
native_to_wasm,8470,211421,208932,420354,42256
native_to_wasm,8471,210243,208860,419104,42256
native_to_wasm,8472,210941,208940,419882,42256
native_to_wasm,8473,210109,209642,419752,42256
native_to_wasm,8474,210235,208864,419100,42256
native_to_wasm,8475,210937,208942,419880,42256
native_to_wasm,8476,210239,210588,420828,42256
native_to_wasm,8477,210243,208940,419184,42256
native_to_wasm,8478,211333,208954,420288,42256
native_to_wasm,8479,210227,208814,419042,42256
native_to_wasm,8480,210911,208922,419834,42256
native_to_wasm,8481,210121,209636,419758,42256
native_to_wasm,8482,210241,209266,419508,42256
native_to_wasm,8483,210911,208918,419830,42256
native_to_wasm,8484,210219,210762,420982,42256
native_to_wasm,8485,210239,208940,419180,42256
native_to_wasm,8486,211355,208916,420272,42256
native_to_wasm,8487,210219,208864,419084,42256
native_to_wasm,8488,210911,208920,419832,42256
native_to_wasm,8489,210129,209632,419762,42256
native_to_wasm,8490,210233,209238,419472,42256
native_to_wasm,8491,210931,208948,419880,42256
native_to_wasm,8492,210233,209836,420070,42256
native_to_wasm,8493,210237,208942,419180,42256
native_to_wasm,8494,211425,208950,420376,42256
native_to_wasm,8495,210237,208852,419090,42256
native_to_wasm,8496,210913,208922,419836,42256
native_to_wasm,8497,210121,209658,419780,42256
native_to_wasm,8498,210241,209390,419632,42256
native_to_wasm,8499,210937,208942,419880,42256
native_to_wasm,8500,210241,209834,420076,42256
native_to_wasm,8501,210235,208948,419184,42256
native_to_wasm,8502,211043,208934,419978,42256
native_to_wasm,8503,210241,208872,419114,42256
native_to_wasm,8504,210911,208926,419838,42256
native_to_wasm,8505,210125,209638,419764,42256
native_to_wasm,8506,210223,210615,420839,42256
native_to_wasm,8507,210938,208942,419881,42256
native_to_wasm,8508,210247,209834,420082,42256
native_to_wasm,8509,210221,208932,419154,42256
native_to_wasm,8510,210133,210144,420278,42256
native_to_wasm,8511,210243,208864,419108,42256
native_to_wasm,8512,210933,208946,419880,42256
native_to_wasm,8513,210129,209606,419736,42256
native_to_wasm,8514,210219,209223,419443,42256
native_to_wasm,8515,211378,208922,420301,42256
native_to_wasm,8516,210247,209842,420090,42256
native_to_wasm,8517,210217,208932,419150,42256
native_to_wasm,8518,210133,209612,419746,42256
native_to_wasm,8519,210247,208864,419112,42256
native_to_wasm,8520,210933,208946,419880,42256
native_to_wasm,8521,210105,209606,419712,42256
native_to_wasm,8522,210217,208932,419150,42256
native_to_wasm,8523,212455,208920,421376,42256
native_to_wasm,8524,210255,210108,420364,42256
native_to_wasm,8525,210221,208932,419154,42256
native_to_wasm,8526,210137,209640,419778,42256
native_to_wasm,8527,210259,208864,419124,42256
native_to_wasm,8528,210937,208944,419882,42256
native_to_wasm,8529,210519,209606,420126,42256
native_to_wasm,8530,210219,208924,419144,42256
native_to_wasm,8531,212045,208920,420966,42256
native_to_wasm,8532,210253,209942,420196,42256
native_to_wasm,8533,210245,208940,419186,42256
native_to_wasm,8534,210133,209606,419740,42256
native_to_wasm,8535,210219,208818,419038,42256
native_to_wasm,8536,210947,208938,419886,42256
native_to_wasm,8537,210525,209642,420168,42256
native_to_wasm,8538,210233,208914,419148,42256
native_to_wasm,8539,211117,208946,420064,42256
native_to_wasm,8540,210235,210096,420332,42256
native_to_wasm,8541,210219,208922,419142,42256
native_to_wasm,8542,210127,209638,419766,42256
native_to_wasm,8543,210223,208832,419056,42256
native_to_wasm,8544,210929,208940,419870,42256
native_to_wasm,8545,210455,209612,420068,42256
native_to_wasm,8546,210249,208940,419190,42256
native_to_wasm,8547,211141,208936,420078,42256
native_to_wasm,8548,210239,208872,419112,42256
native_to_wasm,8549,211303,208924,420228,42256
native_to_wasm,8550,210135,209616,419752,42256
native_to_wasm,8551,210245,208852,419098,42256
native_to_wasm,8552,210913,208920,419834,42256
native_to_wasm,8553,211347,209638,420986,42256
native_to_wasm,8554,210225,208922,419148,42256
native_to_wasm,8555,211133,208948,420082,42256
native_to_wasm,8556,210235,208812,419048,42256
native_to_wasm,8557,211343,208932,420276,42256
native_to_wasm,8558,210133,209606,419740,42256
native_to_wasm,8559,210219,208864,419084,42256
native_to_wasm,8560,210947,208938,419886,42256
native_to_wasm,8561,210509,209726,420236,42256
native_to_wasm,8562,210233,208918,419152,42256
native_to_wasm,8563,211421,208932,420354,42256
native_to_wasm,8564,210243,208860,419104,42256
native_to_wasm,8565,210941,208940,419882,42256
native_to_wasm,8566,210109,209642,419752,42256
native_to_wasm,8567,210235,208864,419100,42256
native_to_wasm,8568,210937,208942,419880,42256
native_to_wasm,8569,210239,210588,420828,42256
native_to_wasm,8570,210243,208940,419184,42256
native_to_wasm,8571,211333,208954,420288,42256
native_to_wasm,8572,210227,208814,419042,42256
native_to_wasm,8573,210911,208922,419834,42256
native_to_wasm,8574,210121,209636,419758,42256
native_to_wasm,8575,210241,209266,419508,42256
native_to_wasm,8576,210111,208948,419060,42256
native_to_wasm,8577,210131,209606,419738,42256
native_to_wasm,8578,210219,208862,419082,42256
native_to_wasm,8579,210911,208922,419834,42256
native_to_wasm,8580,211393,209632,421026,42256
native_to_wasm,8581,210239,208940,419180,42256
native_to_wasm,8582,211141,208934,420076,42256
native_to_wasm,8583,210239,208850,419090,42256
native_to_wasm,8584,211453,208938,420392,42256
native_to_wasm,8585,210123,209638,419762,42256
native_to_wasm,8586,210221,208830,419052,42256
native_to_wasm,8587,210933,208938,419872,42256
native_to_wasm,8588,211333,209632,420966,42256
native_to_wasm,8589,210249,208944,419194,42256
native_to_wasm,8590,211137,208932,420070,42256
native_to_wasm,8591,210245,208850,419096,42256
native_to_wasm,8592,211253,208932,420186,42256
native_to_wasm,8593,210133,209606,419740,42256
native_to_wasm,8594,210219,208864,419084,42256
native_to_wasm,8595,210947,208938,419886,42256
native_to_wasm,8596,210509,209726,420236,42256
native_to_wasm,8597,210233,208918,419152,42256
native_to_wasm,8598,211421,208932,420354,42256
native_to_wasm,8599,210243,208860,419104,42256
native_to_wasm,8600,210941,208940,419882,42256
native_to_wasm,8601,210109,209642,419752,42256
native_to_wasm,8602,210235,208864,419100,42256
native_to_wasm,8603,210937,208942,419880,42256
native_to_wasm,8604,210239,210588,420828,42256
native_to_wasm,8605,210243,208940,419184,42256
native_to_wasm,8606,211333,208954,420288,42256
native_to_wasm,8607,210227,208814,419042,42256
native_to_wasm,8608,210911,208922,419834,42256
native_to_wasm,8609,210121,209636,419758,42256
native_to_wasm,8610,210241,209266,419508,42256
native_to_wasm,8611,210911,208918,419830,42256
native_to_wasm,8612,210219,210762,420982,42256
native_to_wasm,8613,210239,208940,419180,42256
native_to_wasm,8614,211355,208916,420272,42256
native_to_wasm,8615,210219,208864,419084,42256
native_to_wasm,8616,210911,208920,419832,42256
native_to_wasm,8617,210129,209632,419762,42256
native_to_wasm,8618,210233,209238,419472,42256
native_to_wasm,8619,210931,208948,419880,42256
native_to_wasm,8620,210233,209836,420070,42256
native_to_wasm,8621,210237,208942,419180,42256
native_to_wasm,8622,211425,208950,420376,42256
native_to_wasm,8623,210237,208852,419090,42256
native_to_wasm,8624,210913,208922,419836,42256
native_to_wasm,8625,210121,209658,419780,42256
native_to_wasm,8626,210241,209390,419632,42256
native_to_wasm,8627,210937,208942,419880,42256
native_to_wasm,8628,210241,209834,420076,42256
native_to_wasm,8629,210235,208948,419184,42256
native_to_wasm,8630,211043,208934,419978,42256
native_to_wasm,8631,210241,208872,419114,42256
native_to_wasm,8632,210911,208926,419838,42256
native_to_wasm,8633,210125,209638,419764,42256
native_to_wasm,8634,210223,210615,420839,42256
native_to_wasm,8635,210938,208942,419881,42256
native_to_wasm,8636,210247,209834,420082,42256
native_to_wasm,8637,210221,208932,419154,42256
native_to_wasm,8638,210133,210144,420278,42256
native_to_wasm,8639,210243,208864,419108,42256
native_to_wasm,8640,210933,208946,419880,42256
native_to_wasm,8641,210129,209606,419736,42256
native_to_wasm,8642,210219,209223,419443,42256
native_to_wasm,8643,211378,208922,420301,42256
native_to_wasm,8644,210247,209842,420090,42256
native_to_wasm,8645,210217,208932,419150,42256
native_to_wasm,8646,210133,209612,419746,42256
native_to_wasm,8647,210247,208864,419112,42256
native_to_wasm,8648,210933,208946,419880,42256
native_to_wasm,8649,210105,209606,419712,42256
native_to_wasm,8650,210217,208932,419150,42256
native_to_wasm,8651,212455,208920,421376,42256
native_to_wasm,8652,210255,210108,420364,42256
native_to_wasm,8653,210221,208932,419154,42256
native_to_wasm,8654,210137,209640,419778,42256
native_to_wasm,8655,210259,208864,419124,42256
native_to_wasm,8656,210937,208944,419882,42256
native_to_wasm,8657,210519,209606,420126,42256
native_to_wasm,8658,210219,208924,419144,42256
native_to_wasm,8659,212045,208920,420966,42256
native_to_wasm,8660,210253,209942,420196,42256
native_to_wasm,8661,210245,208940,419186,42256
native_to_wasm,8662,210133,209606,419740,42256
native_to_wasm,8663,210219,208818,419038,42256
native_to_wasm,8664,210947,208938,419886,42256
native_to_wasm,8665,210525,209642,420168,42256
native_to_wasm,8666,210233,208914,419148,42256
native_to_wasm,8667,211117,208946,420064,42256
native_to_wasm,8668,210235,210096,420332,42256
native_to_wasm,8669,210219,208922,419142,42256
native_to_wasm,8670,210127,209638,419766,42256
native_to_wasm,8671,210223,208832,419056,42256
native_to_wasm,8672,210929,208940,419870,42256
native_to_wasm,8673,210455,209612,420068,42256
native_to_wasm,8674,210249,208940,419190,42256
native_to_wasm,8675,211141,208936,420078,42256
native_to_wasm,8676,210239,208872,419112,42256
native_to_wasm,8677,211303,208924,420228,42256
native_to_wasm,8678,210135,209616,419752,42256
native_to_wasm,8679,210245,208852,419098,42256
native_to_wasm,8680,210913,208920,419834,42256
native_to_wasm,8681,211347,209638,420986,42256
native_to_wasm,8682,210225,208922,419148,42256
native_to_wasm,8683,211133,208948,420082,42256
native_to_wasm,8684,210235,208812,419048,42256
native_to_wasm,8685,211343,208932,420276,42256
native_to_wasm,8686,210133,209606,419740,42256
native_to_wasm,8687,210219,208864,419084,42256
native_to_wasm,8688,210947,208938,419886,42256
native_to_wasm,8689,210509,209726,420236,42256
native_to_wasm,8690,210233,208918,419152,42256
native_to_wasm,8691,211421,208932,420354,42256
native_to_wasm,8692,210243,208860,419104,42256
native_to_wasm,8693,210941,208940,419882,42256
native_to_wasm,8694,210109,209642,419752,42256
native_to_wasm,8695,210235,208864,419100,42256
native_to_wasm,8696,210937,208942,419880,42256
native_to_wasm,8697,210239,210588,420828,42256
native_to_wasm,8698,210243,208940,419184,42256
native_to_wasm,8699,211333,208954,420288,42256
native_to_wasm,8700,210227,208814,419042,42256
native_to_wasm,8701,210911,208922,419834,42256
native_to_wasm,8702,210121,209636,419758,42256
native_to_wasm,8703,210241,209266,419508,42256
native_to_wasm,8704,210111,208948,419060,42256
native_to_wasm,8705,210131,209606,419738,42256
native_to_wasm,8706,210219,208862,419082,42256
native_to_wasm,8707,210911,208922,419834,42256
native_to_wasm,8708,211393,209632,421026,42256
native_to_wasm,8709,210239,208940,419180,42256
native_to_wasm,8710,211141,208934,420076,42256
native_to_wasm,8711,210239,208850,419090,42256
native_to_wasm,8712,211453,208938,420392,42256
native_to_wasm,8713,210123,209638,419762,42256
native_to_wasm,8714,210221,208830,419052,42256
native_to_wasm,8715,210933,208938,419872,42256
native_to_wasm,8716,211333,209632,420966,42256
native_to_wasm,8717,210249,208944,419194,42256
native_to_wasm,8718,211137,208932,420070,42256
native_to_wasm,8719,210245,208850,419096,42256
native_to_wasm,8720,211253,208932,420186,42256
native_to_wasm,8721,210133,209606,419740,42256
native_to_wasm,8722,210219,208864,419084,42256
native_to_wasm,8723,210947,208938,419886,42256
native_to_wasm,8724,210509,209726,420236,42256
native_to_wasm,8725,210233,208918,419152,42256
native_to_wasm,8726,211421,208932,420354,42256
native_to_wasm,8727,210243,208860,419104,42256
native_to_wasm,8728,210941,208940,419882,42256
native_to_wasm,8729,210109,209642,419752,42256
native_to_wasm,8730,210235,208864,419100,42256
native_to_wasm,8731,210937,208942,419880,42256
native_to_wasm,8732,210239,210588,420828,42256
native_to_wasm,8733,210243,208940,419184,42256
native_to_wasm,8734,211333,208954,420288,42256
native_to_wasm,8735,210227,208814,419042,42256
native_to_wasm,8736,210911,208922,419834,42256
native_to_wasm,8737,210121,209636,419758,42256
native_to_wasm,8738,210241,209266,419508,42256
native_to_wasm,8739,210911,208918,419830,42256
native_to_wasm,8740,210219,210762,420982,42256
native_to_wasm,8741,210239,208940,419180,42256
native_to_wasm,8742,211355,208916,420272,42256
native_to_wasm,8743,210219,208864,419084,42256
native_to_wasm,8744,210911,208920,419832,42256
native_to_wasm,8745,210129,209632,419762,42256
native_to_wasm,8746,210233,209238,419472,42256
native_to_wasm,8747,210931,208948,419880,42256
native_to_wasm,8748,210233,209836,420070,42256
native_to_wasm,8749,210237,208942,419180,42256
native_to_wasm,8750,211425,208950,420376,42256
native_to_wasm,8751,210237,208852,419090,42256
native_to_wasm,8752,210913,208922,419836,42256
native_to_wasm,8753,210121,209658,419780,42256
native_to_wasm,8754,210241,209390,419632,42256
native_to_wasm,8755,210937,208942,419880,42256
native_to_wasm,8756,210241,209834,420076,42256
native_to_wasm,8757,210235,208948,419184,42256
native_to_wasm,8758,211043,208934,419978,42256
native_to_wasm,8759,210241,208872,419114,42256
native_to_wasm,8760,210911,208926,419838,42256
native_to_wasm,8761,210125,209638,419764,42256
native_to_wasm,8762,210223,210615,420839,42256
native_to_wasm,8763,210938,208942,419881,42256
native_to_wasm,8764,210247,209834,420082,42256
native_to_wasm,8765,210221,208932,419154,42256
native_to_wasm,8766,210133,210144,420278,42256
native_to_wasm,8767,210243,208864,419108,42256
native_to_wasm,8768,210933,208946,419880,42256
native_to_wasm,8769,210129,209606,419736,42256
native_to_wasm,8770,210219,209223,419443,42256
native_to_wasm,8771,211378,208922,420301,42256
native_to_wasm,8772,210247,209842,420090,42256
native_to_wasm,8773,210217,208932,419150,42256
native_to_wasm,8774,210133,209612,419746,42256
native_to_wasm,8775,210247,208864,419112,42256
native_to_wasm,8776,210933,208946,419880,42256
native_to_wasm,8777,210105,209606,419712,42256
native_to_wasm,8778,210217,208932,419150,42256
native_to_wasm,8779,212455,208920,421376,42256
native_to_wasm,8780,210255,210108,420364,42256
native_to_wasm,8781,210221,208932,419154,42256
native_to_wasm,8782,210137,209640,419778,42256
native_to_wasm,8783,210259,208864,419124,42256
native_to_wasm,8784,210937,208944,419882,42256
native_to_wasm,8785,210519,209606,420126,42256
native_to_wasm,8786,210219,208924,419144,42256
native_to_wasm,8787,212045,208920,420966,42256
native_to_wasm,8788,210253,209942,420196,42256
native_to_wasm,8789,210245,208940,419186,42256
native_to_wasm,8790,210133,209606,419740,42256
native_to_wasm,8791,210219,208818,419038,42256
native_to_wasm,8792,210947,208938,419886,42256
native_to_wasm,8793,210525,209642,420168,42256
native_to_wasm,8794,210233,208914,419148,42256
native_to_wasm,8795,211117,208946,420064,42256
native_to_wasm,8796,210235,210096,420332,42256
native_to_wasm,8797,210219,208922,419142,42256
native_to_wasm,8798,210127,209638,419766,42256
native_to_wasm,8799,210223,208832,419056,42256
native_to_wasm,8800,210929,208940,419870,42256
native_to_wasm,8801,210455,209612,420068,42256
native_to_wasm,8802,210249,208940,419190,42256
native_to_wasm,8803,211141,208936,420078,42256
native_to_wasm,8804,210239,208872,419112,42256
native_to_wasm,8805,211303,208924,420228,42256
native_to_wasm,8806,210135,209616,419752,42256
native_to_wasm,8807,210245,208852,419098,42256
native_to_wasm,8808,210913,208920,419834,42256
native_to_wasm,8809,211347,209638,420986,42256
native_to_wasm,8810,210225,208922,419148,42256
native_to_wasm,8811,211133,208948,420082,42256
native_to_wasm,8812,210235,208812,419048,42256
native_to_wasm,8813,211343,208932,420276,42256
native_to_wasm,8814,210133,209606,419740,42256
native_to_wasm,8815,210219,208864,419084,42256
native_to_wasm,8816,210947,208938,419886,42256
native_to_wasm,8817,210509,209726,420236,42256
native_to_wasm,8818,210233,208918,419152,42256
native_to_wasm,8819,211421,208932,420354,42256
native_to_wasm,8820,210243,208860,419104,42256
native_to_wasm,8821,210941,208940,419882,42256
native_to_wasm,8822,210109,209642,419752,42256
native_to_wasm,8823,210235,208864,419100,42256
native_to_wasm,8824,210937,208942,419880,42256
native_to_wasm,8825,210239,210588,420828,42256
native_to_wasm,8826,210243,208940,419184,42256
native_to_wasm,8827,211333,208954,420288,42256
native_to_wasm,8828,210227,208814,419042,42256
native_to_wasm,8829,210911,208922,419834,42256
native_to_wasm,8830,210121,209636,419758,42256
native_to_wasm,8831,210241,209266,419508,42256
native_to_wasm,8832,210111,208948,419060,42256
native_to_wasm,8833,210131,209606,419738,42256
native_to_wasm,8834,210219,208862,419082,42256
native_to_wasm,8835,210911,208922,419834,42256
native_to_wasm,8836,211393,209632,421026,42256
native_to_wasm,8837,210239,208940,419180,42256
native_to_wasm,8838,211141,208934,420076,42256
native_to_wasm,8839,210239,208850,419090,42256
native_to_wasm,8840,211453,208938,420392,42256
native_to_wasm,8841,210123,209638,419762,42256
native_to_wasm,8842,210221,208830,419052,42256
native_to_wasm,8843,210933,208938,419872,42256
native_to_wasm,8844,211333,209632,420966,42256
native_to_wasm,8845,210249,208944,419194,42256
native_to_wasm,8846,211137,208932,420070,42256
native_to_wasm,8847,210245,208850,419096,42256
native_to_wasm,8848,211253,208932,420186,42256
native_to_wasm,8849,210133,209606,419740,42256
native_to_wasm,8850,210219,208864,419084,42256
native_to_wasm,8851,210947,208938,419886,42256
native_to_wasm,8852,210509,209726,420236,42256
native_to_wasm,8853,210233,208918,419152,42256
native_to_wasm,8854,211421,208932,420354,42256
native_to_wasm,8855,210243,208860,419104,42256
native_to_wasm,8856,210941,208940,419882,42256
native_to_wasm,8857,210109,209642,419752,42256
native_to_wasm,8858,210235,208864,419100,42256
native_to_wasm,8859,210937,208942,419880,42256
native_to_wasm,8860,210239,210588,420828,42256
native_to_wasm,8861,210243,208940,419184,42256
native_to_wasm,8862,211333,208954,420288,42256
native_to_wasm,8863,210227,208814,419042,42256
native_to_wasm,8864,210911,208922,419834,42256
native_to_wasm,8865,210121,209636,419758,42256
native_to_wasm,8866,210241,209266,419508,42256
native_to_wasm,8867,210911,208918,419830,42256
native_to_wasm,8868,210219,210762,420982,42256
native_to_wasm,8869,210239,208940,419180,42256
native_to_wasm,8870,211355,208916,420272,42256
native_to_wasm,8871,210219,208864,419084,42256
native_to_wasm,8872,210911,208920,419832,42256
native_to_wasm,8873,210129,209632,419762,42256
native_to_wasm,8874,210233,209238,419472,42256
native_to_wasm,8875,210931,208948,419880,42256
native_to_wasm,8876,210233,209836,420070,42256
native_to_wasm,8877,210237,208942,419180,42256
native_to_wasm,8878,211425,208950,420376,42256
native_to_wasm,8879,210237,208852,419090,42256
native_to_wasm,8880,210913,208922,419836,42256
native_to_wasm,8881,210121,209658,419780,42256
native_to_wasm,8882,210241,209390,419632,42256
native_to_wasm,8883,210937,208942,419880,42256
native_to_wasm,8884,210241,209834,420076,42256
native_to_wasm,8885,210235,208948,419184,42256
native_to_wasm,8886,211043,208934,419978,42256
native_to_wasm,8887,210241,208872,419114,42256
native_to_wasm,8888,210911,208926,419838,42256
native_to_wasm,8889,210125,209638,419764,42256
native_to_wasm,8890,210223,210615,420839,42256
native_to_wasm,8891,210938,208942,419881,42256
native_to_wasm,8892,210247,209834,420082,42256
native_to_wasm,8893,210221,208932,419154,42256
native_to_wasm,8894,210133,210144,420278,42256
native_to_wasm,8895,210243,208864,419108,42256
native_to_wasm,8896,210933,208946,419880,42256
native_to_wasm,8897,210129,209606,419736,42256
native_to_wasm,8898,210219,209223,419443,42256
native_to_wasm,8899,211378,208922,420301,42256
native_to_wasm,8900,210247,209842,420090,42256
native_to_wasm,8901,210217,208932,419150,42256
native_to_wasm,8902,210133,209612,419746,42256
native_to_wasm,8903,210247,208864,419112,42256
native_to_wasm,8904,210933,208946,419880,42256
native_to_wasm,8905,210105,209606,419712,42256
native_to_wasm,8906,210217,208932,419150,42256
native_to_wasm,8907,212455,208920,421376,42256
native_to_wasm,8908,210255,210108,420364,42256
native_to_wasm,8909,210221,208932,419154,42256
native_to_wasm,8910,210137,209640,419778,42256
native_to_wasm,8911,210259,208864,419124,42256
native_to_wasm,8912,210937,208944,419882,42256
native_to_wasm,8913,210519,209606,420126,42256
native_to_wasm,8914,210219,208924,419144,42256
native_to_wasm,8915,212045,208920,420966,42256
native_to_wasm,8916,210253,209942,420196,42256
native_to_wasm,8917,210245,208940,419186,42256
native_to_wasm,8918,210133,209606,419740,42256
native_to_wasm,8919,210219,208818,419038,42256
native_to_wasm,8920,210947,208938,419886,42256
native_to_wasm,8921,210525,209642,420168,42256
native_to_wasm,8922,210233,208914,419148,42256
native_to_wasm,8923,211117,208946,420064,42256
native_to_wasm,8924,210235,210096,420332,42256
native_to_wasm,8925,210219,208922,419142,42256
native_to_wasm,8926,210127,209638,419766,42256
native_to_wasm,8927,210223,208832,419056,42256
native_to_wasm,8928,210929,208940,419870,42256
native_to_wasm,8929,210455,209612,420068,42256
native_to_wasm,8930,210249,208940,419190,42256
native_to_wasm,8931,211141,208936,420078,42256
native_to_wasm,8932,210239,208872,419112,42256
native_to_wasm,8933,211303,208924,420228,42256
native_to_wasm,8934,210135,209616,419752,42256
native_to_wasm,8935,210245,208852,419098,42256
native_to_wasm,8936,210913,208920,419834,42256
native_to_wasm,8937,211347,209638,420986,42256
native_to_wasm,8938,210225,208922,419148,42256
native_to_wasm,8939,211133,208948,420082,42256
native_to_wasm,8940,210235,208812,419048,42256
native_to_wasm,8941,211343,208932,420276,42256
native_to_wasm,8942,210133,209606,419740,42256
native_to_wasm,8943,210219,208864,419084,42256
native_to_wasm,8944,210947,208938,419886,42256
native_to_wasm,8945,210509,209726,420236,42256
native_to_wasm,8946,210233,208918,419152,42256
native_to_wasm,8947,211421,208932,420354,42256
native_to_wasm,8948,210243,208860,419104,42256
native_to_wasm,8949,210941,208940,419882,42256
native_to_wasm,8950,210109,209642,419752,42256
native_to_wasm,8951,210235,208864,419100,42256
native_to_wasm,8952,210937,208942,419880,42256
native_to_wasm,8953,210239,210588,420828,42256
native_to_wasm,8954,210243,208940,419184,42256
native_to_wasm,8955,211333,208954,420288,42256
native_to_wasm,8956,210227,208814,419042,42256
native_to_wasm,8957,210911,208922,419834,42256
native_to_wasm,8958,210121,209636,419758,42256
native_to_wasm,8959,210241,209266,419508,42256
native_to_wasm,8960,210111,208948,419060,42256
native_to_wasm,8961,210131,209606,419738,42256
native_to_wasm,8962,210219,208862,419082,42256
native_to_wasm,8963,210911,208922,419834,42256
native_to_wasm,8964,211393,209632,421026,42256
native_to_wasm,8965,210239,208940,419180,42256
native_to_wasm,8966,211141,208934,420076,42256
native_to_wasm,8967,210239,208850,419090,42256
native_to_wasm,8968,211453,208938,420392,42256
native_to_wasm,8969,210123,209638,419762,42256
native_to_wasm,8970,210221,208830,419052,42256
native_to_wasm,8971,210933,208938,419872,42256
native_to_wasm,8972,211333,209632,420966,42256
native_to_wasm,8973,210249,208944,419194,42256
native_to_wasm,8974,211137,208932,420070,42256
native_to_wasm,8975,210245,208850,419096,42256
native_to_wasm,8976,211253,208932,420186,42256
native_to_wasm,8977,210133,209606,419740,42256
native_to_wasm,8978,210219,208864,419084,42256
native_to_wasm,8979,210947,208938,419886,42256
native_to_wasm,8980,210509,209726,420236,42256
native_to_wasm,8981,210233,208918,419152,42256
native_to_wasm,8982,211421,208932,420354,42256
native_to_wasm,8983,210243,208860,419104,42256
native_to_wasm,8984,210941,208940,419882,42256
native_to_wasm,8985,210109,209642,419752,42256
native_to_wasm,8986,210235,208864,419100,42256
native_to_wasm,8987,210937,208942,419880,42256
native_to_wasm,8988,210239,210588,420828,42256
native_to_wasm,8989,210243,208940,419184,42256
native_to_wasm,8990,211333,208954,420288,42256
native_to_wasm,8991,210227,208814,419042,42256
native_to_wasm,8992,210911,208922,419834,42256
native_to_wasm,8993,210121,209636,419758,42256
native_to_wasm,8994,210241,209266,419508,42256
native_to_wasm,8995,210911,208918,419830,42256
native_to_wasm,8996,210219,210762,420982,42256
native_to_wasm,8997,210239,208940,419180,42256
native_to_wasm,8998,211355,208916,420272,42256
native_to_wasm,8999,210219,208864,419084,42256
native_to_wasm,9000,210911,208920,419832,42256
native_to_wasm,9001,210129,209632,419762,42256
native_to_wasm,9002,210233,209238,419472,42256
native_to_wasm,9003,210931,208948,419880,42256
native_to_wasm,9004,210233,209836,420070,42256
native_to_wasm,9005,210237,208942,419180,42256
native_to_wasm,9006,211425,208950,420376,42256
native_to_wasm,9007,210237,208852,419090,42256
native_to_wasm,9008,210913,208922,419836,42256
native_to_wasm,9009,210121,209658,419780,42256
native_to_wasm,9010,210241,209390,419632,42256
native_to_wasm,9011,210937,208942,419880,42256
native_to_wasm,9012,210241,209834,420076,42256
native_to_wasm,9013,210235,208948,419184,42256
native_to_wasm,9014,211043,208934,419978,42256
native_to_wasm,9015,210241,208872,419114,42256
native_to_wasm,9016,210911,208926,419838,42256
native_to_wasm,9017,210125,209638,419764,42256
native_to_wasm,9018,210223,210615,420839,42256
native_to_wasm,9019,210938,208942,419881,42256
native_to_wasm,9020,210247,209834,420082,42256
native_to_wasm,9021,210221,208932,419154,42256
native_to_wasm,9022,210133,210144,420278,42256
native_to_wasm,9023,210243,208864,419108,42256
native_to_wasm,9024,210933,208946,419880,42256
native_to_wasm,9025,210129,209606,419736,42256
native_to_wasm,9026,210219,209223,419443,42256
native_to_wasm,9027,211378,208922,420301,42256
native_to_wasm,9028,210247,209842,420090,42256
native_to_wasm,9029,210217,208932,419150,42256
native_to_wasm,9030,210133,209612,419746,42256
native_to_wasm,9031,210247,208864,419112,42256
native_to_wasm,9032,210933,208946,419880,42256
native_to_wasm,9033,210105,209606,419712,42256
native_to_wasm,9034,210217,208932,419150,42256
native_to_wasm,9035,212455,208920,421376,42256
native_to_wasm,9036,210255,210108,420364,42256
native_to_wasm,9037,210221,208932,419154,42256
native_to_wasm,9038,210137,209640,419778,42256
native_to_wasm,9039,210259,208864,419124,42256
native_to_wasm,9040,210937,208944,419882,42256
native_to_wasm,9041,210519,209606,420126,42256
native_to_wasm,9042,210219,208924,419144,42256
native_to_wasm,9043,212045,208920,420966,42256
native_to_wasm,9044,210253,209942,420196,42256
native_to_wasm,9045,210245,208940,419186,42256
native_to_wasm,9046,210133,209606,419740,42256
native_to_wasm,9047,210219,208818,419038,42256
native_to_wasm,9048,210947,208938,419886,42256
native_to_wasm,9049,210525,209642,420168,42256
native_to_wasm,9050,210233,208914,419148,42256
native_to_wasm,9051,211117,208946,420064,42256
native_to_wasm,9052,210235,210096,420332,42256
native_to_wasm,9053,210219,208922,419142,42256
native_to_wasm,9054,210127,209638,419766,42256
native_to_wasm,9055,210223,208832,419056,42256
native_to_wasm,9056,210929,208940,419870,42256
native_to_wasm,9057,210455,209612,420068,42256
native_to_wasm,9058,210249,208940,419190,42256
native_to_wasm,9059,211141,208936,420078,42256
native_to_wasm,9060,210239,208872,419112,42256
native_to_wasm,9061,211303,208924,420228,42256
native_to_wasm,9062,210135,209616,419752,42256
native_to_wasm,9063,210245,208852,419098,42256
native_to_wasm,9064,210913,208920,419834,42256
native_to_wasm,9065,211347,209638,420986,42256
native_to_wasm,9066,210225,208922,419148,42256
native_to_wasm,9067,211133,208948,420082,42256
native_to_wasm,9068,210235,208812,419048,42256
native_to_wasm,9069,211343,208932,420276,42256
native_to_wasm,9070,210133,209606,419740,42256
native_to_wasm,9071,210219,208864,419084,42256
native_to_wasm,9072,210947,208938,419886,42256
native_to_wasm,9073,210509,209726,420236,42256
native_to_wasm,9074,210233,208918,419152,42256
native_to_wasm,9075,211421,208932,420354,42256
native_to_wasm,9076,210243,208860,419104,42256
native_to_wasm,9077,210941,208940,419882,42256
native_to_wasm,9078,210109,209642,419752,42256
native_to_wasm,9079,210235,208864,419100,42256
native_to_wasm,9080,210937,208942,419880,42256
native_to_wasm,9081,210239,210588,420828,42256
native_to_wasm,9082,210243,208940,419184,42256
native_to_wasm,9083,211333,208954,420288,42256
native_to_wasm,9084,210227,208814,419042,42256
native_to_wasm,9085,210911,208922,419834,42256
native_to_wasm,9086,210121,209636,419758,42256
native_to_wasm,9087,210241,209266,419508,42256
native_to_wasm,9088,210111,208948,419060,42256
native_to_wasm,9089,210131,209606,419738,42256
native_to_wasm,9090,210219,208862,419082,42256
native_to_wasm,9091,210911,208922,419834,42256
native_to_wasm,9092,211393,209632,421026,42256
native_to_wasm,9093,210239,208940,419180,42256
native_to_wasm,9094,211141,208934,420076,42256
native_to_wasm,9095,210239,208850,419090,42256
native_to_wasm,9096,211453,208938,420392,42256
native_to_wasm,9097,210123,209638,419762,42256
native_to_wasm,9098,210221,208830,419052,42256
native_to_wasm,9099,210933,208938,419872,42256
native_to_wasm,9100,211333,209632,420966,42256
native_to_wasm,9101,210249,208944,419194,42256
native_to_wasm,9102,211137,208932,420070,42256
native_to_wasm,9103,210245,208850,419096,42256
native_to_wasm,9104,211253,208932,420186,42256
native_to_wasm,9105,210133,209606,419740,42256
native_to_wasm,9106,210219,208864,419084,42256
native_to_wasm,9107,210947,208938,419886,42256
native_to_wasm,9108,210509,209726,420236,42256
native_to_wasm,9109,210233,208918,419152,42256
native_to_wasm,9110,211421,208932,420354,42256
native_to_wasm,9111,210243,208860,419104,42256
native_to_wasm,9112,210941,208940,419882,42256
native_to_wasm,9113,210109,209642,419752,42256
native_to_wasm,9114,210235,208864,419100,42256
native_to_wasm,9115,210937,208942,419880,42256
native_to_wasm,9116,210239,210588,420828,42256
native_to_wasm,9117,210243,208940,419184,42256
native_to_wasm,9118,211333,208954,420288,42256
native_to_wasm,9119,210227,208814,419042,42256
native_to_wasm,9120,210911,208922,419834,42256
native_to_wasm,9121,210121,209636,419758,42256
native_to_wasm,9122,210241,209266,419508,42256
native_to_wasm,9123,210911,208918,419830,42256
native_to_wasm,9124,210219,210762,420982,42256
native_to_wasm,9125,210239,208940,419180,42256
native_to_wasm,9126,211355,208916,420272,42256
native_to_wasm,9127,210219,208864,419084,42256
native_to_wasm,9128,210911,208920,419832,42256
native_to_wasm,9129,210129,209632,419762,42256
native_to_wasm,9130,210233,209238,419472,42256
native_to_wasm,9131,210931,208948,419880,42256
native_to_wasm,9132,210233,209836,420070,42256
native_to_wasm,9133,210237,208942,419180,42256
native_to_wasm,9134,211425,208950,420376,42256
native_to_wasm,9135,210237,208852,419090,42256
native_to_wasm,9136,210913,208922,419836,42256
native_to_wasm,9137,210121,209658,419780,42256
native_to_wasm,9138,210241,209390,419632,42256
native_to_wasm,9139,210937,208942,419880,42256
native_to_wasm,9140,210241,209834,420076,42256
native_to_wasm,9141,210235,208948,419184,42256
native_to_wasm,9142,211043,208934,419978,42256
native_to_wasm,9143,210241,208872,419114,42256
native_to_wasm,9144,210911,208926,419838,42256
native_to_wasm,9145,210125,209638,419764,42256
native_to_wasm,9146,210223,210615,420839,42256
native_to_wasm,9147,210938,208942,419881,42256
native_to_wasm,9148,210247,209834,420082,42256
native_to_wasm,9149,210221,208932,419154,42256
native_to_wasm,9150,210133,210144,420278,42256
native_to_wasm,9151,210243,208864,419108,42256
native_to_wasm,9152,210933,208946,419880,42256
native_to_wasm,9153,210129,209606,419736,42256
native_to_wasm,9154,210219,209223,419443,42256
native_to_wasm,9155,211378,208922,420301,42256
native_to_wasm,9156,210247,209842,420090,42256
native_to_wasm,9157,210217,208932,419150,42256
native_to_wasm,9158,210133,209612,419746,42256
native_to_wasm,9159,210247,208864,419112,42256
native_to_wasm,9160,210933,208946,419880,42256
native_to_wasm,9161,210105,209606,419712,42256
native_to_wasm,9162,210217,208932,419150,42256
native_to_wasm,9163,212455,208920,421376,42256
native_to_wasm,9164,210255,210108,420364,42256
native_to_wasm,9165,210221,208932,419154,42256
native_to_wasm,9166,210137,209640,419778,42256
native_to_wasm,9167,210259,208864,419124,42256
native_to_wasm,9168,210937,208944,419882,42256
native_to_wasm,9169,210519,209606,420126,42256
native_to_wasm,9170,210219,208924,419144,42256
native_to_wasm,9171,212045,208920,420966,42256
native_to_wasm,9172,210253,209942,420196,42256
native_to_wasm,9173,210245,208940,419186,42256
native_to_wasm,9174,210133,209606,419740,42256
native_to_wasm,9175,210219,208818,419038,42256
native_to_wasm,9176,210947,208938,419886,42256
native_to_wasm,9177,210525,209642,420168,42256
native_to_wasm,9178,210233,208914,419148,42256
native_to_wasm,9179,211117,208946,420064,42256
native_to_wasm,9180,210235,210096,420332,42256
native_to_wasm,9181,210219,208922,419142,42256
native_to_wasm,9182,210127,209638,419766,42256
native_to_wasm,9183,210223,208832,419056,42256
native_to_wasm,9184,210929,208940,419870,42256
native_to_wasm,9185,210455,209612,420068,42256
native_to_wasm,9186,210249,208940,419190,42256
native_to_wasm,9187,211141,208936,420078,42256
native_to_wasm,9188,210239,208872,419112,42256
native_to_wasm,9189,211303,208924,420228,42256
native_to_wasm,9190,210135,209616,419752,42256
native_to_wasm,9191,210245,208852,419098,42256
native_to_wasm,9192,210913,208920,419834,42256
native_to_wasm,9193,211347,209638,420986,42256
native_to_wasm,9194,210225,208922,419148,42256
native_to_wasm,9195,211133,208948,420082,42256
native_to_wasm,9196,210235,208812,419048,42256
native_to_wasm,9197,211343,208932,420276,42256
native_to_wasm,9198,210133,209606,419740,42256
native_to_wasm,9199,210219,208864,419084,42256
native_to_wasm,9200,210947,208938,419886,42256
native_to_wasm,9201,210509,209726,420236,42256
native_to_wasm,9202,210233,208918,419152,42256
native_to_wasm,9203,211421,208932,420354,42256
native_to_wasm,9204,210243,208860,419104,42256
native_to_wasm,9205,210941,208940,419882,42256
native_to_wasm,9206,210109,209642,419752,42256
native_to_wasm,9207,210235,208864,419100,42256
native_to_wasm,9208,210937,208942,419880,42256
native_to_wasm,9209,210239,210588,420828,42256
native_to_wasm,9210,210243,208940,419184,42256
native_to_wasm,9211,211333,208954,420288,42256
native_to_wasm,9212,210227,208814,419042,42256
native_to_wasm,9213,210911,208922,419834,42256
native_to_wasm,9214,210121,209636,419758,42256
native_to_wasm,9215,210241,209266,419508,42256
native_to_wasm,9216,210111,208948,419060,42256
native_to_wasm,9217,210131,209606,419738,42256
native_to_wasm,9218,210219,208862,419082,42256
native_to_wasm,9219,210911,208922,419834,42256
native_to_wasm,9220,211393,209632,421026,42256
native_to_wasm,9221,210239,208940,419180,42256
native_to_wasm,9222,211141,208934,420076,42256
native_to_wasm,9223,210239,208850,419090,42256
native_to_wasm,9224,211453,208938,420392,42256
native_to_wasm,9225,210123,209638,419762,42256
native_to_wasm,9226,210221,208830,419052,42256
native_to_wasm,9227,210933,208938,419872,42256
native_to_wasm,9228,211333,209632,420966,42256
native_to_wasm,9229,210249,208944,419194,42256
native_to_wasm,9230,211137,208932,420070,42256
native_to_wasm,9231,210245,208850,419096,42256
native_to_wasm,9232,211253,208932,420186,42256
native_to_wasm,9233,210133,209606,419740,42256
native_to_wasm,9234,210219,208864,419084,42256
native_to_wasm,9235,210947,208938,419886,42256
native_to_wasm,9236,210509,209726,420236,42256
native_to_wasm,9237,210233,208918,419152,42256
native_to_wasm,9238,211421,208932,420354,42256
native_to_wasm,9239,210243,208860,419104,42256
native_to_wasm,9240,210941,208940,419882,42256
native_to_wasm,9241,210109,209642,419752,42256
native_to_wasm,9242,210235,208864,419100,42256
native_to_wasm,9243,210937,208942,419880,42256
native_to_wasm,9244,210239,210588,420828,42256
native_to_wasm,9245,210243,208940,419184,42256
native_to_wasm,9246,211333,208954,420288,42256
native_to_wasm,9247,210227,208814,419042,42256
native_to_wasm,9248,210911,208922,419834,42256
native_to_wasm,9249,210121,209636,419758,42256
native_to_wasm,9250,210241,209266,419508,42256
native_to_wasm,9251,210911,208918,419830,42256
native_to_wasm,9252,210219,210762,420982,42256
native_to_wasm,9253,210239,208940,419180,42256
native_to_wasm,9254,211355,208916,420272,42256
native_to_wasm,9255,210219,208864,419084,42256
native_to_wasm,9256,210911,208920,419832,42256
native_to_wasm,9257,210129,209632,419762,42256
native_to_wasm,9258,210233,209238,419472,42256
native_to_wasm,9259,210931,208948,419880,42256
native_to_wasm,9260,210233,209836,420070,42256
native_to_wasm,9261,210237,208942,419180,42256
native_to_wasm,9262,211425,208950,420376,42256
native_to_wasm,9263,210237,208852,419090,42256
native_to_wasm,9264,210913,208922,419836,42256
native_to_wasm,9265,210121,209658,419780,42256
native_to_wasm,9266,210241,209390,419632,42256
native_to_wasm,9267,210937,208942,419880,42256
native_to_wasm,9268,210241,209834,420076,42256
native_to_wasm,9269,210235,208948,419184,42256
native_to_wasm,9270,211043,208934,419978,42256
native_to_wasm,9271,210241,208872,419114,42256
native_to_wasm,9272,210911,208926,419838,42256
native_to_wasm,9273,210125,209638,419764,42256
native_to_wasm,9274,210223,210615,420839,42256
native_to_wasm,9275,210938,208942,419881,42256
native_to_wasm,9276,210247,209834,420082,42256
native_to_wasm,9277,210221,208932,419154,42256
native_to_wasm,9278,210133,210144,420278,42256
native_to_wasm,9279,210243,208864,419108,42256
native_to_wasm,9280,210933,208946,419880,42256
native_to_wasm,9281,210129,209606,419736,42256
native_to_wasm,9282,210219,209223,419443,42256
native_to_wasm,9283,211378,208922,420301,42256
native_to_wasm,9284,210247,209842,420090,42256
native_to_wasm,9285,210217,208932,419150,42256
native_to_wasm,9286,210133,209612,419746,42256
native_to_wasm,9287,210247,208864,419112,42256
native_to_wasm,9288,210933,208946,419880,42256
native_to_wasm,9289,210105,209606,419712,42256
native_to_wasm,9290,210217,208932,419150,42256
native_to_wasm,9291,212455,208920,421376,42256
native_to_wasm,9292,210255,210108,420364,42256
native_to_wasm,9293,210221,208932,419154,42256
native_to_wasm,9294,210137,209640,419778,42256
native_to_wasm,9295,210259,208864,419124,42256
native_to_wasm,9296,210937,208944,419882,42256
native_to_wasm,9297,210519,209606,420126,42256
native_to_wasm,9298,210219,208924,419144,42256
native_to_wasm,9299,212045,208920,420966,42256
native_to_wasm,9300,210253,209942,420196,42256
native_to_wasm,9301,210245,208940,419186,42256
native_to_wasm,9302,210133,209606,419740,42256
native_to_wasm,9303,210219,208818,419038,42256
native_to_wasm,9304,210947,208938,419886,42256
native_to_wasm,9305,210525,209642,420168,42256
native_to_wasm,9306,210233,208914,419148,42256
native_to_wasm,9307,211117,208946,420064,42256
native_to_wasm,9308,210235,210096,420332,42256
native_to_wasm,9309,210219,208922,419142,42256
native_to_wasm,9310,210127,209638,419766,42256
native_to_wasm,9311,210223,208832,419056,42256
native_to_wasm,9312,210929,208940,419870,42256
native_to_wasm,9313,210455,209612,420068,42256
native_to_wasm,9314,210249,208940,419190,42256
native_to_wasm,9315,211141,208936,420078,42256
native_to_wasm,9316,210239,208872,419112,42256
native_to_wasm,9317,211303,208924,420228,42256
native_to_wasm,9318,210135,209616,419752,42256
native_to_wasm,9319,210245,208852,419098,42256
native_to_wasm,9320,210913,208920,419834,42256
native_to_wasm,9321,211347,209638,420986,42256
native_to_wasm,9322,210225,208922,419148,42256
native_to_wasm,9323,211133,208948,420082,42256
native_to_wasm,9324,210235,208812,419048,42256
native_to_wasm,9325,211343,208932,420276,42256
native_to_wasm,9326,210133,209606,419740,42256
native_to_wasm,9327,210219,208864,419084,42256
native_to_wasm,9328,210947,208938,419886,42256
native_to_wasm,9329,210509,209726,420236,42256
native_to_wasm,9330,210233,208918,419152,42256
native_to_wasm,9331,211421,208932,420354,42256
native_to_wasm,9332,210243,208860,419104,42256
native_to_wasm,9333,210941,208940,419882,42256
native_to_wasm,9334,210109,209642,419752,42256
native_to_wasm,9335,210235,208864,419100,42256
native_to_wasm,9336,210937,208942,419880,42256
native_to_wasm,9337,210239,210588,420828,42256
native_to_wasm,9338,210243,208940,419184,42256
native_to_wasm,9339,211333,208954,420288,42256
native_to_wasm,9340,210227,208814,419042,42256
native_to_wasm,9341,210911,208922,419834,42256
native_to_wasm,9342,210121,209636,419758,42256
native_to_wasm,9343,210241,209266,419508,42256
native_to_wasm,9344,210111,208948,419060,42256
native_to_wasm,9345,210131,209606,419738,42256
native_to_wasm,9346,210219,208862,419082,42256
native_to_wasm,9347,210911,208922,419834,42256
native_to_wasm,9348,211393,209632,421026,42256
native_to_wasm,9349,210239,208940,419180,42256
native_to_wasm,9350,211141,208934,420076,42256
native_to_wasm,9351,210239,208850,419090,42256
native_to_wasm,9352,211453,208938,420392,42256
native_to_wasm,9353,210123,209638,419762,42256
native_to_wasm,9354,210221,208830,419052,42256
native_to_wasm,9355,210933,208938,419872,42256
native_to_wasm,9356,211333,209632,420966,42256
native_to_wasm,9357,210249,208944,419194,42256
native_to_wasm,9358,211137,208932,420070,42256
native_to_wasm,9359,210245,208850,419096,42256
native_to_wasm,9360,211253,208932,420186,42256
native_to_wasm,9361,210133,209606,419740,42256
native_to_wasm,9362,210219,208864,419084,42256
native_to_wasm,9363,210947,208938,419886,42256
native_to_wasm,9364,210509,209726,420236,42256
native_to_wasm,9365,210233,208918,419152,42256
native_to_wasm,9366,211421,208932,420354,42256
native_to_wasm,9367,210243,208860,419104,42256
native_to_wasm,9368,210941,208940,419882,42256
native_to_wasm,9369,210109,209642,419752,42256
native_to_wasm,9370,210235,208864,419100,42256
native_to_wasm,9371,210937,208942,419880,42256
native_to_wasm,9372,210239,210588,420828,42256
native_to_wasm,9373,210243,208940,419184,42256
native_to_wasm,9374,211333,208954,420288,42256
native_to_wasm,9375,210227,208814,419042,42256
native_to_wasm,9376,210911,208922,419834,42256
native_to_wasm,9377,210121,209636,419758,42256
native_to_wasm,9378,210241,209266,419508,42256
native_to_wasm,9379,210911,208918,419830,42256
native_to_wasm,9380,210219,210762,420982,42256
native_to_wasm,9381,210239,208940,419180,42256
native_to_wasm,9382,211355,208916,420272,42256
native_to_wasm,9383,210219,208864,419084,42256
native_to_wasm,9384,210911,208920,419832,42256
native_to_wasm,9385,210129,209632,419762,42256
native_to_wasm,9386,210233,209238,419472,42256
native_to_wasm,9387,210931,208948,419880,42256
native_to_wasm,9388,210233,209836,420070,42256
native_to_wasm,9389,210237,208942,419180,42256
native_to_wasm,9390,211425,208950,420376,42256
native_to_wasm,9391,210237,208852,419090,42256
native_to_wasm,9392,210913,208922,419836,42256
native_to_wasm,9393,210121,209658,419780,42256
native_to_wasm,9394,210241,209390,419632,42256
native_to_wasm,9395,210937,208942,419880,42256
native_to_wasm,9396,210241,209834,420076,42256
native_to_wasm,9397,210235,208948,419184,42256
native_to_wasm,9398,211043,208934,419978,42256
native_to_wasm,9399,210241,208872,419114,42256
native_to_wasm,9400,210911,208926,419838,42256
native_to_wasm,9401,210125,209638,419764,42256
native_to_wasm,9402,210223,210615,420839,42256
native_to_wasm,9403,210938,208942,419881,42256
native_to_wasm,9404,210247,209834,420082,42256
native_to_wasm,9405,210221,208932,419154,42256
native_to_wasm,9406,210133,210144,420278,42256
native_to_wasm,9407,210243,208864,419108,42256
native_to_wasm,9408,210933,208946,419880,42256
native_to_wasm,9409,210129,209606,419736,42256
native_to_wasm,9410,210219,209223,419443,42256
native_to_wasm,9411,211378,208922,420301,42256
native_to_wasm,9412,210247,209842,420090,42256
native_to_wasm,9413,210217,208932,419150,42256
native_to_wasm,9414,210133,209612,419746,42256
native_to_wasm,9415,210247,208864,419112,42256
native_to_wasm,9416,210933,208946,419880,42256
native_to_wasm,9417,210105,209606,419712,42256
native_to_wasm,9418,210217,208932,419150,42256
native_to_wasm,9419,212455,208920,421376,42256
native_to_wasm,9420,210255,210108,420364,42256
native_to_wasm,9421,210221,208932,419154,42256
native_to_wasm,9422,210137,209640,419778,42256
native_to_wasm,9423,210259,208864,419124,42256
native_to_wasm,9424,210937,208944,419882,42256
native_to_wasm,9425,210519,209606,420126,42256
native_to_wasm,9426,210219,208924,419144,42256
native_to_wasm,9427,212045,208920,420966,42256
native_to_wasm,9428,210253,209942,420196,42256
native_to_wasm,9429,210245,208940,419186,42256
native_to_wasm,9430,210133,209606,419740,42256
native_to_wasm,9431,210219,208818,419038,42256
native_to_wasm,9432,210947,208938,419886,42256
native_to_wasm,9433,210525,209642,420168,42256
native_to_wasm,9434,210233,208914,419148,42256
native_to_wasm,9435,211117,208946,420064,42256
native_to_wasm,9436,210235,210096,420332,42256
native_to_wasm,9437,210219,208922,419142,42256
native_to_wasm,9438,210127,209638,419766,42256
native_to_wasm,9439,210223,208832,419056,42256
native_to_wasm,9440,210929,208940,419870,42256
native_to_wasm,9441,210455,209612,420068,42256
native_to_wasm,9442,210249,208940,419190,42256
native_to_wasm,9443,211141,208936,420078,42256
native_to_wasm,9444,210239,208872,419112,42256
native_to_wasm,9445,211303,208924,420228,42256
native_to_wasm,9446,210135,209616,419752,42256
native_to_wasm,9447,210245,208852,419098,42256
native_to_wasm,9448,210913,208920,419834,42256
native_to_wasm,9449,211347,209638,420986,42256
native_to_wasm,9450,210225,208922,419148,42256
native_to_wasm,9451,211133,208948,420082,42256
native_to_wasm,9452,210235,208812,419048,42256
native_to_wasm,9453,211343,208932,420276,42256
native_to_wasm,9454,210133,209606,419740,42256
native_to_wasm,9455,210219,208864,419084,42256
native_to_wasm,9456,210947,208938,419886,42256
native_to_wasm,9457,210509,209726,420236,42256
native_to_wasm,9458,210233,208918,419152,42256
native_to_wasm,9459,211421,208932,420354,42256
native_to_wasm,9460,210243,208860,419104,42256
native_to_wasm,9461,210941,208940,419882,42256
native_to_wasm,9462,210109,209642,419752,42256
native_to_wasm,9463,210235,208864,419100,42256
native_to_wasm,9464,210937,208942,419880,42256
native_to_wasm,9465,210239,210588,420828,42256
native_to_wasm,9466,210243,208940,419184,42256
native_to_wasm,9467,211333,208954,420288,42256
native_to_wasm,9468,210227,208814,419042,42256
native_to_wasm,9469,210911,208922,419834,42256
native_to_wasm,9470,210121,209636,419758,42256
native_to_wasm,9471,210241,209266,419508,42256
native_to_wasm,9472,210111,208948,419060,42256
native_to_wasm,9473,210131,209606,419738,42256
native_to_wasm,9474,210219,208862,419082,42256
native_to_wasm,9475,210911,208922,419834,42256
native_to_wasm,9476,211393,209632,421026,42256
native_to_wasm,9477,210239,208940,419180,42256
native_to_wasm,9478,211141,208934,420076,42256
native_to_wasm,9479,210239,208850,419090,42256
native_to_wasm,9480,211453,208938,420392,42256
native_to_wasm,9481,210123,209638,419762,42256
native_to_wasm,9482,210221,208830,419052,42256
native_to_wasm,9483,210933,208938,419872,42256
native_to_wasm,9484,211333,209632,420966,42256
native_to_wasm,9485,210249,208944,419194,42256
native_to_wasm,9486,211137,208932,420070,42256
native_to_wasm,9487,210245,208850,419096,42256
native_to_wasm,9488,211253,208932,420186,42256
native_to_wasm,9489,210133,209606,419740,42256
native_to_wasm,9490,210219,208864,419084,42256
native_to_wasm,9491,210947,208938,419886,42256
native_to_wasm,9492,210509,209726,420236,42256
native_to_wasm,9493,210233,208918,419152,42256
native_to_wasm,9494,211421,208932,420354,42256
native_to_wasm,9495,210243,208860,419104,42256
native_to_wasm,9496,210941,208940,419882,42256
native_to_wasm,9497,210109,209642,419752,42256
native_to_wasm,9498,210235,208864,419100,42256
native_to_wasm,9499,210937,208942,419880,42256
native_to_wasm,9500,210239,210588,420828,42256
native_to_wasm,9501,210243,208940,419184,42256
native_to_wasm,9502,211333,208954,420288,42256
native_to_wasm,9503,210227,208814,419042,42256
native_to_wasm,9504,210911,208922,419834,42256
native_to_wasm,9505,210121,209636,419758,42256
native_to_wasm,9506,210241,209266,419508,42256
native_to_wasm,9507,210911,208918,419830,42256
native_to_wasm,9508,210219,210762,420982,42256
native_to_wasm,9509,210239,208940,419180,42256
native_to_wasm,9510,211355,208916,420272,42256
native_to_wasm,9511,210219,208864,419084,42256
native_to_wasm,9512,210911,208920,419832,42256
native_to_wasm,9513,210129,209632,419762,42256
native_to_wasm,9514,210233,209238,419472,42256
native_to_wasm,9515,210931,208948,419880,42256
native_to_wasm,9516,210233,209836,420070,42256
native_to_wasm,9517,210237,208942,419180,42256
native_to_wasm,9518,211425,208950,420376,42256
native_to_wasm,9519,210237,208852,419090,42256
native_to_wasm,9520,210913,208922,419836,42256
native_to_wasm,9521,210121,209658,419780,42256
native_to_wasm,9522,210241,209390,419632,42256
native_to_wasm,9523,210937,208942,419880,42256
native_to_wasm,9524,210241,209834,420076,42256
native_to_wasm,9525,210235,208948,419184,42256
native_to_wasm,9526,211043,208934,419978,42256
native_to_wasm,9527,210241,208872,419114,42256
native_to_wasm,9528,210911,208926,419838,42256
native_to_wasm,9529,210125,209638,419764,42256
native_to_wasm,9530,210223,210615,420839,42256
native_to_wasm,9531,210938,208942,419881,42256
native_to_wasm,9532,210247,209834,420082,42256
native_to_wasm,9533,210221,208932,419154,42256
native_to_wasm,9534,210133,210144,420278,42256
native_to_wasm,9535,210243,208864,419108,42256
native_to_wasm,9536,210933,208946,419880,42256
native_to_wasm,9537,210129,209606,419736,42256
native_to_wasm,9538,210219,209223,419443,42256
native_to_wasm,9539,211378,208922,420301,42256
native_to_wasm,9540,210247,209842,420090,42256
native_to_wasm,9541,210217,208932,419150,42256
native_to_wasm,9542,210133,209612,419746,42256
native_to_wasm,9543,210247,208864,419112,42256
native_to_wasm,9544,210933,208946,419880,42256
native_to_wasm,9545,210105,209606,419712,42256
native_to_wasm,9546,210217,208932,419150,42256
native_to_wasm,9547,212455,208920,421376,42256
native_to_wasm,9548,210255,210108,420364,42256
native_to_wasm,9549,210221,208932,419154,42256
native_to_wasm,9550,210137,209640,419778,42256
native_to_wasm,9551,210259,208864,419124,42256
native_to_wasm,9552,210937,208944,419882,42256
native_to_wasm,9553,210519,209606,420126,42256
native_to_wasm,9554,210219,208924,419144,42256
native_to_wasm,9555,212045,208920,420966,42256
native_to_wasm,9556,210253,209942,420196,42256
native_to_wasm,9557,210245,208940,419186,42256
native_to_wasm,9558,210133,209606,419740,42256
native_to_wasm,9559,210219,208818,419038,42256
native_to_wasm,9560,210947,208938,419886,42256
native_to_wasm,9561,210525,209642,420168,42256
native_to_wasm,9562,210233,208914,419148,42256
native_to_wasm,9563,211117,208946,420064,42256
native_to_wasm,9564,210235,210096,420332,42256
native_to_wasm,9565,210219,208922,419142,42256
native_to_wasm,9566,210127,209638,419766,42256
native_to_wasm,9567,210223,208832,419056,42256
native_to_wasm,9568,210929,208940,419870,42256
native_to_wasm,9569,210455,209612,420068,42256
native_to_wasm,9570,210249,208940,419190,42256
native_to_wasm,9571,211141,208936,420078,42256
native_to_wasm,9572,210239,208872,419112,42256
native_to_wasm,9573,211303,208924,420228,42256
native_to_wasm,9574,210135,209616,419752,42256
native_to_wasm,9575,210245,208852,419098,42256
native_to_wasm,9576,210913,208920,419834,42256
native_to_wasm,9577,211347,209638,420986,42256
native_to_wasm,9578,210225,208922,419148,42256
native_to_wasm,9579,211133,208948,420082,42256
native_to_wasm,9580,210235,208812,419048,42256
native_to_wasm,9581,211343,208932,420276,42256
native_to_wasm,9582,210133,209606,419740,42256
native_to_wasm,9583,210219,208864,419084,42256
native_to_wasm,9584,210947,208938,419886,42256
native_to_wasm,9585,210509,209726,420236,42256
native_to_wasm,9586,210233,208918,419152,42256
native_to_wasm,9587,211421,208932,420354,42256
native_to_wasm,9588,210243,208860,419104,42256
native_to_wasm,9589,210941,208940,419882,42256
native_to_wasm,9590,210109,209642,419752,42256
native_to_wasm,9591,210235,208864,419100,42256
native_to_wasm,9592,210937,208942,419880,42256
native_to_wasm,9593,210239,210588,420828,42256
native_to_wasm,9594,210243,208940,419184,42256
native_to_wasm,9595,211333,208954,420288,42256
native_to_wasm,9596,210227,208814,419042,42256
native_to_wasm,9597,210911,208922,419834,42256
native_to_wasm,9598,210121,209636,419758,42256
native_to_wasm,9599,210241,209266,419508,42256
native_to_wasm,9600,210111,208948,419060,42256
native_to_wasm,9601,210131,209606,419738,42256
native_to_wasm,9602,210219,208862,419082,42256
native_to_wasm,9603,210911,208922,419834,42256
native_to_wasm,9604,211393,209632,421026,42256
native_to_wasm,9605,210239,208940,419180,42256
native_to_wasm,9606,211141,208934,420076,42256
native_to_wasm,9607,210239,208850,419090,42256
native_to_wasm,9608,211453,208938,420392,42256
native_to_wasm,9609,210123,209638,419762,42256
native_to_wasm,9610,210221,208830,419052,42256
native_to_wasm,9611,210933,208938,419872,42256
native_to_wasm,9612,211333,209632,420966,42256
native_to_wasm,9613,210249,208944,419194,42256
native_to_wasm,9614,211137,208932,420070,42256
native_to_wasm,9615,210245,208850,419096,42256
native_to_wasm,9616,211253,208932,420186,42256
native_to_wasm,9617,210133,209606,419740,42256
native_to_wasm,9618,210219,208864,419084,42256
native_to_wasm,9619,210947,208938,419886,42256
native_to_wasm,9620,210509,209726,420236,42256
native_to_wasm,9621,210233,208918,419152,42256
native_to_wasm,9622,211421,208932,420354,42256
native_to_wasm,9623,210243,208860,419104,42256
native_to_wasm,9624,210941,208940,419882,42256
native_to_wasm,9625,210109,209642,419752,42256
native_to_wasm,9626,210235,208864,419100,42256
native_to_wasm,9627,210937,208942,419880,42256
native_to_wasm,9628,210239,210588,420828,42256
native_to_wasm,9629,210243,208940,419184,42256
native_to_wasm,9630,211333,208954,420288,42256
native_to_wasm,9631,210227,208814,419042,42256
native_to_wasm,9632,210911,208922,419834,42256
native_to_wasm,9633,210121,209636,419758,42256
native_to_wasm,9634,210241,209266,419508,42256
native_to_wasm,9635,210911,208918,419830,42256
native_to_wasm,9636,210219,210762,420982,42256
native_to_wasm,9637,210239,208940,419180,42256
native_to_wasm,9638,211355,208916,420272,42256
native_to_wasm,9639,210219,208864,419084,42256
native_to_wasm,9640,210911,208920,419832,42256
native_to_wasm,9641,210129,209632,419762,42256
native_to_wasm,9642,210233,209238,419472,42256
native_to_wasm,9643,210931,208948,419880,42256
native_to_wasm,9644,210233,209836,420070,42256
native_to_wasm,9645,210237,208942,419180,42256
native_to_wasm,9646,211425,208950,420376,42256
native_to_wasm,9647,210237,208852,419090,42256
native_to_wasm,9648,210913,208922,419836,42256
native_to_wasm,9649,210121,209658,419780,42256
native_to_wasm,9650,210241,209390,419632,42256
native_to_wasm,9651,210937,208942,419880,42256
native_to_wasm,9652,210241,209834,420076,42256
native_to_wasm,9653,210235,208948,419184,42256
native_to_wasm,9654,211043,208934,419978,42256
native_to_wasm,9655,210241,208872,419114,42256
native_to_wasm,9656,210911,208926,419838,42256
native_to_wasm,9657,210125,209638,419764,42256
native_to_wasm,9658,210223,210615,420839,42256
native_to_wasm,9659,210938,208942,419881,42256
native_to_wasm,9660,210247,209834,420082,42256
native_to_wasm,9661,210221,208932,419154,42256
native_to_wasm,9662,210133,210144,420278,42256
native_to_wasm,9663,210243,208864,419108,42256
native_to_wasm,9664,210933,208946,419880,42256
native_to_wasm,9665,210129,209606,419736,42256
native_to_wasm,9666,210219,209223,419443,42256
native_to_wasm,9667,211378,208922,420301,42256
native_to_wasm,9668,210247,209842,420090,42256
native_to_wasm,9669,210217,208932,419150,42256
native_to_wasm,9670,210133,209612,419746,42256
native_to_wasm,9671,210247,208864,419112,42256
native_to_wasm,9672,210933,208946,419880,42256
native_to_wasm,9673,210105,209606,419712,42256
native_to_wasm,9674,210217,208932,419150,42256
native_to_wasm,9675,212455,208920,421376,42256
native_to_wasm,9676,210255,210108,420364,42256
native_to_wasm,9677,210221,208932,419154,42256
native_to_wasm,9678,210137,209640,419778,42256
native_to_wasm,9679,210259,208864,419124,42256
native_to_wasm,9680,210937,208944,419882,42256
native_to_wasm,9681,210519,209606,420126,42256
native_to_wasm,9682,210219,208924,419144,42256
native_to_wasm,9683,212045,208920,420966,42256
native_to_wasm,9684,210253,209942,420196,42256
native_to_wasm,9685,210245,208940,419186,42256
native_to_wasm,9686,210133,209606,419740,42256
native_to_wasm,9687,210219,208818,419038,42256
native_to_wasm,9688,210947,208938,419886,42256
native_to_wasm,9689,210525,209642,420168,42256
native_to_wasm,9690,210233,208914,419148,42256
native_to_wasm,9691,211117,208946,420064,42256
native_to_wasm,9692,210235,210096,420332,42256
native_to_wasm,9693,210219,208922,419142,42256
native_to_wasm,9694,210127,209638,419766,42256
native_to_wasm,9695,210223,208832,419056,42256
native_to_wasm,9696,210929,208940,419870,42256
native_to_wasm,9697,210455,209612,420068,42256
native_to_wasm,9698,210249,208940,419190,42256
native_to_wasm,9699,211141,208936,420078,42256
native_to_wasm,9700,210239,208872,419112,42256
native_to_wasm,9701,211303,208924,420228,42256
native_to_wasm,9702,210135,209616,419752,42256
native_to_wasm,9703,210245,208852,419098,42256
native_to_wasm,9704,210913,208920,419834,42256
native_to_wasm,9705,211347,209638,420986,42256
native_to_wasm,9706,210225,208922,419148,42256
native_to_wasm,9707,211133,208948,420082,42256
native_to_wasm,9708,210235,208812,419048,42256
native_to_wasm,9709,211343,208932,420276,42256
native_to_wasm,9710,210133,209606,419740,42256
native_to_wasm,9711,210219,208864,419084,42256
native_to_wasm,9712,210947,208938,419886,42256
native_to_wasm,9713,210509,209726,420236,42256
native_to_wasm,9714,210233,208918,419152,42256
native_to_wasm,9715,211421,208932,420354,42256
native_to_wasm,9716,210243,208860,419104,42256
native_to_wasm,9717,210941,208940,419882,42256
native_to_wasm,9718,210109,209642,419752,42256
native_to_wasm,9719,210235,208864,419100,42256
native_to_wasm,9720,210937,208942,419880,42256
native_to_wasm,9721,210239,210588,420828,42256
native_to_wasm,9722,210243,208940,419184,42256
native_to_wasm,9723,211333,208954,420288,42256
native_to_wasm,9724,210227,208814,419042,42256
native_to_wasm,9725,210911,208922,419834,42256
native_to_wasm,9726,210121,209636,419758,42256
native_to_wasm,9727,210241,209266,419508,42256
native_to_wasm,9728,210111,208948,419060,42256
native_to_wasm,9729,210131,209606,419738,42256
native_to_wasm,9730,210219,208862,419082,42256
native_to_wasm,9731,210911,208922,419834,42256
native_to_wasm,9732,211393,209632,421026,42256
native_to_wasm,9733,210239,208940,419180,42256
native_to_wasm,9734,211141,208934,420076,42256
native_to_wasm,9735,210239,208850,419090,42256
native_to_wasm,9736,211453,208938,420392,42256
native_to_wasm,9737,210123,209638,419762,42256
native_to_wasm,9738,210221,208830,419052,42256
native_to_wasm,9739,210933,208938,419872,42256
native_to_wasm,9740,211333,209632,420966,42256
native_to_wasm,9741,210249,208944,419194,42256
native_to_wasm,9742,211137,208932,420070,42256
native_to_wasm,9743,210245,208850,419096,42256
native_to_wasm,9744,211253,208932,420186,42256
native_to_wasm,9745,210133,209606,419740,42256
native_to_wasm,9746,210219,208864,419084,42256
native_to_wasm,9747,210947,208938,419886,42256
native_to_wasm,9748,210509,209726,420236,42256
native_to_wasm,9749,210233,208918,419152,42256
native_to_wasm,9750,211421,208932,420354,42256
native_to_wasm,9751,210243,208860,419104,42256
native_to_wasm,9752,210941,208940,419882,42256
native_to_wasm,9753,210109,209642,419752,42256
native_to_wasm,9754,210235,208864,419100,42256
native_to_wasm,9755,210937,208942,419880,42256
native_to_wasm,9756,210239,210588,420828,42256
native_to_wasm,9757,210243,208940,419184,42256
native_to_wasm,9758,211333,208954,420288,42256
native_to_wasm,9759,210227,208814,419042,42256
native_to_wasm,9760,210911,208922,419834,42256
native_to_wasm,9761,210121,209636,419758,42256
native_to_wasm,9762,210241,209266,419508,42256
native_to_wasm,9763,210911,208918,419830,42256
native_to_wasm,9764,210219,210762,420982,42256
native_to_wasm,9765,210239,208940,419180,42256
native_to_wasm,9766,211355,208916,420272,42256
native_to_wasm,9767,210219,208864,419084,42256
native_to_wasm,9768,210911,208920,419832,42256
native_to_wasm,9769,210129,209632,419762,42256
native_to_wasm,9770,210233,209238,419472,42256
native_to_wasm,9771,210931,208948,419880,42256
native_to_wasm,9772,210233,209836,420070,42256
native_to_wasm,9773,210237,208942,419180,42256
native_to_wasm,9774,211425,208950,420376,42256
native_to_wasm,9775,210237,208852,419090,42256
native_to_wasm,9776,210913,208922,419836,42256
native_to_wasm,9777,210121,209658,419780,42256
native_to_wasm,9778,210241,209390,419632,42256
native_to_wasm,9779,210937,208942,419880,42256
native_to_wasm,9780,210241,209834,420076,42256
native_to_wasm,9781,210235,208948,419184,42256
native_to_wasm,9782,211043,208934,419978,42256
native_to_wasm,9783,210241,208872,419114,42256
native_to_wasm,9784,210911,208926,419838,42256
native_to_wasm,9785,210125,209638,419764,42256
native_to_wasm,9786,210223,210615,420839,42256
native_to_wasm,9787,210938,208942,419881,42256
native_to_wasm,9788,210247,209834,420082,42256
native_to_wasm,9789,210221,208932,419154,42256
native_to_wasm,9790,210133,210144,420278,42256
native_to_wasm,9791,210243,208864,419108,42256
native_to_wasm,9792,210933,208946,419880,42256
native_to_wasm,9793,210129,209606,419736,42256
native_to_wasm,9794,210219,209223,419443,42256
native_to_wasm,9795,211378,208922,420301,42256
native_to_wasm,9796,210247,209842,420090,42256
native_to_wasm,9797,210217,208932,419150,42256
native_to_wasm,9798,210133,209612,419746,42256
native_to_wasm,9799,210247,208864,419112,42256
native_to_wasm,9800,210933,208946,419880,42256
native_to_wasm,9801,210105,209606,419712,42256
native_to_wasm,9802,210217,208932,419150,42256
native_to_wasm,9803,212455,208920,421376,42256
native_to_wasm,9804,210255,210108,420364,42256
native_to_wasm,9805,210221,208932,419154,42256
native_to_wasm,9806,210137,209640,419778,42256
native_to_wasm,9807,210259,208864,419124,42256
native_to_wasm,9808,210937,208944,419882,42256
native_to_wasm,9809,210519,209606,420126,42256
native_to_wasm,9810,210219,208924,419144,42256
native_to_wasm,9811,212045,208920,420966,42256
native_to_wasm,9812,210253,209942,420196,42256
native_to_wasm,9813,210245,208940,419186,42256
native_to_wasm,9814,210133,209606,419740,42256
native_to_wasm,9815,210219,208818,419038,42256
native_to_wasm,9816,210947,208938,419886,42256
native_to_wasm,9817,210525,209642,420168,42256
native_to_wasm,9818,210233,208914,419148,42256
native_to_wasm,9819,211117,208946,420064,42256
native_to_wasm,9820,210235,210096,420332,42256
native_to_wasm,9821,210219,208922,419142,42256
native_to_wasm,9822,210127,209638,419766,42256
native_to_wasm,9823,210223,208832,419056,42256
native_to_wasm,9824,210929,208940,419870,42256
native_to_wasm,9825,210455,209612,420068,42256
native_to_wasm,9826,210249,208940,419190,42256
native_to_wasm,9827,211141,208936,420078,42256
native_to_wasm,9828,210239,208872,419112,42256
native_to_wasm,9829,211303,208924,420228,42256
native_to_wasm,9830,210135,209616,419752,42256
native_to_wasm,9831,210245,208852,419098,42256
native_to_wasm,9832,210913,208920,419834,42256
native_to_wasm,9833,211347,209638,420986,42256
native_to_wasm,9834,210225,208922,419148,42256
native_to_wasm,9835,211133,208948,420082,42256
native_to_wasm,9836,210235,208812,419048,42256
native_to_wasm,9837,211343,208932,420276,42256
native_to_wasm,9838,210133,209606,419740,42256
native_to_wasm,9839,210219,208864,419084,42256
native_to_wasm,9840,210947,208938,419886,42256
native_to_wasm,9841,210509,209726,420236,42256
native_to_wasm,9842,210233,208918,419152,42256
native_to_wasm,9843,211421,208932,420354,42256
native_to_wasm,9844,210243,208860,419104,42256
native_to_wasm,9845,210941,208940,419882,42256
native_to_wasm,9846,210109,209642,419752,42256
native_to_wasm,9847,210235,208864,419100,42256
native_to_wasm,9848,210937,208942,419880,42256
native_to_wasm,9849,210239,210588,420828,42256
native_to_wasm,9850,210243,208940,419184,42256
native_to_wasm,9851,211333,208954,420288,42256
native_to_wasm,9852,210227,208814,419042,42256
native_to_wasm,9853,210911,208922,419834,42256
native_to_wasm,9854,210121,209636,419758,42256
native_to_wasm,9855,210241,209266,419508,42256
native_to_wasm,9856,210111,208948,419060,42256
native_to_wasm,9857,210131,209606,419738,42256
native_to_wasm,9858,210219,208862,419082,42256
native_to_wasm,9859,210911,208922,419834,42256
native_to_wasm,9860,211393,209632,421026,42256
native_to_wasm,9861,210239,208940,419180,42256
native_to_wasm,9862,211141,208934,420076,42256
native_to_wasm,9863,210239,208850,419090,42256
native_to_wasm,9864,211453,208938,420392,42256
native_to_wasm,9865,210123,209638,419762,42256
native_to_wasm,9866,210221,208830,419052,42256
native_to_wasm,9867,210933,208938,419872,42256
native_to_wasm,9868,211333,209632,420966,42256
native_to_wasm,9869,210249,208944,419194,42256
native_to_wasm,9870,211137,208932,420070,42256
native_to_wasm,9871,210245,208850,419096,42256
native_to_wasm,9872,211253,208932,420186,42256
native_to_wasm,9873,210133,209606,419740,42256
native_to_wasm,9874,210219,208864,419084,42256
native_to_wasm,9875,210947,208938,419886,42256
native_to_wasm,9876,210509,209726,420236,42256
native_to_wasm,9877,210233,208918,419152,42256
native_to_wasm,9878,211421,208932,420354,42256
native_to_wasm,9879,210243,208860,419104,42256
native_to_wasm,9880,210941,208940,419882,42256
native_to_wasm,9881,210109,209642,419752,42256
native_to_wasm,9882,210235,208864,419100,42256
native_to_wasm,9883,210937,208942,419880,42256
native_to_wasm,9884,210239,210588,420828,42256
native_to_wasm,9885,210243,208940,419184,42256
native_to_wasm,9886,211333,208954,420288,42256
native_to_wasm,9887,210227,208814,419042,42256
native_to_wasm,9888,210911,208922,419834,42256
native_to_wasm,9889,210121,209636,419758,42256
native_to_wasm,9890,210241,209266,419508,42256
native_to_wasm,9891,210911,208918,419830,42256
native_to_wasm,9892,210219,210762,420982,42256
native_to_wasm,9893,210239,208940,419180,42256
native_to_wasm,9894,211355,208916,420272,42256
native_to_wasm,9895,210219,208864,419084,42256
native_to_wasm,9896,210911,208920,419832,42256
native_to_wasm,9897,210129,209632,419762,42256
native_to_wasm,9898,210233,209238,419472,42256
native_to_wasm,9899,210931,208948,419880,42256
native_to_wasm,9900,210233,209836,420070,42256
native_to_wasm,9901,210237,208942,419180,42256
native_to_wasm,9902,211425,208950,420376,42256
native_to_wasm,9903,210237,208852,419090,42256
native_to_wasm,9904,210913,208922,419836,42256
native_to_wasm,9905,210121,209658,419780,42256
native_to_wasm,9906,210241,209390,419632,42256
native_to_wasm,9907,210937,208942,419880,42256
native_to_wasm,9908,210241,209834,420076,42256
native_to_wasm,9909,210235,208948,419184,42256
native_to_wasm,9910,211043,208934,419978,42256
native_to_wasm,9911,210241,208872,419114,42256
native_to_wasm,9912,210911,208926,419838,42256
native_to_wasm,9913,210125,209638,419764,42256
native_to_wasm,9914,210223,210615,420839,42256
native_to_wasm,9915,210938,208942,419881,42256
native_to_wasm,9916,210247,209834,420082,42256
native_to_wasm,9917,210221,208932,419154,42256
native_to_wasm,9918,210133,210144,420278,42256
native_to_wasm,9919,210243,208864,419108,42256
native_to_wasm,9920,210933,208946,419880,42256
native_to_wasm,9921,210129,209606,419736,42256
native_to_wasm,9922,210219,209223,419443,42256
native_to_wasm,9923,211378,208922,420301,42256
native_to_wasm,9924,210247,209842,420090,42256
native_to_wasm,9925,210217,208932,419150,42256
native_to_wasm,9926,210133,209612,419746,42256
native_to_wasm,9927,210247,208864,419112,42256
native_to_wasm,9928,210933,208946,419880,42256
native_to_wasm,9929,210105,209606,419712,42256
native_to_wasm,9930,210217,208932,419150,42256
native_to_wasm,9931,212455,208920,421376,42256
native_to_wasm,9932,210255,210108,420364,42256
native_to_wasm,9933,210221,208932,419154,42256
native_to_wasm,9934,210137,209640,419778,42256
native_to_wasm,9935,210259,208864,419124,42256
native_to_wasm,9936,210937,208944,419882,42256
native_to_wasm,9937,210519,209606,420126,42256
native_to_wasm,9938,210219,208924,419144,42256
native_to_wasm,9939,212045,208920,420966,42256
native_to_wasm,9940,210253,209942,420196,42256
native_to_wasm,9941,210245,208940,419186,42256
native_to_wasm,9942,210133,209606,419740,42256
native_to_wasm,9943,210219,208818,419038,42256
native_to_wasm,9944,210947,208938,419886,42256
native_to_wasm,9945,210525,209642,420168,42256
native_to_wasm,9946,210233,208914,419148,42256
native_to_wasm,9947,211117,208946,420064,42256
native_to_wasm,9948,210235,210096,420332,42256
native_to_wasm,9949,210219,208922,419142,42256
native_to_wasm,9950,210127,209638,419766,42256
native_to_wasm,9951,210223,208832,419056,42256
native_to_wasm,9952,210929,208940,419870,42256
native_to_wasm,9953,210455,209612,420068,42256
native_to_wasm,9954,210249,208940,419190,42256
native_to_wasm,9955,211141,208936,420078,42256
native_to_wasm,9956,210239,208872,419112,42256
native_to_wasm,9957,211303,208924,420228,42256
native_to_wasm,9958,210135,209616,419752,42256
native_to_wasm,9959,210245,208852,419098,42256
native_to_wasm,9960,210913,208920,419834,42256
native_to_wasm,9961,211347,209638,420986,42256
native_to_wasm,9962,210225,208922,419148,42256
native_to_wasm,9963,211133,208948,420082,42256
native_to_wasm,9964,210235,208812,419048,42256
native_to_wasm,9965,211343,208932,420276,42256
native_to_wasm,9966,210133,209606,419740,42256
native_to_wasm,9967,210219,208864,419084,42256
native_to_wasm,9968,210947,208938,419886,42256
native_to_wasm,9969,210509,209726,420236,42256
native_to_wasm,9970,210233,208918,419152,42256
native_to_wasm,9971,211421,208932,420354,42256
native_to_wasm,9972,210243,208860,419104,42256
native_to_wasm,9973,210941,208940,419882,42256
native_to_wasm,9974,210109,209642,419752,42256
native_to_wasm,9975,210235,208864,419100,42256
native_to_wasm,9976,210937,208942,419880,42256
native_to_wasm,9977,210239,210588,420828,42256
native_to_wasm,9978,210243,208940,419184,42256
native_to_wasm,9979,211333,208954,420288,42256
native_to_wasm,9980,210227,208814,419042,42256
native_to_wasm,9981,210911,208922,419834,42256
native_to_wasm,9982,210121,209636,419758,42256
native_to_wasm,9983,210241,209266,419508,42256
native_to_wasm,9984,210111,208948,419060,42256
native_to_wasm,9985,210131,209606,419738,42256
native_to_wasm,9986,210219,208862,419082,42256
native_to_wasm,9987,210911,208922,419834,42256
native_to_wasm,9988,211393,209632,421026,42256
native_to_wasm,9989,210239,208940,419180,42256
native_to_wasm,9990,211141,208934,420076,42256
native_to_wasm,9991,210239,208850,419090,42256
native_to_wasm,9992,211453,208938,420392,42256
native_to_wasm,9993,210123,209638,419762,42256
native_to_wasm,9994,210221,208830,419052,42256
native_to_wasm,9995,210933,208938,419872,42256
native_to_wasm,9996,211333,209632,420966,42256
native_to_wasm,9997,210249,208944,419194,42256
native_to_wasm,9998,211137,208932,420070,42256
native_to_wasm,9999,210245,208850,419096,42256
